[2025-11-27 00:26:36,106.106] INFO     [MainThread|MainProcess] root (main.py:on_group_message:40) | GroupMessageEvent(sub_type=normal, message_id=976566177, message=[Text(text="先写这么一点吧")], sender=GroupSender({"user_id":"3560799034", "nickname":"飙车酱RacingChan", "card":"", "role":"member"}), group_id=577713202)
[2025-11-27 00:26:36,174.174] ERROR    [MainThread|MainProcess] API (logger.py:error:134) | NapCatAPIError: 消息体无法解析, 请检查是否发送了不支持的消息类型
[2025-11-27 00:26:36,178.178] ERROR    [MainThread|MainProcess] API (logger.py:error:134) | NapCatAPIError: 消息体无法解析, 请检查是否发送了不支持的消息类型
[2025-11-27 00:26:36,182.182] ERROR    [MainThread|MainProcess] API (logger.py:error:134) | NapCatAPIError: 消息体无法解析, 请检查是否发送了不支持的消息类型
[2025-11-27 00:26:36,193.193] ERROR    [MainThread|MainProcess] API (logger.py:error:134) | NapCatAPIError: 消息体无法解析, 请检查是否发送了不支持的消息类型
[2025-11-27 00:26:36,195.195] ERROR    [MainThread|MainProcess] API (logger.py:error:134) | NapCatAPIError: 消息体无法解析, 请检查是否发送了不支持的消息类型
[2025-11-27 00:26:36,198.198] ERROR    [MainThread|MainProcess] API (logger.py:error:134) | NapCatAPIError: 消息体无法解析, 请检查是否发送了不支持的消息类型
[2025-11-27 00:26:36,203.203] ERROR    [MainThread|MainProcess] API (logger.py:error:134) | NapCatAPIError: 消息体无法解析, 请检查是否发送了不支持的消息类型
[2025-11-27 00:26:36,205.205] ERROR    [MainThread|MainProcess] API (logger.py:error:134) | NapCatAPIError: 消息体无法解析, 请检查是否发送了不支持的消息类型
[2025-11-27 00:26:36,208.208] ERROR    [MainThread|MainProcess] API (logger.py:error:134) | NapCatAPIError: 消息体无法解析, 请检查是否发送了不支持的消息类型
[2025-11-27 00:26:36,210.210] ERROR    [MainThread|MainProcess] API (logger.py:error:134) | NapCatAPIError: 消息体无法解析, 请检查是否发送了不支持的消息类型
[2025-11-27 00:26:44,649.649] INFO     [MainThread|MainProcess] root (main.py:on_group_message:40) | GroupMessageEvent(sub_type=normal, message_id=188311967, message=[Video(file="a53afdbdbf5bc0a932f9b81bada720d3.mp4", url="E:\QQwj\703263936\nt_qq\nt_data\Video\2025-11\Ori\a53afdbdbf5bc0a932f9b81bada720d3.mp4", file_size="3870159")], sender=GroupSender({"user_id":"3560799034", "nickname":"飙车酱RacingChan", "card":"", "role":"member"}), group_id=577713202)
[2025-11-27 00:26:44,656.656] ERROR    [MainThread|MainProcess] API (logger.py:error:134) | NapCatAPIError: 消息体无法解析, 请检查是否发送了不支持的消息类型
[2025-11-27 00:26:44,667.667] ERROR    [MainThread|MainProcess] API (logger.py:error:134) | NapCatAPIError: 消息体无法解析, 请检查是否发送了不支持的消息类型
[2025-11-27 00:26:44,669.669] ERROR    [MainThread|MainProcess] API (logger.py:error:134) | NapCatAPIError: 消息体无法解析, 请检查是否发送了不支持的消息类型
[2025-11-27 00:26:44,672.672] ERROR    [MainThread|MainProcess] API (logger.py:error:134) | NapCatAPIError: 消息体无法解析, 请检查是否发送了不支持的消息类型
[2025-11-27 00:26:44,674.674] ERROR    [MainThread|MainProcess] API (logger.py:error:134) | NapCatAPIError: 消息体无法解析, 请检查是否发送了不支持的消息类型
[2025-11-27 00:26:44,677.677] ERROR    [MainThread|MainProcess] API (logger.py:error:134) | NapCatAPIError: 消息体无法解析, 请检查是否发送了不支持的消息类型
[2025-11-27 00:26:44,679.679] ERROR    [MainThread|MainProcess] API (logger.py:error:134) | NapCatAPIError: 消息体无法解析, 请检查是否发送了不支持的消息类型
[2025-11-27 00:26:44,682.682] ERROR    [MainThread|MainProcess] API (logger.py:error:134) | NapCatAPIError: 消息体无法解析, 请检查是否发送了不支持的消息类型
[2025-11-27 00:26:44,684.684] ERROR    [MainThread|MainProcess] API (logger.py:error:134) | NapCatAPIError: 消息体无法解析, 请检查是否发送了不支持的消息类型
[2025-11-27 00:26:44,687.687] ERROR    [MainThread|MainProcess] API (logger.py:error:134) | NapCatAPIError: 消息体无法解析, 请检查是否发送了不支持的消息类型
[2025-11-27 00:27:03,228.228] INFO     [MainThread|MainProcess] root (main.py:on_group_message:40) | GroupMessageEvent(sub_type=normal, message_id=981285075, message=[Image(file="F406EC268740DB823DAC429B68D88B7C.jpg", url="https://multimedia.nt.qq.com.cn/download?appid=1407&fileid=EhRl_9i_1IVinn7mLlKQLzgjIOufHxjxlQEg_woox5337Z2QkQMyBHByb2RQgL2jAVoQDRPk9aOQ9CqFYPqMBU1rHnoC3RSCAQJuag&rkey=CAISMBMDtBd6XEtLXcqX4OuszdGZ8iNvVJqGerRXoDUO7CT3xi95p_Upjjy12SBoprEDuQ", file_size="19185", summary="", sub_type=0)], sender=GroupSender({"user_id":"3560799034", "nickname":"飙车酱RacingChan", "card":"", "role":"member"}), group_id=577713202)
[2025-11-27 00:27:03,236.236] ERROR    [MainThread|MainProcess] API (logger.py:error:134) | NapCatAPIError: 消息体无法解析, 请检查是否发送了不支持的消息类型
[2025-11-27 00:27:03,309.309] ERROR    [MainThread|MainProcess] API (logger.py:error:134) | NapCatAPIError: 消息体无法解析, 请检查是否发送了不支持的消息类型
[2025-11-27 00:27:03,327.327] ERROR    [MainThread|MainProcess] API (logger.py:error:134) | NapCatAPIError: 消息体无法解析, 请检查是否发送了不支持的消息类型
[2025-11-27 00:27:03,350.350] ERROR    [MainThread|MainProcess] API (logger.py:error:134) | NapCatAPIError: 消息体无法解析, 请检查是否发送了不支持的消息类型
[2025-11-27 00:27:03,360.360] ERROR    [MainThread|MainProcess] API (logger.py:error:134) | NapCatAPIError: 消息体无法解析, 请检查是否发送了不支持的消息类型
[2025-11-27 00:27:03,366.366] ERROR    [MainThread|MainProcess] API (logger.py:error:134) | NapCatAPIError: 消息体无法解析, 请检查是否发送了不支持的消息类型
[2025-11-27 00:27:03,369.369] ERROR    [MainThread|MainProcess] API (logger.py:error:134) | NapCatAPIError: 消息体无法解析, 请检查是否发送了不支持的消息类型
[2025-11-27 00:27:03,372.372] ERROR    [MainThread|MainProcess] API (logger.py:error:134) | NapCatAPIError: 消息体无法解析, 请检查是否发送了不支持的消息类型
[2025-11-27 00:27:03,391.391] ERROR    [MainThread|MainProcess] API (logger.py:error:134) | NapCatAPIError: 消息体无法解析, 请检查是否发送了不支持的消息类型
[2025-11-27 00:27:03,398.398] ERROR    [MainThread|MainProcess] API (logger.py:error:134) | NapCatAPIError: 消息体无法解析, 请检查是否发送了不支持的消息类型
[2025-11-27 00:27:09,970.970] INFO     [MainThread|MainProcess] root (main.py:on_group_message:40) | GroupMessageEvent(sub_type=normal, message_id=1997879879, message=[Text(text="这首太难写了↑")], sender=GroupSender({"user_id":"3560799034", "nickname":"飙车酱RacingChan", "card":"", "role":"member"}), group_id=577713202)
[2025-11-27 00:27:09,982.982] ERROR    [MainThread|MainProcess] API (logger.py:error:134) | NapCatAPIError: 消息体无法解析, 请检查是否发送了不支持的消息类型
[2025-11-27 00:27:10,000.000] ERROR    [MainThread|MainProcess] API (logger.py:error:134) | NapCatAPIError: 消息体无法解析, 请检查是否发送了不支持的消息类型
[2025-11-27 00:27:10,004.004] ERROR    [MainThread|MainProcess] API (logger.py:error:134) | NapCatAPIError: 消息体无法解析, 请检查是否发送了不支持的消息类型
[2025-11-27 00:27:10,009.009] ERROR    [MainThread|MainProcess] API (logger.py:error:134) | NapCatAPIError: 消息体无法解析, 请检查是否发送了不支持的消息类型
[2025-11-27 00:27:10,013.013] ERROR    [MainThread|MainProcess] API (logger.py:error:134) | NapCatAPIError: 消息体无法解析, 请检查是否发送了不支持的消息类型
[2025-11-27 00:27:10,016.016] ERROR    [MainThread|MainProcess] API (logger.py:error:134) | NapCatAPIError: 消息体无法解析, 请检查是否发送了不支持的消息类型
[2025-11-27 00:27:10,021.021] ERROR    [MainThread|MainProcess] API (logger.py:error:134) | NapCatAPIError: 消息体无法解析, 请检查是否发送了不支持的消息类型
[2025-11-27 00:27:10,039.039] ERROR    [MainThread|MainProcess] API (logger.py:error:134) | NapCatAPIError: 消息体无法解析, 请检查是否发送了不支持的消息类型
[2025-11-27 00:27:10,045.045] ERROR    [MainThread|MainProcess] API (logger.py:error:134) | NapCatAPIError: 消息体无法解析, 请检查是否发送了不支持的消息类型
[2025-11-27 00:27:10,047.047] ERROR    [MainThread|MainProcess] API (logger.py:error:134) | NapCatAPIError: 消息体无法解析, 请检查是否发送了不支持的消息类型
[2025-11-27 00:34:57,911.911] INFO     [MainThread|MainProcess] root (main.py:on_group_message:40) | GroupMessageEvent(sub_type=normal, message_id=1886122922, message=[Text(text="sleep")], sender=GroupSender({"user_id":"3763739930", "nickname":"Vanilla", "card":"", "role":"member"}), group_id=621893711)
[2025-11-27 00:34:57,918.918] ERROR    [MainThread|MainProcess] API (logger.py:error:134) | NapCatAPIError: 消息体无法解析, 请检查是否发送了不支持的消息类型
[2025-11-27 00:34:57,928.928] ERROR    [MainThread|MainProcess] API (logger.py:error:134) | NapCatAPIError: 消息体无法解析, 请检查是否发送了不支持的消息类型
[2025-11-27 00:34:57,930.930] ERROR    [MainThread|MainProcess] API (logger.py:error:134) | NapCatAPIError: 消息体无法解析, 请检查是否发送了不支持的消息类型
[2025-11-27 00:34:57,933.933] ERROR    [MainThread|MainProcess] API (logger.py:error:134) | NapCatAPIError: 消息体无法解析, 请检查是否发送了不支持的消息类型
[2025-11-27 00:34:57,936.936] ERROR    [MainThread|MainProcess] API (logger.py:error:134) | NapCatAPIError: 消息体无法解析, 请检查是否发送了不支持的消息类型
[2025-11-27 00:34:57,938.938] ERROR    [MainThread|MainProcess] API (logger.py:error:134) | NapCatAPIError: 消息体无法解析, 请检查是否发送了不支持的消息类型
[2025-11-27 00:34:57,940.940] ERROR    [MainThread|MainProcess] API (logger.py:error:134) | NapCatAPIError: 消息体无法解析, 请检查是否发送了不支持的消息类型
[2025-11-27 00:34:57,943.943] ERROR    [MainThread|MainProcess] API (logger.py:error:134) | NapCatAPIError: 消息体无法解析, 请检查是否发送了不支持的消息类型
[2025-11-27 00:34:57,945.945] ERROR    [MainThread|MainProcess] API (logger.py:error:134) | NapCatAPIError: 消息体无法解析, 请检查是否发送了不支持的消息类型
[2025-11-27 00:34:57,948.948] ERROR    [MainThread|MainProcess] API (logger.py:error:134) | NapCatAPIError: 消息体无法解析, 请检查是否发送了不支持的消息类型
[2025-11-27 00:37:57,017.017] INFO     [MainThread|MainProcess] root (main.py:on_group_message:40) | GroupMessageEvent(sub_type=normal, message_id=953632955, message=[Text(text="熊谷岭vs mr")], sender=GroupSender({"user_id":"1209555491", "nickname":"shengZ", "card":"", "role":"admin"}), group_id=577713202)
[2025-11-27 00:37:57,031.031] ERROR    [MainThread|MainProcess] API (logger.py:error:134) | NapCatAPIError: 消息体无法解析, 请检查是否发送了不支持的消息类型
[2025-11-27 00:37:57,034.034] ERROR    [MainThread|MainProcess] API (logger.py:error:134) | NapCatAPIError: 消息体无法解析, 请检查是否发送了不支持的消息类型
[2025-11-27 00:37:57,037.037] ERROR    [MainThread|MainProcess] API (logger.py:error:134) | NapCatAPIError: 消息体无法解析, 请检查是否发送了不支持的消息类型
[2025-11-27 00:37:57,040.040] ERROR    [MainThread|MainProcess] API (logger.py:error:134) | NapCatAPIError: 消息体无法解析, 请检查是否发送了不支持的消息类型
[2025-11-27 00:37:57,042.042] ERROR    [MainThread|MainProcess] API (logger.py:error:134) | NapCatAPIError: 消息体无法解析, 请检查是否发送了不支持的消息类型
[2025-11-27 00:37:57,044.044] ERROR    [MainThread|MainProcess] API (logger.py:error:134) | NapCatAPIError: 消息体无法解析, 请检查是否发送了不支持的消息类型
[2025-11-27 00:37:57,046.046] ERROR    [MainThread|MainProcess] API (logger.py:error:134) | NapCatAPIError: 消息体无法解析, 请检查是否发送了不支持的消息类型
[2025-11-27 00:37:57,049.049] ERROR    [MainThread|MainProcess] API (logger.py:error:134) | NapCatAPIError: 消息体无法解析, 请检查是否发送了不支持的消息类型
[2025-11-27 00:37:57,052.052] ERROR    [MainThread|MainProcess] API (logger.py:error:134) | NapCatAPIError: 消息体无法解析, 请检查是否发送了不支持的消息类型
[2025-11-27 00:37:57,054.054] ERROR    [MainThread|MainProcess] API (logger.py:error:134) | NapCatAPIError: 消息体无法解析, 请检查是否发送了不支持的消息类型
[2025-11-27 00:37:57,394.394] INFO     [MainThread|MainProcess] root (main.py:on_group_message:40) | GroupMessageEvent(sub_type=normal, message_id=558242181, message=[Text(text="你们知道吗")], sender=GroupSender({"user_id":"1209555491", "nickname":"shengZ", "card":"", "role":"admin"}), group_id=577713202)
[2025-11-27 00:37:57,396.396] ERROR    [MainThread|MainProcess] API (logger.py:error:134) | NapCatAPIError: 消息体无法解析, 请检查是否发送了不支持的消息类型
[2025-11-27 00:37:57,398.398] ERROR    [MainThread|MainProcess] API (logger.py:error:134) | NapCatAPIError: 消息体无法解析, 请检查是否发送了不支持的消息类型
[2025-11-27 00:37:57,400.400] ERROR    [MainThread|MainProcess] API (logger.py:error:134) | NapCatAPIError: 消息体无法解析, 请检查是否发送了不支持的消息类型
[2025-11-27 00:37:57,402.402] ERROR    [MainThread|MainProcess] API (logger.py:error:134) | NapCatAPIError: 消息体无法解析, 请检查是否发送了不支持的消息类型
[2025-11-27 00:37:57,405.405] ERROR    [MainThread|MainProcess] API (logger.py:error:134) | NapCatAPIError: 消息体无法解析, 请检查是否发送了不支持的消息类型
[2025-11-27 00:37:57,406.406] ERROR    [MainThread|MainProcess] API (logger.py:error:134) | NapCatAPIError: 消息体无法解析, 请检查是否发送了不支持的消息类型
[2025-11-27 00:37:57,409.409] ERROR    [MainThread|MainProcess] API (logger.py:error:134) | NapCatAPIError: 消息体无法解析, 请检查是否发送了不支持的消息类型
[2025-11-27 00:37:57,411.411] ERROR    [MainThread|MainProcess] API (logger.py:error:134) | NapCatAPIError: 消息体无法解析, 请检查是否发送了不支持的消息类型
[2025-11-27 00:37:57,412.412] ERROR    [MainThread|MainProcess] API (logger.py:error:134) | NapCatAPIError: 消息体无法解析, 请检查是否发送了不支持的消息类型
[2025-11-27 00:37:57,414.414] ERROR    [MainThread|MainProcess] API (logger.py:error:134) | NapCatAPIError: 消息体无法解析, 请检查是否发送了不支持的消息类型
[2025-11-27 00:37:58,086.086] INFO     [MainThread|MainProcess] root (main.py:on_group_message:40) | GroupMessageEvent(sub_type=normal, message_id=753328324, message=[Image(file="788DEE4702F1F04F70EC4BF9764E869B.png", url="https://multimedia.nt.qq.com.cn/download?appid=1407&fileid=EhSzNE2gs3eMXVsY_24wTAYVD54P4xiarwYg_woo_rykpqCQkQMyBHByb2RQgL2jAVoQ3NWchX_q2T4XIjKplqqc7XoCd7uCAQJneg&rkey=CAISMBMDtBd6XEtLXcqX4OuszdGZ8iNvVJqGerRXoDUO7CT3xi95p_Upjjy12SBoprEDuQ", file_size="104346", summary="", sub_type=0)], sender=GroupSender({"user_id":"1209555491", "nickname":"shengZ", "card":"", "role":"admin"}), group_id=577713202)
[2025-11-27 00:37:58,107.107] ERROR    [MainThread|MainProcess] API (logger.py:error:134) | NapCatAPIError: 消息体无法解析, 请检查是否发送了不支持的消息类型
[2025-11-27 00:37:58,110.110] ERROR    [MainThread|MainProcess] API (logger.py:error:134) | NapCatAPIError: 消息体无法解析, 请检查是否发送了不支持的消息类型
[2025-11-27 00:37:58,112.112] ERROR    [MainThread|MainProcess] API (logger.py:error:134) | NapCatAPIError: 消息体无法解析, 请检查是否发送了不支持的消息类型
[2025-11-27 00:37:58,115.115] ERROR    [MainThread|MainProcess] API (logger.py:error:134) | NapCatAPIError: 消息体无法解析, 请检查是否发送了不支持的消息类型
[2025-11-27 00:37:58,118.118] ERROR    [MainThread|MainProcess] API (logger.py:error:134) | NapCatAPIError: 消息体无法解析, 请检查是否发送了不支持的消息类型
[2025-11-27 00:37:58,120.120] ERROR    [MainThread|MainProcess] API (logger.py:error:134) | NapCatAPIError: 消息体无法解析, 请检查是否发送了不支持的消息类型
[2025-11-27 00:37:58,124.124] ERROR    [MainThread|MainProcess] API (logger.py:error:134) | NapCatAPIError: 消息体无法解析, 请检查是否发送了不支持的消息类型
[2025-11-27 00:37:58,126.126] ERROR    [MainThread|MainProcess] API (logger.py:error:134) | NapCatAPIError: 消息体无法解析, 请检查是否发送了不支持的消息类型
[2025-11-27 00:37:58,141.141] ERROR    [MainThread|MainProcess] API (logger.py:error:134) | NapCatAPIError: 消息体无法解析, 请检查是否发送了不支持的消息类型
[2025-11-27 00:37:58,152.152] ERROR    [MainThread|MainProcess] API (logger.py:error:134) | NapCatAPIError: 消息体无法解析, 请检查是否发送了不支持的消息类型
[2025-11-27 01:00:17,868.868] INFO     [MainThread|MainProcess] root (main.py:on_group_message:40) | GroupMessageEvent(sub_type=normal, message_id=1900282576, message=[Text(text="55截止59传分吗")], sender=GroupSender({"user_id":"3863313466", "nickname":"RB", "card":"似乎有着能够变得幸福的隐藏指令", "role":"owner"}), group_id=577713202)
[2025-11-27 01:00:17,872.872] ERROR    [MainThread|MainProcess] API (logger.py:error:134) | NapCatAPIError: 消息体无法解析, 请检查是否发送了不支持的消息类型
[2025-11-27 01:00:17,898.898] ERROR    [MainThread|MainProcess] API (logger.py:error:134) | NapCatAPIError: 消息体无法解析, 请检查是否发送了不支持的消息类型
[2025-11-27 01:00:17,934.934] ERROR    [MainThread|MainProcess] API (logger.py:error:134) | NapCatAPIError: 消息体无法解析, 请检查是否发送了不支持的消息类型
[2025-11-27 01:00:17,939.939] ERROR    [MainThread|MainProcess] API (logger.py:error:134) | NapCatAPIError: 消息体无法解析, 请检查是否发送了不支持的消息类型
[2025-11-27 01:00:17,940.940] ERROR    [MainThread|MainProcess] API (logger.py:error:134) | NapCatAPIError: 消息体无法解析, 请检查是否发送了不支持的消息类型
[2025-11-27 01:00:17,943.943] ERROR    [MainThread|MainProcess] API (logger.py:error:134) | NapCatAPIError: 消息体无法解析, 请检查是否发送了不支持的消息类型
[2025-11-27 01:00:17,952.952] ERROR    [MainThread|MainProcess] API (logger.py:error:134) | NapCatAPIError: 消息体无法解析, 请检查是否发送了不支持的消息类型
[2025-11-27 01:00:17,955.955] ERROR    [MainThread|MainProcess] API (logger.py:error:134) | NapCatAPIError: 消息体无法解析, 请检查是否发送了不支持的消息类型
[2025-11-27 01:00:17,958.958] ERROR    [MainThread|MainProcess] API (logger.py:error:134) | NapCatAPIError: 消息体无法解析, 请检查是否发送了不支持的消息类型
[2025-11-27 01:00:17,961.961] ERROR    [MainThread|MainProcess] API (logger.py:error:134) | NapCatAPIError: 消息体无法解析, 请检查是否发送了不支持的消息类型
[2025-11-27 01:00:23,633.633] INFO     [MainThread|MainProcess] root (main.py:on_group_message:40) | GroupMessageEvent(sub_type=normal, message_id=1478536201, message=[Text(text="那很搞笑了")], sender=GroupSender({"user_id":"3863313466", "nickname":"RB", "card":"似乎有着能够变得幸福的隐藏指令", "role":"owner"}), group_id=577713202)
[2025-11-27 01:00:23,638.638] ERROR    [MainThread|MainProcess] API (logger.py:error:134) | NapCatAPIError: 消息体无法解析, 请检查是否发送了不支持的消息类型
[2025-11-27 01:00:23,651.651] ERROR    [MainThread|MainProcess] API (logger.py:error:134) | NapCatAPIError: 消息体无法解析, 请检查是否发送了不支持的消息类型
[2025-11-27 01:00:23,653.653] ERROR    [MainThread|MainProcess] API (logger.py:error:134) | NapCatAPIError: 消息体无法解析, 请检查是否发送了不支持的消息类型
[2025-11-27 01:00:23,656.656] ERROR    [MainThread|MainProcess] API (logger.py:error:134) | NapCatAPIError: 消息体无法解析, 请检查是否发送了不支持的消息类型
[2025-11-27 01:00:23,658.658] ERROR    [MainThread|MainProcess] API (logger.py:error:134) | NapCatAPIError: 消息体无法解析, 请检查是否发送了不支持的消息类型
[2025-11-27 01:00:23,661.661] ERROR    [MainThread|MainProcess] API (logger.py:error:134) | NapCatAPIError: 消息体无法解析, 请检查是否发送了不支持的消息类型
[2025-11-27 01:00:23,663.663] ERROR    [MainThread|MainProcess] API (logger.py:error:134) | NapCatAPIError: 消息体无法解析, 请检查是否发送了不支持的消息类型
[2025-11-27 01:00:23,666.666] ERROR    [MainThread|MainProcess] API (logger.py:error:134) | NapCatAPIError: 消息体无法解析, 请检查是否发送了不支持的消息类型
[2025-11-27 01:00:23,668.668] ERROR    [MainThread|MainProcess] API (logger.py:error:134) | NapCatAPIError: 消息体无法解析, 请检查是否发送了不支持的消息类型
[2025-11-27 01:00:23,671.671] ERROR    [MainThread|MainProcess] API (logger.py:error:134) | NapCatAPIError: 消息体无法解析, 请检查是否发送了不支持的消息类型
[2025-11-27 11:37:22,829.829] INFO     [MainThread|MainProcess] root (main.py:on_group_message:40) | GroupMessageEvent(sub_type=normal, message_id=1233529413, message=[Image(file="B6AB72028DD638920313A1F8E31465A5.jpg", url="https://multimedia.nt.qq.com.cn/download?appid=1407&fileid=EhReXqUcBLEQ-N4PExC9T40EfG1tORj7yQYg_woom8nm17ORkQMyBHByb2RQgL2jAVoQxTqyZ_b6MsPycfQrmOig1XoCcv-CAQJuag&rkey=CAMSMJMpblVdyvFPu3GablhHV_oj_8ISn8l8vuKmcz3y8d9QxmDeToX6NuRWeh_CGooX2A", file_size="107771", summary="", sub_type=0)], sender=GroupSender({"user_id":"2241084883", "nickname":"Rikka", "card":"", "role":"member"}), group_id=577713202)
[2025-11-27 11:37:22,833.833] ERROR    [MainThread|MainProcess] API (logger.py:error:134) | NapCatAPIError: 消息体无法解析, 请检查是否发送了不支持的消息类型
[2025-11-27 11:37:22,835.835] ERROR    [MainThread|MainProcess] API (logger.py:error:134) | NapCatAPIError: 消息体无法解析, 请检查是否发送了不支持的消息类型
[2025-11-27 11:37:22,838.838] ERROR    [MainThread|MainProcess] API (logger.py:error:134) | NapCatAPIError: 消息体无法解析, 请检查是否发送了不支持的消息类型
[2025-11-27 11:37:22,841.841] ERROR    [MainThread|MainProcess] API (logger.py:error:134) | NapCatAPIError: 消息体无法解析, 请检查是否发送了不支持的消息类型
[2025-11-27 11:37:22,846.846] ERROR    [MainThread|MainProcess] API (logger.py:error:134) | NapCatAPIError: 消息体无法解析, 请检查是否发送了不支持的消息类型
[2025-11-27 11:37:22,849.849] ERROR    [MainThread|MainProcess] API (logger.py:error:134) | NapCatAPIError: 消息体无法解析, 请检查是否发送了不支持的消息类型
[2025-11-27 11:37:22,852.852] ERROR    [MainThread|MainProcess] API (logger.py:error:134) | NapCatAPIError: 消息体无法解析, 请检查是否发送了不支持的消息类型
[2025-11-27 11:37:22,854.854] ERROR    [MainThread|MainProcess] API (logger.py:error:134) | NapCatAPIError: 消息体无法解析, 请检查是否发送了不支持的消息类型
[2025-11-27 11:37:22,857.857] ERROR    [MainThread|MainProcess] API (logger.py:error:134) | NapCatAPIError: 消息体无法解析, 请检查是否发送了不支持的消息类型
[2025-11-27 11:37:22,860.860] ERROR    [MainThread|MainProcess] API (logger.py:error:134) | NapCatAPIError: 消息体无法解析, 请检查是否发送了不支持的消息类型
[2025-11-27 11:37:30,536.536] INFO     [MainThread|MainProcess] root (main.py:on_group_message:40) | GroupMessageEvent(sub_type=normal, message_id=2108042284, message=[Text(text="红谱14.8的来了")], sender=GroupSender({"user_id":"2241084883", "nickname":"Rikka", "card":"", "role":"member"}), group_id=577713202)
[2025-11-27 11:37:30,541.541] ERROR    [MainThread|MainProcess] API (logger.py:error:134) | NapCatAPIError: 消息体无法解析, 请检查是否发送了不支持的消息类型
[2025-11-27 11:37:30,562.562] ERROR    [MainThread|MainProcess] API (logger.py:error:134) | NapCatAPIError: 消息体无法解析, 请检查是否发送了不支持的消息类型
[2025-11-27 11:37:30,568.568] ERROR    [MainThread|MainProcess] API (logger.py:error:134) | NapCatAPIError: 消息体无法解析, 请检查是否发送了不支持的消息类型
[2025-11-27 11:37:30,572.572] ERROR    [MainThread|MainProcess] API (logger.py:error:134) | NapCatAPIError: 消息体无法解析, 请检查是否发送了不支持的消息类型
[2025-11-27 11:37:30,592.592] ERROR    [MainThread|MainProcess] API (logger.py:error:134) | NapCatAPIError: 消息体无法解析, 请检查是否发送了不支持的消息类型
[2025-11-27 11:37:30,596.596] ERROR    [MainThread|MainProcess] API (logger.py:error:134) | NapCatAPIError: 消息体无法解析, 请检查是否发送了不支持的消息类型
[2025-11-27 11:37:30,599.599] ERROR    [MainThread|MainProcess] API (logger.py:error:134) | NapCatAPIError: 消息体无法解析, 请检查是否发送了不支持的消息类型
[2025-11-27 11:37:30,601.601] ERROR    [MainThread|MainProcess] API (logger.py:error:134) | NapCatAPIError: 消息体无法解析, 请检查是否发送了不支持的消息类型
[2025-11-27 11:37:30,604.604] ERROR    [MainThread|MainProcess] API (logger.py:error:134) | NapCatAPIError: 消息体无法解析, 请检查是否发送了不支持的消息类型
[2025-11-27 11:37:30,607.607] ERROR    [MainThread|MainProcess] API (logger.py:error:134) | NapCatAPIError: 消息体无法解析, 请检查是否发送了不支持的消息类型
[2025-11-27 11:42:02,574.574] INFO     [MainThread|MainProcess] root (main.py:on_group_message:40) | GroupMessageEvent(sub_type=normal, message_id=879244208, message=[Text(text="兑")], sender=GroupSender({"user_id":"3337806907", "nickname":"猫猫不可以rua", "card":"", "role":"member"}), group_id=577713202)
[2025-11-27 11:42:02,577.577] ERROR    [MainThread|MainProcess] API (logger.py:error:134) | NapCatAPIError: 消息体无法解析, 请检查是否发送了不支持的消息类型
[2025-11-27 11:42:02,583.583] ERROR    [MainThread|MainProcess] API (logger.py:error:134) | NapCatAPIError: 消息体无法解析, 请检查是否发送了不支持的消息类型
[2025-11-27 11:42:02,589.589] ERROR    [MainThread|MainProcess] API (logger.py:error:134) | NapCatAPIError: 消息体无法解析, 请检查是否发送了不支持的消息类型
[2025-11-27 11:42:02,592.592] ERROR    [MainThread|MainProcess] API (logger.py:error:134) | NapCatAPIError: 消息体无法解析, 请检查是否发送了不支持的消息类型
[2025-11-27 11:42:02,594.594] ERROR    [MainThread|MainProcess] API (logger.py:error:134) | NapCatAPIError: 消息体无法解析, 请检查是否发送了不支持的消息类型
[2025-11-27 11:42:02,597.597] ERROR    [MainThread|MainProcess] API (logger.py:error:134) | NapCatAPIError: 消息体无法解析, 请检查是否发送了不支持的消息类型
[2025-11-27 11:42:02,599.599] ERROR    [MainThread|MainProcess] API (logger.py:error:134) | NapCatAPIError: 消息体无法解析, 请检查是否发送了不支持的消息类型
[2025-11-27 11:42:02,602.602] ERROR    [MainThread|MainProcess] API (logger.py:error:134) | NapCatAPIError: 消息体无法解析, 请检查是否发送了不支持的消息类型
[2025-11-27 11:42:02,604.604] ERROR    [MainThread|MainProcess] API (logger.py:error:134) | NapCatAPIError: 消息体无法解析, 请检查是否发送了不支持的消息类型
[2025-11-27 11:42:02,607.607] ERROR    [MainThread|MainProcess] API (logger.py:error:134) | NapCatAPIError: 消息体无法解析, 请检查是否发送了不支持的消息类型
[2025-11-27 11:46:08,401.401] INFO     [MainThread|MainProcess] root (main.py:on_group_message:40) | GroupMessageEvent(sub_type=normal, message_id=1137175769, message=[Text(text="嗦是什么歌")], sender=GroupSender({"user_id":"1509400309", "nickname":"CMYC", "card":"", "role":"member"}), group_id=1048885587)
[2025-11-27 11:46:08,417.417] ERROR    [MainThread|MainProcess] API (logger.py:error:134) | NapCatAPIError: 消息体无法解析, 请检查是否发送了不支持的消息类型
[2025-11-27 11:46:08,439.439] ERROR    [MainThread|MainProcess] API (logger.py:error:134) | NapCatAPIError: 消息体无法解析, 请检查是否发送了不支持的消息类型
[2025-11-27 11:46:08,464.464] ERROR    [MainThread|MainProcess] API (logger.py:error:134) | NapCatAPIError: 消息体无法解析, 请检查是否发送了不支持的消息类型
[2025-11-27 11:46:08,468.468] ERROR    [MainThread|MainProcess] API (logger.py:error:134) | NapCatAPIError: 消息体无法解析, 请检查是否发送了不支持的消息类型
[2025-11-27 11:46:08,471.471] ERROR    [MainThread|MainProcess] API (logger.py:error:134) | NapCatAPIError: 消息体无法解析, 请检查是否发送了不支持的消息类型
[2025-11-27 11:46:08,473.473] ERROR    [MainThread|MainProcess] API (logger.py:error:134) | NapCatAPIError: 消息体无法解析, 请检查是否发送了不支持的消息类型
[2025-11-27 11:46:08,478.478] ERROR    [MainThread|MainProcess] API (logger.py:error:134) | NapCatAPIError: 消息体无法解析, 请检查是否发送了不支持的消息类型
[2025-11-27 11:46:08,480.480] ERROR    [MainThread|MainProcess] API (logger.py:error:134) | NapCatAPIError: 消息体无法解析, 请检查是否发送了不支持的消息类型
[2025-11-27 11:46:08,482.482] ERROR    [MainThread|MainProcess] API (logger.py:error:134) | NapCatAPIError: 消息体无法解析, 请检查是否发送了不支持的消息类型
[2025-11-27 11:46:08,485.485] ERROR    [MainThread|MainProcess] API (logger.py:error:134) | NapCatAPIError: 消息体无法解析, 请检查是否发送了不支持的消息类型
[2025-11-27 11:46:18,057.057] INFO     [MainThread|MainProcess] root (main.py:on_notice:73) | NoticeEvent(group_id=1048885587, user_id=703263936, notice_type=group_upload, file={'id': '76b42088db9041c4ba69673db329cd50', 'name': '2477.mp3', 'size': 3673724, 'busid': 0})
[2025-11-27 11:46:18,058.058] ERROR    [MainThread|MainProcess] asyncio (base_events.py:default_exception_handler:1758) | Task exception was never retrieved
future: <Task finished name='Task-1871' coro=<on_notice() done, defined at d:\1code\qqbot\main.py:70> exception=KeyError('Invalid key: sub_type.')>
Traceback (most recent call last):
  File "d:\1code\qqbot\main.py", line 83, in on_notice
    if notice["sub_type"] == "poke" and str(notice["target_id"]) == BOT_QQ:
  File "D:\1code\python3.10\lib\site-packages\ncatbot\core\event\event_data.py", line 22, in __getitem__
    raise KeyError(f"Invalid key: {key}.")
KeyError: 'Invalid key: sub_type.'
[2025-11-27 11:46:26,582.582] INFO     [MainThread|MainProcess] root (main.py:on_group_message:40) | GroupMessageEvent(sub_type=normal, message_id=1285356567, message=[Text(text="🤔")], sender=GroupSender({"user_id":"1509400309", "nickname":"CMYC", "card":"", "role":"member"}), group_id=1048885587)
[2025-11-27 11:46:26,593.593] ERROR    [MainThread|MainProcess] API (logger.py:error:134) | NapCatAPIError: 消息体无法解析, 请检查是否发送了不支持的消息类型
[2025-11-27 11:46:26,613.613] ERROR    [MainThread|MainProcess] API (logger.py:error:134) | NapCatAPIError: 消息体无法解析, 请检查是否发送了不支持的消息类型
[2025-11-27 11:46:26,617.617] ERROR    [MainThread|MainProcess] API (logger.py:error:134) | NapCatAPIError: 消息体无法解析, 请检查是否发送了不支持的消息类型
[2025-11-27 11:46:26,646.646] ERROR    [MainThread|MainProcess] API (logger.py:error:134) | NapCatAPIError: 消息体无法解析, 请检查是否发送了不支持的消息类型
[2025-11-27 11:46:26,653.653] ERROR    [MainThread|MainProcess] API (logger.py:error:134) | NapCatAPIError: 消息体无法解析, 请检查是否发送了不支持的消息类型
[2025-11-27 11:46:26,660.660] ERROR    [MainThread|MainProcess] API (logger.py:error:134) | NapCatAPIError: 消息体无法解析, 请检查是否发送了不支持的消息类型
[2025-11-27 11:46:26,664.664] ERROR    [MainThread|MainProcess] API (logger.py:error:134) | NapCatAPIError: 消息体无法解析, 请检查是否发送了不支持的消息类型
[2025-11-27 11:46:26,740.740] ERROR    [MainThread|MainProcess] API (logger.py:error:134) | NapCatAPIError: 消息体无法解析, 请检查是否发送了不支持的消息类型
[2025-11-27 11:46:26,744.744] ERROR    [MainThread|MainProcess] API (logger.py:error:134) | NapCatAPIError: 消息体无法解析, 请检查是否发送了不支持的消息类型
[2025-11-27 11:46:26,753.753] ERROR    [MainThread|MainProcess] API (logger.py:error:134) | NapCatAPIError: 消息体无法解析, 请检查是否发送了不支持的消息类型
[2025-11-27 11:49:35,057.057] INFO     [MainThread|MainProcess] root (main.py:on_group_message:40) | GroupMessageEvent(sub_type=normal, message_id=992726204, message=[Image(file="97E5585BBA281124C7149F4DAE3EA17A.jpg", url="https://multimedia.nt.qq.com.cn/download?appid=1407&fileid=EhSUHP-Dqxd3erARRvzaYYrpfpO7ixiWkwMg_wookLX4tLaRkQMyBHByb2RQgL2jAVoQJ_e5bhTG5G45_DalHKxUNnoCmv2CAQJuag&rkey=CAMSMJMpblVdyvFPu3GablhHV_oj_8ISn8l8vuKmcz3y8d9QxmDeToX6NuRWeh_CGooX2A", file_size="51606", summary="[动画表情]", sub_type=1)], sender=GroupSender({"user_id":"3362240349", "nickname":"鸢尾落華", "card":"ⓘ 该群聊涉嫌玩中二已被解散", "role":"member"}), group_id=577713202)
[2025-11-27 11:49:35,080.080] ERROR    [MainThread|MainProcess] API (logger.py:error:134) | NapCatAPIError: 消息体无法解析, 请检查是否发送了不支持的消息类型
[2025-11-27 11:49:35,093.093] ERROR    [MainThread|MainProcess] API (logger.py:error:134) | NapCatAPIError: 消息体无法解析, 请检查是否发送了不支持的消息类型
[2025-11-27 11:49:35,127.127] ERROR    [MainThread|MainProcess] API (logger.py:error:134) | NapCatAPIError: 消息体无法解析, 请检查是否发送了不支持的消息类型
[2025-11-27 11:49:35,146.146] ERROR    [MainThread|MainProcess] API (logger.py:error:134) | NapCatAPIError: 消息体无法解析, 请检查是否发送了不支持的消息类型
[2025-11-27 11:49:35,149.149] ERROR    [MainThread|MainProcess] API (logger.py:error:134) | NapCatAPIError: 消息体无法解析, 请检查是否发送了不支持的消息类型
[2025-11-27 11:49:35,151.151] ERROR    [MainThread|MainProcess] API (logger.py:error:134) | NapCatAPIError: 消息体无法解析, 请检查是否发送了不支持的消息类型
[2025-11-27 11:49:35,154.154] ERROR    [MainThread|MainProcess] API (logger.py:error:134) | NapCatAPIError: 消息体无法解析, 请检查是否发送了不支持的消息类型
[2025-11-27 11:49:35,160.160] ERROR    [MainThread|MainProcess] API (logger.py:error:134) | NapCatAPIError: 消息体无法解析, 请检查是否发送了不支持的消息类型
[2025-11-27 11:49:35,163.163] ERROR    [MainThread|MainProcess] API (logger.py:error:134) | NapCatAPIError: 消息体无法解析, 请检查是否发送了不支持的消息类型
[2025-11-27 11:49:35,166.166] ERROR    [MainThread|MainProcess] API (logger.py:error:134) | NapCatAPIError: 消息体无法解析, 请检查是否发送了不支持的消息类型
[2025-11-27 11:49:43,506.506] INFO     [MainThread|MainProcess] root (main.py:on_group_message:40) | GroupMessageEvent(sub_type=normal, message_id=664817969, message=[Text(text="还有纸飞机")], sender=GroupSender({"user_id":"3362240349", "nickname":"鸢尾落華", "card":"ⓘ 该群聊涉嫌玩中二已被解散", "role":"member"}), group_id=577713202)
[2025-11-27 11:49:43,512.512] ERROR    [MainThread|MainProcess] API (logger.py:error:134) | NapCatAPIError: 消息体无法解析, 请检查是否发送了不支持的消息类型
[2025-11-27 11:49:43,514.514] ERROR    [MainThread|MainProcess] API (logger.py:error:134) | NapCatAPIError: 消息体无法解析, 请检查是否发送了不支持的消息类型
[2025-11-27 11:49:43,516.516] ERROR    [MainThread|MainProcess] API (logger.py:error:134) | NapCatAPIError: 消息体无法解析, 请检查是否发送了不支持的消息类型
[2025-11-27 11:49:43,518.518] ERROR    [MainThread|MainProcess] API (logger.py:error:134) | NapCatAPIError: 消息体无法解析, 请检查是否发送了不支持的消息类型
[2025-11-27 11:49:43,520.520] ERROR    [MainThread|MainProcess] API (logger.py:error:134) | NapCatAPIError: 消息体无法解析, 请检查是否发送了不支持的消息类型
[2025-11-27 11:49:43,522.522] ERROR    [MainThread|MainProcess] API (logger.py:error:134) | NapCatAPIError: 消息体无法解析, 请检查是否发送了不支持的消息类型
[2025-11-27 11:49:43,525.525] ERROR    [MainThread|MainProcess] API (logger.py:error:134) | NapCatAPIError: 消息体无法解析, 请检查是否发送了不支持的消息类型
[2025-11-27 11:49:43,526.526] ERROR    [MainThread|MainProcess] API (logger.py:error:134) | NapCatAPIError: 消息体无法解析, 请检查是否发送了不支持的消息类型
[2025-11-27 11:49:43,531.531] ERROR    [MainThread|MainProcess] API (logger.py:error:134) | NapCatAPIError: 消息体无法解析, 请检查是否发送了不支持的消息类型
[2025-11-27 11:49:43,541.541] ERROR    [MainThread|MainProcess] API (logger.py:error:134) | NapCatAPIError: 消息体无法解析, 请检查是否发送了不支持的消息类型
[2025-11-27 11:49:49,171.171] INFO     [MainThread|MainProcess] root (main.py:on_group_message:40) | GroupMessageEvent(sub_type=normal, message_id=1704280457, message=[Image(file="48C729466983CDA918F4F1F4DFAD5858.jpg", url="https://multimedia.nt.qq.com.cn/download?appid=1407&fileid=EhRzR8WSOj0Kz01U9axClKwCNUj7Sxi3mAsg_woo583bu7aRkQMyBHByb2RQgL2jAVoQWg4t4TRDnOKE49y8ufd0-HoC4WqCAQJuag&rkey=CAMSMJMpblVdyvFPu3GablhHV_oj_8ISn8l8vuKmcz3y8d9QxmDeToX6NuRWeh_CGooX2A", file_size="183351", summary="[动画表情]", sub_type=1)], sender=GroupSender({"user_id":"3362240349", "nickname":"鸢尾落華", "card":"ⓘ 该群聊涉嫌玩中二已被解散", "role":"member"}), group_id=577713202)
[2025-11-27 11:49:49,206.206] ERROR    [MainThread|MainProcess] API (logger.py:error:134) | NapCatAPIError: 消息体无法解析, 请检查是否发送了不支持的消息类型
[2025-11-27 11:49:49,249.249] ERROR    [MainThread|MainProcess] API (logger.py:error:134) | NapCatAPIError: 消息体无法解析, 请检查是否发送了不支持的消息类型
[2025-11-27 11:49:49,261.261] ERROR    [MainThread|MainProcess] API (logger.py:error:134) | NapCatAPIError: 消息体无法解析, 请检查是否发送了不支持的消息类型
[2025-11-27 11:49:49,308.308] ERROR    [MainThread|MainProcess] API (logger.py:error:134) | NapCatAPIError: 消息体无法解析, 请检查是否发送了不支持的消息类型
[2025-11-27 11:49:49,347.347] ERROR    [MainThread|MainProcess] API (logger.py:error:134) | NapCatAPIError: 消息体无法解析, 请检查是否发送了不支持的消息类型
[2025-11-27 11:49:49,362.362] ERROR    [MainThread|MainProcess] API (logger.py:error:134) | NapCatAPIError: 消息体无法解析, 请检查是否发送了不支持的消息类型
[2025-11-27 11:49:49,368.368] ERROR    [MainThread|MainProcess] API (logger.py:error:134) | NapCatAPIError: 消息体无法解析, 请检查是否发送了不支持的消息类型
[2025-11-27 11:49:49,422.422] ERROR    [MainThread|MainProcess] API (logger.py:error:134) | NapCatAPIError: 消息体无法解析, 请检查是否发送了不支持的消息类型
[2025-11-27 11:49:49,465.465] ERROR    [MainThread|MainProcess] API (logger.py:error:134) | NapCatAPIError: 消息体无法解析, 请检查是否发送了不支持的消息类型
[2025-11-27 11:49:49,471.471] ERROR    [MainThread|MainProcess] API (logger.py:error:134) | NapCatAPIError: 消息体无法解析, 请检查是否发送了不支持的消息类型
[2025-11-27 11:50:20,781.781] INFO     [MainThread|MainProcess] root (main.py:on_group_message:40) | GroupMessageEvent(sub_type=normal, message_id=1252046185, message=[Text(text="有纸飞机没群")], sender=GroupSender({"user_id":"3337806907", "nickname":"猫猫不可以rua", "card":"", "role":"member"}), group_id=577713202)
[2025-11-27 11:50:20,787.787] ERROR    [MainThread|MainProcess] API (logger.py:error:134) | NapCatAPIError: 消息体无法解析, 请检查是否发送了不支持的消息类型
[2025-11-27 11:50:20,798.798] ERROR    [MainThread|MainProcess] API (logger.py:error:134) | NapCatAPIError: 消息体无法解析, 请检查是否发送了不支持的消息类型
[2025-11-27 11:50:20,801.801] ERROR    [MainThread|MainProcess] API (logger.py:error:134) | NapCatAPIError: 消息体无法解析, 请检查是否发送了不支持的消息类型
[2025-11-27 11:50:20,803.803] ERROR    [MainThread|MainProcess] API (logger.py:error:134) | NapCatAPIError: 消息体无法解析, 请检查是否发送了不支持的消息类型
[2025-11-27 11:50:20,807.807] ERROR    [MainThread|MainProcess] API (logger.py:error:134) | NapCatAPIError: 消息体无法解析, 请检查是否发送了不支持的消息类型
[2025-11-27 11:50:20,809.809] ERROR    [MainThread|MainProcess] API (logger.py:error:134) | NapCatAPIError: 消息体无法解析, 请检查是否发送了不支持的消息类型
[2025-11-27 11:50:20,811.811] ERROR    [MainThread|MainProcess] API (logger.py:error:134) | NapCatAPIError: 消息体无法解析, 请检查是否发送了不支持的消息类型
[2025-11-27 11:50:20,814.814] ERROR    [MainThread|MainProcess] API (logger.py:error:134) | NapCatAPIError: 消息体无法解析, 请检查是否发送了不支持的消息类型
[2025-11-27 11:50:20,816.816] ERROR    [MainThread|MainProcess] API (logger.py:error:134) | NapCatAPIError: 消息体无法解析, 请检查是否发送了不支持的消息类型
[2025-11-27 11:50:20,818.818] ERROR    [MainThread|MainProcess] API (logger.py:error:134) | NapCatAPIError: 消息体无法解析, 请检查是否发送了不支持的消息类型
[2025-11-27 11:50:28,321.321] INFO     [MainThread|MainProcess] root (main.py:on_group_message:40) | GroupMessageEvent(sub_type=normal, message_id=1868615143, message=[Text(text="我也")], sender=GroupSender({"user_id":"3362240349", "nickname":"鸢尾落華", "card":"ⓘ 该群聊涉嫌玩中二已被解散", "role":"member"}), group_id=577713202)
[2025-11-27 11:50:28,333.333] ERROR    [MainThread|MainProcess] API (logger.py:error:134) | NapCatAPIError: 消息体无法解析, 请检查是否发送了不支持的消息类型
[2025-11-27 11:50:28,415.415] ERROR    [MainThread|MainProcess] API (logger.py:error:134) | NapCatAPIError: 消息体无法解析, 请检查是否发送了不支持的消息类型
[2025-11-27 11:50:28,481.481] ERROR    [MainThread|MainProcess] API (logger.py:error:134) | NapCatAPIError: 消息体无法解析, 请检查是否发送了不支持的消息类型
[2025-11-27 11:50:28,532.532] ERROR    [MainThread|MainProcess] API (logger.py:error:134) | NapCatAPIError: 消息体无法解析, 请检查是否发送了不支持的消息类型
[2025-11-27 11:50:28,535.535] ERROR    [MainThread|MainProcess] API (logger.py:error:134) | NapCatAPIError: 消息体无法解析, 请检查是否发送了不支持的消息类型
[2025-11-27 11:50:28,541.541] ERROR    [MainThread|MainProcess] API (logger.py:error:134) | NapCatAPIError: 消息体无法解析, 请检查是否发送了不支持的消息类型
[2025-11-27 11:50:28,544.544] ERROR    [MainThread|MainProcess] API (logger.py:error:134) | NapCatAPIError: 消息体无法解析, 请检查是否发送了不支持的消息类型
[2025-11-27 11:50:28,547.547] ERROR    [MainThread|MainProcess] API (logger.py:error:134) | NapCatAPIError: 消息体无法解析, 请检查是否发送了不支持的消息类型
[2025-11-27 11:50:28,550.550] ERROR    [MainThread|MainProcess] API (logger.py:error:134) | NapCatAPIError: 消息体无法解析, 请检查是否发送了不支持的消息类型
[2025-11-27 11:50:28,552.552] ERROR    [MainThread|MainProcess] API (logger.py:error:134) | NapCatAPIError: 消息体无法解析, 请检查是否发送了不支持的消息类型
[2025-11-27 12:09:15,230.230] INFO     [MainThread|MainProcess] root (main.py:on_group_message:40) | GroupMessageEvent(sub_type=normal, message_id=1148049233, message=[Reply(id="1596286817"), Text(text="镜像左")], sender=GroupSender({"user_id":"2716692964", "nickname":"反初音未来", "card":"", "role":"member"}), group_id=1048885587)
[2025-11-27 12:09:15,237.237] ERROR    [MainThread|MainProcess] API (logger.py:error:134) | NapCatAPIError: 消息体无法解析, 请检查是否发送了不支持的消息类型
[2025-11-27 12:09:15,241.241] ERROR    [MainThread|MainProcess] API (logger.py:error:134) | NapCatAPIError: 消息体无法解析, 请检查是否发送了不支持的消息类型
[2025-11-27 12:09:15,243.243] ERROR    [MainThread|MainProcess] API (logger.py:error:134) | NapCatAPIError: 消息体无法解析, 请检查是否发送了不支持的消息类型
[2025-11-27 12:09:15,246.246] ERROR    [MainThread|MainProcess] API (logger.py:error:134) | NapCatAPIError: 消息体无法解析, 请检查是否发送了不支持的消息类型
[2025-11-27 12:09:15,248.248] ERROR    [MainThread|MainProcess] API (logger.py:error:134) | NapCatAPIError: 消息体无法解析, 请检查是否发送了不支持的消息类型
[2025-11-27 12:09:15,250.250] ERROR    [MainThread|MainProcess] API (logger.py:error:134) | NapCatAPIError: 消息体无法解析, 请检查是否发送了不支持的消息类型
[2025-11-27 12:09:15,252.252] ERROR    [MainThread|MainProcess] API (logger.py:error:134) | NapCatAPIError: 消息体无法解析, 请检查是否发送了不支持的消息类型
[2025-11-27 12:09:15,265.265] ERROR    [MainThread|MainProcess] API (logger.py:error:134) | NapCatAPIError: 消息体无法解析, 请检查是否发送了不支持的消息类型
[2025-11-27 12:09:15,267.267] ERROR    [MainThread|MainProcess] API (logger.py:error:134) | NapCatAPIError: 消息体无法解析, 请检查是否发送了不支持的消息类型
[2025-11-27 12:09:15,270.270] ERROR    [MainThread|MainProcess] API (logger.py:error:134) | NapCatAPIError: 消息体无法解析, 请检查是否发送了不支持的消息类型
[2025-11-27 12:28:00,699.699] INFO     [MainThread|MainProcess] root (main.py:on_group_message:40) | GroupMessageEvent(sub_type=normal, message_id=799813777, message=[Image(file="CDAE22CE555056D2CBFF935EAEF5D890.jpg", url="https://multimedia.nt.qq.com.cn/download?appid=1407&fileid=EhQ-n_jxwfcuVOjOlD2vS4cnQWziBhjLjgkg_woojLO1gL-RkQMyBHByb2RQgL2jAVoQ3zwDmf_RA3TE5S_Sbuxo3HoCzl6CAQJuag&rkey=CAMSMJMpblVdyvFPu3GablhHV_oj_8ISn8l8vuKmcz3y8d9QxmDeToX6NuRWeh_CGooX2A", file_size="149323", summary="", sub_type=0)], sender=GroupSender({"user_id":"3560799034", "nickname":"飙车酱RacingChan", "card":"", "role":"member"}), group_id=577713202)
[2025-11-27 12:28:00,707.707] ERROR    [MainThread|MainProcess] API (logger.py:error:134) | NapCatAPIError: 消息体无法解析, 请检查是否发送了不支持的消息类型
[2025-11-27 12:28:00,719.719] ERROR    [MainThread|MainProcess] API (logger.py:error:134) | NapCatAPIError: 消息体无法解析, 请检查是否发送了不支持的消息类型
[2025-11-27 12:28:00,728.728] ERROR    [MainThread|MainProcess] API (logger.py:error:134) | NapCatAPIError: 消息体无法解析, 请检查是否发送了不支持的消息类型
[2025-11-27 12:28:00,739.739] ERROR    [MainThread|MainProcess] API (logger.py:error:134) | NapCatAPIError: 消息体无法解析, 请检查是否发送了不支持的消息类型
[2025-11-27 12:28:00,829.829] ERROR    [MainThread|MainProcess] API (logger.py:error:134) | NapCatAPIError: 消息体无法解析, 请检查是否发送了不支持的消息类型
[2025-11-27 12:28:00,925.925] ERROR    [MainThread|MainProcess] API (logger.py:error:134) | NapCatAPIError: 消息体无法解析, 请检查是否发送了不支持的消息类型
[2025-11-27 12:28:00,942.942] ERROR    [MainThread|MainProcess] API (logger.py:error:134) | NapCatAPIError: 消息体无法解析, 请检查是否发送了不支持的消息类型
[2025-11-27 12:28:00,960.960] ERROR    [MainThread|MainProcess] API (logger.py:error:134) | NapCatAPIError: 消息体无法解析, 请检查是否发送了不支持的消息类型
[2025-11-27 12:28:00,963.963] ERROR    [MainThread|MainProcess] API (logger.py:error:134) | NapCatAPIError: 消息体无法解析, 请检查是否发送了不支持的消息类型
[2025-11-27 12:28:00,969.969] ERROR    [MainThread|MainProcess] API (logger.py:error:134) | NapCatAPIError: 消息体无法解析, 请检查是否发送了不支持的消息类型
[2025-11-27 12:29:33,579.579] INFO     [MainThread|MainProcess] root (main.py:on_group_message:40) | GroupMessageEvent(sub_type=normal, message_id=129512461, message=[Reply(id="1233529413"), Text(text=".8都来了"), At(qq="2241084883"), Text(text=" ")], sender=GroupSender({"user_id":"3088837161", "nickname":"🌸🌸", "card":"AAA2085批发师傅", "role":"admin"}), group_id=577713202)
[2025-11-27 12:29:33,603.603] ERROR    [MainThread|MainProcess] API (logger.py:error:134) | NapCatAPIError: 消息体无法解析, 请检查是否发送了不支持的消息类型
[2025-11-27 12:29:33,636.636] ERROR    [MainThread|MainProcess] API (logger.py:error:134) | NapCatAPIError: 消息体无法解析, 请检查是否发送了不支持的消息类型
[2025-11-27 12:29:33,642.642] ERROR    [MainThread|MainProcess] API (logger.py:error:134) | NapCatAPIError: 消息体无法解析, 请检查是否发送了不支持的消息类型
[2025-11-27 12:29:33,645.645] ERROR    [MainThread|MainProcess] API (logger.py:error:134) | NapCatAPIError: 消息体无法解析, 请检查是否发送了不支持的消息类型
[2025-11-27 12:29:33,650.650] ERROR    [MainThread|MainProcess] API (logger.py:error:134) | NapCatAPIError: 消息体无法解析, 请检查是否发送了不支持的消息类型
[2025-11-27 12:29:33,652.652] ERROR    [MainThread|MainProcess] API (logger.py:error:134) | NapCatAPIError: 消息体无法解析, 请检查是否发送了不支持的消息类型
[2025-11-27 12:29:33,655.655] ERROR    [MainThread|MainProcess] API (logger.py:error:134) | NapCatAPIError: 消息体无法解析, 请检查是否发送了不支持的消息类型
[2025-11-27 12:29:33,658.658] ERROR    [MainThread|MainProcess] API (logger.py:error:134) | NapCatAPIError: 消息体无法解析, 请检查是否发送了不支持的消息类型
[2025-11-27 12:29:33,660.660] ERROR    [MainThread|MainProcess] API (logger.py:error:134) | NapCatAPIError: 消息体无法解析, 请检查是否发送了不支持的消息类型
[2025-11-27 12:29:33,704.704] ERROR    [MainThread|MainProcess] API (logger.py:error:134) | NapCatAPIError: 消息体无法解析, 请检查是否发送了不支持的消息类型
[2025-11-27 12:33:48,796.796] INFO     [MainThread|MainProcess] root (main.py:on_group_message:40) | GroupMessageEvent(sub_type=normal, message_id=1635457776, message=[Reply(id="799813777"), At(qq="3560799034"), Text(text=" 草")], sender=GroupSender({"user_id":"3337806907", "nickname":"猫猫不可以rua", "card":"", "role":"member"}), group_id=577713202)
[2025-11-27 12:33:48,802.802] ERROR    [MainThread|MainProcess] API (logger.py:error:134) | NapCatAPIError: 消息体无法解析, 请检查是否发送了不支持的消息类型
[2025-11-27 12:33:48,826.826] ERROR    [MainThread|MainProcess] API (logger.py:error:134) | NapCatAPIError: 消息体无法解析, 请检查是否发送了不支持的消息类型
[2025-11-27 12:33:48,828.828] ERROR    [MainThread|MainProcess] API (logger.py:error:134) | NapCatAPIError: 消息体无法解析, 请检查是否发送了不支持的消息类型
[2025-11-27 12:33:48,831.831] ERROR    [MainThread|MainProcess] API (logger.py:error:134) | NapCatAPIError: 消息体无法解析, 请检查是否发送了不支持的消息类型
[2025-11-27 12:33:48,834.834] ERROR    [MainThread|MainProcess] API (logger.py:error:134) | NapCatAPIError: 消息体无法解析, 请检查是否发送了不支持的消息类型
[2025-11-27 12:33:48,837.837] ERROR    [MainThread|MainProcess] API (logger.py:error:134) | NapCatAPIError: 消息体无法解析, 请检查是否发送了不支持的消息类型
[2025-11-27 12:33:48,839.839] ERROR    [MainThread|MainProcess] API (logger.py:error:134) | NapCatAPIError: 消息体无法解析, 请检查是否发送了不支持的消息类型
[2025-11-27 12:33:48,845.845] ERROR    [MainThread|MainProcess] API (logger.py:error:134) | NapCatAPIError: 消息体无法解析, 请检查是否发送了不支持的消息类型
[2025-11-27 12:33:48,856.856] ERROR    [MainThread|MainProcess] API (logger.py:error:134) | NapCatAPIError: 消息体无法解析, 请检查是否发送了不支持的消息类型
[2025-11-27 12:33:48,859.859] ERROR    [MainThread|MainProcess] API (logger.py:error:134) | NapCatAPIError: 消息体无法解析, 请检查是否发送了不支持的消息类型
[2025-11-27 12:42:55,025.025] INFO     [MainThread|MainProcess] root (main.py:on_group_message:40) | GroupMessageEvent(sub_type=normal, message_id=569808116, message=[Face(id="344", faceText="[表情]")], sender=GroupSender({"user_id":"1095216448", "nickname":"冰如猫", "card":"", "role":"owner"}), group_id=912458345)
[2025-11-27 12:42:55,042.042] ERROR    [MainThread|MainProcess] API (logger.py:error:134) | NapCatAPIError: 消息体无法解析, 请检查是否发送了不支持的消息类型
[2025-11-27 12:42:55,046.046] ERROR    [MainThread|MainProcess] API (logger.py:error:134) | NapCatAPIError: 消息体无法解析, 请检查是否发送了不支持的消息类型
[2025-11-27 12:42:55,048.048] ERROR    [MainThread|MainProcess] API (logger.py:error:134) | NapCatAPIError: 消息体无法解析, 请检查是否发送了不支持的消息类型
[2025-11-27 12:42:55,051.051] ERROR    [MainThread|MainProcess] API (logger.py:error:134) | NapCatAPIError: 消息体无法解析, 请检查是否发送了不支持的消息类型
[2025-11-27 12:42:55,053.053] ERROR    [MainThread|MainProcess] API (logger.py:error:134) | NapCatAPIError: 消息体无法解析, 请检查是否发送了不支持的消息类型
[2025-11-27 12:42:55,056.056] ERROR    [MainThread|MainProcess] API (logger.py:error:134) | NapCatAPIError: 消息体无法解析, 请检查是否发送了不支持的消息类型
[2025-11-27 12:42:55,058.058] ERROR    [MainThread|MainProcess] API (logger.py:error:134) | NapCatAPIError: 消息体无法解析, 请检查是否发送了不支持的消息类型
[2025-11-27 12:42:55,062.062] ERROR    [MainThread|MainProcess] API (logger.py:error:134) | NapCatAPIError: 消息体无法解析, 请检查是否发送了不支持的消息类型
[2025-11-27 12:42:55,079.079] ERROR    [MainThread|MainProcess] API (logger.py:error:134) | NapCatAPIError: 消息体无法解析, 请检查是否发送了不支持的消息类型
[2025-11-27 12:42:55,094.094] ERROR    [MainThread|MainProcess] API (logger.py:error:134) | NapCatAPIError: 消息体无法解析, 请检查是否发送了不支持的消息类型
[2025-11-27 12:42:57,109.109] INFO     [MainThread|MainProcess] root (main.py:on_notice:73) | NoticeEvent(group_id=912458345, user_id=1095216448, message_id=569808116, notice_type=group_recall, operator_id=1095216448)
[2025-11-27 12:42:57,109.109] ERROR    [MainThread|MainProcess] asyncio (base_events.py:default_exception_handler:1758) | Task exception was never retrieved
future: <Task finished name='Task-2032' coro=<on_notice() done, defined at d:\1code\qqbot\main.py:70> exception=KeyError('Invalid key: sub_type.')>
Traceback (most recent call last):
  File "d:\1code\qqbot\main.py", line 83, in on_notice
    if notice["sub_type"] == "poke" and str(notice["target_id"]) == BOT_QQ:
  File "D:\1code\python3.10\lib\site-packages\ncatbot\core\event\event_data.py", line 22, in __getitem__
    raise KeyError(f"Invalid key: {key}.")
KeyError: 'Invalid key: sub_type.'
[2025-11-27 12:43:02,620.620] INFO     [MainThread|MainProcess] root (main.py:on_group_message:40) | GroupMessageEvent(sub_type=normal, message_id=208678228, message=[Face(id="344", faceText="[表情]")], sender=GroupSender({"user_id":"1095216448", "nickname":"冰如猫", "card":"", "role":"owner"}), group_id=912458345)
[2025-11-27 12:43:02,626.626] ERROR    [MainThread|MainProcess] API (logger.py:error:134) | NapCatAPIError: 消息体无法解析, 请检查是否发送了不支持的消息类型
[2025-11-27 12:43:02,639.639] ERROR    [MainThread|MainProcess] API (logger.py:error:134) | NapCatAPIError: 消息体无法解析, 请检查是否发送了不支持的消息类型
[2025-11-27 12:43:02,642.642] ERROR    [MainThread|MainProcess] API (logger.py:error:134) | NapCatAPIError: 消息体无法解析, 请检查是否发送了不支持的消息类型
[2025-11-27 12:43:02,645.645] ERROR    [MainThread|MainProcess] API (logger.py:error:134) | NapCatAPIError: 消息体无法解析, 请检查是否发送了不支持的消息类型
[2025-11-27 12:43:02,648.648] ERROR    [MainThread|MainProcess] API (logger.py:error:134) | NapCatAPIError: 消息体无法解析, 请检查是否发送了不支持的消息类型
[2025-11-27 12:43:02,651.651] ERROR    [MainThread|MainProcess] API (logger.py:error:134) | NapCatAPIError: 消息体无法解析, 请检查是否发送了不支持的消息类型
[2025-11-27 12:43:02,654.654] ERROR    [MainThread|MainProcess] API (logger.py:error:134) | NapCatAPIError: 消息体无法解析, 请检查是否发送了不支持的消息类型
[2025-11-27 12:43:02,657.657] ERROR    [MainThread|MainProcess] API (logger.py:error:134) | NapCatAPIError: 消息体无法解析, 请检查是否发送了不支持的消息类型
[2025-11-27 12:43:02,659.659] ERROR    [MainThread|MainProcess] API (logger.py:error:134) | NapCatAPIError: 消息体无法解析, 请检查是否发送了不支持的消息类型
[2025-11-27 12:43:02,662.662] ERROR    [MainThread|MainProcess] API (logger.py:error:134) | NapCatAPIError: 消息体无法解析, 请检查是否发送了不支持的消息类型
[2025-11-27 12:43:07,332.332] INFO     [MainThread|MainProcess] root (main.py:on_group_message:40) | GroupMessageEvent(sub_type=normal, message_id=1386783040, message=[Reply(id="208678228"), Text(text="镜像")], sender=GroupSender({"user_id":"1095216448", "nickname":"冰如猫", "card":"", "role":"owner"}), group_id=912458345)
[2025-11-27 12:43:07,348.348] ERROR    [MainThread|MainProcess] API (logger.py:error:134) | NapCatAPIError: 消息体无法解析, 请检查是否发送了不支持的消息类型
[2025-11-27 12:43:07,360.360] ERROR    [MainThread|MainProcess] API (logger.py:error:134) | NapCatAPIError: 消息体无法解析, 请检查是否发送了不支持的消息类型
[2025-11-27 12:43:07,363.363] ERROR    [MainThread|MainProcess] API (logger.py:error:134) | NapCatAPIError: 消息体无法解析, 请检查是否发送了不支持的消息类型
[2025-11-27 12:43:07,368.368] ERROR    [MainThread|MainProcess] API (logger.py:error:134) | NapCatAPIError: 消息体无法解析, 请检查是否发送了不支持的消息类型
[2025-11-27 12:43:07,373.373] ERROR    [MainThread|MainProcess] API (logger.py:error:134) | NapCatAPIError: 消息体无法解析, 请检查是否发送了不支持的消息类型
[2025-11-27 12:43:07,380.380] ERROR    [MainThread|MainProcess] API (logger.py:error:134) | NapCatAPIError: 消息体无法解析, 请检查是否发送了不支持的消息类型
[2025-11-27 12:43:07,385.385] ERROR    [MainThread|MainProcess] API (logger.py:error:134) | NapCatAPIError: 消息体无法解析, 请检查是否发送了不支持的消息类型
[2025-11-27 12:43:07,390.390] ERROR    [MainThread|MainProcess] API (logger.py:error:134) | NapCatAPIError: 消息体无法解析, 请检查是否发送了不支持的消息类型
[2025-11-27 12:43:07,393.393] ERROR    [MainThread|MainProcess] API (logger.py:error:134) | NapCatAPIError: 消息体无法解析, 请检查是否发送了不支持的消息类型
[2025-11-27 12:43:07,396.396] ERROR    [MainThread|MainProcess] API (logger.py:error:134) | NapCatAPIError: 消息体无法解析, 请检查是否发送了不支持的消息类型
[2025-11-27 12:43:19,273.273] INFO     [MainThread|MainProcess] root (main.py:on_group_message:40) | GroupMessageEvent(sub_type=normal, message_id=452796170, message=[Text(text="看来不行")], sender=GroupSender({"user_id":"1095216448", "nickname":"冰如猫", "card":"", "role":"owner"}), group_id=912458345)
[2025-11-27 12:43:19,285.285] ERROR    [MainThread|MainProcess] API (logger.py:error:134) | NapCatAPIError: 消息体无法解析, 请检查是否发送了不支持的消息类型
[2025-11-27 12:43:19,308.308] ERROR    [MainThread|MainProcess] API (logger.py:error:134) | NapCatAPIError: 消息体无法解析, 请检查是否发送了不支持的消息类型
[2025-11-27 12:43:19,316.316] ERROR    [MainThread|MainProcess] API (logger.py:error:134) | NapCatAPIError: 消息体无法解析, 请检查是否发送了不支持的消息类型
[2025-11-27 12:43:19,336.336] ERROR    [MainThread|MainProcess] API (logger.py:error:134) | NapCatAPIError: 消息体无法解析, 请检查是否发送了不支持的消息类型
[2025-11-27 12:43:19,342.342] ERROR    [MainThread|MainProcess] API (logger.py:error:134) | NapCatAPIError: 消息体无法解析, 请检查是否发送了不支持的消息类型
[2025-11-27 12:43:19,346.346] ERROR    [MainThread|MainProcess] API (logger.py:error:134) | NapCatAPIError: 消息体无法解析, 请检查是否发送了不支持的消息类型
[2025-11-27 12:43:19,352.352] ERROR    [MainThread|MainProcess] API (logger.py:error:134) | NapCatAPIError: 消息体无法解析, 请检查是否发送了不支持的消息类型
[2025-11-27 12:43:19,356.356] ERROR    [MainThread|MainProcess] API (logger.py:error:134) | NapCatAPIError: 消息体无法解析, 请检查是否发送了不支持的消息类型
[2025-11-27 12:43:19,359.359] ERROR    [MainThread|MainProcess] API (logger.py:error:134) | NapCatAPIError: 消息体无法解析, 请检查是否发送了不支持的消息类型
[2025-11-27 12:43:19,365.365] ERROR    [MainThread|MainProcess] API (logger.py:error:134) | NapCatAPIError: 消息体无法解析, 请检查是否发送了不支持的消息类型
[2025-11-27 12:43:24,006.006] INFO     [MainThread|MainProcess] root (main.py:on_group_message:40) | GroupMessageEvent(sub_type=normal, message_id=716399141, message=[Text(text="炸了")], sender=GroupSender({"user_id":"1095216448", "nickname":"冰如猫", "card":"", "role":"owner"}), group_id=912458345)
[2025-11-27 12:43:24,012.012] ERROR    [MainThread|MainProcess] API (logger.py:error:134) | NapCatAPIError: 消息体无法解析, 请检查是否发送了不支持的消息类型
[2025-11-27 12:43:24,017.017] ERROR    [MainThread|MainProcess] API (logger.py:error:134) | NapCatAPIError: 消息体无法解析, 请检查是否发送了不支持的消息类型
[2025-11-27 12:43:24,036.036] ERROR    [MainThread|MainProcess] API (logger.py:error:134) | NapCatAPIError: 消息体无法解析, 请检查是否发送了不支持的消息类型
[2025-11-27 12:43:24,045.045] ERROR    [MainThread|MainProcess] API (logger.py:error:134) | NapCatAPIError: 消息体无法解析, 请检查是否发送了不支持的消息类型
[2025-11-27 12:43:24,048.048] ERROR    [MainThread|MainProcess] API (logger.py:error:134) | NapCatAPIError: 消息体无法解析, 请检查是否发送了不支持的消息类型
[2025-11-27 12:43:24,051.051] ERROR    [MainThread|MainProcess] API (logger.py:error:134) | NapCatAPIError: 消息体无法解析, 请检查是否发送了不支持的消息类型
[2025-11-27 12:43:24,073.073] ERROR    [MainThread|MainProcess] API (logger.py:error:134) | NapCatAPIError: 消息体无法解析, 请检查是否发送了不支持的消息类型
[2025-11-27 12:43:24,077.077] ERROR    [MainThread|MainProcess] API (logger.py:error:134) | NapCatAPIError: 消息体无法解析, 请检查是否发送了不支持的消息类型
[2025-11-27 12:43:24,080.080] ERROR    [MainThread|MainProcess] API (logger.py:error:134) | NapCatAPIError: 消息体无法解析, 请检查是否发送了不支持的消息类型
[2025-11-27 12:43:24,082.082] ERROR    [MainThread|MainProcess] API (logger.py:error:134) | NapCatAPIError: 消息体无法解析, 请检查是否发送了不支持的消息类型
[2025-11-27 12:43:32,363.363] INFO     [MainThread|MainProcess] root (main.py:on_group_message:40) | GroupMessageEvent(sub_type=normal, message_id=1097799279, message=[Text(text="只能是图片")], sender=GroupSender({"user_id":"1095216448", "nickname":"冰如猫", "card":"", "role":"owner"}), group_id=912458345)
[2025-11-27 12:43:32,368.368] ERROR    [MainThread|MainProcess] API (logger.py:error:134) | NapCatAPIError: 消息体无法解析, 请检查是否发送了不支持的消息类型
[2025-11-27 12:43:32,381.381] ERROR    [MainThread|MainProcess] API (logger.py:error:134) | NapCatAPIError: 消息体无法解析, 请检查是否发送了不支持的消息类型
[2025-11-27 12:43:32,387.387] ERROR    [MainThread|MainProcess] API (logger.py:error:134) | NapCatAPIError: 消息体无法解析, 请检查是否发送了不支持的消息类型
[2025-11-27 12:43:32,391.391] ERROR    [MainThread|MainProcess] API (logger.py:error:134) | NapCatAPIError: 消息体无法解析, 请检查是否发送了不支持的消息类型
[2025-11-27 12:43:32,395.395] ERROR    [MainThread|MainProcess] API (logger.py:error:134) | NapCatAPIError: 消息体无法解析, 请检查是否发送了不支持的消息类型
[2025-11-27 12:43:32,398.398] ERROR    [MainThread|MainProcess] API (logger.py:error:134) | NapCatAPIError: 消息体无法解析, 请检查是否发送了不支持的消息类型
[2025-11-27 12:43:32,405.405] ERROR    [MainThread|MainProcess] API (logger.py:error:134) | NapCatAPIError: 消息体无法解析, 请检查是否发送了不支持的消息类型
[2025-11-27 12:43:32,431.431] ERROR    [MainThread|MainProcess] API (logger.py:error:134) | NapCatAPIError: 消息体无法解析, 请检查是否发送了不支持的消息类型
[2025-11-27 12:43:32,435.435] ERROR    [MainThread|MainProcess] API (logger.py:error:134) | NapCatAPIError: 消息体无法解析, 请检查是否发送了不支持的消息类型
[2025-11-27 12:43:32,439.439] ERROR    [MainThread|MainProcess] API (logger.py:error:134) | NapCatAPIError: 消息体无法解析, 请检查是否发送了不支持的消息类型
[2025-11-27 12:43:52,314.314] INFO     [MainThread|MainProcess] root (main.py:on_group_message:40) | GroupMessageEvent(sub_type=normal, message_id=414502258, message=[Text(text="或者是图片类型的表情包")], sender=GroupSender({"user_id":"1095216448", "nickname":"冰如猫", "card":"", "role":"owner"}), group_id=912458345)
[2025-11-27 12:43:52,319.319] ERROR    [MainThread|MainProcess] API (logger.py:error:134) | NapCatAPIError: 消息体无法解析, 请检查是否发送了不支持的消息类型
[2025-11-27 12:43:52,332.332] ERROR    [MainThread|MainProcess] API (logger.py:error:134) | NapCatAPIError: 消息体无法解析, 请检查是否发送了不支持的消息类型
[2025-11-27 12:43:52,346.346] ERROR    [MainThread|MainProcess] API (logger.py:error:134) | NapCatAPIError: 消息体无法解析, 请检查是否发送了不支持的消息类型
[2025-11-27 12:43:52,350.350] ERROR    [MainThread|MainProcess] API (logger.py:error:134) | NapCatAPIError: 消息体无法解析, 请检查是否发送了不支持的消息类型
[2025-11-27 12:43:52,373.373] ERROR    [MainThread|MainProcess] API (logger.py:error:134) | NapCatAPIError: 消息体无法解析, 请检查是否发送了不支持的消息类型
[2025-11-27 12:43:52,375.375] ERROR    [MainThread|MainProcess] API (logger.py:error:134) | NapCatAPIError: 消息体无法解析, 请检查是否发送了不支持的消息类型
[2025-11-27 12:43:52,378.378] ERROR    [MainThread|MainProcess] API (logger.py:error:134) | NapCatAPIError: 消息体无法解析, 请检查是否发送了不支持的消息类型
[2025-11-27 12:43:52,380.380] ERROR    [MainThread|MainProcess] API (logger.py:error:134) | NapCatAPIError: 消息体无法解析, 请检查是否发送了不支持的消息类型
[2025-11-27 12:43:52,382.382] ERROR    [MainThread|MainProcess] API (logger.py:error:134) | NapCatAPIError: 消息体无法解析, 请检查是否发送了不支持的消息类型
[2025-11-27 12:43:52,387.387] ERROR    [MainThread|MainProcess] API (logger.py:error:134) | NapCatAPIError: 消息体无法解析, 请检查是否发送了不支持的消息类型
[2025-11-27 12:45:33,651.651] INFO     [MainThread|MainProcess] root (main.py:on_group_message:40) | GroupMessageEvent(sub_type=normal, message_id=58130972, message=[Reply(id="1596286817"), At(qq="703263936"), Text(text=" "), Text(text="镜像左下")], sender=GroupSender({"user_id":"1509400309", "nickname":"CMYC", "card":"", "role":"member"}), group_id=1048885587)
[2025-11-27 12:45:33,657.657] ERROR    [MainThread|MainProcess] API (logger.py:error:134) | NapCatAPIError: 消息体无法解析, 请检查是否发送了不支持的消息类型
[2025-11-27 12:45:33,684.684] ERROR    [MainThread|MainProcess] API (logger.py:error:134) | NapCatAPIError: 消息体无法解析, 请检查是否发送了不支持的消息类型
[2025-11-27 12:45:33,693.693] ERROR    [MainThread|MainProcess] API (logger.py:error:134) | NapCatAPIError: 消息体无法解析, 请检查是否发送了不支持的消息类型
[2025-11-27 12:45:33,711.711] ERROR    [MainThread|MainProcess] API (logger.py:error:134) | NapCatAPIError: 消息体无法解析, 请检查是否发送了不支持的消息类型
[2025-11-27 12:45:33,714.714] ERROR    [MainThread|MainProcess] API (logger.py:error:134) | NapCatAPIError: 消息体无法解析, 请检查是否发送了不支持的消息类型
[2025-11-27 12:45:33,718.718] ERROR    [MainThread|MainProcess] API (logger.py:error:134) | NapCatAPIError: 消息体无法解析, 请检查是否发送了不支持的消息类型
[2025-11-27 12:45:33,723.723] ERROR    [MainThread|MainProcess] API (logger.py:error:134) | NapCatAPIError: 消息体无法解析, 请检查是否发送了不支持的消息类型
[2025-11-27 12:45:33,727.727] ERROR    [MainThread|MainProcess] API (logger.py:error:134) | NapCatAPIError: 消息体无法解析, 请检查是否发送了不支持的消息类型
[2025-11-27 12:45:33,730.730] ERROR    [MainThread|MainProcess] API (logger.py:error:134) | NapCatAPIError: 消息体无法解析, 请检查是否发送了不支持的消息类型
[2025-11-27 12:45:33,732.732] ERROR    [MainThread|MainProcess] API (logger.py:error:134) | NapCatAPIError: 消息体无法解析, 请检查是否发送了不支持的消息类型
[2025-11-27 12:46:29,671.671] INFO     [MainThread|MainProcess] root (main.py:on_group_message:40) | GroupMessageEvent(sub_type=normal, message_id=1095912602, message=[Image(file="EF8D6DA2477E4DBDAB7272832F55F170.jpg", url="https://multimedia.nt.qq.com.cn/download?appid=1407&fileid=EhQ9odoczyGD-YDa_593GxqnMd2JSxjKTyD_Cijz06eRw5GRAzIEcHJvZFCAvaMBWhDLWTb28Xoklgq1J1L7zAmuegL6YIIBAm5q&rkey=CAMSMHQW7MlQnvt58DrBq-ytfFvoS2sYAAX9J1RMnCtPVTsz74nri7vAaAbPzsvIyCO4jA", file_size="10186", summary="[动画表情]", sub_type=1)], sender=GroupSender({"user_id":"1095216448", "nickname":"冰如猫", "card":"", "role":"owner"}), group_id=1048885587)
[2025-11-27 12:46:29,682.682] ERROR    [MainThread|MainProcess] API (logger.py:error:134) | NapCatAPIError: 消息体无法解析, 请检查是否发送了不支持的消息类型
[2025-11-27 12:46:29,704.704] ERROR    [MainThread|MainProcess] API (logger.py:error:134) | NapCatAPIError: 消息体无法解析, 请检查是否发送了不支持的消息类型
[2025-11-27 12:46:29,769.769] ERROR    [MainThread|MainProcess] API (logger.py:error:134) | NapCatAPIError: 消息体无法解析, 请检查是否发送了不支持的消息类型
[2025-11-27 12:46:29,788.788] ERROR    [MainThread|MainProcess] API (logger.py:error:134) | NapCatAPIError: 消息体无法解析, 请检查是否发送了不支持的消息类型
[2025-11-27 12:46:29,835.835] ERROR    [MainThread|MainProcess] API (logger.py:error:134) | NapCatAPIError: 消息体无法解析, 请检查是否发送了不支持的消息类型
[2025-11-27 12:46:29,838.838] ERROR    [MainThread|MainProcess] API (logger.py:error:134) | NapCatAPIError: 消息体无法解析, 请检查是否发送了不支持的消息类型
[2025-11-27 12:46:29,845.845] ERROR    [MainThread|MainProcess] API (logger.py:error:134) | NapCatAPIError: 消息体无法解析, 请检查是否发送了不支持的消息类型
[2025-11-27 12:46:29,849.849] ERROR    [MainThread|MainProcess] API (logger.py:error:134) | NapCatAPIError: 消息体无法解析, 请检查是否发送了不支持的消息类型
[2025-11-27 12:46:29,852.852] ERROR    [MainThread|MainProcess] API (logger.py:error:134) | NapCatAPIError: 消息体无法解析, 请检查是否发送了不支持的消息类型
[2025-11-27 12:46:29,855.855] ERROR    [MainThread|MainProcess] API (logger.py:error:134) | NapCatAPIError: 消息体无法解析, 请检查是否发送了不支持的消息类型
[2025-11-27 12:46:35,833.833] INFO     [MainThread|MainProcess] root (main.py:on_group_message:40) | GroupMessageEvent(sub_type=normal, message_id=737287959, message=[Reply(id="1095912602"), Text(text="镜像")], sender=GroupSender({"user_id":"1095216448", "nickname":"冰如猫", "card":"", "role":"owner"}), group_id=1048885587)
[2025-11-27 12:46:35,845.845] ERROR    [MainThread|MainProcess] API (logger.py:error:134) | NapCatAPIError: 消息体无法解析, 请检查是否发送了不支持的消息类型
[2025-11-27 12:46:35,864.864] ERROR    [MainThread|MainProcess] API (logger.py:error:134) | NapCatAPIError: 消息体无法解析, 请检查是否发送了不支持的消息类型
[2025-11-27 12:46:35,876.876] ERROR    [MainThread|MainProcess] API (logger.py:error:134) | NapCatAPIError: 消息体无法解析, 请检查是否发送了不支持的消息类型
[2025-11-27 12:46:35,900.900] ERROR    [MainThread|MainProcess] API (logger.py:error:134) | NapCatAPIError: 消息体无法解析, 请检查是否发送了不支持的消息类型
[2025-11-27 12:46:35,912.912] ERROR    [MainThread|MainProcess] API (logger.py:error:134) | NapCatAPIError: 消息体无法解析, 请检查是否发送了不支持的消息类型
[2025-11-27 12:46:35,914.914] ERROR    [MainThread|MainProcess] API (logger.py:error:134) | NapCatAPIError: 消息体无法解析, 请检查是否发送了不支持的消息类型
[2025-11-27 12:46:35,933.933] ERROR    [MainThread|MainProcess] API (logger.py:error:134) | NapCatAPIError: 消息体无法解析, 请检查是否发送了不支持的消息类型
[2025-11-27 12:46:35,940.940] ERROR    [MainThread|MainProcess] API (logger.py:error:134) | NapCatAPIError: 消息体无法解析, 请检查是否发送了不支持的消息类型
[2025-11-27 12:46:35,944.944] ERROR    [MainThread|MainProcess] API (logger.py:error:134) | NapCatAPIError: 消息体无法解析, 请检查是否发送了不支持的消息类型
[2025-11-27 12:46:35,948.948] ERROR    [MainThread|MainProcess] API (logger.py:error:134) | NapCatAPIError: 消息体无法解析, 请检查是否发送了不支持的消息类型
[2025-11-27 12:46:47,755.755] INFO     [MainThread|MainProcess] root (main.py:on_group_message:40) | GroupMessageEvent(sub_type=normal, message_id=626693759, message=[Reply(id="1095912602"), Text(text="镜像右上")], sender=GroupSender({"user_id":"1095216448", "nickname":"冰如猫", "card":"", "role":"owner"}), group_id=1048885587)
[2025-11-27 12:46:47,762.762] ERROR    [MainThread|MainProcess] API (logger.py:error:134) | NapCatAPIError: 消息体无法解析, 请检查是否发送了不支持的消息类型
[2025-11-27 12:46:47,785.785] ERROR    [MainThread|MainProcess] API (logger.py:error:134) | NapCatAPIError: 消息体无法解析, 请检查是否发送了不支持的消息类型
[2025-11-27 12:46:47,789.789] ERROR    [MainThread|MainProcess] API (logger.py:error:134) | NapCatAPIError: 消息体无法解析, 请检查是否发送了不支持的消息类型
[2025-11-27 12:46:47,795.795] ERROR    [MainThread|MainProcess] API (logger.py:error:134) | NapCatAPIError: 消息体无法解析, 请检查是否发送了不支持的消息类型
[2025-11-27 12:46:47,817.817] ERROR    [MainThread|MainProcess] API (logger.py:error:134) | NapCatAPIError: 消息体无法解析, 请检查是否发送了不支持的消息类型
[2025-11-27 12:46:47,825.825] ERROR    [MainThread|MainProcess] API (logger.py:error:134) | NapCatAPIError: 消息体无法解析, 请检查是否发送了不支持的消息类型
[2025-11-27 12:46:47,827.827] ERROR    [MainThread|MainProcess] API (logger.py:error:134) | NapCatAPIError: 消息体无法解析, 请检查是否发送了不支持的消息类型
[2025-11-27 12:46:47,838.838] ERROR    [MainThread|MainProcess] API (logger.py:error:134) | NapCatAPIError: 消息体无法解析, 请检查是否发送了不支持的消息类型
[2025-11-27 12:46:47,883.883] ERROR    [MainThread|MainProcess] API (logger.py:error:134) | NapCatAPIError: 消息体无法解析, 请检查是否发送了不支持的消息类型
[2025-11-27 12:46:47,894.894] ERROR    [MainThread|MainProcess] API (logger.py:error:134) | NapCatAPIError: 消息体无法解析, 请检查是否发送了不支持的消息类型
[2025-11-27 12:46:59,269.269] INFO     [MainThread|MainProcess] root (main.py:on_group_message:40) | GroupMessageEvent(sub_type=normal, message_id=682056212, message=[Reply(id="1095912602"), Text(text="镜像左上")], sender=GroupSender({"user_id":"1095216448", "nickname":"冰如猫", "card":"", "role":"owner"}), group_id=1048885587)
[2025-11-27 12:46:59,276.276] ERROR    [MainThread|MainProcess] API (logger.py:error:134) | NapCatAPIError: 消息体无法解析, 请检查是否发送了不支持的消息类型
[2025-11-27 12:46:59,287.287] ERROR    [MainThread|MainProcess] API (logger.py:error:134) | NapCatAPIError: 消息体无法解析, 请检查是否发送了不支持的消息类型
[2025-11-27 12:46:59,290.290] ERROR    [MainThread|MainProcess] API (logger.py:error:134) | NapCatAPIError: 消息体无法解析, 请检查是否发送了不支持的消息类型
[2025-11-27 12:46:59,292.292] ERROR    [MainThread|MainProcess] API (logger.py:error:134) | NapCatAPIError: 消息体无法解析, 请检查是否发送了不支持的消息类型
[2025-11-27 12:46:59,295.295] ERROR    [MainThread|MainProcess] API (logger.py:error:134) | NapCatAPIError: 消息体无法解析, 请检查是否发送了不支持的消息类型
[2025-11-27 12:46:59,297.297] ERROR    [MainThread|MainProcess] API (logger.py:error:134) | NapCatAPIError: 消息体无法解析, 请检查是否发送了不支持的消息类型
[2025-11-27 12:46:59,299.299] ERROR    [MainThread|MainProcess] API (logger.py:error:134) | NapCatAPIError: 消息体无法解析, 请检查是否发送了不支持的消息类型
[2025-11-27 12:46:59,303.303] ERROR    [MainThread|MainProcess] API (logger.py:error:134) | NapCatAPIError: 消息体无法解析, 请检查是否发送了不支持的消息类型
[2025-11-27 12:46:59,306.306] ERROR    [MainThread|MainProcess] API (logger.py:error:134) | NapCatAPIError: 消息体无法解析, 请检查是否发送了不支持的消息类型
[2025-11-27 12:46:59,308.308] ERROR    [MainThread|MainProcess] API (logger.py:error:134) | NapCatAPIError: 消息体无法解析, 请检查是否发送了不支持的消息类型
[2025-11-27 13:16:44,741.741] INFO     [MainThread|MainProcess] root (main.py:on_group_message:40) | GroupMessageEvent(sub_type=normal, message_id=1373776783, message=[Image(file="2AB376CE5C1B2967309334FAA591CDFF.jpg", url="https://multimedia.nt.qq.com.cn/download?appid=1407&fileid=EhSQBp1SZU2iWsiOjahjURMuFOzyDhj2hBEg_woon-3j8smRkQMyBHByb2RQgL2jAVoQuPwl76hNTRpVVy0r8nURinoCA6eCAQJuag&rkey=CAMSMHQW7MlQnvt58DrBq-ytfFvoS2sYAAX9J1RMnCtPVTsz74nri7vAaAbPzsvIyCO4jA", file_size="279158", summary="", sub_type=0)], sender=GroupSender({"user_id":"3337806907", "nickname":"猫猫不可以rua", "card":"", "role":"member"}), group_id=577713202)
[2025-11-27 13:16:44,749.749] ERROR    [MainThread|MainProcess] API (logger.py:error:134) | NapCatAPIError: 消息体无法解析, 请检查是否发送了不支持的消息类型
[2025-11-27 13:16:44,753.753] ERROR    [MainThread|MainProcess] API (logger.py:error:134) | NapCatAPIError: 消息体无法解析, 请检查是否发送了不支持的消息类型
[2025-11-27 13:16:44,768.768] ERROR    [MainThread|MainProcess] API (logger.py:error:134) | NapCatAPIError: 消息体无法解析, 请检查是否发送了不支持的消息类型
[2025-11-27 13:16:44,771.771] ERROR    [MainThread|MainProcess] API (logger.py:error:134) | NapCatAPIError: 消息体无法解析, 请检查是否发送了不支持的消息类型
[2025-11-27 13:16:44,777.777] ERROR    [MainThread|MainProcess] API (logger.py:error:134) | NapCatAPIError: 消息体无法解析, 请检查是否发送了不支持的消息类型
[2025-11-27 13:16:44,802.802] ERROR    [MainThread|MainProcess] API (logger.py:error:134) | NapCatAPIError: 消息体无法解析, 请检查是否发送了不支持的消息类型
[2025-11-27 13:16:44,820.820] ERROR    [MainThread|MainProcess] API (logger.py:error:134) | NapCatAPIError: 消息体无法解析, 请检查是否发送了不支持的消息类型
[2025-11-27 13:16:44,832.832] ERROR    [MainThread|MainProcess] API (logger.py:error:134) | NapCatAPIError: 消息体无法解析, 请检查是否发送了不支持的消息类型
[2025-11-27 13:16:44,860.860] ERROR    [MainThread|MainProcess] API (logger.py:error:134) | NapCatAPIError: 消息体无法解析, 请检查是否发送了不支持的消息类型
[2025-11-27 13:16:44,863.863] ERROR    [MainThread|MainProcess] API (logger.py:error:134) | NapCatAPIError: 消息体无法解析, 请检查是否发送了不支持的消息类型
[2025-11-27 13:16:45,769.769] INFO     [MainThread|MainProcess] root (main.py:on_group_message:40) | GroupMessageEvent(sub_type=normal, message_id=208615581, message=[Text(text="🤔")], sender=GroupSender({"user_id":"3337806907", "nickname":"猫猫不可以rua", "card":"", "role":"member"}), group_id=577713202)
[2025-11-27 13:16:45,774.774] ERROR    [MainThread|MainProcess] API (logger.py:error:134) | NapCatAPIError: 消息体无法解析, 请检查是否发送了不支持的消息类型
[2025-11-27 13:16:45,787.787] ERROR    [MainThread|MainProcess] API (logger.py:error:134) | NapCatAPIError: 消息体无法解析, 请检查是否发送了不支持的消息类型
[2025-11-27 13:16:45,789.789] ERROR    [MainThread|MainProcess] API (logger.py:error:134) | NapCatAPIError: 消息体无法解析, 请检查是否发送了不支持的消息类型
[2025-11-27 13:16:45,793.793] ERROR    [MainThread|MainProcess] API (logger.py:error:134) | NapCatAPIError: 消息体无法解析, 请检查是否发送了不支持的消息类型
[2025-11-27 13:16:45,798.798] ERROR    [MainThread|MainProcess] API (logger.py:error:134) | NapCatAPIError: 消息体无法解析, 请检查是否发送了不支持的消息类型
[2025-11-27 13:16:45,801.801] ERROR    [MainThread|MainProcess] API (logger.py:error:134) | NapCatAPIError: 消息体无法解析, 请检查是否发送了不支持的消息类型
[2025-11-27 13:16:45,803.803] ERROR    [MainThread|MainProcess] API (logger.py:error:134) | NapCatAPIError: 消息体无法解析, 请检查是否发送了不支持的消息类型
[2025-11-27 13:16:45,806.806] ERROR    [MainThread|MainProcess] API (logger.py:error:134) | NapCatAPIError: 消息体无法解析, 请检查是否发送了不支持的消息类型
[2025-11-27 13:16:45,821.821] ERROR    [MainThread|MainProcess] API (logger.py:error:134) | NapCatAPIError: 消息体无法解析, 请检查是否发送了不支持的消息类型
[2025-11-27 13:16:45,824.824] ERROR    [MainThread|MainProcess] API (logger.py:error:134) | NapCatAPIError: 消息体无法解析, 请检查是否发送了不支持的消息类型
[2025-11-27 13:34:48,104.104] INFO     [MainThread|MainProcess] root (main.py:on_group_message:40) | GroupMessageEvent(sub_type=normal, message_id=65868296, message=[Text(text="得教我")], sender=GroupSender({"user_id":"1209555491", "nickname":"shengZ", "card":"", "role":"admin"}), group_id=577713202)
[2025-11-27 13:34:48,109.109] ERROR    [MainThread|MainProcess] API (logger.py:error:134) | NapCatAPIError: 消息体无法解析, 请检查是否发送了不支持的消息类型
[2025-11-27 13:34:48,121.121] ERROR    [MainThread|MainProcess] API (logger.py:error:134) | NapCatAPIError: 消息体无法解析, 请检查是否发送了不支持的消息类型
[2025-11-27 13:34:48,124.124] ERROR    [MainThread|MainProcess] API (logger.py:error:134) | NapCatAPIError: 消息体无法解析, 请检查是否发送了不支持的消息类型
[2025-11-27 13:34:48,127.127] ERROR    [MainThread|MainProcess] API (logger.py:error:134) | NapCatAPIError: 消息体无法解析, 请检查是否发送了不支持的消息类型
[2025-11-27 13:34:48,130.130] ERROR    [MainThread|MainProcess] API (logger.py:error:134) | NapCatAPIError: 消息体无法解析, 请检查是否发送了不支持的消息类型
[2025-11-27 13:34:48,132.132] ERROR    [MainThread|MainProcess] API (logger.py:error:134) | NapCatAPIError: 消息体无法解析, 请检查是否发送了不支持的消息类型
[2025-11-27 13:34:48,135.135] ERROR    [MainThread|MainProcess] API (logger.py:error:134) | NapCatAPIError: 消息体无法解析, 请检查是否发送了不支持的消息类型
[2025-11-27 13:34:48,138.138] ERROR    [MainThread|MainProcess] API (logger.py:error:134) | NapCatAPIError: 消息体无法解析, 请检查是否发送了不支持的消息类型
[2025-11-27 13:34:48,140.140] ERROR    [MainThread|MainProcess] API (logger.py:error:134) | NapCatAPIError: 消息体无法解析, 请检查是否发送了不支持的消息类型
[2025-11-27 13:34:48,142.142] ERROR    [MainThread|MainProcess] API (logger.py:error:134) | NapCatAPIError: 消息体无法解析, 请检查是否发送了不支持的消息类型
[2025-11-27 13:37:49,847.847] INFO     [MainThread|MainProcess] root (main.py:on_group_message:40) | GroupMessageEvent(sub_type=normal, message_id=536435636, message=[Image(file="44DB93A73D2F2438899BFAF77BB75D38.png", url="https://multimedia.nt.qq.com.cn/download?appid=1407&fileid=EhRH5XboGmMzW9ckkA6fb7oTjoc9nRj-uh4g_woow6TOzc6RkQMyBHByb2RQgL2jAVoQERJDIqcWAkYQ5PN6Yy-PKXoCyRGCAQJneg&rkey=CAMSMHQW7MlQnvt58DrBq-ytfFvoS2sYAAX9J1RMnCtPVTsz74nri7vAaAbPzsvIyCO4jA", file_size="499070", summary="", sub_type=0)], sender=GroupSender({"user_id":"1209555491", "nickname":"shengZ", "card":"", "role":"admin"}), group_id=577713202)
[2025-11-27 13:37:49,853.853] ERROR    [MainThread|MainProcess] API (logger.py:error:134) | NapCatAPIError: 消息体无法解析, 请检查是否发送了不支持的消息类型
[2025-11-27 13:37:49,868.868] ERROR    [MainThread|MainProcess] API (logger.py:error:134) | NapCatAPIError: 消息体无法解析, 请检查是否发送了不支持的消息类型
[2025-11-27 13:37:49,874.874] ERROR    [MainThread|MainProcess] API (logger.py:error:134) | NapCatAPIError: 消息体无法解析, 请检查是否发送了不支持的消息类型
[2025-11-27 13:37:49,878.878] ERROR    [MainThread|MainProcess] API (logger.py:error:134) | NapCatAPIError: 消息体无法解析, 请检查是否发送了不支持的消息类型
[2025-11-27 13:37:49,881.881] ERROR    [MainThread|MainProcess] API (logger.py:error:134) | NapCatAPIError: 消息体无法解析, 请检查是否发送了不支持的消息类型
[2025-11-27 13:37:49,884.884] ERROR    [MainThread|MainProcess] API (logger.py:error:134) | NapCatAPIError: 消息体无法解析, 请检查是否发送了不支持的消息类型
[2025-11-27 13:37:49,892.892] ERROR    [MainThread|MainProcess] API (logger.py:error:134) | NapCatAPIError: 消息体无法解析, 请检查是否发送了不支持的消息类型
[2025-11-27 13:37:49,911.911] ERROR    [MainThread|MainProcess] API (logger.py:error:134) | NapCatAPIError: 消息体无法解析, 请检查是否发送了不支持的消息类型
[2025-11-27 13:37:49,914.914] ERROR    [MainThread|MainProcess] API (logger.py:error:134) | NapCatAPIError: 消息体无法解析, 请检查是否发送了不支持的消息类型
[2025-11-27 13:37:49,916.916] ERROR    [MainThread|MainProcess] API (logger.py:error:134) | NapCatAPIError: 消息体无法解析, 请检查是否发送了不支持的消息类型
[2025-11-27 13:38:27,923.923] INFO     [MainThread|MainProcess] root (main.py:on_group_message:40) | GroupMessageEvent(sub_type=normal, message_id=963127388, message=[Image(file="CE2466BCB442C65582EEB8B1DB187E0C.png", url="https://multimedia.nt.qq.com.cn/download?appid=1407&fileid=EhTy26y7MlJ0cQtlMRqAKp0tcTXFbxi4oQMg_wooq7b7386RkQMyBHByb2RQgL2jAVoQziRVoGeLuNzOPAv1ddC29noCCHOCAQJneg&rkey=CAMSMHQW7MlQnvt58DrBq-ytfFvoS2sYAAX9J1RMnCtPVTsz74nri7vAaAbPzsvIyCO4jA", file_size="53432", summary="", sub_type=0)], sender=GroupSender({"user_id":"1209555491", "nickname":"shengZ", "card":"", "role":"admin"}), group_id=577713202)
[2025-11-27 13:38:27,927.927] ERROR    [MainThread|MainProcess] API (logger.py:error:134) | NapCatAPIError: 消息体无法解析, 请检查是否发送了不支持的消息类型
[2025-11-27 13:38:27,943.943] ERROR    [MainThread|MainProcess] API (logger.py:error:134) | NapCatAPIError: 消息体无法解析, 请检查是否发送了不支持的消息类型
[2025-11-27 13:38:27,982.982] ERROR    [MainThread|MainProcess] API (logger.py:error:134) | NapCatAPIError: 消息体无法解析, 请检查是否发送了不支持的消息类型
[2025-11-27 13:38:27,993.993] ERROR    [MainThread|MainProcess] API (logger.py:error:134) | NapCatAPIError: 消息体无法解析, 请检查是否发送了不支持的消息类型
[2025-11-27 13:38:27,996.996] ERROR    [MainThread|MainProcess] API (logger.py:error:134) | NapCatAPIError: 消息体无法解析, 请检查是否发送了不支持的消息类型
[2025-11-27 13:38:27,999.999] ERROR    [MainThread|MainProcess] API (logger.py:error:134) | NapCatAPIError: 消息体无法解析, 请检查是否发送了不支持的消息类型
[2025-11-27 13:38:28,004.004] ERROR    [MainThread|MainProcess] API (logger.py:error:134) | NapCatAPIError: 消息体无法解析, 请检查是否发送了不支持的消息类型
[2025-11-27 13:38:28,045.045] ERROR    [MainThread|MainProcess] API (logger.py:error:134) | NapCatAPIError: 消息体无法解析, 请检查是否发送了不支持的消息类型
[2025-11-27 13:38:28,051.051] ERROR    [MainThread|MainProcess] API (logger.py:error:134) | NapCatAPIError: 消息体无法解析, 请检查是否发送了不支持的消息类型
[2025-11-27 13:38:28,054.054] ERROR    [MainThread|MainProcess] API (logger.py:error:134) | NapCatAPIError: 消息体无法解析, 请检查是否发送了不支持的消息类型
[2025-11-27 13:38:32,978.978] INFO     [MainThread|MainProcess] root (main.py:on_group_message:40) | GroupMessageEvent(sub_type=normal, message_id=942291431, message=[Text(text="妈比中间的.6啊")], sender=GroupSender({"user_id":"1209555491", "nickname":"shengZ", "card":"", "role":"admin"}), group_id=577713202)
[2025-11-27 13:38:32,989.989] ERROR    [MainThread|MainProcess] API (logger.py:error:134) | NapCatAPIError: 消息体无法解析, 请检查是否发送了不支持的消息类型
[2025-11-27 13:38:33,012.012] ERROR    [MainThread|MainProcess] API (logger.py:error:134) | NapCatAPIError: 消息体无法解析, 请检查是否发送了不支持的消息类型
[2025-11-27 13:38:33,031.031] ERROR    [MainThread|MainProcess] API (logger.py:error:134) | NapCatAPIError: 消息体无法解析, 请检查是否发送了不支持的消息类型
[2025-11-27 13:38:33,047.047] ERROR    [MainThread|MainProcess] API (logger.py:error:134) | NapCatAPIError: 消息体无法解析, 请检查是否发送了不支持的消息类型
[2025-11-27 13:38:33,058.058] ERROR    [MainThread|MainProcess] API (logger.py:error:134) | NapCatAPIError: 消息体无法解析, 请检查是否发送了不支持的消息类型
[2025-11-27 13:38:33,060.060] ERROR    [MainThread|MainProcess] API (logger.py:error:134) | NapCatAPIError: 消息体无法解析, 请检查是否发送了不支持的消息类型
[2025-11-27 13:38:33,064.064] ERROR    [MainThread|MainProcess] API (logger.py:error:134) | NapCatAPIError: 消息体无法解析, 请检查是否发送了不支持的消息类型
[2025-11-27 13:38:33,087.087] ERROR    [MainThread|MainProcess] API (logger.py:error:134) | NapCatAPIError: 消息体无法解析, 请检查是否发送了不支持的消息类型
[2025-11-27 13:38:33,090.090] ERROR    [MainThread|MainProcess] API (logger.py:error:134) | NapCatAPIError: 消息体无法解析, 请检查是否发送了不支持的消息类型
[2025-11-27 13:38:33,092.092] ERROR    [MainThread|MainProcess] API (logger.py:error:134) | NapCatAPIError: 消息体无法解析, 请检查是否发送了不支持的消息类型
[2025-11-27 13:38:37,261.261] INFO     [MainThread|MainProcess] root (main.py:on_group_message:40) | GroupMessageEvent(sub_type=normal, message_id=1184204901, message=[Image(file="0B821554CA7401A06864E77A35244522.png", url="https://multimedia.nt.qq.com.cn/download?appid=1407&fileid=EhTz7cBZH2tkVmWXpUaoNrHpCEH87xj62AUg_woo6-u05M6RkQMyBHByb2RQgL2jAVoQoE0udhC8zL7_8FLC564dG3oCS1-CAQJneg&rkey=CAMSMHQW7MlQnvt58DrBq-ytfFvoS2sYAAX9J1RMnCtPVTsz74nri7vAaAbPzsvIyCO4jA", file_size="93306", summary="", sub_type=0)], sender=GroupSender({"user_id":"1209555491", "nickname":"shengZ", "card":"", "role":"admin"}), group_id=577713202)
[2025-11-27 13:38:37,266.266] ERROR    [MainThread|MainProcess] API (logger.py:error:134) | NapCatAPIError: 消息体无法解析, 请检查是否发送了不支持的消息类型
[2025-11-27 13:38:37,273.273] ERROR    [MainThread|MainProcess] API (logger.py:error:134) | NapCatAPIError: 消息体无法解析, 请检查是否发送了不支持的消息类型
[2025-11-27 13:38:37,279.279] ERROR    [MainThread|MainProcess] API (logger.py:error:134) | NapCatAPIError: 消息体无法解析, 请检查是否发送了不支持的消息类型
[2025-11-27 13:38:37,281.281] ERROR    [MainThread|MainProcess] API (logger.py:error:134) | NapCatAPIError: 消息体无法解析, 请检查是否发送了不支持的消息类型
[2025-11-27 13:38:37,283.283] ERROR    [MainThread|MainProcess] API (logger.py:error:134) | NapCatAPIError: 消息体无法解析, 请检查是否发送了不支持的消息类型
[2025-11-27 13:38:37,286.286] ERROR    [MainThread|MainProcess] API (logger.py:error:134) | NapCatAPIError: 消息体无法解析, 请检查是否发送了不支持的消息类型
[2025-11-27 13:38:37,289.289] ERROR    [MainThread|MainProcess] API (logger.py:error:134) | NapCatAPIError: 消息体无法解析, 请检查是否发送了不支持的消息类型
[2025-11-27 13:38:37,291.291] ERROR    [MainThread|MainProcess] API (logger.py:error:134) | NapCatAPIError: 消息体无法解析, 请检查是否发送了不支持的消息类型
[2025-11-27 13:38:37,294.294] ERROR    [MainThread|MainProcess] API (logger.py:error:134) | NapCatAPIError: 消息体无法解析, 请检查是否发送了不支持的消息类型
[2025-11-27 13:38:37,296.296] ERROR    [MainThread|MainProcess] API (logger.py:error:134) | NapCatAPIError: 消息体无法解析, 请检查是否发送了不支持的消息类型
[2025-11-27 13:38:39,942.942] INFO     [MainThread|MainProcess] root (main.py:on_group_message:40) | GroupMessageEvent(sub_type=normal, message_id=1693476001, message=[Image(file="BDBBA34E49F3AF22EFBA2487B3D0379D.png", url="https://multimedia.nt.qq.com.cn/download?appid=1407&fileid=EhQk9uUKaabZ-xgMA0SDx3Zk7E1LAhixuhsg_woorLaa5c6RkQMyBHByb2RQgL2jAVoQpjIzkuXspfaD2ch8Q-KBhHoCHmuCAQJneg&rkey=CAMSMHQW7MlQnvt58DrBq-ytfFvoS2sYAAX9J1RMnCtPVTsz74nri7vAaAbPzsvIyCO4jA", file_size="449841", summary="", sub_type=0)], sender=GroupSender({"user_id":"1209555491", "nickname":"shengZ", "card":"", "role":"admin"}), group_id=577713202)
[2025-11-27 13:38:39,959.959] ERROR    [MainThread|MainProcess] API (logger.py:error:134) | NapCatAPIError: 消息体无法解析, 请检查是否发送了不支持的消息类型
[2025-11-27 13:38:39,961.961] ERROR    [MainThread|MainProcess] API (logger.py:error:134) | NapCatAPIError: 消息体无法解析, 请检查是否发送了不支持的消息类型
[2025-11-27 13:38:39,964.964] ERROR    [MainThread|MainProcess] API (logger.py:error:134) | NapCatAPIError: 消息体无法解析, 请检查是否发送了不支持的消息类型
[2025-11-27 13:38:39,967.967] ERROR    [MainThread|MainProcess] API (logger.py:error:134) | NapCatAPIError: 消息体无法解析, 请检查是否发送了不支持的消息类型
[2025-11-27 13:38:39,969.969] ERROR    [MainThread|MainProcess] API (logger.py:error:134) | NapCatAPIError: 消息体无法解析, 请检查是否发送了不支持的消息类型
[2025-11-27 13:38:39,971.971] ERROR    [MainThread|MainProcess] API (logger.py:error:134) | NapCatAPIError: 消息体无法解析, 请检查是否发送了不支持的消息类型
[2025-11-27 13:38:39,974.974] ERROR    [MainThread|MainProcess] API (logger.py:error:134) | NapCatAPIError: 消息体无法解析, 请检查是否发送了不支持的消息类型
[2025-11-27 13:38:39,976.976] ERROR    [MainThread|MainProcess] API (logger.py:error:134) | NapCatAPIError: 消息体无法解析, 请检查是否发送了不支持的消息类型
[2025-11-27 13:38:39,979.979] ERROR    [MainThread|MainProcess] API (logger.py:error:134) | NapCatAPIError: 消息体无法解析, 请检查是否发送了不支持的消息类型
[2025-11-27 13:38:39,982.982] ERROR    [MainThread|MainProcess] API (logger.py:error:134) | NapCatAPIError: 消息体无法解析, 请检查是否发送了不支持的消息类型
[2025-11-27 13:39:00,702.702] INFO     [MainThread|MainProcess] root (main.py:on_group_message:40) | GroupMessageEvent(sub_type=normal, message_id=496272869, message=[Text(text="第一个红谱.8")], sender=GroupSender({"user_id":"1209555491", "nickname":"shengZ", "card":"", "role":"admin"}), group_id=577713202)
[2025-11-27 13:39:00,705.705] ERROR    [MainThread|MainProcess] API (logger.py:error:134) | NapCatAPIError: 消息体无法解析, 请检查是否发送了不支持的消息类型
[2025-11-27 13:39:00,710.710] ERROR    [MainThread|MainProcess] API (logger.py:error:134) | NapCatAPIError: 消息体无法解析, 请检查是否发送了不支持的消息类型
[2025-11-27 13:39:00,721.721] ERROR    [MainThread|MainProcess] API (logger.py:error:134) | NapCatAPIError: 消息体无法解析, 请检查是否发送了不支持的消息类型
[2025-11-27 13:39:00,725.725] ERROR    [MainThread|MainProcess] API (logger.py:error:134) | NapCatAPIError: 消息体无法解析, 请检查是否发送了不支持的消息类型
[2025-11-27 13:39:00,727.727] ERROR    [MainThread|MainProcess] API (logger.py:error:134) | NapCatAPIError: 消息体无法解析, 请检查是否发送了不支持的消息类型
[2025-11-27 13:39:00,729.729] ERROR    [MainThread|MainProcess] API (logger.py:error:134) | NapCatAPIError: 消息体无法解析, 请检查是否发送了不支持的消息类型
[2025-11-27 13:39:00,732.732] ERROR    [MainThread|MainProcess] API (logger.py:error:134) | NapCatAPIError: 消息体无法解析, 请检查是否发送了不支持的消息类型
[2025-11-27 13:39:00,734.734] ERROR    [MainThread|MainProcess] API (logger.py:error:134) | NapCatAPIError: 消息体无法解析, 请检查是否发送了不支持的消息类型
[2025-11-27 13:39:00,737.737] ERROR    [MainThread|MainProcess] API (logger.py:error:134) | NapCatAPIError: 消息体无法解析, 请检查是否发送了不支持的消息类型
[2025-11-27 13:39:00,740.740] ERROR    [MainThread|MainProcess] API (logger.py:error:134) | NapCatAPIError: 消息体无法解析, 请检查是否发送了不支持的消息类型
[2025-11-27 13:39:07,983.983] INFO     [MainThread|MainProcess] root (main.py:on_group_message:40) | GroupMessageEvent(sub_type=normal, message_id=1936925795, message=[Text(text=".8下是.6")], sender=GroupSender({"user_id":"1209555491", "nickname":"shengZ", "card":"", "role":"admin"}), group_id=577713202)
[2025-11-27 13:39:07,991.991] ERROR    [MainThread|MainProcess] API (logger.py:error:134) | NapCatAPIError: 消息体无法解析, 请检查是否发送了不支持的消息类型
[2025-11-27 13:39:08,004.004] ERROR    [MainThread|MainProcess] API (logger.py:error:134) | NapCatAPIError: 消息体无法解析, 请检查是否发送了不支持的消息类型
[2025-11-27 13:39:08,007.007] ERROR    [MainThread|MainProcess] API (logger.py:error:134) | NapCatAPIError: 消息体无法解析, 请检查是否发送了不支持的消息类型
[2025-11-27 13:39:08,009.009] ERROR    [MainThread|MainProcess] API (logger.py:error:134) | NapCatAPIError: 消息体无法解析, 请检查是否发送了不支持的消息类型
[2025-11-27 13:39:08,012.012] ERROR    [MainThread|MainProcess] API (logger.py:error:134) | NapCatAPIError: 消息体无法解析, 请检查是否发送了不支持的消息类型
[2025-11-27 13:39:08,014.014] ERROR    [MainThread|MainProcess] API (logger.py:error:134) | NapCatAPIError: 消息体无法解析, 请检查是否发送了不支持的消息类型
[2025-11-27 13:39:08,016.016] ERROR    [MainThread|MainProcess] API (logger.py:error:134) | NapCatAPIError: 消息体无法解析, 请检查是否发送了不支持的消息类型
[2025-11-27 13:39:08,019.019] ERROR    [MainThread|MainProcess] API (logger.py:error:134) | NapCatAPIError: 消息体无法解析, 请检查是否发送了不支持的消息类型
[2025-11-27 13:39:08,022.022] ERROR    [MainThread|MainProcess] API (logger.py:error:134) | NapCatAPIError: 消息体无法解析, 请检查是否发送了不支持的消息类型
[2025-11-27 13:39:08,024.024] ERROR    [MainThread|MainProcess] API (logger.py:error:134) | NapCatAPIError: 消息体无法解析, 请检查是否发送了不支持的消息类型
[2025-11-27 13:43:13,447.447] INFO     [MainThread|MainProcess] root (main.py:on_group_message:40) | GroupMessageEvent(sub_type=normal, message_id=1034355436, message=[Reply(id="1373776783"), Text(text="还是kop5優勝大人")], sender=GroupSender({"user_id":"3362240349", "nickname":"鸢尾落華", "card":"ⓘ 该群聊涉嫌玩中二已被解散", "role":"member"}), group_id=577713202)
[2025-11-27 13:43:13,460.460] ERROR    [MainThread|MainProcess] API (logger.py:error:134) | NapCatAPIError: 消息体无法解析, 请检查是否发送了不支持的消息类型
[2025-11-27 13:43:13,475.475] ERROR    [MainThread|MainProcess] API (logger.py:error:134) | NapCatAPIError: 消息体无法解析, 请检查是否发送了不支持的消息类型
[2025-11-27 13:43:13,479.479] ERROR    [MainThread|MainProcess] API (logger.py:error:134) | NapCatAPIError: 消息体无法解析, 请检查是否发送了不支持的消息类型
[2025-11-27 13:43:13,482.482] ERROR    [MainThread|MainProcess] API (logger.py:error:134) | NapCatAPIError: 消息体无法解析, 请检查是否发送了不支持的消息类型
[2025-11-27 13:43:13,488.488] ERROR    [MainThread|MainProcess] API (logger.py:error:134) | NapCatAPIError: 消息体无法解析, 请检查是否发送了不支持的消息类型
[2025-11-27 13:43:13,515.515] ERROR    [MainThread|MainProcess] API (logger.py:error:134) | NapCatAPIError: 消息体无法解析, 请检查是否发送了不支持的消息类型
[2025-11-27 13:43:13,519.519] ERROR    [MainThread|MainProcess] API (logger.py:error:134) | NapCatAPIError: 消息体无法解析, 请检查是否发送了不支持的消息类型
[2025-11-27 13:43:13,522.522] ERROR    [MainThread|MainProcess] API (logger.py:error:134) | NapCatAPIError: 消息体无法解析, 请检查是否发送了不支持的消息类型
[2025-11-27 13:43:13,594.594] ERROR    [MainThread|MainProcess] API (logger.py:error:134) | NapCatAPIError: 消息体无法解析, 请检查是否发送了不支持的消息类型
[2025-11-27 13:43:13,607.607] ERROR    [MainThread|MainProcess] API (logger.py:error:134) | NapCatAPIError: 消息体无法解析, 请检查是否发送了不支持的消息类型
[2025-11-27 13:43:26,857.857] INFO     [MainThread|MainProcess] root (main.py:on_group_message:40) | GroupMessageEvent(sub_type=normal, message_id=427634361, message=[Image(file="8AD5BDD2FF20554C35F9BD5C6BE80933.jpg", url="https://multimedia.nt.qq.com.cn/download?appid=1407&fileid=EhQMu3iHBtXMHq6r7GWJZX3FjlacDhjmtwQg_wooxLnf7s-RkQMyBHByb2RQgL2jAVoQeKjyeqsAZsm3xgWS3_GGPnoCToqCAQJuag&rkey=CAMSMHQW7MlQnvt58DrBq-ytfFvoS2sYAAX9J1RMnCtPVTsz74nri7vAaAbPzsvIyCO4jA", file_size="72678", summary="[动画表情]", sub_type=1)], sender=GroupSender({"user_id":"3362240349", "nickname":"鸢尾落華", "card":"ⓘ 该群聊涉嫌玩中二已被解散", "role":"member"}), group_id=577713202)
[2025-11-27 13:43:26,892.892] ERROR    [MainThread|MainProcess] API (logger.py:error:134) | NapCatAPIError: 消息体无法解析, 请检查是否发送了不支持的消息类型
[2025-11-27 13:43:26,898.898] ERROR    [MainThread|MainProcess] API (logger.py:error:134) | NapCatAPIError: 消息体无法解析, 请检查是否发送了不支持的消息类型
[2025-11-27 13:43:26,918.918] ERROR    [MainThread|MainProcess] API (logger.py:error:134) | NapCatAPIError: 消息体无法解析, 请检查是否发送了不支持的消息类型
[2025-11-27 13:43:26,927.927] ERROR    [MainThread|MainProcess] API (logger.py:error:134) | NapCatAPIError: 消息体无法解析, 请检查是否发送了不支持的消息类型
[2025-11-27 13:43:26,929.929] ERROR    [MainThread|MainProcess] API (logger.py:error:134) | NapCatAPIError: 消息体无法解析, 请检查是否发送了不支持的消息类型
[2025-11-27 13:43:26,939.939] ERROR    [MainThread|MainProcess] API (logger.py:error:134) | NapCatAPIError: 消息体无法解析, 请检查是否发送了不支持的消息类型
[2025-11-27 13:43:26,942.942] ERROR    [MainThread|MainProcess] API (logger.py:error:134) | NapCatAPIError: 消息体无法解析, 请检查是否发送了不支持的消息类型
[2025-11-27 13:43:26,996.996] ERROR    [MainThread|MainProcess] API (logger.py:error:134) | NapCatAPIError: 消息体无法解析, 请检查是否发送了不支持的消息类型
[2025-11-27 13:43:27,038.038] ERROR    [MainThread|MainProcess] API (logger.py:error:134) | NapCatAPIError: 消息体无法解析, 请检查是否发送了不支持的消息类型
[2025-11-27 13:43:27,066.066] ERROR    [MainThread|MainProcess] API (logger.py:error:134) | NapCatAPIError: 消息体无法解析, 请检查是否发送了不支持的消息类型
[2025-11-27 13:44:08,115.115] INFO     [MainThread|MainProcess] root (main.py:on_group_message:40) | GroupMessageEvent(sub_type=normal, message_id=312709396, message=[Text(text="还是kop5優勝大人")], sender=GroupSender({"user_id":"1209555491", "nickname":"shengZ", "card":"", "role":"admin"}), group_id=577713202)
[2025-11-27 13:44:08,119.119] ERROR    [MainThread|MainProcess] API (logger.py:error:134) | NapCatAPIError: 消息体无法解析, 请检查是否发送了不支持的消息类型
[2025-11-27 13:44:08,124.124] ERROR    [MainThread|MainProcess] API (logger.py:error:134) | NapCatAPIError: 消息体无法解析, 请检查是否发送了不支持的消息类型
[2025-11-27 13:44:08,138.138] ERROR    [MainThread|MainProcess] API (logger.py:error:134) | NapCatAPIError: 消息体无法解析, 请检查是否发送了不支持的消息类型
[2025-11-27 13:44:08,141.141] ERROR    [MainThread|MainProcess] API (logger.py:error:134) | NapCatAPIError: 消息体无法解析, 请检查是否发送了不支持的消息类型
[2025-11-27 13:44:08,143.143] ERROR    [MainThread|MainProcess] API (logger.py:error:134) | NapCatAPIError: 消息体无法解析, 请检查是否发送了不支持的消息类型
[2025-11-27 13:44:08,146.146] ERROR    [MainThread|MainProcess] API (logger.py:error:134) | NapCatAPIError: 消息体无法解析, 请检查是否发送了不支持的消息类型
[2025-11-27 13:44:08,148.148] ERROR    [MainThread|MainProcess] API (logger.py:error:134) | NapCatAPIError: 消息体无法解析, 请检查是否发送了不支持的消息类型
[2025-11-27 13:44:08,150.150] ERROR    [MainThread|MainProcess] API (logger.py:error:134) | NapCatAPIError: 消息体无法解析, 请检查是否发送了不支持的消息类型
[2025-11-27 13:44:08,153.153] ERROR    [MainThread|MainProcess] API (logger.py:error:134) | NapCatAPIError: 消息体无法解析, 请检查是否发送了不支持的消息类型
[2025-11-27 13:44:08,156.156] ERROR    [MainThread|MainProcess] API (logger.py:error:134) | NapCatAPIError: 消息体无法解析, 请检查是否发送了不支持的消息类型
[2025-11-27 16:24:12,595.595] INFO     [MainThread|MainProcess] root (main.py:on_group_message:40) | GroupMessageEvent(sub_type=normal, message_id=1377779369, message=[Text(text="幹什麼")], sender=GroupSender({"user_id":"3337806907", "nickname":"猫猫不可以rua", "card":"", "role":"member"}), group_id=577713202)
[2025-11-27 16:24:12,605.605] ERROR    [MainThread|MainProcess] API (logger.py:error:134) | NapCatAPIError: 消息体无法解析, 请检查是否发送了不支持的消息类型
[2025-11-27 16:24:12,622.622] ERROR    [MainThread|MainProcess] API (logger.py:error:134) | NapCatAPIError: 消息体无法解析, 请检查是否发送了不支持的消息类型
[2025-11-27 16:24:12,626.626] ERROR    [MainThread|MainProcess] API (logger.py:error:134) | NapCatAPIError: 消息体无法解析, 请检查是否发送了不支持的消息类型
[2025-11-27 16:24:12,637.637] ERROR    [MainThread|MainProcess] API (logger.py:error:134) | NapCatAPIError: 消息体无法解析, 请检查是否发送了不支持的消息类型
[2025-11-27 16:24:12,668.668] ERROR    [MainThread|MainProcess] API (logger.py:error:134) | NapCatAPIError: 消息体无法解析, 请检查是否发送了不支持的消息类型
[2025-11-27 16:24:12,688.688] ERROR    [MainThread|MainProcess] API (logger.py:error:134) | NapCatAPIError: 消息体无法解析, 请检查是否发送了不支持的消息类型
[2025-11-27 16:24:12,690.690] ERROR    [MainThread|MainProcess] API (logger.py:error:134) | NapCatAPIError: 消息体无法解析, 请检查是否发送了不支持的消息类型
[2025-11-27 16:24:12,740.740] ERROR    [MainThread|MainProcess] API (logger.py:error:134) | NapCatAPIError: 消息体无法解析, 请检查是否发送了不支持的消息类型
[2025-11-27 16:24:12,770.770] ERROR    [MainThread|MainProcess] API (logger.py:error:134) | NapCatAPIError: 消息体无法解析, 请检查是否发送了不支持的消息类型
[2025-11-27 16:24:12,798.798] ERROR    [MainThread|MainProcess] API (logger.py:error:134) | NapCatAPIError: 消息体无法解析, 请检查是否发送了不支持的消息类型
[2025-11-27 16:24:17,847.847] INFO     [MainThread|MainProcess] root (main.py:on_group_message:40) | GroupMessageEvent(sub_type=normal, message_id=1371354188, message=[Text(text="幹嘛")], sender=GroupSender({"user_id":"3337806907", "nickname":"猫猫不可以rua", "card":"", "role":"member"}), group_id=577713202)
[2025-11-27 16:24:17,852.852] ERROR    [MainThread|MainProcess] API (logger.py:error:134) | NapCatAPIError: 消息体无法解析, 请检查是否发送了不支持的消息类型
[2025-11-27 16:24:17,867.867] ERROR    [MainThread|MainProcess] API (logger.py:error:134) | NapCatAPIError: 消息体无法解析, 请检查是否发送了不支持的消息类型
[2025-11-27 16:24:17,875.875] ERROR    [MainThread|MainProcess] API (logger.py:error:134) | NapCatAPIError: 消息体无法解析, 请检查是否发送了不支持的消息类型
[2025-11-27 16:24:17,878.878] ERROR    [MainThread|MainProcess] API (logger.py:error:134) | NapCatAPIError: 消息体无法解析, 请检查是否发送了不支持的消息类型
[2025-11-27 16:24:17,882.882] ERROR    [MainThread|MainProcess] API (logger.py:error:134) | NapCatAPIError: 消息体无法解析, 请检查是否发送了不支持的消息类型
[2025-11-27 16:24:17,885.885] ERROR    [MainThread|MainProcess] API (logger.py:error:134) | NapCatAPIError: 消息体无法解析, 请检查是否发送了不支持的消息类型
[2025-11-27 16:24:17,890.890] ERROR    [MainThread|MainProcess] API (logger.py:error:134) | NapCatAPIError: 消息体无法解析, 请检查是否发送了不支持的消息类型
[2025-11-27 16:24:17,910.910] ERROR    [MainThread|MainProcess] API (logger.py:error:134) | NapCatAPIError: 消息体无法解析, 请检查是否发送了不支持的消息类型
[2025-11-27 16:24:17,916.916] ERROR    [MainThread|MainProcess] API (logger.py:error:134) | NapCatAPIError: 消息体无法解析, 请检查是否发送了不支持的消息类型
[2025-11-27 16:24:17,919.919] ERROR    [MainThread|MainProcess] API (logger.py:error:134) | NapCatAPIError: 消息体无法解析, 请检查是否发送了不支持的消息类型
[2025-11-27 16:24:25,071.071] INFO     [MainThread|MainProcess] root (main.py:on_group_message:40) | GroupMessageEvent(sub_type=normal, message_id=597504417, message=[Image(file="434FCEA6646A2A9C7B40E18610085630.jpg", url="https://multimedia.nt.qq.com.cn/download?appid=1407&fileid=EhSc0eiH5DnvLjX37BU3FeQ1jkpYaRiIogMg_wooioTm6_ORkQMyBHByb2RQgL2jAVoQ9AxdUqGWs8K-fTY4QilYaHoC5UWCAQJuag&rkey=CAMSMNR6BAU0umv9fHl5TcjnGH2hdpgILRkWibxXFRd1-n1QRp7mchEn7-JVtp6wrNcAYw", file_size="53512", summary="[动画表情]", sub_type=1)], sender=GroupSender({"user_id":"3337806907", "nickname":"猫猫不可以rua", "card":"", "role":"member"}), group_id=577713202)
[2025-11-27 16:24:25,079.079] ERROR    [MainThread|MainProcess] API (logger.py:error:134) | NapCatAPIError: 消息体无法解析, 请检查是否发送了不支持的消息类型
[2025-11-27 16:24:25,089.089] ERROR    [MainThread|MainProcess] API (logger.py:error:134) | NapCatAPIError: 消息体无法解析, 请检查是否发送了不支持的消息类型
[2025-11-27 16:24:25,092.092] ERROR    [MainThread|MainProcess] API (logger.py:error:134) | NapCatAPIError: 消息体无法解析, 请检查是否发送了不支持的消息类型
[2025-11-27 16:24:25,094.094] ERROR    [MainThread|MainProcess] API (logger.py:error:134) | NapCatAPIError: 消息体无法解析, 请检查是否发送了不支持的消息类型
[2025-11-27 16:24:25,097.097] ERROR    [MainThread|MainProcess] API (logger.py:error:134) | NapCatAPIError: 消息体无法解析, 请检查是否发送了不支持的消息类型
[2025-11-27 16:24:25,099.099] ERROR    [MainThread|MainProcess] API (logger.py:error:134) | NapCatAPIError: 消息体无法解析, 请检查是否发送了不支持的消息类型
[2025-11-27 16:24:25,101.101] ERROR    [MainThread|MainProcess] API (logger.py:error:134) | NapCatAPIError: 消息体无法解析, 请检查是否发送了不支持的消息类型
[2025-11-27 16:24:25,104.104] ERROR    [MainThread|MainProcess] API (logger.py:error:134) | NapCatAPIError: 消息体无法解析, 请检查是否发送了不支持的消息类型
[2025-11-27 16:24:25,108.108] ERROR    [MainThread|MainProcess] API (logger.py:error:134) | NapCatAPIError: 消息体无法解析, 请检查是否发送了不支持的消息类型
[2025-11-27 16:24:25,110.110] ERROR    [MainThread|MainProcess] API (logger.py:error:134) | NapCatAPIError: 消息体无法解析, 请检查是否发送了不支持的消息类型
[2025-11-27 16:42:21,921.921] INFO     [MainThread|MainProcess] root (main.py:on_group_message:40) | GroupMessageEvent(sub_type=normal, message_id=1413948962, message=[Text(text="https://github.com/InfGithub/MinecraftServerRunner")], sender=GroupSender({"user_id":"2585690555", "nickname":"__Infinitive__", "card":"", "role":"admin"}), group_id=1061413302)
[2025-11-27 16:42:21,930.930] ERROR    [MainThread|MainProcess] API (logger.py:error:134) | NapCatAPIError: 消息体无法解析, 请检查是否发送了不支持的消息类型
[2025-11-27 16:42:21,952.952] ERROR    [MainThread|MainProcess] API (logger.py:error:134) | NapCatAPIError: 消息体无法解析, 请检查是否发送了不支持的消息类型
[2025-11-27 16:42:21,992.992] ERROR    [MainThread|MainProcess] API (logger.py:error:134) | NapCatAPIError: 消息体无法解析, 请检查是否发送了不支持的消息类型
[2025-11-27 16:42:21,998.998] ERROR    [MainThread|MainProcess] API (logger.py:error:134) | NapCatAPIError: 消息体无法解析, 请检查是否发送了不支持的消息类型
[2025-11-27 16:42:22,002.002] ERROR    [MainThread|MainProcess] API (logger.py:error:134) | NapCatAPIError: 消息体无法解析, 请检查是否发送了不支持的消息类型
[2025-11-27 16:42:22,005.005] ERROR    [MainThread|MainProcess] API (logger.py:error:134) | NapCatAPIError: 消息体无法解析, 请检查是否发送了不支持的消息类型
[2025-11-27 16:42:22,008.008] ERROR    [MainThread|MainProcess] API (logger.py:error:134) | NapCatAPIError: 消息体无法解析, 请检查是否发送了不支持的消息类型
[2025-11-27 16:42:22,012.012] ERROR    [MainThread|MainProcess] API (logger.py:error:134) | NapCatAPIError: 消息体无法解析, 请检查是否发送了不支持的消息类型
[2025-11-27 16:42:22,015.015] ERROR    [MainThread|MainProcess] API (logger.py:error:134) | NapCatAPIError: 消息体无法解析, 请检查是否发送了不支持的消息类型
[2025-11-27 16:42:22,097.097] ERROR    [MainThread|MainProcess] API (logger.py:error:134) | NapCatAPIError: 消息体无法解析, 请检查是否发送了不支持的消息类型
[2025-11-27 16:42:35,899.899] INFO     [MainThread|MainProcess] root (main.py:on_group_message:40) | GroupMessageEvent(sub_type=normal, message_id=277523356, message=[At(qq="1843794003"), Text(text=" MinecraftServerRunner更新了")], sender=GroupSender({"user_id":"2585690555", "nickname":"__Infinitive__", "card":"", "role":"admin"}), group_id=1061413302)
[2025-11-27 16:42:35,911.911] ERROR    [MainThread|MainProcess] API (logger.py:error:134) | NapCatAPIError: 消息体无法解析, 请检查是否发送了不支持的消息类型
[2025-11-27 16:42:35,924.924] ERROR    [MainThread|MainProcess] API (logger.py:error:134) | NapCatAPIError: 消息体无法解析, 请检查是否发送了不支持的消息类型
[2025-11-27 16:42:35,930.930] ERROR    [MainThread|MainProcess] API (logger.py:error:134) | NapCatAPIError: 消息体无法解析, 请检查是否发送了不支持的消息类型
[2025-11-27 16:42:35,933.933] ERROR    [MainThread|MainProcess] API (logger.py:error:134) | NapCatAPIError: 消息体无法解析, 请检查是否发送了不支持的消息类型
[2025-11-27 16:42:35,937.937] ERROR    [MainThread|MainProcess] API (logger.py:error:134) | NapCatAPIError: 消息体无法解析, 请检查是否发送了不支持的消息类型
[2025-11-27 16:42:35,943.943] ERROR    [MainThread|MainProcess] API (logger.py:error:134) | NapCatAPIError: 消息体无法解析, 请检查是否发送了不支持的消息类型
[2025-11-27 16:42:35,949.949] ERROR    [MainThread|MainProcess] API (logger.py:error:134) | NapCatAPIError: 消息体无法解析, 请检查是否发送了不支持的消息类型
[2025-11-27 16:42:35,975.975] ERROR    [MainThread|MainProcess] API (logger.py:error:134) | NapCatAPIError: 消息体无法解析, 请检查是否发送了不支持的消息类型
[2025-11-27 16:42:35,983.983] ERROR    [MainThread|MainProcess] API (logger.py:error:134) | NapCatAPIError: 消息体无法解析, 请检查是否发送了不支持的消息类型
[2025-11-27 16:42:35,987.987] ERROR    [MainThread|MainProcess] API (logger.py:error:134) | NapCatAPIError: 消息体无法解析, 请检查是否发送了不支持的消息类型
[2025-11-27 16:42:39,509.509] INFO     [MainThread|MainProcess] root (main.py:on_group_message:40) | GroupMessageEvent(sub_type=normal, message_id=2137601672, message=[Text(text="☠️☠️☠️")], sender=GroupSender({"user_id":"2585690555", "nickname":"__Infinitive__", "card":"", "role":"admin"}), group_id=1061413302)
[2025-11-27 16:42:39,517.517] ERROR    [MainThread|MainProcess] API (logger.py:error:134) | NapCatAPIError: 消息体无法解析, 请检查是否发送了不支持的消息类型
[2025-11-27 16:42:39,528.528] ERROR    [MainThread|MainProcess] API (logger.py:error:134) | NapCatAPIError: 消息体无法解析, 请检查是否发送了不支持的消息类型
[2025-11-27 16:42:39,530.530] ERROR    [MainThread|MainProcess] API (logger.py:error:134) | NapCatAPIError: 消息体无法解析, 请检查是否发送了不支持的消息类型
[2025-11-27 16:42:39,534.534] ERROR    [MainThread|MainProcess] API (logger.py:error:134) | NapCatAPIError: 消息体无法解析, 请检查是否发送了不支持的消息类型
[2025-11-27 16:42:39,536.536] ERROR    [MainThread|MainProcess] API (logger.py:error:134) | NapCatAPIError: 消息体无法解析, 请检查是否发送了不支持的消息类型
[2025-11-27 16:42:39,538.538] ERROR    [MainThread|MainProcess] API (logger.py:error:134) | NapCatAPIError: 消息体无法解析, 请检查是否发送了不支持的消息类型
[2025-11-27 16:42:39,541.541] ERROR    [MainThread|MainProcess] API (logger.py:error:134) | NapCatAPIError: 消息体无法解析, 请检查是否发送了不支持的消息类型
[2025-11-27 16:42:39,543.543] ERROR    [MainThread|MainProcess] API (logger.py:error:134) | NapCatAPIError: 消息体无法解析, 请检查是否发送了不支持的消息类型
[2025-11-27 16:42:39,546.546] ERROR    [MainThread|MainProcess] API (logger.py:error:134) | NapCatAPIError: 消息体无法解析, 请检查是否发送了不支持的消息类型
[2025-11-27 16:42:39,548.548] ERROR    [MainThread|MainProcess] API (logger.py:error:134) | NapCatAPIError: 消息体无法解析, 请检查是否发送了不支持的消息类型
[2025-11-27 16:45:23,268.268] INFO     [MainThread|MainProcess] root (main.py:on_group_message:40) | GroupMessageEvent(sub_type=normal, message_id=2020941749, message=[Text(text="我不小心又把配置文件传上去了")], sender=GroupSender({"user_id":"2585690555", "nickname":"__Infinitive__", "card":"", "role":"admin"}), group_id=1061413302)
[2025-11-27 16:45:23,274.274] ERROR    [MainThread|MainProcess] API (logger.py:error:134) | NapCatAPIError: 消息体无法解析, 请检查是否发送了不支持的消息类型
[2025-11-27 16:45:23,289.289] ERROR    [MainThread|MainProcess] API (logger.py:error:134) | NapCatAPIError: 消息体无法解析, 请检查是否发送了不支持的消息类型
[2025-11-27 16:45:23,349.349] ERROR    [MainThread|MainProcess] API (logger.py:error:134) | NapCatAPIError: 消息体无法解析, 请检查是否发送了不支持的消息类型
[2025-11-27 16:45:23,442.442] ERROR    [MainThread|MainProcess] API (logger.py:error:134) | NapCatAPIError: 消息体无法解析, 请检查是否发送了不支持的消息类型
[2025-11-27 16:45:23,523.523] ERROR    [MainThread|MainProcess] API (logger.py:error:134) | NapCatAPIError: 消息体无法解析, 请检查是否发送了不支持的消息类型
[2025-11-27 16:45:23,527.527] ERROR    [MainThread|MainProcess] API (logger.py:error:134) | NapCatAPIError: 消息体无法解析, 请检查是否发送了不支持的消息类型
[2025-11-27 16:45:23,530.530] ERROR    [MainThread|MainProcess] API (logger.py:error:134) | NapCatAPIError: 消息体无法解析, 请检查是否发送了不支持的消息类型
[2025-11-27 16:45:23,533.533] ERROR    [MainThread|MainProcess] API (logger.py:error:134) | NapCatAPIError: 消息体无法解析, 请检查是否发送了不支持的消息类型
[2025-11-27 16:45:23,538.538] ERROR    [MainThread|MainProcess] API (logger.py:error:134) | NapCatAPIError: 消息体无法解析, 请检查是否发送了不支持的消息类型
[2025-11-27 16:45:23,542.542] ERROR    [MainThread|MainProcess] API (logger.py:error:134) | NapCatAPIError: 消息体无法解析, 请检查是否发送了不支持的消息类型
[2025-11-27 18:20:57,238.238] INFO     [MainThread|MainProcess] root (main.py:on_group_message:40) | GroupMessageEvent(sub_type=normal, message_id=1572346691, message=[Image(file="E449A444042ABCFA7237323FFF9E4FC6.jpg", url="https://multimedia.nt.qq.com.cn/download?appid=1407&fileid=EhQqH4V8kHu1Y4tDuKxqqbT7CEl4RBikjx4g_wool5WT8o2SkQMyBHByb2RQgL2jAVoQpXfmkZ4RIeIKFWsFxgygSXoCmnaCAQJuag&rkey=CAESMBf_NBveIBm3oWn0xbPcQA_HQCB2YbeZH439SneE8dWG8h4UUrw400NMPKjdOmZ7Ig", file_size="493476", summary="", sub_type=0)], sender=GroupSender({"user_id":"3800907852", "nickname":"深海𝔻𝕖𝕖𝕡𝕊𝕖𝕒", "card":"", "role":"member"}), group_id=1061413302)
[2025-11-27 18:20:57,244.244] ERROR    [MainThread|MainProcess] API (logger.py:error:134) | NapCatAPIError: 消息体无法解析, 请检查是否发送了不支持的消息类型
[2025-11-27 18:20:57,248.248] ERROR    [MainThread|MainProcess] API (logger.py:error:134) | NapCatAPIError: 消息体无法解析, 请检查是否发送了不支持的消息类型
[2025-11-27 18:20:57,253.253] ERROR    [MainThread|MainProcess] API (logger.py:error:134) | NapCatAPIError: 消息体无法解析, 请检查是否发送了不支持的消息类型
[2025-11-27 18:20:57,257.257] ERROR    [MainThread|MainProcess] API (logger.py:error:134) | NapCatAPIError: 消息体无法解析, 请检查是否发送了不支持的消息类型
[2025-11-27 18:20:57,261.261] ERROR    [MainThread|MainProcess] API (logger.py:error:134) | NapCatAPIError: 消息体无法解析, 请检查是否发送了不支持的消息类型
[2025-11-27 18:20:57,263.263] ERROR    [MainThread|MainProcess] API (logger.py:error:134) | NapCatAPIError: 消息体无法解析, 请检查是否发送了不支持的消息类型
[2025-11-27 18:20:57,266.266] ERROR    [MainThread|MainProcess] API (logger.py:error:134) | NapCatAPIError: 消息体无法解析, 请检查是否发送了不支持的消息类型
[2025-11-27 18:20:57,272.272] ERROR    [MainThread|MainProcess] API (logger.py:error:134) | NapCatAPIError: 消息体无法解析, 请检查是否发送了不支持的消息类型
[2025-11-27 18:20:57,282.282] ERROR    [MainThread|MainProcess] API (logger.py:error:134) | NapCatAPIError: 消息体无法解析, 请检查是否发送了不支持的消息类型
[2025-11-27 18:20:57,284.284] ERROR    [MainThread|MainProcess] API (logger.py:error:134) | NapCatAPIError: 消息体无法解析, 请检查是否发送了不支持的消息类型
[2025-11-27 18:22:44,851.851] INFO     [MainThread|MainProcess] root (main.py:on_group_message:40) | GroupMessageEvent(sub_type=normal, message_id=1422143086, message=[At(qq="3800907852"), Text(text=" 快给我点star")], sender=GroupSender({"user_id":"2585690555", "nickname":"__Infinitive__", "card":"", "role":"admin"}), group_id=1061413302)
[2025-11-27 18:22:44,856.856] ERROR    [MainThread|MainProcess] API (logger.py:error:134) | NapCatAPIError: 消息体无法解析, 请检查是否发送了不支持的消息类型
[2025-11-27 18:22:44,871.871] ERROR    [MainThread|MainProcess] API (logger.py:error:134) | NapCatAPIError: 消息体无法解析, 请检查是否发送了不支持的消息类型
[2025-11-27 18:22:44,873.873] ERROR    [MainThread|MainProcess] API (logger.py:error:134) | NapCatAPIError: 消息体无法解析, 请检查是否发送了不支持的消息类型
[2025-11-27 18:22:44,876.876] ERROR    [MainThread|MainProcess] API (logger.py:error:134) | NapCatAPIError: 消息体无法解析, 请检查是否发送了不支持的消息类型
[2025-11-27 18:22:44,879.879] ERROR    [MainThread|MainProcess] API (logger.py:error:134) | NapCatAPIError: 消息体无法解析, 请检查是否发送了不支持的消息类型
[2025-11-27 18:22:44,881.881] ERROR    [MainThread|MainProcess] API (logger.py:error:134) | NapCatAPIError: 消息体无法解析, 请检查是否发送了不支持的消息类型
[2025-11-27 18:22:44,883.883] ERROR    [MainThread|MainProcess] API (logger.py:error:134) | NapCatAPIError: 消息体无法解析, 请检查是否发送了不支持的消息类型
[2025-11-27 18:22:44,886.886] ERROR    [MainThread|MainProcess] API (logger.py:error:134) | NapCatAPIError: 消息体无法解析, 请检查是否发送了不支持的消息类型
[2025-11-27 18:22:44,888.888] ERROR    [MainThread|MainProcess] API (logger.py:error:134) | NapCatAPIError: 消息体无法解析, 请检查是否发送了不支持的消息类型
[2025-11-27 18:22:44,891.891] ERROR    [MainThread|MainProcess] API (logger.py:error:134) | NapCatAPIError: 消息体无法解析, 请检查是否发送了不支持的消息类型
[2025-11-27 18:23:28,694.694] INFO     [MainThread|MainProcess] root (main.py:on_group_message:40) | GroupMessageEvent(sub_type=normal, message_id=1744500377, message=[At(qq="2585690555"), Text(text=" 号被封了")], sender=GroupSender({"user_id":"3800907852", "nickname":"深海𝔻𝕖𝕖𝕡𝕊𝕖𝕒", "card":"", "role":"member"}), group_id=1061413302)
[2025-11-27 18:23:28,701.701] ERROR    [MainThread|MainProcess] API (logger.py:error:134) | NapCatAPIError: 消息体无法解析, 请检查是否发送了不支持的消息类型
[2025-11-27 18:23:28,729.729] ERROR    [MainThread|MainProcess] API (logger.py:error:134) | NapCatAPIError: 消息体无法解析, 请检查是否发送了不支持的消息类型
[2025-11-27 18:23:28,760.760] ERROR    [MainThread|MainProcess] API (logger.py:error:134) | NapCatAPIError: 消息体无法解析, 请检查是否发送了不支持的消息类型
[2025-11-27 18:23:28,837.837] ERROR    [MainThread|MainProcess] API (logger.py:error:134) | NapCatAPIError: 消息体无法解析, 请检查是否发送了不支持的消息类型
[2025-11-27 18:23:28,910.910] ERROR    [MainThread|MainProcess] API (logger.py:error:134) | NapCatAPIError: 消息体无法解析, 请检查是否发送了不支持的消息类型
[2025-11-27 18:23:28,924.924] ERROR    [MainThread|MainProcess] API (logger.py:error:134) | NapCatAPIError: 消息体无法解析, 请检查是否发送了不支持的消息类型
[2025-11-27 18:23:28,936.936] ERROR    [MainThread|MainProcess] API (logger.py:error:134) | NapCatAPIError: 消息体无法解析, 请检查是否发送了不支持的消息类型
[2025-11-27 18:23:28,940.940] ERROR    [MainThread|MainProcess] API (logger.py:error:134) | NapCatAPIError: 消息体无法解析, 请检查是否发送了不支持的消息类型
[2025-11-27 18:23:28,947.947] ERROR    [MainThread|MainProcess] API (logger.py:error:134) | NapCatAPIError: 消息体无法解析, 请检查是否发送了不支持的消息类型
[2025-11-27 18:23:28,970.970] ERROR    [MainThread|MainProcess] API (logger.py:error:134) | NapCatAPIError: 消息体无法解析, 请检查是否发送了不支持的消息类型
[2025-11-27 18:23:57,989.989] INFO     [MainThread|MainProcess] root (main.py:on_group_message:40) | GroupMessageEvent(sub_type=normal, message_id=171053165, message=[Text(text="666，github号被封是什么意思，看不懂")], sender=GroupSender({"user_id":"2585690555", "nickname":"__Infinitive__", "card":"", "role":"admin"}), group_id=1061413302)
[2025-11-27 18:23:58,002.002] ERROR    [MainThread|MainProcess] API (logger.py:error:134) | NapCatAPIError: 消息体无法解析, 请检查是否发送了不支持的消息类型
[2025-11-27 18:23:58,021.021] ERROR    [MainThread|MainProcess] API (logger.py:error:134) | NapCatAPIError: 消息体无法解析, 请检查是否发送了不支持的消息类型
[2025-11-27 18:23:58,029.029] ERROR    [MainThread|MainProcess] API (logger.py:error:134) | NapCatAPIError: 消息体无法解析, 请检查是否发送了不支持的消息类型
[2025-11-27 18:23:58,076.076] ERROR    [MainThread|MainProcess] API (logger.py:error:134) | NapCatAPIError: 消息体无法解析, 请检查是否发送了不支持的消息类型
[2025-11-27 18:23:58,134.134] ERROR    [MainThread|MainProcess] API (logger.py:error:134) | NapCatAPIError: 消息体无法解析, 请检查是否发送了不支持的消息类型
[2025-11-27 18:23:58,172.172] ERROR    [MainThread|MainProcess] API (logger.py:error:134) | NapCatAPIError: 消息体无法解析, 请检查是否发送了不支持的消息类型
[2025-11-27 18:23:58,175.175] ERROR    [MainThread|MainProcess] API (logger.py:error:134) | NapCatAPIError: 消息体无法解析, 请检查是否发送了不支持的消息类型
[2025-11-27 18:23:58,177.177] ERROR    [MainThread|MainProcess] API (logger.py:error:134) | NapCatAPIError: 消息体无法解析, 请检查是否发送了不支持的消息类型
[2025-11-27 18:23:58,180.180] ERROR    [MainThread|MainProcess] API (logger.py:error:134) | NapCatAPIError: 消息体无法解析, 请检查是否发送了不支持的消息类型
[2025-11-27 18:23:58,185.185] ERROR    [MainThread|MainProcess] API (logger.py:error:134) | NapCatAPIError: 消息体无法解析, 请检查是否发送了不支持的消息类型
[2025-11-27 18:24:06,505.505] INFO     [MainThread|MainProcess] root (main.py:on_group_message:40) | GroupMessageEvent(sub_type=normal, message_id=855896457, message=[Text(text="66")], sender=GroupSender({"user_id":"932211959", "nickname":"雪降り ~雪が降っている~", "card":"", "role":"member"}), group_id=1061413302)
[2025-11-27 18:24:07,099.099] ERROR    [MainThread|MainProcess] API (logger.py:error:134) | NapCatAPIError: 消息体无法解析, 请检查是否发送了不支持的消息类型
[2025-11-27 18:24:07,103.103] ERROR    [MainThread|MainProcess] API (logger.py:error:134) | NapCatAPIError: 消息体无法解析, 请检查是否发送了不支持的消息类型
[2025-11-27 18:24:07,147.147] ERROR    [MainThread|MainProcess] API (logger.py:error:134) | NapCatAPIError: 消息体无法解析, 请检查是否发送了不支持的消息类型
[2025-11-27 18:24:07,154.154] ERROR    [MainThread|MainProcess] API (logger.py:error:134) | NapCatAPIError: 消息体无法解析, 请检查是否发送了不支持的消息类型
[2025-11-27 18:24:07,180.180] ERROR    [MainThread|MainProcess] API (logger.py:error:134) | NapCatAPIError: 消息体无法解析, 请检查是否发送了不支持的消息类型
[2025-11-27 18:24:07,188.188] ERROR    [MainThread|MainProcess] API (logger.py:error:134) | NapCatAPIError: 消息体无法解析, 请检查是否发送了不支持的消息类型
[2025-11-27 18:24:07,191.191] ERROR    [MainThread|MainProcess] API (logger.py:error:134) | NapCatAPIError: 消息体无法解析, 请检查是否发送了不支持的消息类型
[2025-11-27 18:24:07,195.195] ERROR    [MainThread|MainProcess] API (logger.py:error:134) | NapCatAPIError: 消息体无法解析, 请检查是否发送了不支持的消息类型
[2025-11-27 18:24:07,197.197] ERROR    [MainThread|MainProcess] API (logger.py:error:134) | NapCatAPIError: 消息体无法解析, 请检查是否发送了不支持的消息类型
[2025-11-27 18:24:09,118.118] INFO     [MainThread|MainProcess] root (main.py:on_notice:73) | NoticeEvent(group_id=1061413302, user_id=932211959, message_id=855896457, notice_type=group_recall, operator_id=932211959)
[2025-11-27 18:24:09,118.118] ERROR    [MainThread|MainProcess] asyncio (base_events.py:default_exception_handler:1758) | Task exception was never retrieved
future: <Task finished name='Task-2862' coro=<on_notice() done, defined at d:\1code\qqbot\main.py:70> exception=KeyError('Invalid key: sub_type.')>
Traceback (most recent call last):
  File "d:\1code\qqbot\main.py", line 83, in on_notice
    if notice["sub_type"] == "poke" and str(notice["target_id"]) == BOT_QQ:
  File "D:\1code\python3.10\lib\site-packages\ncatbot\core\event\event_data.py", line 22, in __getitem__
    raise KeyError(f"Invalid key: {key}.")
KeyError: 'Invalid key: sub_type.'
[2025-11-27 18:24:12,140.140] INFO     [MainThread|MainProcess] root (main.py:on_group_message:40) | GroupMessageEvent(sub_type=normal, message_id=865393286, message=[Text(text="666，github号被封是什么意思，看不懂")], sender=GroupSender({"user_id":"932211959", "nickname":"雪降り ~雪が降っている~", "card":"", "role":"member"}), group_id=1061413302)
[2025-11-27 18:24:12,143.143] ERROR    [MainThread|MainProcess] API (logger.py:error:134) | NapCatAPIError: 消息体无法解析, 请检查是否发送了不支持的消息类型
[2025-11-27 18:24:12,160.160] ERROR    [MainThread|MainProcess] API (logger.py:error:134) | NapCatAPIError: 消息体无法解析, 请检查是否发送了不支持的消息类型
[2025-11-27 18:24:12,227.227] ERROR    [MainThread|MainProcess] API (logger.py:error:134) | NapCatAPIError: 消息体无法解析, 请检查是否发送了不支持的消息类型
[2025-11-27 18:24:12,238.238] ERROR    [MainThread|MainProcess] API (logger.py:error:134) | NapCatAPIError: 消息体无法解析, 请检查是否发送了不支持的消息类型
[2025-11-27 18:24:12,241.241] ERROR    [MainThread|MainProcess] API (logger.py:error:134) | NapCatAPIError: 消息体无法解析, 请检查是否发送了不支持的消息类型
[2025-11-27 18:24:12,244.244] ERROR    [MainThread|MainProcess] API (logger.py:error:134) | NapCatAPIError: 消息体无法解析, 请检查是否发送了不支持的消息类型
[2025-11-27 18:24:12,248.248] ERROR    [MainThread|MainProcess] API (logger.py:error:134) | NapCatAPIError: 消息体无法解析, 请检查是否发送了不支持的消息类型
[2025-11-27 18:24:12,251.251] ERROR    [MainThread|MainProcess] API (logger.py:error:134) | NapCatAPIError: 消息体无法解析, 请检查是否发送了不支持的消息类型
[2025-11-27 18:24:12,253.253] ERROR    [MainThread|MainProcess] API (logger.py:error:134) | NapCatAPIError: 消息体无法解析, 请检查是否发送了不支持的消息类型
[2025-11-27 18:24:12,256.256] ERROR    [MainThread|MainProcess] API (logger.py:error:134) | NapCatAPIError: 消息体无法解析, 请检查是否发送了不支持的消息类型
[2025-11-27 18:24:39,193.193] INFO     [MainThread|MainProcess] root (main.py:on_group_message:40) | GroupMessageEvent(sub_type=normal, message_id=110591784, message=[Text(text="旧号被标记")], sender=GroupSender({"user_id":"3800907852", "nickname":"深海𝔻𝕖𝕖𝕡𝕊𝕖𝕒", "card":"", "role":"member"}), group_id=1061413302)
[2025-11-27 18:24:39,214.214] ERROR    [MainThread|MainProcess] API (logger.py:error:134) | NapCatAPIError: 消息体无法解析, 请检查是否发送了不支持的消息类型
[2025-11-27 18:24:39,239.239] ERROR    [MainThread|MainProcess] API (logger.py:error:134) | NapCatAPIError: 消息体无法解析, 请检查是否发送了不支持的消息类型
[2025-11-27 18:24:39,260.260] ERROR    [MainThread|MainProcess] API (logger.py:error:134) | NapCatAPIError: 消息体无法解析, 请检查是否发送了不支持的消息类型
[2025-11-27 18:24:39,266.266] ERROR    [MainThread|MainProcess] API (logger.py:error:134) | NapCatAPIError: 消息体无法解析, 请检查是否发送了不支持的消息类型
[2025-11-27 18:24:39,269.269] ERROR    [MainThread|MainProcess] API (logger.py:error:134) | NapCatAPIError: 消息体无法解析, 请检查是否发送了不支持的消息类型
[2025-11-27 18:24:39,279.279] ERROR    [MainThread|MainProcess] API (logger.py:error:134) | NapCatAPIError: 消息体无法解析, 请检查是否发送了不支持的消息类型
[2025-11-27 18:24:39,282.282] ERROR    [MainThread|MainProcess] API (logger.py:error:134) | NapCatAPIError: 消息体无法解析, 请检查是否发送了不支持的消息类型
[2025-11-27 18:24:39,301.301] ERROR    [MainThread|MainProcess] API (logger.py:error:134) | NapCatAPIError: 消息体无法解析, 请检查是否发送了不支持的消息类型
[2025-11-27 18:24:39,309.309] ERROR    [MainThread|MainProcess] API (logger.py:error:134) | NapCatAPIError: 消息体无法解析, 请检查是否发送了不支持的消息类型
[2025-11-27 18:24:39,312.312] ERROR    [MainThread|MainProcess] API (logger.py:error:134) | NapCatAPIError: 消息体无法解析, 请检查是否发送了不支持的消息类型
[2025-11-27 18:24:44,471.471] INFO     [MainThread|MainProcess] root (main.py:on_group_message:40) | GroupMessageEvent(sub_type=normal, message_id=2080487892, message=[Text(text="无法oauth")], sender=GroupSender({"user_id":"3800907852", "nickname":"深海𝔻𝕖𝕖𝕡𝕊𝕖𝕒", "card":"", "role":"member"}), group_id=1061413302)
[2025-11-27 18:24:44,477.477] ERROR    [MainThread|MainProcess] API (logger.py:error:134) | NapCatAPIError: 消息体无法解析, 请检查是否发送了不支持的消息类型
[2025-11-27 18:24:44,492.492] ERROR    [MainThread|MainProcess] API (logger.py:error:134) | NapCatAPIError: 消息体无法解析, 请检查是否发送了不支持的消息类型
[2025-11-27 18:24:44,497.497] ERROR    [MainThread|MainProcess] API (logger.py:error:134) | NapCatAPIError: 消息体无法解析, 请检查是否发送了不支持的消息类型
[2025-11-27 18:24:44,507.507] ERROR    [MainThread|MainProcess] API (logger.py:error:134) | NapCatAPIError: 消息体无法解析, 请检查是否发送了不支持的消息类型
[2025-11-27 18:24:44,513.513] ERROR    [MainThread|MainProcess] API (logger.py:error:134) | NapCatAPIError: 消息体无法解析, 请检查是否发送了不支持的消息类型
[2025-11-27 18:24:44,536.536] ERROR    [MainThread|MainProcess] API (logger.py:error:134) | NapCatAPIError: 消息体无法解析, 请检查是否发送了不支持的消息类型
[2025-11-27 18:24:44,540.540] ERROR    [MainThread|MainProcess] API (logger.py:error:134) | NapCatAPIError: 消息体无法解析, 请检查是否发送了不支持的消息类型
[2025-11-27 18:24:44,542.542] ERROR    [MainThread|MainProcess] API (logger.py:error:134) | NapCatAPIError: 消息体无法解析, 请检查是否发送了不支持的消息类型
[2025-11-27 18:24:44,545.545] ERROR    [MainThread|MainProcess] API (logger.py:error:134) | NapCatAPIError: 消息体无法解析, 请检查是否发送了不支持的消息类型
[2025-11-27 18:24:44,547.547] ERROR    [MainThread|MainProcess] API (logger.py:error:134) | NapCatAPIError: 消息体无法解析, 请检查是否发送了不支持的消息类型
[2025-11-27 18:24:58,451.451] INFO     [MainThread|MainProcess] root (main.py:on_group_message:40) | GroupMessageEvent(sub_type=normal, message_id=825855460, message=[Text(text="你干什么了")], sender=GroupSender({"user_id":"2585690555", "nickname":"__Infinitive__", "card":"", "role":"admin"}), group_id=1061413302)
[2025-11-27 18:24:58,464.464] ERROR    [MainThread|MainProcess] API (logger.py:error:134) | NapCatAPIError: 消息体无法解析, 请检查是否发送了不支持的消息类型
[2025-11-27 18:24:58,477.477] ERROR    [MainThread|MainProcess] API (logger.py:error:134) | NapCatAPIError: 消息体无法解析, 请检查是否发送了不支持的消息类型
[2025-11-27 18:24:58,483.483] ERROR    [MainThread|MainProcess] API (logger.py:error:134) | NapCatAPIError: 消息体无法解析, 请检查是否发送了不支持的消息类型
[2025-11-27 18:24:58,491.491] ERROR    [MainThread|MainProcess] API (logger.py:error:134) | NapCatAPIError: 消息体无法解析, 请检查是否发送了不支持的消息类型
[2025-11-27 18:24:58,503.503] ERROR    [MainThread|MainProcess] API (logger.py:error:134) | NapCatAPIError: 消息体无法解析, 请检查是否发送了不支持的消息类型
[2025-11-27 18:24:58,516.516] ERROR    [MainThread|MainProcess] API (logger.py:error:134) | NapCatAPIError: 消息体无法解析, 请检查是否发送了不支持的消息类型
[2025-11-27 18:24:58,521.521] ERROR    [MainThread|MainProcess] API (logger.py:error:134) | NapCatAPIError: 消息体无法解析, 请检查是否发送了不支持的消息类型
[2025-11-27 18:24:58,524.524] ERROR    [MainThread|MainProcess] API (logger.py:error:134) | NapCatAPIError: 消息体无法解析, 请检查是否发送了不支持的消息类型
[2025-11-27 18:24:58,526.526] ERROR    [MainThread|MainProcess] API (logger.py:error:134) | NapCatAPIError: 消息体无法解析, 请检查是否发送了不支持的消息类型
[2025-11-27 18:24:58,530.530] ERROR    [MainThread|MainProcess] API (logger.py:error:134) | NapCatAPIError: 消息体无法解析, 请检查是否发送了不支持的消息类型
[2025-11-27 18:25:07,639.639] INFO     [MainThread|MainProcess] root (main.py:on_group_message:40) | GroupMessageEvent(sub_type=normal, message_id=1833917096, message=[Text(text="知道")], sender=GroupSender({"user_id":"3800907852", "nickname":"深海𝔻𝕖𝕖𝕡𝕊𝕖𝕒", "card":"", "role":"member"}), group_id=1061413302)
[2025-11-27 18:25:07,646.646] ERROR    [MainThread|MainProcess] API (logger.py:error:134) | NapCatAPIError: 消息体无法解析, 请检查是否发送了不支持的消息类型
[2025-11-27 18:25:07,658.658] ERROR    [MainThread|MainProcess] API (logger.py:error:134) | NapCatAPIError: 消息体无法解析, 请检查是否发送了不支持的消息类型
[2025-11-27 18:25:07,661.661] ERROR    [MainThread|MainProcess] API (logger.py:error:134) | NapCatAPIError: 消息体无法解析, 请检查是否发送了不支持的消息类型
[2025-11-27 18:25:07,667.667] ERROR    [MainThread|MainProcess] API (logger.py:error:134) | NapCatAPIError: 消息体无法解析, 请检查是否发送了不支持的消息类型
[2025-11-27 18:25:07,671.671] ERROR    [MainThread|MainProcess] API (logger.py:error:134) | NapCatAPIError: 消息体无法解析, 请检查是否发送了不支持的消息类型
[2025-11-27 18:25:07,675.675] ERROR    [MainThread|MainProcess] API (logger.py:error:134) | NapCatAPIError: 消息体无法解析, 请检查是否发送了不支持的消息类型
[2025-11-27 18:25:07,694.694] ERROR    [MainThread|MainProcess] API (logger.py:error:134) | NapCatAPIError: 消息体无法解析, 请检查是否发送了不支持的消息类型
[2025-11-27 18:25:07,702.702] ERROR    [MainThread|MainProcess] API (logger.py:error:134) | NapCatAPIError: 消息体无法解析, 请检查是否发送了不支持的消息类型
[2025-11-27 18:25:07,705.705] ERROR    [MainThread|MainProcess] API (logger.py:error:134) | NapCatAPIError: 消息体无法解析, 请检查是否发送了不支持的消息类型
[2025-11-27 18:25:07,708.708] ERROR    [MainThread|MainProcess] API (logger.py:error:134) | NapCatAPIError: 消息体无法解析, 请检查是否发送了不支持的消息类型
[2025-11-27 18:25:09,082.082] INFO     [MainThread|MainProcess] root (main.py:on_notice:73) | NoticeEvent(group_id=1061413302, user_id=3800907852, message_id=1833917096, notice_type=group_recall, operator_id=3800907852)
[2025-11-27 18:25:09,083.083] ERROR    [MainThread|MainProcess] asyncio (base_events.py:default_exception_handler:1758) | Task exception was never retrieved
future: <Task finished name='Task-2888' coro=<on_notice() done, defined at d:\1code\qqbot\main.py:70> exception=KeyError('Invalid key: sub_type.')>
Traceback (most recent call last):
  File "d:\1code\qqbot\main.py", line 83, in on_notice
    if notice["sub_type"] == "poke" and str(notice["target_id"]) == BOT_QQ:
  File "D:\1code\python3.10\lib\site-packages\ncatbot\core\event\event_data.py", line 22, in __getitem__
    raise KeyError(f"Invalid key: {key}.")
KeyError: 'Invalid key: sub_type.'
[2025-11-27 18:25:13,606.606] INFO     [MainThread|MainProcess] root (main.py:on_group_message:40) | GroupMessageEvent(sub_type=normal, message_id=1356398059, message=[Text(text="不知道")], sender=GroupSender({"user_id":"3800907852", "nickname":"深海𝔻𝕖𝕖𝕡𝕊𝕖𝕒", "card":"", "role":"member"}), group_id=1061413302)
[2025-11-27 18:25:13,624.624] ERROR    [MainThread|MainProcess] API (logger.py:error:134) | NapCatAPIError: 消息体无法解析, 请检查是否发送了不支持的消息类型
[2025-11-27 18:25:13,643.643] ERROR    [MainThread|MainProcess] API (logger.py:error:134) | NapCatAPIError: 消息体无法解析, 请检查是否发送了不支持的消息类型
[2025-11-27 18:25:13,666.666] ERROR    [MainThread|MainProcess] API (logger.py:error:134) | NapCatAPIError: 消息体无法解析, 请检查是否发送了不支持的消息类型
[2025-11-27 18:25:13,676.676] ERROR    [MainThread|MainProcess] API (logger.py:error:134) | NapCatAPIError: 消息体无法解析, 请检查是否发送了不支持的消息类型
[2025-11-27 18:25:13,680.680] ERROR    [MainThread|MainProcess] API (logger.py:error:134) | NapCatAPIError: 消息体无法解析, 请检查是否发送了不支持的消息类型
[2025-11-27 18:25:13,687.687] ERROR    [MainThread|MainProcess] API (logger.py:error:134) | NapCatAPIError: 消息体无法解析, 请检查是否发送了不支持的消息类型
[2025-11-27 18:25:13,692.692] ERROR    [MainThread|MainProcess] API (logger.py:error:134) | NapCatAPIError: 消息体无法解析, 请检查是否发送了不支持的消息类型
[2025-11-27 18:25:13,715.715] ERROR    [MainThread|MainProcess] API (logger.py:error:134) | NapCatAPIError: 消息体无法解析, 请检查是否发送了不支持的消息类型
[2025-11-27 18:25:13,717.717] ERROR    [MainThread|MainProcess] API (logger.py:error:134) | NapCatAPIError: 消息体无法解析, 请检查是否发送了不支持的消息类型
[2025-11-27 18:25:13,721.721] ERROR    [MainThread|MainProcess] API (logger.py:error:134) | NapCatAPIError: 消息体无法解析, 请检查是否发送了不支持的消息类型
[2025-11-27 18:25:55,350.350] INFO     [MainThread|MainProcess] root (main.py:on_group_message:40) | GroupMessageEvent(sub_type=normal, message_id=1368552126, message=[At(qq="932211959"), Text(text=" 你快给我点。")], sender=GroupSender({"user_id":"2585690555", "nickname":"__Infinitive__", "card":"", "role":"admin"}), group_id=1061413302)
[2025-11-27 18:25:55,367.367] ERROR    [MainThread|MainProcess] API (logger.py:error:134) | NapCatAPIError: 消息体无法解析, 请检查是否发送了不支持的消息类型
[2025-11-27 18:25:55,378.378] ERROR    [MainThread|MainProcess] API (logger.py:error:134) | NapCatAPIError: 消息体无法解析, 请检查是否发送了不支持的消息类型
[2025-11-27 18:25:55,383.383] ERROR    [MainThread|MainProcess] API (logger.py:error:134) | NapCatAPIError: 消息体无法解析, 请检查是否发送了不支持的消息类型
[2025-11-27 18:25:55,393.393] ERROR    [MainThread|MainProcess] API (logger.py:error:134) | NapCatAPIError: 消息体无法解析, 请检查是否发送了不支持的消息类型
[2025-11-27 18:25:55,458.458] ERROR    [MainThread|MainProcess] API (logger.py:error:134) | NapCatAPIError: 消息体无法解析, 请检查是否发送了不支持的消息类型
[2025-11-27 18:25:55,496.496] ERROR    [MainThread|MainProcess] API (logger.py:error:134) | NapCatAPIError: 消息体无法解析, 请检查是否发送了不支持的消息类型
[2025-11-27 18:25:55,499.499] ERROR    [MainThread|MainProcess] API (logger.py:error:134) | NapCatAPIError: 消息体无法解析, 请检查是否发送了不支持的消息类型
[2025-11-27 18:25:55,504.504] ERROR    [MainThread|MainProcess] API (logger.py:error:134) | NapCatAPIError: 消息体无法解析, 请检查是否发送了不支持的消息类型
[2025-11-27 18:25:55,508.508] ERROR    [MainThread|MainProcess] API (logger.py:error:134) | NapCatAPIError: 消息体无法解析, 请检查是否发送了不支持的消息类型
[2025-11-27 18:25:55,510.510] ERROR    [MainThread|MainProcess] API (logger.py:error:134) | NapCatAPIError: 消息体无法解析, 请检查是否发送了不支持的消息类型
[2025-11-27 18:26:09,943.943] INFO     [MainThread|MainProcess] root (main.py:on_group_message:40) | GroupMessageEvent(sub_type=normal, message_id=1791303728, message=[Text(text="link plz")], sender=GroupSender({"user_id":"932211959", "nickname":"雪降り ~雪が降っている~", "card":"", "role":"member"}), group_id=1061413302)
[2025-11-27 18:26:09,949.949] ERROR    [MainThread|MainProcess] API (logger.py:error:134) | NapCatAPIError: 消息体无法解析, 请检查是否发送了不支持的消息类型
[2025-11-27 18:26:09,977.977] ERROR    [MainThread|MainProcess] API (logger.py:error:134) | NapCatAPIError: 消息体无法解析, 请检查是否发送了不支持的消息类型
[2025-11-27 18:26:09,981.981] ERROR    [MainThread|MainProcess] API (logger.py:error:134) | NapCatAPIError: 消息体无法解析, 请检查是否发送了不支持的消息类型
[2025-11-27 18:26:09,988.988] ERROR    [MainThread|MainProcess] API (logger.py:error:134) | NapCatAPIError: 消息体无法解析, 请检查是否发送了不支持的消息类型
[2025-11-27 18:26:10,020.020] ERROR    [MainThread|MainProcess] API (logger.py:error:134) | NapCatAPIError: 消息体无法解析, 请检查是否发送了不支持的消息类型
[2025-11-27 18:26:10,031.031] ERROR    [MainThread|MainProcess] API (logger.py:error:134) | NapCatAPIError: 消息体无法解析, 请检查是否发送了不支持的消息类型
[2025-11-27 18:26:10,037.037] ERROR    [MainThread|MainProcess] API (logger.py:error:134) | NapCatAPIError: 消息体无法解析, 请检查是否发送了不支持的消息类型
[2025-11-27 18:26:10,040.040] ERROR    [MainThread|MainProcess] API (logger.py:error:134) | NapCatAPIError: 消息体无法解析, 请检查是否发送了不支持的消息类型
[2025-11-27 18:26:10,043.043] ERROR    [MainThread|MainProcess] API (logger.py:error:134) | NapCatAPIError: 消息体无法解析, 请检查是否发送了不支持的消息类型
[2025-11-27 18:26:10,046.046] ERROR    [MainThread|MainProcess] API (logger.py:error:134) | NapCatAPIError: 消息体无法解析, 请检查是否发送了不支持的消息类型
[2025-11-27 18:26:22,293.293] INFO     [MainThread|MainProcess] root (main.py:on_group_message:40) | GroupMessageEvent(sub_type=normal, message_id=645988262, message=[Reply(id="1413948962"), Text(text="1")], sender=GroupSender({"user_id":"2585690555", "nickname":"__Infinitive__", "card":"", "role":"admin"}), group_id=1061413302)
[2025-11-27 18:26:22,303.303] ERROR    [MainThread|MainProcess] API (logger.py:error:134) | NapCatAPIError: 消息体无法解析, 请检查是否发送了不支持的消息类型
[2025-11-27 18:26:22,313.313] ERROR    [MainThread|MainProcess] API (logger.py:error:134) | NapCatAPIError: 消息体无法解析, 请检查是否发送了不支持的消息类型
[2025-11-27 18:26:22,315.315] ERROR    [MainThread|MainProcess] API (logger.py:error:134) | NapCatAPIError: 消息体无法解析, 请检查是否发送了不支持的消息类型
[2025-11-27 18:26:22,318.318] ERROR    [MainThread|MainProcess] API (logger.py:error:134) | NapCatAPIError: 消息体无法解析, 请检查是否发送了不支持的消息类型
[2025-11-27 18:26:22,320.320] ERROR    [MainThread|MainProcess] API (logger.py:error:134) | NapCatAPIError: 消息体无法解析, 请检查是否发送了不支持的消息类型
[2025-11-27 18:26:22,322.322] ERROR    [MainThread|MainProcess] API (logger.py:error:134) | NapCatAPIError: 消息体无法解析, 请检查是否发送了不支持的消息类型
[2025-11-27 18:26:22,325.325] ERROR    [MainThread|MainProcess] API (logger.py:error:134) | NapCatAPIError: 消息体无法解析, 请检查是否发送了不支持的消息类型
[2025-11-27 18:26:22,328.328] ERROR    [MainThread|MainProcess] API (logger.py:error:134) | NapCatAPIError: 消息体无法解析, 请检查是否发送了不支持的消息类型
[2025-11-27 18:26:22,331.331] ERROR    [MainThread|MainProcess] API (logger.py:error:134) | NapCatAPIError: 消息体无法解析, 请检查是否发送了不支持的消息类型
[2025-11-27 18:26:22,333.333] ERROR    [MainThread|MainProcess] API (logger.py:error:134) | NapCatAPIError: 消息体无法解析, 请检查是否发送了不支持的消息类型
[2025-11-27 18:27:12,648.648] INFO     [MainThread|MainProcess] root (main.py:on_group_message:40) | GroupMessageEvent(sub_type=normal, message_id=1651943415, message=[Text(text="2")], sender=GroupSender({"user_id":"932211959", "nickname":"雪降り ~雪が降っている~", "card":"", "role":"member"}), group_id=1061413302)
[2025-11-27 18:27:13,187.187] ERROR    [MainThread|MainProcess] API (logger.py:error:134) | NapCatAPIError: 消息体无法解析, 请检查是否发送了不支持的消息类型
[2025-11-27 18:27:13,200.200] ERROR    [MainThread|MainProcess] API (logger.py:error:134) | NapCatAPIError: 消息体无法解析, 请检查是否发送了不支持的消息类型
[2025-11-27 18:27:13,207.207] ERROR    [MainThread|MainProcess] API (logger.py:error:134) | NapCatAPIError: 消息体无法解析, 请检查是否发送了不支持的消息类型
[2025-11-27 18:27:13,209.209] ERROR    [MainThread|MainProcess] API (logger.py:error:134) | NapCatAPIError: 消息体无法解析, 请检查是否发送了不支持的消息类型
[2025-11-27 18:27:13,211.211] ERROR    [MainThread|MainProcess] API (logger.py:error:134) | NapCatAPIError: 消息体无法解析, 请检查是否发送了不支持的消息类型
[2025-11-27 18:27:13,213.213] ERROR    [MainThread|MainProcess] API (logger.py:error:134) | NapCatAPIError: 消息体无法解析, 请检查是否发送了不支持的消息类型
[2025-11-27 18:27:13,216.216] ERROR    [MainThread|MainProcess] API (logger.py:error:134) | NapCatAPIError: 消息体无法解析, 请检查是否发送了不支持的消息类型
[2025-11-27 18:27:13,218.218] ERROR    [MainThread|MainProcess] API (logger.py:error:134) | NapCatAPIError: 消息体无法解析, 请检查是否发送了不支持的消息类型
[2025-11-27 18:27:13,222.222] ERROR    [MainThread|MainProcess] API (logger.py:error:134) | NapCatAPIError: 消息体无法解析, 请检查是否发送了不支持的消息类型
[2025-11-27 18:27:26,714.714] INFO     [MainThread|MainProcess] root (main.py:on_group_message:40) | GroupMessageEvent(sub_type=normal, message_id=295505185, message=[Text(text="999")], sender=GroupSender({"user_id":"2585690555", "nickname":"__Infinitive__", "card":"", "role":"admin"}), group_id=1061413302)
[2025-11-27 18:27:27,438.438] ERROR    [MainThread|MainProcess] API (logger.py:error:134) | NapCatAPIError: 消息体无法解析, 请检查是否发送了不支持的消息类型
[2025-11-27 18:27:27,440.440] ERROR    [MainThread|MainProcess] API (logger.py:error:134) | NapCatAPIError: 消息体无法解析, 请检查是否发送了不支持的消息类型
[2025-11-27 18:27:27,442.442] ERROR    [MainThread|MainProcess] API (logger.py:error:134) | NapCatAPIError: 消息体无法解析, 请检查是否发送了不支持的消息类型
[2025-11-27 18:27:27,444.444] ERROR    [MainThread|MainProcess] API (logger.py:error:134) | NapCatAPIError: 消息体无法解析, 请检查是否发送了不支持的消息类型
[2025-11-27 18:27:27,445.445] ERROR    [MainThread|MainProcess] API (logger.py:error:134) | NapCatAPIError: 消息体无法解析, 请检查是否发送了不支持的消息类型
[2025-11-27 18:27:27,447.447] ERROR    [MainThread|MainProcess] API (logger.py:error:134) | NapCatAPIError: 消息体无法解析, 请检查是否发送了不支持的消息类型
[2025-11-27 18:27:27,449.449] ERROR    [MainThread|MainProcess] API (logger.py:error:134) | NapCatAPIError: 消息体无法解析, 请检查是否发送了不支持的消息类型
[2025-11-27 18:27:27,453.453] ERROR    [MainThread|MainProcess] API (logger.py:error:134) | NapCatAPIError: 消息体无法解析, 请检查是否发送了不支持的消息类型
[2025-11-27 18:27:27,455.455] ERROR    [MainThread|MainProcess] API (logger.py:error:134) | NapCatAPIError: 消息体无法解析, 请检查是否发送了不支持的消息类型
[2025-11-27 18:27:43,990.990] INFO     [MainThread|MainProcess] root (main.py:on_group_message:40) | GroupMessageEvent(sub_type=normal, message_id=1282524967, message=[Reply(id="1572346691"), Text(text="镜像上")], sender=GroupSender({"user_id":"2585690555", "nickname":"__Infinitive__", "card":"", "role":"admin"}), group_id=1061413302)
[2025-11-27 18:27:43,993.993] ERROR    [MainThread|MainProcess] API (logger.py:error:134) | NapCatAPIError: 消息体无法解析, 请检查是否发送了不支持的消息类型
[2025-11-27 18:27:43,998.998] ERROR    [MainThread|MainProcess] API (logger.py:error:134) | NapCatAPIError: 消息体无法解析, 请检查是否发送了不支持的消息类型
[2025-11-27 18:27:44,015.015] ERROR    [MainThread|MainProcess] API (logger.py:error:134) | NapCatAPIError: 消息体无法解析, 请检查是否发送了不支持的消息类型
[2025-11-27 18:27:44,023.023] ERROR    [MainThread|MainProcess] API (logger.py:error:134) | NapCatAPIError: 消息体无法解析, 请检查是否发送了不支持的消息类型
[2025-11-27 18:27:44,026.026] ERROR    [MainThread|MainProcess] API (logger.py:error:134) | NapCatAPIError: 消息体无法解析, 请检查是否发送了不支持的消息类型
[2025-11-27 18:27:44,063.063] ERROR    [MainThread|MainProcess] API (logger.py:error:134) | NapCatAPIError: 消息体无法解析, 请检查是否发送了不支持的消息类型
[2025-11-27 18:27:44,106.106] ERROR    [MainThread|MainProcess] API (logger.py:error:134) | NapCatAPIError: 消息体无法解析, 请检查是否发送了不支持的消息类型
[2025-11-27 18:27:44,108.108] ERROR    [MainThread|MainProcess] API (logger.py:error:134) | NapCatAPIError: 消息体无法解析, 请检查是否发送了不支持的消息类型
[2025-11-27 18:27:44,112.112] ERROR    [MainThread|MainProcess] API (logger.py:error:134) | NapCatAPIError: 消息体无法解析, 请检查是否发送了不支持的消息类型
[2025-11-27 18:27:44,115.115] ERROR    [MainThread|MainProcess] API (logger.py:error:134) | NapCatAPIError: 消息体无法解析, 请检查是否发送了不支持的消息类型
[2025-11-27 18:28:18,411.411] INFO     [MainThread|MainProcess] root (main.py:on_group_message:40) | GroupMessageEvent(sub_type=normal, message_id=1473441082, message=[Reply(id="1572346691"), Text(text="镜像上右")], sender=GroupSender({"user_id":"2585690555", "nickname":"__Infinitive__", "card":"", "role":"admin"}), group_id=1061413302)
[2025-11-27 18:28:18,433.433] ERROR    [MainThread|MainProcess] API (logger.py:error:134) | NapCatAPIError: 消息体无法解析, 请检查是否发送了不支持的消息类型
[2025-11-27 18:28:18,436.436] ERROR    [MainThread|MainProcess] API (logger.py:error:134) | NapCatAPIError: 消息体无法解析, 请检查是否发送了不支持的消息类型
[2025-11-27 18:28:18,439.439] ERROR    [MainThread|MainProcess] API (logger.py:error:134) | NapCatAPIError: 消息体无法解析, 请检查是否发送了不支持的消息类型
[2025-11-27 18:28:18,442.442] ERROR    [MainThread|MainProcess] API (logger.py:error:134) | NapCatAPIError: 消息体无法解析, 请检查是否发送了不支持的消息类型
[2025-11-27 18:28:18,450.450] ERROR    [MainThread|MainProcess] API (logger.py:error:134) | NapCatAPIError: 消息体无法解析, 请检查是否发送了不支持的消息类型
[2025-11-27 18:28:18,457.457] ERROR    [MainThread|MainProcess] API (logger.py:error:134) | NapCatAPIError: 消息体无法解析, 请检查是否发送了不支持的消息类型
[2025-11-27 18:28:18,473.473] ERROR    [MainThread|MainProcess] API (logger.py:error:134) | NapCatAPIError: 消息体无法解析, 请检查是否发送了不支持的消息类型
[2025-11-27 18:28:18,478.478] ERROR    [MainThread|MainProcess] API (logger.py:error:134) | NapCatAPIError: 消息体无法解析, 请检查是否发送了不支持的消息类型
[2025-11-27 18:28:18,483.483] ERROR    [MainThread|MainProcess] API (logger.py:error:134) | NapCatAPIError: 消息体无法解析, 请检查是否发送了不支持的消息类型
[2025-11-27 18:28:18,486.486] ERROR    [MainThread|MainProcess] API (logger.py:error:134) | NapCatAPIError: 消息体无法解析, 请检查是否发送了不支持的消息类型
[2025-11-27 18:28:29,660.660] INFO     [MainThread|MainProcess] root (main.py:on_notice:73) | NoticeEvent(group_id=1061413302, user_id=2585690555, message_id=1473441082, notice_type=group_recall, operator_id=2585690555)
[2025-11-27 18:28:29,660.660] ERROR    [MainThread|MainProcess] asyncio (base_events.py:default_exception_handler:1758) | Task exception was never retrieved
future: <Task finished name='Task-2931' coro=<on_notice() done, defined at d:\1code\qqbot\main.py:70> exception=KeyError('Invalid key: sub_type.')>
Traceback (most recent call last):
  File "d:\1code\qqbot\main.py", line 83, in on_notice
    if notice["sub_type"] == "poke" and str(notice["target_id"]) == BOT_QQ:
  File "D:\1code\python3.10\lib\site-packages\ncatbot\core\event\event_data.py", line 22, in __getitem__
    raise KeyError(f"Invalid key: {key}.")
KeyError: 'Invalid key: sub_type.'
[2025-11-27 18:28:35,141.141] INFO     [MainThread|MainProcess] root (main.py:on_group_message:40) | GroupMessageEvent(sub_type=normal, message_id=231971363, message=[Reply(id="1572346691"), Text(text="镜像右上")], sender=GroupSender({"user_id":"2585690555", "nickname":"__Infinitive__", "card":"", "role":"admin"}), group_id=1061413302)
[2025-11-27 18:28:35,150.150] ERROR    [MainThread|MainProcess] API (logger.py:error:134) | NapCatAPIError: 消息体无法解析, 请检查是否发送了不支持的消息类型
[2025-11-27 18:28:35,155.155] ERROR    [MainThread|MainProcess] API (logger.py:error:134) | NapCatAPIError: 消息体无法解析, 请检查是否发送了不支持的消息类型
[2025-11-27 18:28:35,158.158] ERROR    [MainThread|MainProcess] API (logger.py:error:134) | NapCatAPIError: 消息体无法解析, 请检查是否发送了不支持的消息类型
[2025-11-27 18:28:35,161.161] ERROR    [MainThread|MainProcess] API (logger.py:error:134) | NapCatAPIError: 消息体无法解析, 请检查是否发送了不支持的消息类型
[2025-11-27 18:28:35,164.164] ERROR    [MainThread|MainProcess] API (logger.py:error:134) | NapCatAPIError: 消息体无法解析, 请检查是否发送了不支持的消息类型
[2025-11-27 18:28:35,166.166] ERROR    [MainThread|MainProcess] API (logger.py:error:134) | NapCatAPIError: 消息体无法解析, 请检查是否发送了不支持的消息类型
[2025-11-27 18:28:35,169.169] ERROR    [MainThread|MainProcess] API (logger.py:error:134) | NapCatAPIError: 消息体无法解析, 请检查是否发送了不支持的消息类型
[2025-11-27 18:28:35,171.171] ERROR    [MainThread|MainProcess] API (logger.py:error:134) | NapCatAPIError: 消息体无法解析, 请检查是否发送了不支持的消息类型
[2025-11-27 18:28:35,173.173] ERROR    [MainThread|MainProcess] API (logger.py:error:134) | NapCatAPIError: 消息体无法解析, 请检查是否发送了不支持的消息类型
[2025-11-27 18:28:35,176.176] ERROR    [MainThread|MainProcess] API (logger.py:error:134) | NapCatAPIError: 消息体无法解析, 请检查是否发送了不支持的消息类型
[2025-11-27 18:28:35,248.248] INFO     [MainThread|MainProcess] root (main.py:on_group_message:40) | GroupMessageEvent(sub_type=normal, message_id=445900267, message=[Image(file="85DCBD951E89043C78B5B2E89CC64F5F.png", url="https://multimedia.nt.qq.com.cn/download?appid=1407&fileid=EhT36-rzfe91QATMELaW_wL4VGDmWBivnRYg_woovbfcy4-SkQMyBHByb2RQgL2jAVoQVKpSpjFVAMHn2K3IMJtngnoCOK2CAQJuag&rkey=CAESMBf_NBveIBm3oWn0xbPcQA_HQCB2YbeZH439SneE8dWG8h4UUrw400NMPKjdOmZ7Ig", file_size="364207", summary="", sub_type=0)], sender=GroupSender({"user_id":"932211959", "nickname":"雪降り ~雪が降っている~", "card":"", "role":"member"}), group_id=1061413302)
[2025-11-27 18:28:35,253.253] ERROR    [MainThread|MainProcess] API (logger.py:error:134) | NapCatAPIError: 消息体无法解析, 请检查是否发送了不支持的消息类型
[2025-11-27 18:28:35,258.258] ERROR    [MainThread|MainProcess] API (logger.py:error:134) | NapCatAPIError: 消息体无法解析, 请检查是否发送了不支持的消息类型
[2025-11-27 18:28:35,261.261] ERROR    [MainThread|MainProcess] API (logger.py:error:134) | NapCatAPIError: 消息体无法解析, 请检查是否发送了不支持的消息类型
[2025-11-27 18:28:35,266.266] ERROR    [MainThread|MainProcess] API (logger.py:error:134) | NapCatAPIError: 消息体无法解析, 请检查是否发送了不支持的消息类型
[2025-11-27 18:28:35,316.316] ERROR    [MainThread|MainProcess] API (logger.py:error:134) | NapCatAPIError: 消息体无法解析, 请检查是否发送了不支持的消息类型
[2025-11-27 18:28:35,352.352] ERROR    [MainThread|MainProcess] API (logger.py:error:134) | NapCatAPIError: 消息体无法解析, 请检查是否发送了不支持的消息类型
[2025-11-27 18:28:35,357.357] ERROR    [MainThread|MainProcess] API (logger.py:error:134) | NapCatAPIError: 消息体无法解析, 请检查是否发送了不支持的消息类型
[2025-11-27 18:28:35,359.359] ERROR    [MainThread|MainProcess] API (logger.py:error:134) | NapCatAPIError: 消息体无法解析, 请检查是否发送了不支持的消息类型
[2025-11-27 18:28:35,362.362] ERROR    [MainThread|MainProcess] API (logger.py:error:134) | NapCatAPIError: 消息体无法解析, 请检查是否发送了不支持的消息类型
[2025-11-27 18:28:35,368.368] ERROR    [MainThread|MainProcess] API (logger.py:error:134) | NapCatAPIError: 消息体无法解析, 请检查是否发送了不支持的消息类型
[2025-11-27 18:28:49,136.136] INFO     [MainThread|MainProcess] root (main.py:on_group_message:40) | GroupMessageEvent(sub_type=normal, message_id=1999630671, message=[Reply(id="445900267"), Text(text="uppercamelcase是何意味")], sender=GroupSender({"user_id":"932211959", "nickname":"雪降り ~雪が降っている~", "card":"", "role":"member"}), group_id=1061413302)
[2025-11-27 18:28:49,142.142] ERROR    [MainThread|MainProcess] API (logger.py:error:134) | NapCatAPIError: 消息体无法解析, 请检查是否发送了不支持的消息类型
[2025-11-27 18:28:49,154.154] ERROR    [MainThread|MainProcess] API (logger.py:error:134) | NapCatAPIError: 消息体无法解析, 请检查是否发送了不支持的消息类型
[2025-11-27 18:28:49,156.156] ERROR    [MainThread|MainProcess] API (logger.py:error:134) | NapCatAPIError: 消息体无法解析, 请检查是否发送了不支持的消息类型
[2025-11-27 18:28:49,159.159] ERROR    [MainThread|MainProcess] API (logger.py:error:134) | NapCatAPIError: 消息体无法解析, 请检查是否发送了不支持的消息类型
[2025-11-27 18:28:49,161.161] ERROR    [MainThread|MainProcess] API (logger.py:error:134) | NapCatAPIError: 消息体无法解析, 请检查是否发送了不支持的消息类型
[2025-11-27 18:28:49,163.163] ERROR    [MainThread|MainProcess] API (logger.py:error:134) | NapCatAPIError: 消息体无法解析, 请检查是否发送了不支持的消息类型
[2025-11-27 18:28:49,166.166] ERROR    [MainThread|MainProcess] API (logger.py:error:134) | NapCatAPIError: 消息体无法解析, 请检查是否发送了不支持的消息类型
[2025-11-27 18:28:49,168.168] ERROR    [MainThread|MainProcess] API (logger.py:error:134) | NapCatAPIError: 消息体无法解析, 请检查是否发送了不支持的消息类型
[2025-11-27 18:28:49,170.170] ERROR    [MainThread|MainProcess] API (logger.py:error:134) | NapCatAPIError: 消息体无法解析, 请检查是否发送了不支持的消息类型
[2025-11-27 18:28:49,173.173] ERROR    [MainThread|MainProcess] API (logger.py:error:134) | NapCatAPIError: 消息体无法解析, 请检查是否发送了不支持的消息类型
[2025-11-27 18:29:09,631.631] INFO     [MainThread|MainProcess] root (main.py:on_group_message:40) | GroupMessageEvent(sub_type=normal, message_id=1701164604, message=[Text(text="下面又是asnake")], sender=GroupSender({"user_id":"932211959", "nickname":"雪降り ~雪が降っている~", "card":"", "role":"member"}), group_id=1061413302)
[2025-11-27 18:29:09,635.635] ERROR    [MainThread|MainProcess] API (logger.py:error:134) | NapCatAPIError: 消息体无法解析, 请检查是否发送了不支持的消息类型
[2025-11-27 18:29:09,648.648] ERROR    [MainThread|MainProcess] API (logger.py:error:134) | NapCatAPIError: 消息体无法解析, 请检查是否发送了不支持的消息类型
[2025-11-27 18:29:09,651.651] ERROR    [MainThread|MainProcess] API (logger.py:error:134) | NapCatAPIError: 消息体无法解析, 请检查是否发送了不支持的消息类型
[2025-11-27 18:29:09,659.659] ERROR    [MainThread|MainProcess] API (logger.py:error:134) | NapCatAPIError: 消息体无法解析, 请检查是否发送了不支持的消息类型
[2025-11-27 18:29:09,662.662] ERROR    [MainThread|MainProcess] API (logger.py:error:134) | NapCatAPIError: 消息体无法解析, 请检查是否发送了不支持的消息类型
[2025-11-27 18:29:09,666.666] ERROR    [MainThread|MainProcess] API (logger.py:error:134) | NapCatAPIError: 消息体无法解析, 请检查是否发送了不支持的消息类型
[2025-11-27 18:29:09,669.669] ERROR    [MainThread|MainProcess] API (logger.py:error:134) | NapCatAPIError: 消息体无法解析, 请检查是否发送了不支持的消息类型
[2025-11-27 18:29:09,691.691] ERROR    [MainThread|MainProcess] API (logger.py:error:134) | NapCatAPIError: 消息体无法解析, 请检查是否发送了不支持的消息类型
[2025-11-27 18:29:09,696.696] ERROR    [MainThread|MainProcess] API (logger.py:error:134) | NapCatAPIError: 消息体无法解析, 请检查是否发送了不支持的消息类型
[2025-11-27 18:29:09,698.698] ERROR    [MainThread|MainProcess] API (logger.py:error:134) | NapCatAPIError: 消息体无法解析, 请检查是否发送了不支持的消息类型
[2025-11-27 18:29:21,944.944] INFO     [MainThread|MainProcess] root (main.py:on_group_message:40) | GroupMessageEvent(sub_type=normal, message_id=1370906182, message=[Text(text="因为那个是类名")], sender=GroupSender({"user_id":"2585690555", "nickname":"__Infinitive__", "card":"", "role":"admin"}), group_id=1061413302)
[2025-11-27 18:29:21,950.950] ERROR    [MainThread|MainProcess] API (logger.py:error:134) | NapCatAPIError: 消息体无法解析, 请检查是否发送了不支持的消息类型
[2025-11-27 18:29:21,975.975] ERROR    [MainThread|MainProcess] API (logger.py:error:134) | NapCatAPIError: 消息体无法解析, 请检查是否发送了不支持的消息类型
[2025-11-27 18:29:21,991.991] ERROR    [MainThread|MainProcess] API (logger.py:error:134) | NapCatAPIError: 消息体无法解析, 请检查是否发送了不支持的消息类型
[2025-11-27 18:29:22,009.009] ERROR    [MainThread|MainProcess] API (logger.py:error:134) | NapCatAPIError: 消息体无法解析, 请检查是否发送了不支持的消息类型
[2025-11-27 18:29:22,019.019] ERROR    [MainThread|MainProcess] API (logger.py:error:134) | NapCatAPIError: 消息体无法解析, 请检查是否发送了不支持的消息类型
[2025-11-27 18:29:22,026.026] ERROR    [MainThread|MainProcess] API (logger.py:error:134) | NapCatAPIError: 消息体无法解析, 请检查是否发送了不支持的消息类型
[2025-11-27 18:29:22,029.029] ERROR    [MainThread|MainProcess] API (logger.py:error:134) | NapCatAPIError: 消息体无法解析, 请检查是否发送了不支持的消息类型
[2025-11-27 18:29:22,033.033] ERROR    [MainThread|MainProcess] API (logger.py:error:134) | NapCatAPIError: 消息体无法解析, 请检查是否发送了不支持的消息类型
[2025-11-27 18:29:22,036.036] ERROR    [MainThread|MainProcess] API (logger.py:error:134) | NapCatAPIError: 消息体无法解析, 请检查是否发送了不支持的消息类型
[2025-11-27 18:29:22,039.039] ERROR    [MainThread|MainProcess] API (logger.py:error:134) | NapCatAPIError: 消息体无法解析, 请检查是否发送了不支持的消息类型
[2025-11-27 18:29:46,401.401] INFO     [MainThread|MainProcess] root (main.py:on_group_message:40) | GroupMessageEvent(sub_type=normal, message_id=1974996740, message=[Text(text="类型注解用的")], sender=GroupSender({"user_id":"2585690555", "nickname":"__Infinitive__", "card":"", "role":"admin"}), group_id=1061413302)
[2025-11-27 18:29:46,406.406] ERROR    [MainThread|MainProcess] API (logger.py:error:134) | NapCatAPIError: 消息体无法解析, 请检查是否发送了不支持的消息类型
[2025-11-27 18:29:46,420.420] ERROR    [MainThread|MainProcess] API (logger.py:error:134) | NapCatAPIError: 消息体无法解析, 请检查是否发送了不支持的消息类型
[2025-11-27 18:29:46,428.428] ERROR    [MainThread|MainProcess] API (logger.py:error:134) | NapCatAPIError: 消息体无法解析, 请检查是否发送了不支持的消息类型
[2025-11-27 18:29:46,432.432] ERROR    [MainThread|MainProcess] API (logger.py:error:134) | NapCatAPIError: 消息体无法解析, 请检查是否发送了不支持的消息类型
[2025-11-27 18:29:46,437.437] ERROR    [MainThread|MainProcess] API (logger.py:error:134) | NapCatAPIError: 消息体无法解析, 请检查是否发送了不支持的消息类型
[2025-11-27 18:29:46,440.440] ERROR    [MainThread|MainProcess] API (logger.py:error:134) | NapCatAPIError: 消息体无法解析, 请检查是否发送了不支持的消息类型
[2025-11-27 18:29:46,458.458] ERROR    [MainThread|MainProcess] API (logger.py:error:134) | NapCatAPIError: 消息体无法解析, 请检查是否发送了不支持的消息类型
[2025-11-27 18:29:46,467.467] ERROR    [MainThread|MainProcess] API (logger.py:error:134) | NapCatAPIError: 消息体无法解析, 请检查是否发送了不支持的消息类型
[2025-11-27 18:29:46,471.471] ERROR    [MainThread|MainProcess] API (logger.py:error:134) | NapCatAPIError: 消息体无法解析, 请检查是否发送了不支持的消息类型
[2025-11-27 18:29:46,474.474] ERROR    [MainThread|MainProcess] API (logger.py:error:134) | NapCatAPIError: 消息体无法解析, 请检查是否发送了不支持的消息类型
[2025-11-27 18:30:01,035.035] INFO     [MainThread|MainProcess] root (main.py:on_group_message:40) | GroupMessageEvent(sub_type=normal, message_id=930217008, message=[Image(file="691F3631B98A4F7EC09BAEE4F6B90131.png", url="https://multimedia.nt.qq.com.cn/download?appid=1407&fileid=EhSX09wt6CMTE6Ssy7WY-p5Yjexh3RiFLSD_CiiH68r1j5KRAzIEcHJvZFCAvaMBWhB_3mPHQTPQiPOIvrM44o9fegJxFYIBAm5q&rkey=CAESMBf_NBveIBm3oWn0xbPcQA_HQCB2YbeZH439SneE8dWG8h4UUrw400NMPKjdOmZ7Ig", file_size="5765", summary="[动画表情]", sub_type=1)], sender=GroupSender({"user_id":"932211959", "nickname":"雪降り ~雪が降っている~", "card":"", "role":"member"}), group_id=1061413302)
[2025-11-27 18:30:01,042.042] ERROR    [MainThread|MainProcess] API (logger.py:error:134) | NapCatAPIError: 消息体无法解析, 请检查是否发送了不支持的消息类型
[2025-11-27 18:30:01,050.050] ERROR    [MainThread|MainProcess] API (logger.py:error:134) | NapCatAPIError: 消息体无法解析, 请检查是否发送了不支持的消息类型
[2025-11-27 18:30:01,053.053] ERROR    [MainThread|MainProcess] API (logger.py:error:134) | NapCatAPIError: 消息体无法解析, 请检查是否发送了不支持的消息类型
[2025-11-27 18:30:01,055.055] ERROR    [MainThread|MainProcess] API (logger.py:error:134) | NapCatAPIError: 消息体无法解析, 请检查是否发送了不支持的消息类型
[2025-11-27 18:30:01,057.057] ERROR    [MainThread|MainProcess] API (logger.py:error:134) | NapCatAPIError: 消息体无法解析, 请检查是否发送了不支持的消息类型
[2025-11-27 18:30:01,059.059] ERROR    [MainThread|MainProcess] API (logger.py:error:134) | NapCatAPIError: 消息体无法解析, 请检查是否发送了不支持的消息类型
[2025-11-27 18:30:01,061.061] ERROR    [MainThread|MainProcess] API (logger.py:error:134) | NapCatAPIError: 消息体无法解析, 请检查是否发送了不支持的消息类型
[2025-11-27 18:30:01,064.064] ERROR    [MainThread|MainProcess] API (logger.py:error:134) | NapCatAPIError: 消息体无法解析, 请检查是否发送了不支持的消息类型
[2025-11-27 18:30:01,067.067] ERROR    [MainThread|MainProcess] API (logger.py:error:134) | NapCatAPIError: 消息体无法解析, 请检查是否发送了不支持的消息类型
[2025-11-27 18:30:01,070.070] ERROR    [MainThread|MainProcess] API (logger.py:error:134) | NapCatAPIError: 消息体无法解析, 请检查是否发送了不支持的消息类型
[2025-11-27 18:30:59,446.446] INFO     [MainThread|MainProcess] root (main.py:on_group_message:40) | GroupMessageEvent(sub_type=normal, message_id=1693674989, message=[Image(file="4971B9E194AA1A62A96AE245D7185982.jpg", url="https://multimedia.nt.qq.com.cn/download?appid=1407&fileid=EhQBQApbj5p8G6YVwNEF41F7dUGmfBiiswkg_woov-C2kZCSkQMyBHByb2RQgL2jAVoQS3SABNid0qyliYskJTcSPXoCwECCAQJuag&rkey=CAESMBf_NBveIBm3oWn0xbPcQA_HQCB2YbeZH439SneE8dWG8h4UUrw400NMPKjdOmZ7Ig", file_size="154018", summary="", sub_type=0)], sender=GroupSender({"user_id":"3800907852", "nickname":"深海𝔻𝕖𝕖𝕡𝕊𝕖𝕒", "card":"", "role":"member"}), group_id=1061413302)
[2025-11-27 18:30:59,460.460] ERROR    [MainThread|MainProcess] API (logger.py:error:134) | NapCatAPIError: 消息体无法解析, 请检查是否发送了不支持的消息类型
[2025-11-27 18:30:59,477.477] ERROR    [MainThread|MainProcess] API (logger.py:error:134) | NapCatAPIError: 消息体无法解析, 请检查是否发送了不支持的消息类型
[2025-11-27 18:30:59,484.484] ERROR    [MainThread|MainProcess] API (logger.py:error:134) | NapCatAPIError: 消息体无法解析, 请检查是否发送了不支持的消息类型
[2025-11-27 18:30:59,527.527] ERROR    [MainThread|MainProcess] API (logger.py:error:134) | NapCatAPIError: 消息体无法解析, 请检查是否发送了不支持的消息类型
[2025-11-27 18:30:59,577.577] ERROR    [MainThread|MainProcess] API (logger.py:error:134) | NapCatAPIError: 消息体无法解析, 请检查是否发送了不支持的消息类型
[2025-11-27 18:30:59,582.582] ERROR    [MainThread|MainProcess] API (logger.py:error:134) | NapCatAPIError: 消息体无法解析, 请检查是否发送了不支持的消息类型
[2025-11-27 18:30:59,586.586] ERROR    [MainThread|MainProcess] API (logger.py:error:134) | NapCatAPIError: 消息体无法解析, 请检查是否发送了不支持的消息类型
[2025-11-27 18:30:59,588.588] ERROR    [MainThread|MainProcess] API (logger.py:error:134) | NapCatAPIError: 消息体无法解析, 请检查是否发送了不支持的消息类型
[2025-11-27 18:30:59,592.592] ERROR    [MainThread|MainProcess] API (logger.py:error:134) | NapCatAPIError: 消息体无法解析, 请检查是否发送了不支持的消息类型
[2025-11-27 18:30:59,595.595] ERROR    [MainThread|MainProcess] API (logger.py:error:134) | NapCatAPIError: 消息体无法解析, 请检查是否发送了不支持的消息类型
[2025-11-27 18:31:22,842.842] INFO     [MainThread|MainProcess] root (main.py:on_group_message:40) | GroupMessageEvent(sub_type=normal, message_id=1790951363, message=[Text(text="年龄歧视在哪🤣")], sender=GroupSender({"user_id":"2585690555", "nickname":"__Infinitive__", "card":"", "role":"admin"}), group_id=1061413302)
[2025-11-27 18:31:22,904.904] ERROR    [MainThread|MainProcess] API (logger.py:error:134) | NapCatAPIError: 消息体无法解析, 请检查是否发送了不支持的消息类型
[2025-11-27 18:31:22,916.916] ERROR    [MainThread|MainProcess] API (logger.py:error:134) | NapCatAPIError: 消息体无法解析, 请检查是否发送了不支持的消息类型
[2025-11-27 18:31:22,931.931] ERROR    [MainThread|MainProcess] API (logger.py:error:134) | NapCatAPIError: 消息体无法解析, 请检查是否发送了不支持的消息类型
[2025-11-27 18:31:22,934.934] ERROR    [MainThread|MainProcess] API (logger.py:error:134) | NapCatAPIError: 消息体无法解析, 请检查是否发送了不支持的消息类型
[2025-11-27 18:31:22,937.937] ERROR    [MainThread|MainProcess] API (logger.py:error:134) | NapCatAPIError: 消息体无法解析, 请检查是否发送了不支持的消息类型
[2025-11-27 18:31:22,939.939] ERROR    [MainThread|MainProcess] API (logger.py:error:134) | NapCatAPIError: 消息体无法解析, 请检查是否发送了不支持的消息类型
[2025-11-27 18:31:22,943.943] ERROR    [MainThread|MainProcess] API (logger.py:error:134) | NapCatAPIError: 消息体无法解析, 请检查是否发送了不支持的消息类型
[2025-11-27 18:31:22,945.945] ERROR    [MainThread|MainProcess] API (logger.py:error:134) | NapCatAPIError: 消息体无法解析, 请检查是否发送了不支持的消息类型
[2025-11-27 18:31:22,948.948] ERROR    [MainThread|MainProcess] API (logger.py:error:134) | NapCatAPIError: 消息体无法解析, 请检查是否发送了不支持的消息类型
[2025-11-27 18:31:22,950.950] ERROR    [MainThread|MainProcess] API (logger.py:error:134) | NapCatAPIError: 消息体无法解析, 请检查是否发送了不支持的消息类型
[2025-11-27 18:31:50,529.529] INFO     [MainThread|MainProcess] root (main.py:on_group_message:40) | GroupMessageEvent(sub_type=normal, message_id=580282756, message=[Text(text="sjb")], sender=GroupSender({"user_id":"932211959", "nickname":"雪降り ~雪が降っている~", "card":"", "role":"member"}), group_id=1061413302)
[2025-11-27 18:31:50,534.534] ERROR    [MainThread|MainProcess] API (logger.py:error:134) | NapCatAPIError: 消息体无法解析, 请检查是否发送了不支持的消息类型
[2025-11-27 18:31:50,548.548] ERROR    [MainThread|MainProcess] API (logger.py:error:134) | NapCatAPIError: 消息体无法解析, 请检查是否发送了不支持的消息类型
[2025-11-27 18:31:50,560.560] ERROR    [MainThread|MainProcess] API (logger.py:error:134) | NapCatAPIError: 消息体无法解析, 请检查是否发送了不支持的消息类型
[2025-11-27 18:31:50,564.564] ERROR    [MainThread|MainProcess] API (logger.py:error:134) | NapCatAPIError: 消息体无法解析, 请检查是否发送了不支持的消息类型
[2025-11-27 18:31:50,567.567] ERROR    [MainThread|MainProcess] API (logger.py:error:134) | NapCatAPIError: 消息体无法解析, 请检查是否发送了不支持的消息类型
[2025-11-27 18:31:50,587.587] ERROR    [MainThread|MainProcess] API (logger.py:error:134) | NapCatAPIError: 消息体无法解析, 请检查是否发送了不支持的消息类型
[2025-11-27 18:31:50,593.593] ERROR    [MainThread|MainProcess] API (logger.py:error:134) | NapCatAPIError: 消息体无法解析, 请检查是否发送了不支持的消息类型
[2025-11-27 18:31:50,595.595] ERROR    [MainThread|MainProcess] API (logger.py:error:134) | NapCatAPIError: 消息体无法解析, 请检查是否发送了不支持的消息类型
[2025-11-27 18:31:50,598.598] ERROR    [MainThread|MainProcess] API (logger.py:error:134) | NapCatAPIError: 消息体无法解析, 请检查是否发送了不支持的消息类型
[2025-11-27 18:31:50,600.600] ERROR    [MainThread|MainProcess] API (logger.py:error:134) | NapCatAPIError: 消息体无法解析, 请检查是否发送了不支持的消息类型
[2025-11-27 18:32:16,969.969] INFO     [MainThread|MainProcess] root (main.py:on_group_message:40) | GroupMessageEvent(sub_type=normal, message_id=1380420944, message=[At(qq="932211959"), Text(text=" 我这程序怎么样")], sender=GroupSender({"user_id":"2585690555", "nickname":"__Infinitive__", "card":"", "role":"admin"}), group_id=1061413302)
[2025-11-27 18:32:16,975.975] ERROR    [MainThread|MainProcess] API (logger.py:error:134) | NapCatAPIError: 消息体无法解析, 请检查是否发送了不支持的消息类型
[2025-11-27 18:32:17,023.023] ERROR    [MainThread|MainProcess] API (logger.py:error:134) | NapCatAPIError: 消息体无法解析, 请检查是否发送了不支持的消息类型
[2025-11-27 18:32:17,035.035] ERROR    [MainThread|MainProcess] API (logger.py:error:134) | NapCatAPIError: 消息体无法解析, 请检查是否发送了不支持的消息类型
[2025-11-27 18:32:17,100.100] ERROR    [MainThread|MainProcess] API (logger.py:error:134) | NapCatAPIError: 消息体无法解析, 请检查是否发送了不支持的消息类型
[2025-11-27 18:32:17,142.142] ERROR    [MainThread|MainProcess] API (logger.py:error:134) | NapCatAPIError: 消息体无法解析, 请检查是否发送了不支持的消息类型
[2025-11-27 18:32:17,145.145] ERROR    [MainThread|MainProcess] API (logger.py:error:134) | NapCatAPIError: 消息体无法解析, 请检查是否发送了不支持的消息类型
[2025-11-27 18:32:17,148.148] ERROR    [MainThread|MainProcess] API (logger.py:error:134) | NapCatAPIError: 消息体无法解析, 请检查是否发送了不支持的消息类型
[2025-11-27 18:32:17,151.151] ERROR    [MainThread|MainProcess] API (logger.py:error:134) | NapCatAPIError: 消息体无法解析, 请检查是否发送了不支持的消息类型
[2025-11-27 18:32:17,153.153] ERROR    [MainThread|MainProcess] API (logger.py:error:134) | NapCatAPIError: 消息体无法解析, 请检查是否发送了不支持的消息类型
[2025-11-27 18:32:17,156.156] ERROR    [MainThread|MainProcess] API (logger.py:error:134) | NapCatAPIError: 消息体无法解析, 请检查是否发送了不支持的消息类型
[2025-11-27 18:33:11,790.790] INFO     [MainThread|MainProcess] root (main.py:on_group_message:40) | GroupMessageEvent(sub_type=normal, message_id=1844896004, message=[Image(file="537DC9E82EA23A8FA61AEF09B8B0A061.png", url="https://multimedia.nt.qq.com.cn/download?appid=1407&fileid=EhRuT6wsYLie0OsiOWU_GNFJRQCVIRjzlBwg_woo8PvD0JCSkQMyBHByb2RQgL2jAVoQuwj0yqZmNbJrxsl0VdY6KXoCw1OCAQJuag&rkey=CAESMBf_NBveIBm3oWn0xbPcQA_HQCB2YbeZH439SneE8dWG8h4UUrw400NMPKjdOmZ7Ig", file_size="461427", summary="[动画表情]", sub_type=1)], sender=GroupSender({"user_id":"932211959", "nickname":"雪降り ~雪が降っている~", "card":"", "role":"member"}), group_id=1061413302)
[2025-11-27 18:33:11,798.798] ERROR    [MainThread|MainProcess] API (logger.py:error:134) | NapCatAPIError: 消息体无法解析, 请检查是否发送了不支持的消息类型
[2025-11-27 18:33:11,811.811] ERROR    [MainThread|MainProcess] API (logger.py:error:134) | NapCatAPIError: 消息体无法解析, 请检查是否发送了不支持的消息类型
[2025-11-27 18:33:11,813.813] ERROR    [MainThread|MainProcess] API (logger.py:error:134) | NapCatAPIError: 消息体无法解析, 请检查是否发送了不支持的消息类型
[2025-11-27 18:33:11,817.817] ERROR    [MainThread|MainProcess] API (logger.py:error:134) | NapCatAPIError: 消息体无法解析, 请检查是否发送了不支持的消息类型
[2025-11-27 18:33:11,819.819] ERROR    [MainThread|MainProcess] API (logger.py:error:134) | NapCatAPIError: 消息体无法解析, 请检查是否发送了不支持的消息类型
[2025-11-27 18:33:11,821.821] ERROR    [MainThread|MainProcess] API (logger.py:error:134) | NapCatAPIError: 消息体无法解析, 请检查是否发送了不支持的消息类型
[2025-11-27 18:33:11,824.824] ERROR    [MainThread|MainProcess] API (logger.py:error:134) | NapCatAPIError: 消息体无法解析, 请检查是否发送了不支持的消息类型
[2025-11-27 18:33:11,827.827] ERROR    [MainThread|MainProcess] API (logger.py:error:134) | NapCatAPIError: 消息体无法解析, 请检查是否发送了不支持的消息类型
[2025-11-27 18:33:11,829.829] ERROR    [MainThread|MainProcess] API (logger.py:error:134) | NapCatAPIError: 消息体无法解析, 请检查是否发送了不支持的消息类型
[2025-11-27 18:33:11,832.832] ERROR    [MainThread|MainProcess] API (logger.py:error:134) | NapCatAPIError: 消息体无法解析, 请检查是否发送了不支持的消息类型
[2025-11-27 18:33:18,204.204] INFO     [MainThread|MainProcess] root (main.py:on_group_message:40) | GroupMessageEvent(sub_type=normal, message_id=1183971717, message=[Text(text="分file plz")], sender=GroupSender({"user_id":"932211959", "nickname":"雪降り ~雪が降っている~", "card":"", "role":"member"}), group_id=1061413302)
[2025-11-27 18:33:18,209.209] ERROR    [MainThread|MainProcess] API (logger.py:error:134) | NapCatAPIError: 消息体无法解析, 请检查是否发送了不支持的消息类型
[2025-11-27 18:33:18,237.237] ERROR    [MainThread|MainProcess] API (logger.py:error:134) | NapCatAPIError: 消息体无法解析, 请检查是否发送了不支持的消息类型
[2025-11-27 18:33:18,242.242] ERROR    [MainThread|MainProcess] API (logger.py:error:134) | NapCatAPIError: 消息体无法解析, 请检查是否发送了不支持的消息类型
[2025-11-27 18:33:18,260.260] ERROR    [MainThread|MainProcess] API (logger.py:error:134) | NapCatAPIError: 消息体无法解析, 请检查是否发送了不支持的消息类型
[2025-11-27 18:33:18,267.267] ERROR    [MainThread|MainProcess] API (logger.py:error:134) | NapCatAPIError: 消息体无法解析, 请检查是否发送了不支持的消息类型
[2025-11-27 18:33:18,269.269] ERROR    [MainThread|MainProcess] API (logger.py:error:134) | NapCatAPIError: 消息体无法解析, 请检查是否发送了不支持的消息类型
[2025-11-27 18:33:18,272.272] ERROR    [MainThread|MainProcess] API (logger.py:error:134) | NapCatAPIError: 消息体无法解析, 请检查是否发送了不支持的消息类型
[2025-11-27 18:33:18,275.275] ERROR    [MainThread|MainProcess] API (logger.py:error:134) | NapCatAPIError: 消息体无法解析, 请检查是否发送了不支持的消息类型
[2025-11-27 18:33:18,278.278] ERROR    [MainThread|MainProcess] API (logger.py:error:134) | NapCatAPIError: 消息体无法解析, 请检查是否发送了不支持的消息类型
[2025-11-27 18:33:18,282.282] ERROR    [MainThread|MainProcess] API (logger.py:error:134) | NapCatAPIError: 消息体无法解析, 请检查是否发送了不支持的消息类型
[2025-11-27 18:33:53,862.862] INFO     [MainThread|MainProcess] root (main.py:on_group_message:40) | GroupMessageEvent(sub_type=normal, message_id=338940518, message=[Text(text="bro我这就得单文件啊这是服务器启动脚本plz")], sender=GroupSender({"user_id":"2585690555", "nickname":"__Infinitive__", "card":"", "role":"admin"}), group_id=1061413302)
[2025-11-27 18:33:53,926.926] ERROR    [MainThread|MainProcess] API (logger.py:error:134) | NapCatAPIError: 消息体无法解析, 请检查是否发送了不支持的消息类型
[2025-11-27 18:33:53,994.994] ERROR    [MainThread|MainProcess] API (logger.py:error:134) | NapCatAPIError: 消息体无法解析, 请检查是否发送了不支持的消息类型
[2025-11-27 18:33:54,024.024] ERROR    [MainThread|MainProcess] API (logger.py:error:134) | NapCatAPIError: 消息体无法解析, 请检查是否发送了不支持的消息类型
[2025-11-27 18:33:54,048.048] ERROR    [MainThread|MainProcess] API (logger.py:error:134) | NapCatAPIError: 消息体无法解析, 请检查是否发送了不支持的消息类型
[2025-11-27 18:33:54,051.051] ERROR    [MainThread|MainProcess] API (logger.py:error:134) | NapCatAPIError: 消息体无法解析, 请检查是否发送了不支持的消息类型
[2025-11-27 18:33:54,054.054] ERROR    [MainThread|MainProcess] API (logger.py:error:134) | NapCatAPIError: 消息体无法解析, 请检查是否发送了不支持的消息类型
[2025-11-27 18:33:54,056.056] ERROR    [MainThread|MainProcess] API (logger.py:error:134) | NapCatAPIError: 消息体无法解析, 请检查是否发送了不支持的消息类型
[2025-11-27 18:33:54,059.059] ERROR    [MainThread|MainProcess] API (logger.py:error:134) | NapCatAPIError: 消息体无法解析, 请检查是否发送了不支持的消息类型
[2025-11-27 18:33:54,064.064] ERROR    [MainThread|MainProcess] API (logger.py:error:134) | NapCatAPIError: 消息体无法解析, 请检查是否发送了不支持的消息类型
[2025-11-27 18:33:54,067.067] ERROR    [MainThread|MainProcess] API (logger.py:error:134) | NapCatAPIError: 消息体无法解析, 请检查是否发送了不支持的消息类型
[2025-11-27 18:34:26,469.469] INFO     [MainThread|MainProcess] root (main.py:on_group_message:40) | GroupMessageEvent(sub_type=normal, message_id=1235515349, message=[Text(text="。")], sender=GroupSender({"user_id":"932211959", "nickname":"雪降り ~雪が降っている~", "card":"", "role":"member"}), group_id=1061413302)
[2025-11-27 18:34:26,474.474] ERROR    [MainThread|MainProcess] API (logger.py:error:134) | NapCatAPIError: 消息体无法解析, 请检查是否发送了不支持的消息类型
[2025-11-27 18:34:26,498.498] ERROR    [MainThread|MainProcess] API (logger.py:error:134) | NapCatAPIError: 消息体无法解析, 请检查是否发送了不支持的消息类型
[2025-11-27 18:34:26,502.502] ERROR    [MainThread|MainProcess] API (logger.py:error:134) | NapCatAPIError: 消息体无法解析, 请检查是否发送了不支持的消息类型
[2025-11-27 18:34:26,507.507] ERROR    [MainThread|MainProcess] API (logger.py:error:134) | NapCatAPIError: 消息体无法解析, 请检查是否发送了不支持的消息类型
[2025-11-27 18:34:26,510.510] ERROR    [MainThread|MainProcess] API (logger.py:error:134) | NapCatAPIError: 消息体无法解析, 请检查是否发送了不支持的消息类型
[2025-11-27 18:34:26,557.557] ERROR    [MainThread|MainProcess] API (logger.py:error:134) | NapCatAPIError: 消息体无法解析, 请检查是否发送了不支持的消息类型
[2025-11-27 18:34:26,589.589] ERROR    [MainThread|MainProcess] API (logger.py:error:134) | NapCatAPIError: 消息体无法解析, 请检查是否发送了不支持的消息类型
[2025-11-27 18:34:26,593.593] ERROR    [MainThread|MainProcess] API (logger.py:error:134) | NapCatAPIError: 消息体无法解析, 请检查是否发送了不支持的消息类型
[2025-11-27 18:34:26,595.595] ERROR    [MainThread|MainProcess] API (logger.py:error:134) | NapCatAPIError: 消息体无法解析, 请检查是否发送了不支持的消息类型
[2025-11-27 18:34:26,598.598] ERROR    [MainThread|MainProcess] API (logger.py:error:134) | NapCatAPIError: 消息体无法解析, 请检查是否发送了不支持的消息类型
[2025-11-27 18:34:43,237.237] INFO     [MainThread|MainProcess] root (main.py:on_group_message:40) | GroupMessageEvent(sub_type=normal, message_id=1521243881, message=[Text(text="那你等我开ide看")], sender=GroupSender({"user_id":"932211959", "nickname":"雪降り ~雪が降っている~", "card":"", "role":"member"}), group_id=1061413302)
[2025-11-27 18:34:43,242.242] ERROR    [MainThread|MainProcess] API (logger.py:error:134) | NapCatAPIError: 消息体无法解析, 请检查是否发送了不支持的消息类型
[2025-11-27 18:34:43,246.246] ERROR    [MainThread|MainProcess] API (logger.py:error:134) | NapCatAPIError: 消息体无法解析, 请检查是否发送了不支持的消息类型
[2025-11-27 18:34:43,258.258] ERROR    [MainThread|MainProcess] API (logger.py:error:134) | NapCatAPIError: 消息体无法解析, 请检查是否发送了不支持的消息类型
[2025-11-27 18:34:43,261.261] ERROR    [MainThread|MainProcess] API (logger.py:error:134) | NapCatAPIError: 消息体无法解析, 请检查是否发送了不支持的消息类型
[2025-11-27 18:34:43,263.263] ERROR    [MainThread|MainProcess] API (logger.py:error:134) | NapCatAPIError: 消息体无法解析, 请检查是否发送了不支持的消息类型
[2025-11-27 18:34:43,265.265] ERROR    [MainThread|MainProcess] API (logger.py:error:134) | NapCatAPIError: 消息体无法解析, 请检查是否发送了不支持的消息类型
[2025-11-27 18:34:43,267.267] ERROR    [MainThread|MainProcess] API (logger.py:error:134) | NapCatAPIError: 消息体无法解析, 请检查是否发送了不支持的消息类型
[2025-11-27 18:34:43,270.270] ERROR    [MainThread|MainProcess] API (logger.py:error:134) | NapCatAPIError: 消息体无法解析, 请检查是否发送了不支持的消息类型
[2025-11-27 18:34:43,272.272] ERROR    [MainThread|MainProcess] API (logger.py:error:134) | NapCatAPIError: 消息体无法解析, 请检查是否发送了不支持的消息类型
[2025-11-27 18:34:43,275.275] ERROR    [MainThread|MainProcess] API (logger.py:error:134) | NapCatAPIError: 消息体无法解析, 请检查是否发送了不支持的消息类型
[2025-11-27 18:35:18,157.157] INFO     [MainThread|MainProcess] root (main.py:on_group_message:40) | GroupMessageEvent(sub_type=normal, message_id=56932619, message=[Text(text="主函数很复杂，因为是命令行逻辑交互plz")], sender=GroupSender({"user_id":"2585690555", "nickname":"__Infinitive__", "card":"", "role":"admin"}), group_id=1061413302)
[2025-11-27 18:35:18,168.168] ERROR    [MainThread|MainProcess] API (logger.py:error:134) | NapCatAPIError: 消息体无法解析, 请检查是否发送了不支持的消息类型
[2025-11-27 18:35:18,190.190] ERROR    [MainThread|MainProcess] API (logger.py:error:134) | NapCatAPIError: 消息体无法解析, 请检查是否发送了不支持的消息类型
[2025-11-27 18:35:18,197.197] ERROR    [MainThread|MainProcess] API (logger.py:error:134) | NapCatAPIError: 消息体无法解析, 请检查是否发送了不支持的消息类型
[2025-11-27 18:35:18,262.262] ERROR    [MainThread|MainProcess] API (logger.py:error:134) | NapCatAPIError: 消息体无法解析, 请检查是否发送了不支持的消息类型
[2025-11-27 18:35:18,295.295] ERROR    [MainThread|MainProcess] API (logger.py:error:134) | NapCatAPIError: 消息体无法解析, 请检查是否发送了不支持的消息类型
[2025-11-27 18:35:18,316.316] ERROR    [MainThread|MainProcess] API (logger.py:error:134) | NapCatAPIError: 消息体无法解析, 请检查是否发送了不支持的消息类型
[2025-11-27 18:35:18,321.321] ERROR    [MainThread|MainProcess] API (logger.py:error:134) | NapCatAPIError: 消息体无法解析, 请检查是否发送了不支持的消息类型
[2025-11-27 18:35:18,323.323] ERROR    [MainThread|MainProcess] API (logger.py:error:134) | NapCatAPIError: 消息体无法解析, 请检查是否发送了不支持的消息类型
[2025-11-27 18:35:18,326.326] ERROR    [MainThread|MainProcess] API (logger.py:error:134) | NapCatAPIError: 消息体无法解析, 请检查是否发送了不支持的消息类型
[2025-11-27 18:35:18,329.329] ERROR    [MainThread|MainProcess] API (logger.py:error:134) | NapCatAPIError: 消息体无法解析, 请检查是否发送了不支持的消息类型
[2025-11-27 18:36:22,918.918] INFO     [MainThread|MainProcess] root (main.py:on_group_message:40) | GroupMessageEvent(sub_type=normal, message_id=845068348, message=[Text(text="拆核心改class罢）")], sender=GroupSender({"user_id":"932211959", "nickname":"雪降り ~雪が降っている~", "card":"", "role":"member"}), group_id=1061413302)
[2025-11-27 18:36:22,927.927] ERROR    [MainThread|MainProcess] API (logger.py:error:134) | NapCatAPIError: 消息体无法解析, 请检查是否发送了不支持的消息类型
[2025-11-27 18:36:22,957.957] ERROR    [MainThread|MainProcess] API (logger.py:error:134) | NapCatAPIError: 消息体无法解析, 请检查是否发送了不支持的消息类型
[2025-11-27 18:36:22,969.969] ERROR    [MainThread|MainProcess] API (logger.py:error:134) | NapCatAPIError: 消息体无法解析, 请检查是否发送了不支持的消息类型
[2025-11-27 18:36:22,992.992] ERROR    [MainThread|MainProcess] API (logger.py:error:134) | NapCatAPIError: 消息体无法解析, 请检查是否发送了不支持的消息类型
[2025-11-27 18:36:22,998.998] ERROR    [MainThread|MainProcess] API (logger.py:error:134) | NapCatAPIError: 消息体无法解析, 请检查是否发送了不支持的消息类型
[2025-11-27 18:36:23,002.002] ERROR    [MainThread|MainProcess] API (logger.py:error:134) | NapCatAPIError: 消息体无法解析, 请检查是否发送了不支持的消息类型
[2025-11-27 18:36:23,007.007] ERROR    [MainThread|MainProcess] API (logger.py:error:134) | NapCatAPIError: 消息体无法解析, 请检查是否发送了不支持的消息类型
[2025-11-27 18:36:23,012.012] ERROR    [MainThread|MainProcess] API (logger.py:error:134) | NapCatAPIError: 消息体无法解析, 请检查是否发送了不支持的消息类型
[2025-11-27 18:36:23,015.015] ERROR    [MainThread|MainProcess] API (logger.py:error:134) | NapCatAPIError: 消息体无法解析, 请检查是否发送了不支持的消息类型
[2025-11-27 18:36:23,016.016] ERROR    [MainThread|MainProcess] API (logger.py:error:134) | NapCatAPIError: 消息体无法解析, 请检查是否发送了不支持的消息类型
[2025-11-27 18:39:09,649.649] INFO     [MainThread|MainProcess] root (main.py:on_group_message:40) | GroupMessageEvent(sub_type=normal, message_id=665806540, message=[Text(text="🤔有必要吗？")], sender=GroupSender({"user_id":"2585690555", "nickname":"__Infinitive__", "card":"", "role":"admin"}), group_id=1061413302)
[2025-11-27 18:39:09,657.657] ERROR    [MainThread|MainProcess] API (logger.py:error:134) | NapCatAPIError: 消息体无法解析, 请检查是否发送了不支持的消息类型
[2025-11-27 18:39:09,668.668] ERROR    [MainThread|MainProcess] API (logger.py:error:134) | NapCatAPIError: 消息体无法解析, 请检查是否发送了不支持的消息类型
[2025-11-27 18:39:09,671.671] ERROR    [MainThread|MainProcess] API (logger.py:error:134) | NapCatAPIError: 消息体无法解析, 请检查是否发送了不支持的消息类型
[2025-11-27 18:39:09,673.673] ERROR    [MainThread|MainProcess] API (logger.py:error:134) | NapCatAPIError: 消息体无法解析, 请检查是否发送了不支持的消息类型
[2025-11-27 18:39:09,676.676] ERROR    [MainThread|MainProcess] API (logger.py:error:134) | NapCatAPIError: 消息体无法解析, 请检查是否发送了不支持的消息类型
[2025-11-27 18:39:09,678.678] ERROR    [MainThread|MainProcess] API (logger.py:error:134) | NapCatAPIError: 消息体无法解析, 请检查是否发送了不支持的消息类型
[2025-11-27 18:39:09,681.681] ERROR    [MainThread|MainProcess] API (logger.py:error:134) | NapCatAPIError: 消息体无法解析, 请检查是否发送了不支持的消息类型
[2025-11-27 18:39:09,683.683] ERROR    [MainThread|MainProcess] API (logger.py:error:134) | NapCatAPIError: 消息体无法解析, 请检查是否发送了不支持的消息类型
[2025-11-27 18:39:09,687.687] ERROR    [MainThread|MainProcess] API (logger.py:error:134) | NapCatAPIError: 消息体无法解析, 请检查是否发送了不支持的消息类型
[2025-11-27 18:39:09,689.689] ERROR    [MainThread|MainProcess] API (logger.py:error:134) | NapCatAPIError: 消息体无法解析, 请检查是否发送了不支持的消息类型
[2025-11-27 18:39:26,941.941] INFO     [MainThread|MainProcess] root (main.py:on_group_message:40) | GroupMessageEvent(sub_type=normal, message_id=1023142646, message=[Text(text="有点不理解，它不需要类的特性")], sender=GroupSender({"user_id":"2585690555", "nickname":"__Infinitive__", "card":"", "role":"admin"}), group_id=1061413302)
[2025-11-27 18:39:26,947.947] ERROR    [MainThread|MainProcess] API (logger.py:error:134) | NapCatAPIError: 消息体无法解析, 请检查是否发送了不支持的消息类型
[2025-11-27 18:39:26,959.959] ERROR    [MainThread|MainProcess] API (logger.py:error:134) | NapCatAPIError: 消息体无法解析, 请检查是否发送了不支持的消息类型
[2025-11-27 18:39:26,978.978] ERROR    [MainThread|MainProcess] API (logger.py:error:134) | NapCatAPIError: 消息体无法解析, 请检查是否发送了不支持的消息类型
[2025-11-27 18:39:26,997.997] ERROR    [MainThread|MainProcess] API (logger.py:error:134) | NapCatAPIError: 消息体无法解析, 请检查是否发送了不支持的消息类型
[2025-11-27 18:39:27,010.010] ERROR    [MainThread|MainProcess] API (logger.py:error:134) | NapCatAPIError: 消息体无法解析, 请检查是否发送了不支持的消息类型
[2025-11-27 18:39:27,016.016] ERROR    [MainThread|MainProcess] API (logger.py:error:134) | NapCatAPIError: 消息体无法解析, 请检查是否发送了不支持的消息类型
[2025-11-27 18:39:27,019.019] ERROR    [MainThread|MainProcess] API (logger.py:error:134) | NapCatAPIError: 消息体无法解析, 请检查是否发送了不支持的消息类型
[2025-11-27 18:39:27,028.028] ERROR    [MainThread|MainProcess] API (logger.py:error:134) | NapCatAPIError: 消息体无法解析, 请检查是否发送了不支持的消息类型
[2025-11-27 18:39:27,101.101] ERROR    [MainThread|MainProcess] API (logger.py:error:134) | NapCatAPIError: 消息体无法解析, 请检查是否发送了不支持的消息类型
[2025-11-27 18:39:27,142.142] ERROR    [MainThread|MainProcess] API (logger.py:error:134) | NapCatAPIError: 消息体无法解析, 请检查是否发送了不支持的消息类型
[2025-11-27 18:39:35,684.684] INFO     [MainThread|MainProcess] root (main.py:on_group_message:40) | GroupMessageEvent(sub_type=normal, message_id=890695466, message=[Text(text="这种功能的话把核心拆开可以复用")], sender=GroupSender({"user_id":"932211959", "nickname":"雪降り ~雪が降っている~", "card":"", "role":"member"}), group_id=1061413302)
[2025-11-27 18:39:35,689.689] ERROR    [MainThread|MainProcess] API (logger.py:error:134) | NapCatAPIError: 消息体无法解析, 请检查是否发送了不支持的消息类型
[2025-11-27 18:39:35,701.701] ERROR    [MainThread|MainProcess] API (logger.py:error:134) | NapCatAPIError: 消息体无法解析, 请检查是否发送了不支持的消息类型
[2025-11-27 18:39:35,704.704] ERROR    [MainThread|MainProcess] API (logger.py:error:134) | NapCatAPIError: 消息体无法解析, 请检查是否发送了不支持的消息类型
[2025-11-27 18:39:35,708.708] ERROR    [MainThread|MainProcess] API (logger.py:error:134) | NapCatAPIError: 消息体无法解析, 请检查是否发送了不支持的消息类型
[2025-11-27 18:39:35,710.710] ERROR    [MainThread|MainProcess] API (logger.py:error:134) | NapCatAPIError: 消息体无法解析, 请检查是否发送了不支持的消息类型
[2025-11-27 18:39:35,712.712] ERROR    [MainThread|MainProcess] API (logger.py:error:134) | NapCatAPIError: 消息体无法解析, 请检查是否发送了不支持的消息类型
[2025-11-27 18:39:35,715.715] ERROR    [MainThread|MainProcess] API (logger.py:error:134) | NapCatAPIError: 消息体无法解析, 请检查是否发送了不支持的消息类型
[2025-11-27 18:39:35,717.717] ERROR    [MainThread|MainProcess] API (logger.py:error:134) | NapCatAPIError: 消息体无法解析, 请检查是否发送了不支持的消息类型
[2025-11-27 18:39:35,720.720] ERROR    [MainThread|MainProcess] API (logger.py:error:134) | NapCatAPIError: 消息体无法解析, 请检查是否发送了不支持的消息类型
[2025-11-27 18:39:35,723.723] ERROR    [MainThread|MainProcess] API (logger.py:error:134) | NapCatAPIError: 消息体无法解析, 请检查是否发送了不支持的消息类型
[2025-11-27 18:41:49,771.771] INFO     [MainThread|MainProcess] root (main.py:on_group_message:40) | GroupMessageEvent(sub_type=normal, message_id=1506265190, message=[Image(file="D985C50C4E2F885555E2382B54BAE205.jpg", url="https://multimedia.nt.qq.com.cn/download?appid=1407&fileid=EhR_Hx3CQFetb3sAYOMfxA8VOhIsPhjhjAMg_wooxMLLx5KSkQMyBHByb2RQgL2jAVoQEELm-FlI5XweRYNx189FOXoCxtKCAQJuag&rkey=CAESMBf_NBveIBm3oWn0xbPcQA_HQCB2YbeZH439SneE8dWG8h4UUrw400NMPKjdOmZ7Ig", file_size="50785", summary="[动画表情]", sub_type=1)], sender=GroupSender({"user_id":"2585690555", "nickname":"__Infinitive__", "card":"", "role":"admin"}), group_id=1061413302)
[2025-11-27 18:41:49,780.780] ERROR    [MainThread|MainProcess] API (logger.py:error:134) | NapCatAPIError: 消息体无法解析, 请检查是否发送了不支持的消息类型
[2025-11-27 18:41:49,790.790] ERROR    [MainThread|MainProcess] API (logger.py:error:134) | NapCatAPIError: 消息体无法解析, 请检查是否发送了不支持的消息类型
[2025-11-27 18:41:49,792.792] ERROR    [MainThread|MainProcess] API (logger.py:error:134) | NapCatAPIError: 消息体无法解析, 请检查是否发送了不支持的消息类型
[2025-11-27 18:41:49,796.796] ERROR    [MainThread|MainProcess] API (logger.py:error:134) | NapCatAPIError: 消息体无法解析, 请检查是否发送了不支持的消息类型
[2025-11-27 18:41:49,798.798] ERROR    [MainThread|MainProcess] API (logger.py:error:134) | NapCatAPIError: 消息体无法解析, 请检查是否发送了不支持的消息类型
[2025-11-27 18:41:49,800.800] ERROR    [MainThread|MainProcess] API (logger.py:error:134) | NapCatAPIError: 消息体无法解析, 请检查是否发送了不支持的消息类型
[2025-11-27 18:41:49,803.803] ERROR    [MainThread|MainProcess] API (logger.py:error:134) | NapCatAPIError: 消息体无法解析, 请检查是否发送了不支持的消息类型
[2025-11-27 18:41:49,806.806] ERROR    [MainThread|MainProcess] API (logger.py:error:134) | NapCatAPIError: 消息体无法解析, 请检查是否发送了不支持的消息类型
[2025-11-27 18:41:49,808.808] ERROR    [MainThread|MainProcess] API (logger.py:error:134) | NapCatAPIError: 消息体无法解析, 请检查是否发送了不支持的消息类型
[2025-11-27 18:41:49,811.811] ERROR    [MainThread|MainProcess] API (logger.py:error:134) | NapCatAPIError: 消息体无法解析, 请检查是否发送了不支持的消息类型
[2025-11-27 18:42:04,576.576] INFO     [MainThread|MainProcess] root (main.py:on_group_message:40) | GroupMessageEvent(sub_type=normal, message_id=816818791, message=[Text(text="14首鸟"), Image(file="44BBD7E5C8BE4B0244BE7448A8F43EA6.jpg", url="https://multimedia.nt.qq.com.cn/download?appid=1407&fileid=EhSIv0ZFNOR4nOlIkRMVSWVjyJ_dshi4kg4g_wootOLGzpKSkQMyBHByb2RQgL2jAVoQ5c9DTh_-rgIDfm-DstMtWHoCvrmCAQJuag&rkey=CAESMBf_NBveIBm3oWn0xbPcQA_HQCB2YbeZH439SneE8dWG8h4UUrw400NMPKjdOmZ7Ig", file_size="231736", summary="", sub_type=0)], sender=GroupSender({"user_id":"2267926518", "nickname":"Mr.C", "card":"", "role":"admin"}), group_id=577713202)
[2025-11-27 18:42:04,603.603] ERROR    [MainThread|MainProcess] API (logger.py:error:134) | NapCatAPIError: 消息体无法解析, 请检查是否发送了不支持的消息类型
[2025-11-27 18:42:04,606.606] ERROR    [MainThread|MainProcess] API (logger.py:error:134) | NapCatAPIError: 消息体无法解析, 请检查是否发送了不支持的消息类型
[2025-11-27 18:42:04,611.611] ERROR    [MainThread|MainProcess] API (logger.py:error:134) | NapCatAPIError: 消息体无法解析, 请检查是否发送了不支持的消息类型
[2025-11-27 18:42:04,650.650] ERROR    [MainThread|MainProcess] API (logger.py:error:134) | NapCatAPIError: 消息体无法解析, 请检查是否发送了不支持的消息类型
[2025-11-27 18:42:04,656.656] ERROR    [MainThread|MainProcess] API (logger.py:error:134) | NapCatAPIError: 消息体无法解析, 请检查是否发送了不支持的消息类型
[2025-11-27 18:42:04,661.661] ERROR    [MainThread|MainProcess] API (logger.py:error:134) | NapCatAPIError: 消息体无法解析, 请检查是否发送了不支持的消息类型
[2025-11-27 18:42:04,665.665] ERROR    [MainThread|MainProcess] API (logger.py:error:134) | NapCatAPIError: 消息体无法解析, 请检查是否发送了不支持的消息类型
[2025-11-27 18:42:04,668.668] ERROR    [MainThread|MainProcess] API (logger.py:error:134) | NapCatAPIError: 消息体无法解析, 请检查是否发送了不支持的消息类型
[2025-11-27 18:42:04,671.671] ERROR    [MainThread|MainProcess] API (logger.py:error:134) | NapCatAPIError: 消息体无法解析, 请检查是否发送了不支持的消息类型
[2025-11-27 18:42:04,738.738] ERROR    [MainThread|MainProcess] API (logger.py:error:134) | NapCatAPIError: 消息体无法解析, 请检查是否发送了不支持的消息类型
[2025-11-27 18:42:35,857.857] INFO     [MainThread|MainProcess] root (main.py:on_group_message:40) | GroupMessageEvent(sub_type=normal, message_id=1554594896, message=[Text(text="还是键盘高手")], sender=GroupSender({"user_id":"3362240349", "nickname":"鸢尾落華", "card":"ⓘ 该群聊涉嫌玩中二已被解散", "role":"member"}), group_id=577713202)
[2025-11-27 18:42:35,889.889] ERROR    [MainThread|MainProcess] API (logger.py:error:134) | NapCatAPIError: 消息体无法解析, 请检查是否发送了不支持的消息类型
[2025-11-27 18:42:35,921.921] ERROR    [MainThread|MainProcess] API (logger.py:error:134) | NapCatAPIError: 消息体无法解析, 请检查是否发送了不支持的消息类型
[2025-11-27 18:42:36,000.000] ERROR    [MainThread|MainProcess] API (logger.py:error:134) | NapCatAPIError: 消息体无法解析, 请检查是否发送了不支持的消息类型
[2025-11-27 18:42:36,006.006] ERROR    [MainThread|MainProcess] API (logger.py:error:134) | NapCatAPIError: 消息体无法解析, 请检查是否发送了不支持的消息类型
[2025-11-27 18:42:36,027.027] ERROR    [MainThread|MainProcess] API (logger.py:error:134) | NapCatAPIError: 消息体无法解析, 请检查是否发送了不支持的消息类型
[2025-11-27 18:42:36,033.033] ERROR    [MainThread|MainProcess] API (logger.py:error:134) | NapCatAPIError: 消息体无法解析, 请检查是否发送了不支持的消息类型
[2025-11-27 18:42:36,038.038] ERROR    [MainThread|MainProcess] API (logger.py:error:134) | NapCatAPIError: 消息体无法解析, 请检查是否发送了不支持的消息类型
[2025-11-27 18:42:36,041.041] ERROR    [MainThread|MainProcess] API (logger.py:error:134) | NapCatAPIError: 消息体无法解析, 请检查是否发送了不支持的消息类型
[2025-11-27 18:42:36,046.046] ERROR    [MainThread|MainProcess] API (logger.py:error:134) | NapCatAPIError: 消息体无法解析, 请检查是否发送了不支持的消息类型
[2025-11-27 18:42:36,050.050] ERROR    [MainThread|MainProcess] API (logger.py:error:134) | NapCatAPIError: 消息体无法解析, 请检查是否发送了不支持的消息类型
[2025-11-27 18:42:51,372.372] INFO     [MainThread|MainProcess] root (main.py:on_group_message:40) | GroupMessageEvent(sub_type=normal, message_id=1342813680, message=[Text(text="还是键盘高手")], sender=GroupSender({"user_id":"2241084883", "nickname":"Rikka", "card":"", "role":"member"}), group_id=577713202)
[2025-11-27 18:42:51,380.380] ERROR    [MainThread|MainProcess] API (logger.py:error:134) | NapCatAPIError: 消息体无法解析, 请检查是否发送了不支持的消息类型
[2025-11-27 18:42:51,439.439] ERROR    [MainThread|MainProcess] API (logger.py:error:134) | NapCatAPIError: 消息体无法解析, 请检查是否发送了不支持的消息类型
[2025-11-27 18:42:51,445.445] ERROR    [MainThread|MainProcess] API (logger.py:error:134) | NapCatAPIError: 消息体无法解析, 请检查是否发送了不支持的消息类型
[2025-11-27 18:42:51,451.451] ERROR    [MainThread|MainProcess] API (logger.py:error:134) | NapCatAPIError: 消息体无法解析, 请检查是否发送了不支持的消息类型
[2025-11-27 18:42:51,454.454] ERROR    [MainThread|MainProcess] API (logger.py:error:134) | NapCatAPIError: 消息体无法解析, 请检查是否发送了不支持的消息类型
[2025-11-27 18:42:51,458.458] ERROR    [MainThread|MainProcess] API (logger.py:error:134) | NapCatAPIError: 消息体无法解析, 请检查是否发送了不支持的消息类型
[2025-11-27 18:42:51,462.462] ERROR    [MainThread|MainProcess] API (logger.py:error:134) | NapCatAPIError: 消息体无法解析, 请检查是否发送了不支持的消息类型
[2025-11-27 18:42:51,466.466] ERROR    [MainThread|MainProcess] API (logger.py:error:134) | NapCatAPIError: 消息体无法解析, 请检查是否发送了不支持的消息类型
[2025-11-27 18:42:51,470.470] ERROR    [MainThread|MainProcess] API (logger.py:error:134) | NapCatAPIError: 消息体无法解析, 请检查是否发送了不支持的消息类型
[2025-11-27 18:42:51,473.473] ERROR    [MainThread|MainProcess] API (logger.py:error:134) | NapCatAPIError: 消息体无法解析, 请检查是否发送了不支持的消息类型
[2025-11-27 18:42:59,448.448] INFO     [MainThread|MainProcess] root (main.py:on_group_message:40) | GroupMessageEvent(sub_type=normal, message_id=443125402, message=[Text(text="这歌我记得都是米粒")], sender=GroupSender({"user_id":"3362240349", "nickname":"鸢尾落華", "card":"ⓘ 该群聊涉嫌玩中二已被解散", "role":"member"}), group_id=577713202)
[2025-11-27 18:42:59,479.479] ERROR    [MainThread|MainProcess] API (logger.py:error:134) | NapCatAPIError: 消息体无法解析, 请检查是否发送了不支持的消息类型
[2025-11-27 18:42:59,487.487] ERROR    [MainThread|MainProcess] API (logger.py:error:134) | NapCatAPIError: 消息体无法解析, 请检查是否发送了不支持的消息类型
[2025-11-27 18:42:59,498.498] ERROR    [MainThread|MainProcess] API (logger.py:error:134) | NapCatAPIError: 消息体无法解析, 请检查是否发送了不支持的消息类型
[2025-11-27 18:42:59,514.514] ERROR    [MainThread|MainProcess] API (logger.py:error:134) | NapCatAPIError: 消息体无法解析, 请检查是否发送了不支持的消息类型
[2025-11-27 18:42:59,517.517] ERROR    [MainThread|MainProcess] API (logger.py:error:134) | NapCatAPIError: 消息体无法解析, 请检查是否发送了不支持的消息类型
[2025-11-27 18:42:59,521.521] ERROR    [MainThread|MainProcess] API (logger.py:error:134) | NapCatAPIError: 消息体无法解析, 请检查是否发送了不支持的消息类型
[2025-11-27 18:42:59,524.524] ERROR    [MainThread|MainProcess] API (logger.py:error:134) | NapCatAPIError: 消息体无法解析, 请检查是否发送了不支持的消息类型
[2025-11-27 18:42:59,527.527] ERROR    [MainThread|MainProcess] API (logger.py:error:134) | NapCatAPIError: 消息体无法解析, 请检查是否发送了不支持的消息类型
[2025-11-27 18:42:59,532.532] ERROR    [MainThread|MainProcess] API (logger.py:error:134) | NapCatAPIError: 消息体无法解析, 请检查是否发送了不支持的消息类型
[2025-11-27 18:42:59,534.534] ERROR    [MainThread|MainProcess] API (logger.py:error:134) | NapCatAPIError: 消息体无法解析, 请检查是否发送了不支持的消息类型
[2025-11-27 18:43:16,094.094] INFO     [MainThread|MainProcess] root (main.py:on_group_message:40) | GroupMessageEvent(sub_type=normal, message_id=206906005, message=[Image(file="49C019B620D9E5906C13119827D3308A.jpg", url="https://multimedia.nt.qq.com.cn/download?appid=1407&fileid=EhSXdsp4_KU8X9X_A_rsed9UXRq06RjqeSD_Cij5ksLwkpKRAzIEcHJvZFCAvaMBWhBVzJrQlMgZrEJ93XJhJ4ZJegJeooIBAm5q&rkey=CAESMBf_NBveIBm3oWn0xbPcQA_HQCB2YbeZH439SneE8dWG8h4UUrw400NMPKjdOmZ7Ig", file_size="15594", summary="[动画表情]", sub_type=1)], sender=GroupSender({"user_id":"3362240349", "nickname":"鸢尾落華", "card":"ⓘ 该群聊涉嫌玩中二已被解散", "role":"member"}), group_id=577713202)
[2025-11-27 18:43:16,107.107] ERROR    [MainThread|MainProcess] API (logger.py:error:134) | NapCatAPIError: 消息体无法解析, 请检查是否发送了不支持的消息类型
[2025-11-27 18:43:16,112.112] ERROR    [MainThread|MainProcess] API (logger.py:error:134) | NapCatAPIError: 消息体无法解析, 请检查是否发送了不支持的消息类型
[2025-11-27 18:43:16,116.116] ERROR    [MainThread|MainProcess] API (logger.py:error:134) | NapCatAPIError: 消息体无法解析, 请检查是否发送了不支持的消息类型
[2025-11-27 18:43:16,118.118] ERROR    [MainThread|MainProcess] API (logger.py:error:134) | NapCatAPIError: 消息体无法解析, 请检查是否发送了不支持的消息类型
[2025-11-27 18:43:16,120.120] ERROR    [MainThread|MainProcess] API (logger.py:error:134) | NapCatAPIError: 消息体无法解析, 请检查是否发送了不支持的消息类型
[2025-11-27 18:43:16,122.122] ERROR    [MainThread|MainProcess] API (logger.py:error:134) | NapCatAPIError: 消息体无法解析, 请检查是否发送了不支持的消息类型
[2025-11-27 18:43:16,124.124] ERROR    [MainThread|MainProcess] API (logger.py:error:134) | NapCatAPIError: 消息体无法解析, 请检查是否发送了不支持的消息类型
[2025-11-27 18:43:16,126.126] ERROR    [MainThread|MainProcess] API (logger.py:error:134) | NapCatAPIError: 消息体无法解析, 请检查是否发送了不支持的消息类型
[2025-11-27 18:43:16,127.127] ERROR    [MainThread|MainProcess] API (logger.py:error:134) | NapCatAPIError: 消息体无法解析, 请检查是否发送了不支持的消息类型
[2025-11-27 18:43:16,129.129] ERROR    [MainThread|MainProcess] API (logger.py:error:134) | NapCatAPIError: 消息体无法解析, 请检查是否发送了不支持的消息类型
[2025-11-27 18:43:31,338.338] INFO     [MainThread|MainProcess] root (main.py:on_group_message:40) | GroupMessageEvent(sub_type=normal, message_id=127778033, message=[Text(text="🤔函数的命名我还是得改一下")], sender=GroupSender({"user_id":"2585690555", "nickname":"__Infinitive__", "card":"", "role":"admin"}), group_id=1061413302)
[2025-11-27 18:43:31,341.341] ERROR    [MainThread|MainProcess] API (logger.py:error:134) | NapCatAPIError: 消息体无法解析, 请检查是否发送了不支持的消息类型
[2025-11-27 18:43:31,344.344] ERROR    [MainThread|MainProcess] API (logger.py:error:134) | NapCatAPIError: 消息体无法解析, 请检查是否发送了不支持的消息类型
[2025-11-27 18:43:31,356.356] ERROR    [MainThread|MainProcess] API (logger.py:error:134) | NapCatAPIError: 消息体无法解析, 请检查是否发送了不支持的消息类型
[2025-11-27 18:43:31,359.359] ERROR    [MainThread|MainProcess] API (logger.py:error:134) | NapCatAPIError: 消息体无法解析, 请检查是否发送了不支持的消息类型
[2025-11-27 18:43:31,361.361] ERROR    [MainThread|MainProcess] API (logger.py:error:134) | NapCatAPIError: 消息体无法解析, 请检查是否发送了不支持的消息类型
[2025-11-27 18:43:31,363.363] ERROR    [MainThread|MainProcess] API (logger.py:error:134) | NapCatAPIError: 消息体无法解析, 请检查是否发送了不支持的消息类型
[2025-11-27 18:43:31,366.366] ERROR    [MainThread|MainProcess] API (logger.py:error:134) | NapCatAPIError: 消息体无法解析, 请检查是否发送了不支持的消息类型
[2025-11-27 18:43:31,368.368] ERROR    [MainThread|MainProcess] API (logger.py:error:134) | NapCatAPIError: 消息体无法解析, 请检查是否发送了不支持的消息类型
[2025-11-27 18:43:31,371.371] ERROR    [MainThread|MainProcess] API (logger.py:error:134) | NapCatAPIError: 消息体无法解析, 请检查是否发送了不支持的消息类型
[2025-11-27 18:43:31,373.373] ERROR    [MainThread|MainProcess] API (logger.py:error:134) | NapCatAPIError: 消息体无法解析, 请检查是否发送了不支持的消息类型
[2025-11-27 18:43:47,960.960] INFO     [MainThread|MainProcess] root (main.py:on_group_message:40) | GroupMessageEvent(sub_type=normal, message_id=1076220532, message=[Text(text="这歌一半致敬小灵通一半写无引导纯自己拆的锁手air")], sender=GroupSender({"user_id":"2267926518", "nickname":"Mr.C", "card":"", "role":"admin"}), group_id=577713202)
[2025-11-27 18:43:47,995.995] ERROR    [MainThread|MainProcess] API (logger.py:error:134) | NapCatAPIError: 消息体无法解析, 请检查是否发送了不支持的消息类型
[2025-11-27 18:43:48,011.011] ERROR    [MainThread|MainProcess] API (logger.py:error:134) | NapCatAPIError: 消息体无法解析, 请检查是否发送了不支持的消息类型
[2025-11-27 18:43:48,022.022] ERROR    [MainThread|MainProcess] API (logger.py:error:134) | NapCatAPIError: 消息体无法解析, 请检查是否发送了不支持的消息类型
[2025-11-27 18:43:48,030.030] ERROR    [MainThread|MainProcess] API (logger.py:error:134) | NapCatAPIError: 消息体无法解析, 请检查是否发送了不支持的消息类型
[2025-11-27 18:43:48,102.102] ERROR    [MainThread|MainProcess] API (logger.py:error:134) | NapCatAPIError: 消息体无法解析, 请检查是否发送了不支持的消息类型
[2025-11-27 18:43:48,127.127] ERROR    [MainThread|MainProcess] API (logger.py:error:134) | NapCatAPIError: 消息体无法解析, 请检查是否发送了不支持的消息类型
[2025-11-27 18:43:48,132.132] ERROR    [MainThread|MainProcess] API (logger.py:error:134) | NapCatAPIError: 消息体无法解析, 请检查是否发送了不支持的消息类型
[2025-11-27 18:43:48,138.138] ERROR    [MainThread|MainProcess] API (logger.py:error:134) | NapCatAPIError: 消息体无法解析, 请检查是否发送了不支持的消息类型
[2025-11-27 18:43:48,140.140] ERROR    [MainThread|MainProcess] API (logger.py:error:134) | NapCatAPIError: 消息体无法解析, 请检查是否发送了不支持的消息类型
[2025-11-27 18:43:48,143.143] ERROR    [MainThread|MainProcess] API (logger.py:error:134) | NapCatAPIError: 消息体无法解析, 请检查是否发送了不支持的消息类型
[2025-11-27 18:44:36,433.433] INFO     [MainThread|MainProcess] root (main.py:on_group_message:40) | GroupMessageEvent(sub_type=normal, message_id=1819068239, message=[Text(text="python不是要asnake么")], sender=GroupSender({"user_id":"932211959", "nickname":"雪降り ~雪が降っている~", "card":"", "role":"member"}), group_id=1061413302)
[2025-11-27 18:44:36,444.444] ERROR    [MainThread|MainProcess] API (logger.py:error:134) | NapCatAPIError: 消息体无法解析, 请检查是否发送了不支持的消息类型
[2025-11-27 18:44:36,458.458] ERROR    [MainThread|MainProcess] API (logger.py:error:134) | NapCatAPIError: 消息体无法解析, 请检查是否发送了不支持的消息类型
[2025-11-27 18:44:36,461.461] ERROR    [MainThread|MainProcess] API (logger.py:error:134) | NapCatAPIError: 消息体无法解析, 请检查是否发送了不支持的消息类型
[2025-11-27 18:44:36,464.464] ERROR    [MainThread|MainProcess] API (logger.py:error:134) | NapCatAPIError: 消息体无法解析, 请检查是否发送了不支持的消息类型
[2025-11-27 18:44:36,468.468] ERROR    [MainThread|MainProcess] API (logger.py:error:134) | NapCatAPIError: 消息体无法解析, 请检查是否发送了不支持的消息类型
[2025-11-27 18:44:36,474.474] ERROR    [MainThread|MainProcess] API (logger.py:error:134) | NapCatAPIError: 消息体无法解析, 请检查是否发送了不支持的消息类型
[2025-11-27 18:44:36,478.478] ERROR    [MainThread|MainProcess] API (logger.py:error:134) | NapCatAPIError: 消息体无法解析, 请检查是否发送了不支持的消息类型
[2025-11-27 18:44:36,561.561] ERROR    [MainThread|MainProcess] API (logger.py:error:134) | NapCatAPIError: 消息体无法解析, 请检查是否发送了不支持的消息类型
[2025-11-27 18:44:36,565.565] ERROR    [MainThread|MainProcess] API (logger.py:error:134) | NapCatAPIError: 消息体无法解析, 请检查是否发送了不支持的消息类型
[2025-11-27 18:44:36,573.573] ERROR    [MainThread|MainProcess] API (logger.py:error:134) | NapCatAPIError: 消息体无法解析, 请检查是否发送了不支持的消息类型
[2025-11-27 18:47:09,510.510] INFO     [MainThread|MainProcess] root (main.py:on_group_message:40) | GroupMessageEvent(sub_type=normal, message_id=197138549, message=[Text(text="手痒了 摸会")], sender=GroupSender({"user_id":"3362240349", "nickname":"鸢尾落華", "card":"ⓘ 该群聊涉嫌玩中二已被解散", "role":"member"}), group_id=577713202)
[2025-11-27 18:47:09,527.527] ERROR    [MainThread|MainProcess] API (logger.py:error:134) | NapCatAPIError: 消息体无法解析, 请检查是否发送了不支持的消息类型
[2025-11-27 18:47:09,541.541] ERROR    [MainThread|MainProcess] API (logger.py:error:134) | NapCatAPIError: 消息体无法解析, 请检查是否发送了不支持的消息类型
[2025-11-27 18:47:09,547.547] ERROR    [MainThread|MainProcess] API (logger.py:error:134) | NapCatAPIError: 消息体无法解析, 请检查是否发送了不支持的消息类型
[2025-11-27 18:47:09,608.608] ERROR    [MainThread|MainProcess] API (logger.py:error:134) | NapCatAPIError: 消息体无法解析, 请检查是否发送了不支持的消息类型
[2025-11-27 18:47:09,652.652] ERROR    [MainThread|MainProcess] API (logger.py:error:134) | NapCatAPIError: 消息体无法解析, 请检查是否发送了不支持的消息类型
[2025-11-27 18:47:09,662.662] ERROR    [MainThread|MainProcess] API (logger.py:error:134) | NapCatAPIError: 消息体无法解析, 请检查是否发送了不支持的消息类型
[2025-11-27 18:47:09,690.690] ERROR    [MainThread|MainProcess] API (logger.py:error:134) | NapCatAPIError: 消息体无法解析, 请检查是否发送了不支持的消息类型
[2025-11-27 18:47:09,693.693] ERROR    [MainThread|MainProcess] API (logger.py:error:134) | NapCatAPIError: 消息体无法解析, 请检查是否发送了不支持的消息类型
[2025-11-27 18:47:09,695.695] ERROR    [MainThread|MainProcess] API (logger.py:error:134) | NapCatAPIError: 消息体无法解析, 请检查是否发送了不支持的消息类型
[2025-11-27 18:47:09,698.698] ERROR    [MainThread|MainProcess] API (logger.py:error:134) | NapCatAPIError: 消息体无法解析, 请检查是否发送了不支持的消息类型
[2025-11-27 18:47:27,010.010] INFO     [MainThread|MainProcess] root (main.py:on_group_message:40) | GroupMessageEvent(sub_type=normal, message_id=1079615659, message=[Image(file="C490AFB21179F9EC534A9D606C38DCC3.jpg", url="https://multimedia.nt.qq.com.cn/download?appid=1407&fileid=EhSiGQH9oz3l0u9hoEBl4BGkohh7iRisFyD_CijvvZ3ok5KRAzIEcHJvZFCAvaMBWhCUQ3xSU8X9tpMfY_028SI1egLY2IIBAm5q&rkey=CAESMBf_NBveIBm3oWn0xbPcQA_HQCB2YbeZH439SneE8dWG8h4UUrw400NMPKjdOmZ7Ig", file_size="2988", summary="[动画表情]", sub_type=1)], sender=GroupSender({"user_id":"3362240349", "nickname":"鸢尾落華", "card":"ⓘ 该群聊涉嫌玩中二已被解散", "role":"member"}), group_id=577713202)
[2025-11-27 18:47:27,064.064] ERROR    [MainThread|MainProcess] API (logger.py:error:134) | NapCatAPIError: 消息体无法解析, 请检查是否发送了不支持的消息类型
[2025-11-27 18:47:27,084.084] ERROR    [MainThread|MainProcess] API (logger.py:error:134) | NapCatAPIError: 消息体无法解析, 请检查是否发送了不支持的消息类型
[2025-11-27 18:47:27,092.092] INFO     [MainThread|MainProcess] root (main.py:on_group_message:40) | GroupMessageEvent(sub_type=normal, message_id=113504113, message=[Image(file="B270B488A8F80A7C9E422128DDB483C5.jpg", url="https://multimedia.nt.qq.com.cn/download?appid=1407&fileid=EhQZ0TH2IuKq9ddq3HE_kpFl_DXooBjyjisg_wootfKc6JOSkQMyBHByb2RQgL2jAVoQ7MZX8Lw6Zq94N363gQDQgnoCK_uCAQJuag&rkey=CAESMBf_NBveIBm3oWn0xbPcQA_HQCB2YbeZH439SneE8dWG8h4UUrw400NMPKjdOmZ7Ig", file_size="706418", summary="[动画表情]", sub_type=1)], sender=GroupSender({"user_id":"3362240349", "nickname":"鸢尾落華", "card":"ⓘ 该群聊涉嫌玩中二已被解散", "role":"member"}), group_id=577713202)
[2025-11-27 18:47:27,114.114] ERROR    [MainThread|MainProcess] API (logger.py:error:134) | NapCatAPIError: 消息体无法解析, 请检查是否发送了不支持的消息类型
[2025-11-27 18:47:27,118.118] ERROR    [MainThread|MainProcess] API (logger.py:error:134) | NapCatAPIError: 消息体无法解析, 请检查是否发送了不支持的消息类型
[2025-11-27 18:47:27,124.124] ERROR    [MainThread|MainProcess] API (logger.py:error:134) | NapCatAPIError: 消息体无法解析, 请检查是否发送了不支持的消息类型
[2025-11-27 18:47:27,129.129] ERROR    [MainThread|MainProcess] API (logger.py:error:134) | NapCatAPIError: 消息体无法解析, 请检查是否发送了不支持的消息类型
[2025-11-27 18:47:27,132.132] ERROR    [MainThread|MainProcess] API (logger.py:error:134) | NapCatAPIError: 消息体无法解析, 请检查是否发送了不支持的消息类型
[2025-11-27 18:47:27,135.135] ERROR    [MainThread|MainProcess] API (logger.py:error:134) | NapCatAPIError: 消息体无法解析, 请检查是否发送了不支持的消息类型
[2025-11-27 18:47:27,153.153] ERROR    [MainThread|MainProcess] API (logger.py:error:134) | NapCatAPIError: 消息体无法解析, 请检查是否发送了不支持的消息类型
[2025-11-27 18:47:27,158.158] ERROR    [MainThread|MainProcess] API (logger.py:error:134) | NapCatAPIError: 消息体无法解析, 请检查是否发送了不支持的消息类型
[2025-11-27 18:47:27,160.160] ERROR    [MainThread|MainProcess] API (logger.py:error:134) | NapCatAPIError: 消息体无法解析, 请检查是否发送了不支持的消息类型
[2025-11-27 18:47:27,499.499] ERROR    [MainThread|MainProcess] API (logger.py:error:134) | NapCatAPIError: 消息体无法解析, 请检查是否发送了不支持的消息类型
[2025-11-27 18:47:27,500.500] ERROR    [MainThread|MainProcess] API (logger.py:error:134) | NapCatAPIError: 消息体无法解析, 请检查是否发送了不支持的消息类型
[2025-11-27 18:47:27,619.619] ERROR    [MainThread|MainProcess] API (logger.py:error:134) | NapCatAPIError: 消息体无法解析, 请检查是否发送了不支持的消息类型
[2025-11-27 18:47:27,634.634] ERROR    [MainThread|MainProcess] API (logger.py:error:134) | NapCatAPIError: 消息体无法解析, 请检查是否发送了不支持的消息类型
[2025-11-27 18:47:27,636.636] ERROR    [MainThread|MainProcess] API (logger.py:error:134) | NapCatAPIError: 消息体无法解析, 请检查是否发送了不支持的消息类型
[2025-11-27 18:47:27,636.636] ERROR    [MainThread|MainProcess] API (logger.py:error:134) | NapCatAPIError: 消息体无法解析, 请检查是否发送了不支持的消息类型
[2025-11-27 18:47:27,669.669] ERROR    [MainThread|MainProcess] API (logger.py:error:134) | NapCatAPIError: 消息体无法解析, 请检查是否发送了不支持的消息类型
[2025-11-27 18:47:27,679.679] ERROR    [MainThread|MainProcess] API (logger.py:error:134) | NapCatAPIError: 消息体无法解析, 请检查是否发送了不支持的消息类型
[2025-11-27 18:47:27,681.681] ERROR    [MainThread|MainProcess] API (logger.py:error:134) | NapCatAPIError: 消息体无法解析, 请检查是否发送了不支持的消息类型
[2025-11-27 18:47:28,838.838] INFO     [MainThread|MainProcess] root (main.py:on_notice:73) | NoticeEvent(group_id=577713202, user_id=3362240349, message_id=113504113, notice_type=group_recall, operator_id=3362240349)
[2025-11-27 18:47:28,839.839] ERROR    [MainThread|MainProcess] asyncio (base_events.py:default_exception_handler:1758) | Task exception was never retrieved
future: <Task finished name='Task-3105' coro=<on_notice() done, defined at d:\1code\qqbot\main.py:70> exception=KeyError('Invalid key: sub_type.')>
Traceback (most recent call last):
  File "d:\1code\qqbot\main.py", line 83, in on_notice
    if notice["sub_type"] == "poke" and str(notice["target_id"]) == BOT_QQ:
  File "D:\1code\python3.10\lib\site-packages\ncatbot\core\event\event_data.py", line 22, in __getitem__
    raise KeyError(f"Invalid key: {key}.")
KeyError: 'Invalid key: sub_type.'
[2025-11-27 18:48:09,322.322] INFO     [MainThread|MainProcess] root (main.py:on_group_message:40) | GroupMessageEvent(sub_type=normal, message_id=1612731806, message=[Json(data="{"ver":"1.0.0.19","prompt":"[QQ小程序]遇到拉课的？直接诛他九族","config":{"type":"normal","width":0,"height":0,"forward":1,"autoSize":0,"ctime":1764240474,"token":"970923dca5aa864632dae88d2adf42e4"},"needShareCallBack":false,"app":"com.tencent.miniapp_01","view":"view_8C8E89B49BE609866298ADDFF2DBABA4","meta":{"detail_1":{"appid":"1109937557","appType":0,"title":"哔哩哔哩","desc":"遇到拉课的？直接诛他九族","icon":"http:\/\/miniapp.gtimg.cn\/public\/appicon\/432b76be3a548fc128acaa6c1ec90131_200.jpg","preview":"https:\/\/qq.ugcimg.cn\/v1\/qa0m914o2lsi0n44b3j7qiv2oep860d4uj8jh14ocb0ci7ghun0lkbmddu3nilg32uf4k6l3p9n9fnu1spir1gt7r3mvjknl9fnn46tlcst2bqd4cbrhnl8tdochqf91qh4q45unr6r5547lce4o9sm0vo\/e9vf2tsqr6j29hl2kodb3vahlc","url":"m.q.qq.com\/a\/s\/a1d97cc9c0440f8e057ac1edc3c3b022","scene":1036,"host":{"uin":3800907852,"nick":"深海𝔻𝕖𝕖𝕡𝕊𝕖𝕒"},"shareTemplateId":"8C8E89B49BE609866298ADDFF2DBABA4","shareTemplateData":{},"qqdocurl":"https:\/\/b23.tv\/xoJCjs0?share_medium=android&share_source=qq&bbid=XY338DE3E1BCC82EB37FD7821D5830F1CF3B0&ts=1764240472244","showLittleTail":"","gamePoints":"","gamePointsUrl":"","shareOrigin":0}}}")], sender=GroupSender({"user_id":"3800907852", "nickname":"深海𝔻𝕖𝕖𝕡𝕊𝕖𝕒", "card":"", "role":"member"}), group_id=1061413302)
[2025-11-27 18:48:09,329.329] ERROR    [MainThread|MainProcess] API (logger.py:error:134) | NapCatAPIError: 消息体无法解析, 请检查是否发送了不支持的消息类型
[2025-11-27 18:48:09,340.340] ERROR    [MainThread|MainProcess] API (logger.py:error:134) | NapCatAPIError: 消息体无法解析, 请检查是否发送了不支持的消息类型
[2025-11-27 18:48:09,342.342] ERROR    [MainThread|MainProcess] API (logger.py:error:134) | NapCatAPIError: 消息体无法解析, 请检查是否发送了不支持的消息类型
[2025-11-27 18:48:09,345.345] ERROR    [MainThread|MainProcess] API (logger.py:error:134) | NapCatAPIError: 消息体无法解析, 请检查是否发送了不支持的消息类型
[2025-11-27 18:48:09,348.348] ERROR    [MainThread|MainProcess] API (logger.py:error:134) | NapCatAPIError: 消息体无法解析, 请检查是否发送了不支持的消息类型
[2025-11-27 18:48:09,350.350] ERROR    [MainThread|MainProcess] API (logger.py:error:134) | NapCatAPIError: 消息体无法解析, 请检查是否发送了不支持的消息类型
[2025-11-27 18:48:09,353.353] ERROR    [MainThread|MainProcess] API (logger.py:error:134) | NapCatAPIError: 消息体无法解析, 请检查是否发送了不支持的消息类型
[2025-11-27 18:48:09,355.355] ERROR    [MainThread|MainProcess] API (logger.py:error:134) | NapCatAPIError: 消息体无法解析, 请检查是否发送了不支持的消息类型
[2025-11-27 18:48:09,358.358] ERROR    [MainThread|MainProcess] API (logger.py:error:134) | NapCatAPIError: 消息体无法解析, 请检查是否发送了不支持的消息类型
[2025-11-27 18:48:09,360.360] ERROR    [MainThread|MainProcess] API (logger.py:error:134) | NapCatAPIError: 消息体无法解析, 请检查是否发送了不支持的消息类型
[2025-11-27 18:48:10,560.560] INFO     [MainThread|MainProcess] root (main.py:on_group_message:40) | GroupMessageEvent(sub_type=normal, message_id=928606279, message=[Text(text="意义不明的视频")], sender=GroupSender({"user_id":"3800907852", "nickname":"深海𝔻𝕖𝕖𝕡𝕊𝕖𝕒", "card":"", "role":"member"}), group_id=1061413302)
[2025-11-27 18:48:10,566.566] ERROR    [MainThread|MainProcess] API (logger.py:error:134) | NapCatAPIError: 消息体无法解析, 请检查是否发送了不支持的消息类型
[2025-11-27 18:48:10,596.596] ERROR    [MainThread|MainProcess] API (logger.py:error:134) | NapCatAPIError: 消息体无法解析, 请检查是否发送了不支持的消息类型
[2025-11-27 18:48:10,644.644] ERROR    [MainThread|MainProcess] API (logger.py:error:134) | NapCatAPIError: 消息体无法解析, 请检查是否发送了不支持的消息类型
[2025-11-27 18:48:10,695.695] ERROR    [MainThread|MainProcess] API (logger.py:error:134) | NapCatAPIError: 消息体无法解析, 请检查是否发送了不支持的消息类型
[2025-11-27 18:48:10,704.704] ERROR    [MainThread|MainProcess] API (logger.py:error:134) | NapCatAPIError: 消息体无法解析, 请检查是否发送了不支持的消息类型
[2025-11-27 18:48:10,706.706] ERROR    [MainThread|MainProcess] API (logger.py:error:134) | NapCatAPIError: 消息体无法解析, 请检查是否发送了不支持的消息类型
[2025-11-27 18:48:10,709.709] ERROR    [MainThread|MainProcess] API (logger.py:error:134) | NapCatAPIError: 消息体无法解析, 请检查是否发送了不支持的消息类型
[2025-11-27 18:48:10,714.714] ERROR    [MainThread|MainProcess] API (logger.py:error:134) | NapCatAPIError: 消息体无法解析, 请检查是否发送了不支持的消息类型
[2025-11-27 18:48:10,718.718] ERROR    [MainThread|MainProcess] API (logger.py:error:134) | NapCatAPIError: 消息体无法解析, 请检查是否发送了不支持的消息类型
[2025-11-27 18:48:10,721.721] ERROR    [MainThread|MainProcess] API (logger.py:error:134) | NapCatAPIError: 消息体无法解析, 请检查是否发送了不支持的消息类型
[2025-11-27 18:50:11,135.135] INFO     [MainThread|MainProcess] root (main.py:on_group_message:40) | GroupMessageEvent(sub_type=normal, message_id=1430841704, message=[Text(text="摸什么")], sender=GroupSender({"user_id":"3337806907", "nickname":"猫猫不可以rua", "card":"", "role":"member"}), group_id=577713202)
[2025-11-27 18:50:11,141.141] ERROR    [MainThread|MainProcess] API (logger.py:error:134) | NapCatAPIError: 消息体无法解析, 请检查是否发送了不支持的消息类型
[2025-11-27 18:50:11,153.153] ERROR    [MainThread|MainProcess] API (logger.py:error:134) | NapCatAPIError: 消息体无法解析, 请检查是否发送了不支持的消息类型
[2025-11-27 18:50:11,155.155] ERROR    [MainThread|MainProcess] API (logger.py:error:134) | NapCatAPIError: 消息体无法解析, 请检查是否发送了不支持的消息类型
[2025-11-27 18:50:11,158.158] ERROR    [MainThread|MainProcess] API (logger.py:error:134) | NapCatAPIError: 消息体无法解析, 请检查是否发送了不支持的消息类型
[2025-11-27 18:50:11,160.160] ERROR    [MainThread|MainProcess] API (logger.py:error:134) | NapCatAPIError: 消息体无法解析, 请检查是否发送了不支持的消息类型
[2025-11-27 18:50:11,163.163] ERROR    [MainThread|MainProcess] API (logger.py:error:134) | NapCatAPIError: 消息体无法解析, 请检查是否发送了不支持的消息类型
[2025-11-27 18:50:11,165.165] ERROR    [MainThread|MainProcess] API (logger.py:error:134) | NapCatAPIError: 消息体无法解析, 请检查是否发送了不支持的消息类型
[2025-11-27 18:50:11,167.167] ERROR    [MainThread|MainProcess] API (logger.py:error:134) | NapCatAPIError: 消息体无法解析, 请检查是否发送了不支持的消息类型
[2025-11-27 18:50:11,170.170] ERROR    [MainThread|MainProcess] API (logger.py:error:134) | NapCatAPIError: 消息体无法解析, 请检查是否发送了不支持的消息类型
[2025-11-27 18:50:11,172.172] ERROR    [MainThread|MainProcess] API (logger.py:error:134) | NapCatAPIError: 消息体无法解析, 请检查是否发送了不支持的消息类型
[2025-11-27 18:50:14,912.912] INFO     [MainThread|MainProcess] root (main.py:on_group_message:40) | GroupMessageEvent(sub_type=normal, message_id=787100547, message=[Text(text="抬手乐吗")], sender=GroupSender({"user_id":"3337806907", "nickname":"猫猫不可以rua", "card":"", "role":"member"}), group_id=577713202)
[2025-11-27 18:50:14,918.918] ERROR    [MainThread|MainProcess] API (logger.py:error:134) | NapCatAPIError: 消息体无法解析, 请检查是否发送了不支持的消息类型
[2025-11-27 18:50:14,932.932] ERROR    [MainThread|MainProcess] API (logger.py:error:134) | NapCatAPIError: 消息体无法解析, 请检查是否发送了不支持的消息类型
[2025-11-27 18:50:14,944.944] ERROR    [MainThread|MainProcess] API (logger.py:error:134) | NapCatAPIError: 消息体无法解析, 请检查是否发送了不支持的消息类型
[2025-11-27 18:50:14,948.948] ERROR    [MainThread|MainProcess] API (logger.py:error:134) | NapCatAPIError: 消息体无法解析, 请检查是否发送了不支持的消息类型
[2025-11-27 18:50:14,952.952] ERROR    [MainThread|MainProcess] API (logger.py:error:134) | NapCatAPIError: 消息体无法解析, 请检查是否发送了不支持的消息类型
[2025-11-27 18:50:14,955.955] ERROR    [MainThread|MainProcess] API (logger.py:error:134) | NapCatAPIError: 消息体无法解析, 请检查是否发送了不支持的消息类型
[2025-11-27 18:50:14,978.978] ERROR    [MainThread|MainProcess] API (logger.py:error:134) | NapCatAPIError: 消息体无法解析, 请检查是否发送了不支持的消息类型
[2025-11-27 18:50:14,991.991] ERROR    [MainThread|MainProcess] API (logger.py:error:134) | NapCatAPIError: 消息体无法解析, 请检查是否发送了不支持的消息类型
[2025-11-27 18:50:14,996.996] ERROR    [MainThread|MainProcess] API (logger.py:error:134) | NapCatAPIError: 消息体无法解析, 请检查是否发送了不支持的消息类型
[2025-11-27 18:50:14,999.999] ERROR    [MainThread|MainProcess] API (logger.py:error:134) | NapCatAPIError: 消息体无法解析, 请检查是否发送了不支持的消息类型
[2025-11-27 18:50:28,992.992] INFO     [MainThread|MainProcess] root (main.py:on_group_message:40) | GroupMessageEvent(sub_type=normal, message_id=1415955224, message=[Reply(id="787100547"), Text(text="没那么有钱")], sender=GroupSender({"user_id":"3362240349", "nickname":"鸢尾落華", "card":"ⓘ 该群聊涉嫌玩中二已被解散", "role":"member"}), group_id=577713202)
[2025-11-27 18:50:29,039.039] ERROR    [MainThread|MainProcess] API (logger.py:error:134) | NapCatAPIError: 消息体无法解析, 请检查是否发送了不支持的消息类型
[2025-11-27 18:50:29,091.091] ERROR    [MainThread|MainProcess] API (logger.py:error:134) | NapCatAPIError: 消息体无法解析, 请检查是否发送了不支持的消息类型
[2025-11-27 18:50:29,137.137] ERROR    [MainThread|MainProcess] API (logger.py:error:134) | NapCatAPIError: 消息体无法解析, 请检查是否发送了不支持的消息类型
[2025-11-27 18:50:29,190.190] ERROR    [MainThread|MainProcess] API (logger.py:error:134) | NapCatAPIError: 消息体无法解析, 请检查是否发送了不支持的消息类型
[2025-11-27 18:50:29,196.196] ERROR    [MainThread|MainProcess] API (logger.py:error:134) | NapCatAPIError: 消息体无法解析, 请检查是否发送了不支持的消息类型
[2025-11-27 18:50:29,201.201] ERROR    [MainThread|MainProcess] API (logger.py:error:134) | NapCatAPIError: 消息体无法解析, 请检查是否发送了不支持的消息类型
[2025-11-27 18:50:29,207.207] ERROR    [MainThread|MainProcess] API (logger.py:error:134) | NapCatAPIError: 消息体无法解析, 请检查是否发送了不支持的消息类型
[2025-11-27 18:50:29,211.211] ERROR    [MainThread|MainProcess] API (logger.py:error:134) | NapCatAPIError: 消息体无法解析, 请检查是否发送了不支持的消息类型
[2025-11-27 18:50:29,218.218] ERROR    [MainThread|MainProcess] API (logger.py:error:134) | NapCatAPIError: 消息体无法解析, 请检查是否发送了不支持的消息类型
[2025-11-27 18:50:29,221.221] ERROR    [MainThread|MainProcess] API (logger.py:error:134) | NapCatAPIError: 消息体无法解析, 请检查是否发送了不支持的消息类型
[2025-11-27 18:50:43,862.862] INFO     [MainThread|MainProcess] root (main.py:on_group_message:40) | GroupMessageEvent(sub_type=normal, message_id=1461106681, message=[Text(text="🤔")], sender=GroupSender({"user_id":"3337806907", "nickname":"猫猫不可以rua", "card":"", "role":"member"}), group_id=577713202)
[2025-11-27 18:50:43,874.874] ERROR    [MainThread|MainProcess] API (logger.py:error:134) | NapCatAPIError: 消息体无法解析, 请检查是否发送了不支持的消息类型
[2025-11-27 18:50:43,880.880] ERROR    [MainThread|MainProcess] API (logger.py:error:134) | NapCatAPIError: 消息体无法解析, 请检查是否发送了不支持的消息类型
[2025-11-27 18:50:43,882.882] ERROR    [MainThread|MainProcess] API (logger.py:error:134) | NapCatAPIError: 消息体无法解析, 请检查是否发送了不支持的消息类型
[2025-11-27 18:50:43,888.888] ERROR    [MainThread|MainProcess] API (logger.py:error:134) | NapCatAPIError: 消息体无法解析, 请检查是否发送了不支持的消息类型
[2025-11-27 18:50:43,890.890] ERROR    [MainThread|MainProcess] API (logger.py:error:134) | NapCatAPIError: 消息体无法解析, 请检查是否发送了不支持的消息类型
[2025-11-27 18:50:43,892.892] ERROR    [MainThread|MainProcess] API (logger.py:error:134) | NapCatAPIError: 消息体无法解析, 请检查是否发送了不支持的消息类型
[2025-11-27 18:50:43,894.894] ERROR    [MainThread|MainProcess] API (logger.py:error:134) | NapCatAPIError: 消息体无法解析, 请检查是否发送了不支持的消息类型
[2025-11-27 18:50:43,906.906] ERROR    [MainThread|MainProcess] API (logger.py:error:134) | NapCatAPIError: 消息体无法解析, 请检查是否发送了不支持的消息类型
[2025-11-27 18:50:43,908.908] ERROR    [MainThread|MainProcess] API (logger.py:error:134) | NapCatAPIError: 消息体无法解析, 请检查是否发送了不支持的消息类型
[2025-11-27 18:50:43,910.910] ERROR    [MainThread|MainProcess] API (logger.py:error:134) | NapCatAPIError: 消息体无法解析, 请检查是否发送了不支持的消息类型
[2025-11-27 18:50:49,809.809] INFO     [MainThread|MainProcess] root (main.py:on_group_message:40) | GroupMessageEvent(sub_type=normal, message_id=2045199177, message=[Text(text="焊")], sender=GroupSender({"user_id":"3362240349", "nickname":"鸢尾落華", "card":"ⓘ 该群聊涉嫌玩中二已被解散", "role":"member"}), group_id=577713202)
[2025-11-27 18:50:49,833.833] ERROR    [MainThread|MainProcess] API (logger.py:error:134) | NapCatAPIError: 消息体无法解析, 请检查是否发送了不支持的消息类型
[2025-11-27 18:50:49,839.839] ERROR    [MainThread|MainProcess] API (logger.py:error:134) | NapCatAPIError: 消息体无法解析, 请检查是否发送了不支持的消息类型
[2025-11-27 18:50:49,844.844] ERROR    [MainThread|MainProcess] API (logger.py:error:134) | NapCatAPIError: 消息体无法解析, 请检查是否发送了不支持的消息类型
[2025-11-27 18:50:49,850.850] ERROR    [MainThread|MainProcess] API (logger.py:error:134) | NapCatAPIError: 消息体无法解析, 请检查是否发送了不支持的消息类型
[2025-11-27 18:50:49,853.853] ERROR    [MainThread|MainProcess] API (logger.py:error:134) | NapCatAPIError: 消息体无法解析, 请检查是否发送了不支持的消息类型
[2025-11-27 18:50:49,857.857] ERROR    [MainThread|MainProcess] API (logger.py:error:134) | NapCatAPIError: 消息体无法解析, 请检查是否发送了不支持的消息类型
[2025-11-27 18:50:49,879.879] ERROR    [MainThread|MainProcess] API (logger.py:error:134) | NapCatAPIError: 消息体无法解析, 请检查是否发送了不支持的消息类型
[2025-11-27 18:50:49,885.885] ERROR    [MainThread|MainProcess] API (logger.py:error:134) | NapCatAPIError: 消息体无法解析, 请检查是否发送了不支持的消息类型
[2025-11-27 18:50:49,889.889] ERROR    [MainThread|MainProcess] API (logger.py:error:134) | NapCatAPIError: 消息体无法解析, 请检查是否发送了不支持的消息类型
[2025-11-27 18:50:49,892.892] ERROR    [MainThread|MainProcess] API (logger.py:error:134) | NapCatAPIError: 消息体无法解析, 请检查是否发送了不支持的消息类型
[2025-11-27 18:50:50,672.672] INFO     [MainThread|MainProcess] root (main.py:on_group_message:40) | GroupMessageEvent(sub_type=normal, message_id=1402233251, message=[Text(text="你有中二手台吗")], sender=GroupSender({"user_id":"3337806907", "nickname":"猫猫不可以rua", "card":"", "role":"member"}), group_id=577713202)
[2025-11-27 18:50:50,678.678] ERROR    [MainThread|MainProcess] API (logger.py:error:134) | NapCatAPIError: 消息体无法解析, 请检查是否发送了不支持的消息类型
[2025-11-27 18:50:50,699.699] ERROR    [MainThread|MainProcess] API (logger.py:error:134) | NapCatAPIError: 消息体无法解析, 请检查是否发送了不支持的消息类型
[2025-11-27 18:50:50,704.704] ERROR    [MainThread|MainProcess] API (logger.py:error:134) | NapCatAPIError: 消息体无法解析, 请检查是否发送了不支持的消息类型
[2025-11-27 18:50:50,708.708] ERROR    [MainThread|MainProcess] API (logger.py:error:134) | NapCatAPIError: 消息体无法解析, 请检查是否发送了不支持的消息类型
[2025-11-27 18:50:50,714.714] ERROR    [MainThread|MainProcess] API (logger.py:error:134) | NapCatAPIError: 消息体无法解析, 请检查是否发送了不支持的消息类型
[2025-11-27 18:50:50,718.718] ERROR    [MainThread|MainProcess] API (logger.py:error:134) | NapCatAPIError: 消息体无法解析, 请检查是否发送了不支持的消息类型
[2025-11-27 18:50:50,720.720] ERROR    [MainThread|MainProcess] API (logger.py:error:134) | NapCatAPIError: 消息体无法解析, 请检查是否发送了不支持的消息类型
[2025-11-27 18:50:50,763.763] ERROR    [MainThread|MainProcess] API (logger.py:error:134) | NapCatAPIError: 消息体无法解析, 请检查是否发送了不支持的消息类型
[2025-11-27 18:50:50,775.775] ERROR    [MainThread|MainProcess] API (logger.py:error:134) | NapCatAPIError: 消息体无法解析, 请检查是否发送了不支持的消息类型
[2025-11-27 18:50:50,780.780] ERROR    [MainThread|MainProcess] API (logger.py:error:134) | NapCatAPIError: 消息体无法解析, 请检查是否发送了不支持的消息类型
[2025-11-27 18:50:52,638.638] INFO     [MainThread|MainProcess] root (main.py:on_group_message:40) | GroupMessageEvent(sub_type=normal, message_id=834881269, message=[Text(text="我忘记了都")], sender=GroupSender({"user_id":"3337806907", "nickname":"猫猫不可以rua", "card":"", "role":"member"}), group_id=577713202)
[2025-11-27 18:50:52,644.644] ERROR    [MainThread|MainProcess] API (logger.py:error:134) | NapCatAPIError: 消息体无法解析, 请检查是否发送了不支持的消息类型
[2025-11-27 18:50:52,656.656] ERROR    [MainThread|MainProcess] API (logger.py:error:134) | NapCatAPIError: 消息体无法解析, 请检查是否发送了不支持的消息类型
[2025-11-27 18:50:52,658.658] ERROR    [MainThread|MainProcess] API (logger.py:error:134) | NapCatAPIError: 消息体无法解析, 请检查是否发送了不支持的消息类型
[2025-11-27 18:50:52,661.661] ERROR    [MainThread|MainProcess] API (logger.py:error:134) | NapCatAPIError: 消息体无法解析, 请检查是否发送了不支持的消息类型
[2025-11-27 18:50:52,669.669] ERROR    [MainThread|MainProcess] API (logger.py:error:134) | NapCatAPIError: 消息体无法解析, 请检查是否发送了不支持的消息类型
[2025-11-27 18:50:52,672.672] ERROR    [MainThread|MainProcess] API (logger.py:error:134) | NapCatAPIError: 消息体无法解析, 请检查是否发送了不支持的消息类型
[2025-11-27 18:50:52,674.674] ERROR    [MainThread|MainProcess] API (logger.py:error:134) | NapCatAPIError: 消息体无法解析, 请检查是否发送了不支持的消息类型
[2025-11-27 18:50:52,677.677] ERROR    [MainThread|MainProcess] API (logger.py:error:134) | NapCatAPIError: 消息体无法解析, 请检查是否发送了不支持的消息类型
[2025-11-27 18:50:52,679.679] ERROR    [MainThread|MainProcess] API (logger.py:error:134) | NapCatAPIError: 消息体无法解析, 请检查是否发送了不支持的消息类型
[2025-11-27 18:50:52,682.682] ERROR    [MainThread|MainProcess] API (logger.py:error:134) | NapCatAPIError: 消息体无法解析, 请检查是否发送了不支持的消息类型
[2025-11-27 18:51:02,320.320] INFO     [MainThread|MainProcess] root (main.py:on_group_message:40) | GroupMessageEvent(sub_type=normal, message_id=2014382397, message=[Reply(id="1819068239"), At(qq="932211959"), Text(text=" 所以我现在把函数和变量名改asnake了")], sender=GroupSender({"user_id":"2585690555", "nickname":"__Infinitive__", "card":"", "role":"admin"}), group_id=1061413302)
[2025-11-27 18:51:02,327.327] ERROR    [MainThread|MainProcess] API (logger.py:error:134) | NapCatAPIError: 消息体无法解析, 请检查是否发送了不支持的消息类型
[2025-11-27 18:51:02,340.340] ERROR    [MainThread|MainProcess] API (logger.py:error:134) | NapCatAPIError: 消息体无法解析, 请检查是否发送了不支持的消息类型
[2025-11-27 18:51:02,343.343] ERROR    [MainThread|MainProcess] API (logger.py:error:134) | NapCatAPIError: 消息体无法解析, 请检查是否发送了不支持的消息类型
[2025-11-27 18:51:02,346.346] ERROR    [MainThread|MainProcess] API (logger.py:error:134) | NapCatAPIError: 消息体无法解析, 请检查是否发送了不支持的消息类型
[2025-11-27 18:51:02,349.349] ERROR    [MainThread|MainProcess] API (logger.py:error:134) | NapCatAPIError: 消息体无法解析, 请检查是否发送了不支持的消息类型
[2025-11-27 18:51:02,353.353] ERROR    [MainThread|MainProcess] API (logger.py:error:134) | NapCatAPIError: 消息体无法解析, 请检查是否发送了不支持的消息类型
[2025-11-27 18:51:02,357.357] ERROR    [MainThread|MainProcess] API (logger.py:error:134) | NapCatAPIError: 消息体无法解析, 请检查是否发送了不支持的消息类型
[2025-11-27 18:51:02,360.360] ERROR    [MainThread|MainProcess] API (logger.py:error:134) | NapCatAPIError: 消息体无法解析, 请检查是否发送了不支持的消息类型
[2025-11-27 18:51:02,363.363] ERROR    [MainThread|MainProcess] API (logger.py:error:134) | NapCatAPIError: 消息体无法解析, 请检查是否发送了不支持的消息类型
[2025-11-27 18:51:02,366.366] ERROR    [MainThread|MainProcess] API (logger.py:error:134) | NapCatAPIError: 消息体无法解析, 请检查是否发送了不支持的消息类型
[2025-11-27 18:51:04,250.250] INFO     [MainThread|MainProcess] root (main.py:on_group_message:40) | GroupMessageEvent(sub_type=normal, message_id=481995554, message=[Text(text="有的bro有的")], sender=GroupSender({"user_id":"3362240349", "nickname":"鸢尾落華", "card":"ⓘ 该群聊涉嫌玩中二已被解散", "role":"member"}), group_id=577713202)
[2025-11-27 18:51:04,271.271] ERROR    [MainThread|MainProcess] API (logger.py:error:134) | NapCatAPIError: 消息体无法解析, 请检查是否发送了不支持的消息类型
[2025-11-27 18:51:04,282.282] ERROR    [MainThread|MainProcess] API (logger.py:error:134) | NapCatAPIError: 消息体无法解析, 请检查是否发送了不支持的消息类型
[2025-11-27 18:51:04,298.298] ERROR    [MainThread|MainProcess] API (logger.py:error:134) | NapCatAPIError: 消息体无法解析, 请检查是否发送了不支持的消息类型
[2025-11-27 18:51:04,325.325] ERROR    [MainThread|MainProcess] API (logger.py:error:134) | NapCatAPIError: 消息体无法解析, 请检查是否发送了不支持的消息类型
[2025-11-27 18:51:04,333.333] ERROR    [MainThread|MainProcess] API (logger.py:error:134) | NapCatAPIError: 消息体无法解析, 请检查是否发送了不支持的消息类型
[2025-11-27 18:51:04,336.336] ERROR    [MainThread|MainProcess] API (logger.py:error:134) | NapCatAPIError: 消息体无法解析, 请检查是否发送了不支持的消息类型
[2025-11-27 18:51:04,338.338] ERROR    [MainThread|MainProcess] API (logger.py:error:134) | NapCatAPIError: 消息体无法解析, 请检查是否发送了不支持的消息类型
[2025-11-27 18:51:04,346.346] ERROR    [MainThread|MainProcess] API (logger.py:error:134) | NapCatAPIError: 消息体无法解析, 请检查是否发送了不支持的消息类型
[2025-11-27 18:51:04,349.349] ERROR    [MainThread|MainProcess] API (logger.py:error:134) | NapCatAPIError: 消息体无法解析, 请检查是否发送了不支持的消息类型
[2025-11-27 18:51:04,368.368] ERROR    [MainThread|MainProcess] API (logger.py:error:134) | NapCatAPIError: 消息体无法解析, 请检查是否发送了不支持的消息类型
[2025-11-27 18:51:16,363.363] INFO     [MainThread|MainProcess] root (main.py:on_group_message:40) | GroupMessageEvent(sub_type=normal, message_id=471115831, message=[Reply(id="2045199177"), At(qq="3362240349"), Text(text=" 原来如此")], sender=GroupSender({"user_id":"3337806907", "nickname":"猫猫不可以rua", "card":"", "role":"member"}), group_id=577713202)
[2025-11-27 18:51:16,367.367] ERROR    [MainThread|MainProcess] API (logger.py:error:134) | NapCatAPIError: 消息体无法解析, 请检查是否发送了不支持的消息类型
[2025-11-27 18:51:16,382.382] ERROR    [MainThread|MainProcess] API (logger.py:error:134) | NapCatAPIError: 消息体无法解析, 请检查是否发送了不支持的消息类型
[2025-11-27 18:51:16,392.392] ERROR    [MainThread|MainProcess] API (logger.py:error:134) | NapCatAPIError: 消息体无法解析, 请检查是否发送了不支持的消息类型
[2025-11-27 18:51:16,395.395] ERROR    [MainThread|MainProcess] API (logger.py:error:134) | NapCatAPIError: 消息体无法解析, 请检查是否发送了不支持的消息类型
[2025-11-27 18:51:16,399.399] ERROR    [MainThread|MainProcess] API (logger.py:error:134) | NapCatAPIError: 消息体无法解析, 请检查是否发送了不支持的消息类型
[2025-11-27 18:51:16,425.425] ERROR    [MainThread|MainProcess] API (logger.py:error:134) | NapCatAPIError: 消息体无法解析, 请检查是否发送了不支持的消息类型
[2025-11-27 18:51:16,435.435] ERROR    [MainThread|MainProcess] API (logger.py:error:134) | NapCatAPIError: 消息体无法解析, 请检查是否发送了不支持的消息类型
[2025-11-27 18:51:16,442.442] ERROR    [MainThread|MainProcess] API (logger.py:error:134) | NapCatAPIError: 消息体无法解析, 请检查是否发送了不支持的消息类型
[2025-11-27 18:51:16,445.445] ERROR    [MainThread|MainProcess] API (logger.py:error:134) | NapCatAPIError: 消息体无法解析, 请检查是否发送了不支持的消息类型
[2025-11-27 18:51:16,448.448] ERROR    [MainThread|MainProcess] API (logger.py:error:134) | NapCatAPIError: 消息体无法解析, 请检查是否发送了不支持的消息类型
[2025-11-27 18:51:33,433.433] INFO     [MainThread|MainProcess] root (main.py:on_group_message:40) | GroupMessageEvent(sub_type=normal, message_id=1703913091, message=[Text(text="抬手乐已经助力我上大分了")], sender=GroupSender({"user_id":"3337806907", "nickname":"猫猫不可以rua", "card":"", "role":"member"}), group_id=577713202)
[2025-11-27 18:51:33,435.435] ERROR    [MainThread|MainProcess] API (logger.py:error:134) | NapCatAPIError: 消息体无法解析, 请检查是否发送了不支持的消息类型
[2025-11-27 18:51:33,441.441] ERROR    [MainThread|MainProcess] API (logger.py:error:134) | NapCatAPIError: 消息体无法解析, 请检查是否发送了不支持的消息类型
[2025-11-27 18:51:33,453.453] ERROR    [MainThread|MainProcess] API (logger.py:error:134) | NapCatAPIError: 消息体无法解析, 请检查是否发送了不支持的消息类型
[2025-11-27 18:51:33,456.456] ERROR    [MainThread|MainProcess] API (logger.py:error:134) | NapCatAPIError: 消息体无法解析, 请检查是否发送了不支持的消息类型
[2025-11-27 18:51:33,458.458] ERROR    [MainThread|MainProcess] API (logger.py:error:134) | NapCatAPIError: 消息体无法解析, 请检查是否发送了不支持的消息类型
[2025-11-27 18:51:33,460.460] ERROR    [MainThread|MainProcess] API (logger.py:error:134) | NapCatAPIError: 消息体无法解析, 请检查是否发送了不支持的消息类型
[2025-11-27 18:51:33,462.462] ERROR    [MainThread|MainProcess] API (logger.py:error:134) | NapCatAPIError: 消息体无法解析, 请检查是否发送了不支持的消息类型
[2025-11-27 18:51:33,465.465] ERROR    [MainThread|MainProcess] API (logger.py:error:134) | NapCatAPIError: 消息体无法解析, 请检查是否发送了不支持的消息类型
[2025-11-27 18:51:33,467.467] ERROR    [MainThread|MainProcess] API (logger.py:error:134) | NapCatAPIError: 消息体无法解析, 请检查是否发送了不支持的消息类型
[2025-11-27 18:51:33,471.471] ERROR    [MainThread|MainProcess] API (logger.py:error:134) | NapCatAPIError: 消息体无法解析, 请检查是否发送了不支持的消息类型
[2025-11-27 18:51:35,152.152] INFO     [MainThread|MainProcess] root (main.py:on_group_message:40) | GroupMessageEvent(sub_type=normal, message_id=2001145834, message=[Text(text="👍🏻")], sender=GroupSender({"user_id":"3337806907", "nickname":"猫猫不可以rua", "card":"", "role":"member"}), group_id=577713202)
[2025-11-27 18:51:35,155.155] ERROR    [MainThread|MainProcess] API (logger.py:error:134) | NapCatAPIError: 消息体无法解析, 请检查是否发送了不支持的消息类型
[2025-11-27 18:51:35,171.171] ERROR    [MainThread|MainProcess] API (logger.py:error:134) | NapCatAPIError: 消息体无法解析, 请检查是否发送了不支持的消息类型
[2025-11-27 18:51:35,174.174] ERROR    [MainThread|MainProcess] API (logger.py:error:134) | NapCatAPIError: 消息体无法解析, 请检查是否发送了不支持的消息类型
[2025-11-27 18:51:35,177.177] ERROR    [MainThread|MainProcess] API (logger.py:error:134) | NapCatAPIError: 消息体无法解析, 请检查是否发送了不支持的消息类型
[2025-11-27 18:51:35,179.179] ERROR    [MainThread|MainProcess] API (logger.py:error:134) | NapCatAPIError: 消息体无法解析, 请检查是否发送了不支持的消息类型
[2025-11-27 18:51:35,181.181] ERROR    [MainThread|MainProcess] API (logger.py:error:134) | NapCatAPIError: 消息体无法解析, 请检查是否发送了不支持的消息类型
[2025-11-27 18:51:35,183.183] ERROR    [MainThread|MainProcess] API (logger.py:error:134) | NapCatAPIError: 消息体无法解析, 请检查是否发送了不支持的消息类型
[2025-11-27 18:51:35,186.186] ERROR    [MainThread|MainProcess] API (logger.py:error:134) | NapCatAPIError: 消息体无法解析, 请检查是否发送了不支持的消息类型
[2025-11-27 18:51:35,188.188] ERROR    [MainThread|MainProcess] API (logger.py:error:134) | NapCatAPIError: 消息体无法解析, 请检查是否发送了不支持的消息类型
[2025-11-27 18:51:35,191.191] ERROR    [MainThread|MainProcess] API (logger.py:error:134) | NapCatAPIError: 消息体无法解析, 请检查是否发送了不支持的消息类型
[2025-11-27 18:54:06,727.727] INFO     [MainThread|MainProcess] root (main.py:on_group_message:40) | GroupMessageEvent(sub_type=normal, message_id=165272519, message=[Face(id="297", faceText="[表情]")], sender=GroupSender({"user_id":"2241084883", "nickname":"Rikka", "card":"", "role":"member"}), group_id=577713202)
[2025-11-27 18:54:06,737.737] ERROR    [MainThread|MainProcess] API (logger.py:error:134) | NapCatAPIError: 消息体无法解析, 请检查是否发送了不支持的消息类型
[2025-11-27 18:54:06,762.762] ERROR    [MainThread|MainProcess] API (logger.py:error:134) | NapCatAPIError: 消息体无法解析, 请检查是否发送了不支持的消息类型
[2025-11-27 18:54:06,770.770] ERROR    [MainThread|MainProcess] API (logger.py:error:134) | NapCatAPIError: 消息体无法解析, 请检查是否发送了不支持的消息类型
[2025-11-27 18:54:06,812.812] ERROR    [MainThread|MainProcess] API (logger.py:error:134) | NapCatAPIError: 消息体无法解析, 请检查是否发送了不支持的消息类型
[2025-11-27 18:54:06,856.856] ERROR    [MainThread|MainProcess] API (logger.py:error:134) | NapCatAPIError: 消息体无法解析, 请检查是否发送了不支持的消息类型
[2025-11-27 18:54:06,863.863] ERROR    [MainThread|MainProcess] API (logger.py:error:134) | NapCatAPIError: 消息体无法解析, 请检查是否发送了不支持的消息类型
[2025-11-27 18:54:06,866.866] ERROR    [MainThread|MainProcess] API (logger.py:error:134) | NapCatAPIError: 消息体无法解析, 请检查是否发送了不支持的消息类型
[2025-11-27 18:54:06,887.887] ERROR    [MainThread|MainProcess] API (logger.py:error:134) | NapCatAPIError: 消息体无法解析, 请检查是否发送了不支持的消息类型
[2025-11-27 18:54:06,891.891] ERROR    [MainThread|MainProcess] API (logger.py:error:134) | NapCatAPIError: 消息体无法解析, 请检查是否发送了不支持的消息类型
[2025-11-27 18:54:06,895.895] ERROR    [MainThread|MainProcess] API (logger.py:error:134) | NapCatAPIError: 消息体无法解析, 请检查是否发送了不支持的消息类型
[2025-11-27 18:55:56,244.244] INFO     [MainThread|MainProcess] root (main.py:on_group_message:40) | GroupMessageEvent(sub_type=normal, message_id=1751038493, message=[Text(text="我是一位100岁太奶，这东西我都看的头昏眼花的。年轻人弄的这些文章我都看不懂，不过我仍然宝刀未老。学习的劲头一点没减，越学越有精神。好孩子，劳驾你把这篇文章给老婆子我说道说道，让我能达到彻底看懂的效果，一定要帮我讲明白哈。最好翻译出来，因为我洋文一点看不懂，我只会中文。")], sender=GroupSender({"user_id":"2585690555", "nickname":"__Infinitive__", "card":"", "role":"admin"}), group_id=1061413302)
[2025-11-27 18:55:56,247.247] ERROR    [MainThread|MainProcess] API (logger.py:error:134) | NapCatAPIError: 消息体无法解析, 请检查是否发送了不支持的消息类型
[2025-11-27 18:55:56,250.250] ERROR    [MainThread|MainProcess] API (logger.py:error:134) | NapCatAPIError: 消息体无法解析, 请检查是否发送了不支持的消息类型
[2025-11-27 18:55:56,271.271] ERROR    [MainThread|MainProcess] API (logger.py:error:134) | NapCatAPIError: 消息体无法解析, 请检查是否发送了不支持的消息类型
[2025-11-27 18:55:56,275.275] ERROR    [MainThread|MainProcess] API (logger.py:error:134) | NapCatAPIError: 消息体无法解析, 请检查是否发送了不支持的消息类型
[2025-11-27 18:55:56,279.279] ERROR    [MainThread|MainProcess] API (logger.py:error:134) | NapCatAPIError: 消息体无法解析, 请检查是否发送了不支持的消息类型
[2025-11-27 18:55:56,282.282] ERROR    [MainThread|MainProcess] API (logger.py:error:134) | NapCatAPIError: 消息体无法解析, 请检查是否发送了不支持的消息类型
[2025-11-27 18:55:56,286.286] ERROR    [MainThread|MainProcess] API (logger.py:error:134) | NapCatAPIError: 消息体无法解析, 请检查是否发送了不支持的消息类型
[2025-11-27 18:55:56,306.306] ERROR    [MainThread|MainProcess] API (logger.py:error:134) | NapCatAPIError: 消息体无法解析, 请检查是否发送了不支持的消息类型
[2025-11-27 18:55:56,310.310] ERROR    [MainThread|MainProcess] API (logger.py:error:134) | NapCatAPIError: 消息体无法解析, 请检查是否发送了不支持的消息类型
[2025-11-27 18:55:56,312.312] ERROR    [MainThread|MainProcess] API (logger.py:error:134) | NapCatAPIError: 消息体无法解析, 请检查是否发送了不支持的消息类型
[2025-11-27 18:55:56,730.730] INFO     [MainThread|MainProcess] root (main.py:on_group_message:40) | GroupMessageEvent(sub_type=normal, message_id=237989658, message=[Image(file="4AA81FF785C34597833626C165E20F0A.jpg", url="https://multimedia.nt.qq.com.cn/download?appid=1407&fileid=EhSDlc1DMwXIDYqfkJn5mSI4UHVsNBisuw4g_woooMuI25WSkQMyBHByb2RQgL2jAVoQD6ZN-q-YlV4Ql2wEpx4gn3oCQrWCAQJuag&rkey=CAESMBf_NBveIBm3oWn0xbPcQA_HQCB2YbeZH439SneE8dWG8h4UUrw400NMPKjdOmZ7Ig", file_size="236972", summary="", sub_type=0)], sender=GroupSender({"user_id":"3560799034", "nickname":"飙车酱RacingChan", "card":"", "role":"member"}), group_id=577713202)
[2025-11-27 18:55:56,735.735] ERROR    [MainThread|MainProcess] API (logger.py:error:134) | NapCatAPIError: 消息体无法解析, 请检查是否发送了不支持的消息类型
[2025-11-27 18:55:56,741.741] ERROR    [MainThread|MainProcess] API (logger.py:error:134) | NapCatAPIError: 消息体无法解析, 请检查是否发送了不支持的消息类型
[2025-11-27 18:55:56,750.750] ERROR    [MainThread|MainProcess] API (logger.py:error:134) | NapCatAPIError: 消息体无法解析, 请检查是否发送了不支持的消息类型
[2025-11-27 18:55:56,753.753] ERROR    [MainThread|MainProcess] API (logger.py:error:134) | NapCatAPIError: 消息体无法解析, 请检查是否发送了不支持的消息类型
[2025-11-27 18:55:56,756.756] ERROR    [MainThread|MainProcess] API (logger.py:error:134) | NapCatAPIError: 消息体无法解析, 请检查是否发送了不支持的消息类型
[2025-11-27 18:55:56,759.759] ERROR    [MainThread|MainProcess] API (logger.py:error:134) | NapCatAPIError: 消息体无法解析, 请检查是否发送了不支持的消息类型
[2025-11-27 18:55:56,761.761] ERROR    [MainThread|MainProcess] API (logger.py:error:134) | NapCatAPIError: 消息体无法解析, 请检查是否发送了不支持的消息类型
[2025-11-27 18:55:56,763.763] ERROR    [MainThread|MainProcess] API (logger.py:error:134) | NapCatAPIError: 消息体无法解析, 请检查是否发送了不支持的消息类型
[2025-11-27 18:55:56,766.766] ERROR    [MainThread|MainProcess] API (logger.py:error:134) | NapCatAPIError: 消息体无法解析, 请检查是否发送了不支持的消息类型
[2025-11-27 18:55:56,768.768] ERROR    [MainThread|MainProcess] API (logger.py:error:134) | NapCatAPIError: 消息体无法解析, 请检查是否发送了不支持的消息类型
[2025-11-27 18:55:59,835.835] INFO     [MainThread|MainProcess] root (main.py:on_group_message:40) | GroupMessageEvent(sub_type=normal, message_id=1904104923, message=[Text(text="这首这么难吗")], sender=GroupSender({"user_id":"3560799034", "nickname":"飙车酱RacingChan", "card":"", "role":"member"}), group_id=577713202)
[2025-11-27 18:55:59,872.872] ERROR    [MainThread|MainProcess] API (logger.py:error:134) | NapCatAPIError: 消息体无法解析, 请检查是否发送了不支持的消息类型
[2025-11-27 18:55:59,880.880] ERROR    [MainThread|MainProcess] API (logger.py:error:134) | NapCatAPIError: 消息体无法解析, 请检查是否发送了不支持的消息类型
[2025-11-27 18:55:59,907.907] ERROR    [MainThread|MainProcess] API (logger.py:error:134) | NapCatAPIError: 消息体无法解析, 请检查是否发送了不支持的消息类型
[2025-11-27 18:55:59,916.916] ERROR    [MainThread|MainProcess] API (logger.py:error:134) | NapCatAPIError: 消息体无法解析, 请检查是否发送了不支持的消息类型
[2025-11-27 18:55:59,918.918] ERROR    [MainThread|MainProcess] API (logger.py:error:134) | NapCatAPIError: 消息体无法解析, 请检查是否发送了不支持的消息类型
[2025-11-27 18:55:59,921.921] ERROR    [MainThread|MainProcess] API (logger.py:error:134) | NapCatAPIError: 消息体无法解析, 请检查是否发送了不支持的消息类型
[2025-11-27 18:55:59,923.923] ERROR    [MainThread|MainProcess] API (logger.py:error:134) | NapCatAPIError: 消息体无法解析, 请检查是否发送了不支持的消息类型
[2025-11-27 18:55:59,926.926] ERROR    [MainThread|MainProcess] API (logger.py:error:134) | NapCatAPIError: 消息体无法解析, 请检查是否发送了不支持的消息类型
[2025-11-27 18:55:59,930.930] ERROR    [MainThread|MainProcess] API (logger.py:error:134) | NapCatAPIError: 消息体无法解析, 请检查是否发送了不支持的消息类型
[2025-11-27 18:55:59,933.933] ERROR    [MainThread|MainProcess] API (logger.py:error:134) | NapCatAPIError: 消息体无法解析, 请检查是否发送了不支持的消息类型
[2025-11-27 18:56:23,475.475] INFO     [MainThread|MainProcess] root (main.py:on_group_message:40) | GroupMessageEvent(sub_type=normal, message_id=78618852, message=[Text(text="尾杀我全连全面掉一堆无语了")], sender=GroupSender({"user_id":"3560799034", "nickname":"飙车酱RacingChan", "card":"", "role":"member"}), group_id=577713202)
[2025-11-27 18:56:23,512.512] ERROR    [MainThread|MainProcess] API (logger.py:error:134) | NapCatAPIError: 消息体无法解析, 请检查是否发送了不支持的消息类型
[2025-11-27 18:56:23,526.526] ERROR    [MainThread|MainProcess] API (logger.py:error:134) | NapCatAPIError: 消息体无法解析, 请检查是否发送了不支持的消息类型
[2025-11-27 18:56:23,548.548] ERROR    [MainThread|MainProcess] API (logger.py:error:134) | NapCatAPIError: 消息体无法解析, 请检查是否发送了不支持的消息类型
[2025-11-27 18:56:23,589.589] ERROR    [MainThread|MainProcess] API (logger.py:error:134) | NapCatAPIError: 消息体无法解析, 请检查是否发送了不支持的消息类型
[2025-11-27 18:56:23,636.636] ERROR    [MainThread|MainProcess] API (logger.py:error:134) | NapCatAPIError: 消息体无法解析, 请检查是否发送了不支持的消息类型
[2025-11-27 18:56:23,669.669] ERROR    [MainThread|MainProcess] API (logger.py:error:134) | NapCatAPIError: 消息体无法解析, 请检查是否发送了不支持的消息类型
[2025-11-27 18:56:23,671.671] ERROR    [MainThread|MainProcess] API (logger.py:error:134) | NapCatAPIError: 消息体无法解析, 请检查是否发送了不支持的消息类型
[2025-11-27 18:56:23,674.674] ERROR    [MainThread|MainProcess] API (logger.py:error:134) | NapCatAPIError: 消息体无法解析, 请检查是否发送了不支持的消息类型
[2025-11-27 18:56:23,677.677] ERROR    [MainThread|MainProcess] API (logger.py:error:134) | NapCatAPIError: 消息体无法解析, 请检查是否发送了不支持的消息类型
[2025-11-27 18:56:23,680.680] ERROR    [MainThread|MainProcess] API (logger.py:error:134) | NapCatAPIError: 消息体无法解析, 请检查是否发送了不支持的消息类型
[2025-11-27 18:56:26,173.173] INFO     [MainThread|MainProcess] root (main.py:on_notice:73) | NoticeEvent(group_id=577713202, user_id=3560799034, message_id=78618852, notice_type=group_recall, operator_id=3560799034)
[2025-11-27 18:56:26,173.173] ERROR    [MainThread|MainProcess] asyncio (base_events.py:default_exception_handler:1758) | Task exception was never retrieved
future: <Task finished name='Task-3203' coro=<on_notice() done, defined at d:\1code\qqbot\main.py:70> exception=KeyError('Invalid key: sub_type.')>
Traceback (most recent call last):
  File "d:\1code\qqbot\main.py", line 83, in on_notice
    if notice["sub_type"] == "poke" and str(notice["target_id"]) == BOT_QQ:
  File "D:\1code\python3.10\lib\site-packages\ncatbot\core\event\event_data.py", line 22, in __getitem__
    raise KeyError(f"Invalid key: {key}.")
KeyError: 'Invalid key: sub_type.'
[2025-11-27 18:56:30,896.896] INFO     [MainThread|MainProcess] root (main.py:on_group_message:40) | GroupMessageEvent(sub_type=normal, message_id=471513942, message=[Text(text="尾杀我全连前面掉一堆无语了")], sender=GroupSender({"user_id":"3560799034", "nickname":"飙车酱RacingChan", "card":"", "role":"member"}), group_id=577713202)
[2025-11-27 18:56:30,901.901] ERROR    [MainThread|MainProcess] API (logger.py:error:134) | NapCatAPIError: 消息体无法解析, 请检查是否发送了不支持的消息类型
[2025-11-27 18:56:30,920.920] ERROR    [MainThread|MainProcess] API (logger.py:error:134) | NapCatAPIError: 消息体无法解析, 请检查是否发送了不支持的消息类型
[2025-11-27 18:56:30,923.923] ERROR    [MainThread|MainProcess] API (logger.py:error:134) | NapCatAPIError: 消息体无法解析, 请检查是否发送了不支持的消息类型
[2025-11-27 18:56:30,927.927] ERROR    [MainThread|MainProcess] API (logger.py:error:134) | NapCatAPIError: 消息体无法解析, 请检查是否发送了不支持的消息类型
[2025-11-27 18:56:30,931.931] ERROR    [MainThread|MainProcess] API (logger.py:error:134) | NapCatAPIError: 消息体无法解析, 请检查是否发送了不支持的消息类型
[2025-11-27 18:56:30,934.934] ERROR    [MainThread|MainProcess] API (logger.py:error:134) | NapCatAPIError: 消息体无法解析, 请检查是否发送了不支持的消息类型
[2025-11-27 18:56:30,938.938] ERROR    [MainThread|MainProcess] API (logger.py:error:134) | NapCatAPIError: 消息体无法解析, 请检查是否发送了不支持的消息类型
[2025-11-27 18:56:30,961.961] ERROR    [MainThread|MainProcess] API (logger.py:error:134) | NapCatAPIError: 消息体无法解析, 请检查是否发送了不支持的消息类型
[2025-11-27 18:56:30,966.966] ERROR    [MainThread|MainProcess] API (logger.py:error:134) | NapCatAPIError: 消息体无法解析, 请检查是否发送了不支持的消息类型
[2025-11-27 18:56:30,969.969] ERROR    [MainThread|MainProcess] API (logger.py:error:134) | NapCatAPIError: 消息体无法解析, 请检查是否发送了不支持的消息类型
[2025-11-27 18:56:43,017.017] INFO     [MainThread|MainProcess] root (main.py:on_group_message:40) | GroupMessageEvent(sub_type=normal, message_id=1008967555, message=[Text(text="比反逆焰难")], sender=GroupSender({"user_id":"3337806907", "nickname":"猫猫不可以rua", "card":"", "role":"member"}), group_id=577713202)
[2025-11-27 18:56:43,023.023] ERROR    [MainThread|MainProcess] API (logger.py:error:134) | NapCatAPIError: 消息体无法解析, 请检查是否发送了不支持的消息类型
[2025-11-27 18:56:43,035.035] ERROR    [MainThread|MainProcess] API (logger.py:error:134) | NapCatAPIError: 消息体无法解析, 请检查是否发送了不支持的消息类型
[2025-11-27 18:56:43,038.038] ERROR    [MainThread|MainProcess] API (logger.py:error:134) | NapCatAPIError: 消息体无法解析, 请检查是否发送了不支持的消息类型
[2025-11-27 18:56:43,041.041] ERROR    [MainThread|MainProcess] API (logger.py:error:134) | NapCatAPIError: 消息体无法解析, 请检查是否发送了不支持的消息类型
[2025-11-27 18:56:43,046.046] ERROR    [MainThread|MainProcess] API (logger.py:error:134) | NapCatAPIError: 消息体无法解析, 请检查是否发送了不支持的消息类型
[2025-11-27 18:56:43,049.049] ERROR    [MainThread|MainProcess] API (logger.py:error:134) | NapCatAPIError: 消息体无法解析, 请检查是否发送了不支持的消息类型
[2025-11-27 18:56:43,052.052] ERROR    [MainThread|MainProcess] API (logger.py:error:134) | NapCatAPIError: 消息体无法解析, 请检查是否发送了不支持的消息类型
[2025-11-27 18:56:43,055.055] ERROR    [MainThread|MainProcess] API (logger.py:error:134) | NapCatAPIError: 消息体无法解析, 请检查是否发送了不支持的消息类型
[2025-11-27 18:56:43,057.057] ERROR    [MainThread|MainProcess] API (logger.py:error:134) | NapCatAPIError: 消息体无法解析, 请检查是否发送了不支持的消息类型
[2025-11-27 18:56:43,060.060] ERROR    [MainThread|MainProcess] API (logger.py:error:134) | NapCatAPIError: 消息体无法解析, 请检查是否发送了不支持的消息类型
[2025-11-27 18:56:44,534.534] INFO     [MainThread|MainProcess] root (main.py:on_group_message:40) | GroupMessageEvent(sub_type=normal, message_id=1927644788, message=[Text(text="（）")], sender=GroupSender({"user_id":"3337806907", "nickname":"猫猫不可以rua", "card":"", "role":"member"}), group_id=577713202)
[2025-11-27 18:56:44,558.558] ERROR    [MainThread|MainProcess] API (logger.py:error:134) | NapCatAPIError: 消息体无法解析, 请检查是否发送了不支持的消息类型
[2025-11-27 18:56:44,561.561] ERROR    [MainThread|MainProcess] API (logger.py:error:134) | NapCatAPIError: 消息体无法解析, 请检查是否发送了不支持的消息类型
[2025-11-27 18:56:44,563.563] ERROR    [MainThread|MainProcess] API (logger.py:error:134) | NapCatAPIError: 消息体无法解析, 请检查是否发送了不支持的消息类型
[2025-11-27 18:56:44,571.571] ERROR    [MainThread|MainProcess] API (logger.py:error:134) | NapCatAPIError: 消息体无法解析, 请检查是否发送了不支持的消息类型
[2025-11-27 18:56:44,583.583] ERROR    [MainThread|MainProcess] API (logger.py:error:134) | NapCatAPIError: 消息体无法解析, 请检查是否发送了不支持的消息类型
[2025-11-27 18:56:44,585.585] ERROR    [MainThread|MainProcess] API (logger.py:error:134) | NapCatAPIError: 消息体无法解析, 请检查是否发送了不支持的消息类型
[2025-11-27 18:56:44,587.587] ERROR    [MainThread|MainProcess] API (logger.py:error:134) | NapCatAPIError: 消息体无法解析, 请检查是否发送了不支持的消息类型
[2025-11-27 18:56:44,589.589] ERROR    [MainThread|MainProcess] API (logger.py:error:134) | NapCatAPIError: 消息体无法解析, 请检查是否发送了不支持的消息类型
[2025-11-27 18:56:44,595.595] ERROR    [MainThread|MainProcess] API (logger.py:error:134) | NapCatAPIError: 消息体无法解析, 请检查是否发送了不支持的消息类型
[2025-11-27 18:56:44,598.598] ERROR    [MainThread|MainProcess] API (logger.py:error:134) | NapCatAPIError: 消息体无法解析, 请检查是否发送了不支持的消息类型
[2025-11-27 19:00:04,960.960] INFO     [MainThread|MainProcess] root (main.py:on_group_message:40) | GroupMessageEvent(sub_type=normal, message_id=1686018073, message=[Image(file="9554A437D89D79B1F1A4EB242B9D374F.jpg", url="https://multimedia.nt.qq.com.cn/download?appid=1407&fileid=EhQYHvLbJEzu8aJmN-N3epAvm-udMxifxw0g_woo2_2_0ZaSkQMyBHByb2RQgL2jAVoQ9dzu11AGlXY_fz6_JA9MKXoC2UiCAQJuag&rkey=CAESMBf_NBveIBm3oWn0xbPcQA_HQCB2YbeZH439SneE8dWG8h4UUrw400NMPKjdOmZ7Ig", file_size="222111", summary="", sub_type=0)], sender=GroupSender({"user_id":"3560799034", "nickname":"飙车酱RacingChan", "card":"", "role":"member"}), group_id=577713202)
[2025-11-27 19:00:04,974.974] ERROR    [MainThread|MainProcess] API (logger.py:error:134) | NapCatAPIError: 消息体无法解析, 请检查是否发送了不支持的消息类型
[2025-11-27 19:00:04,988.988] ERROR    [MainThread|MainProcess] API (logger.py:error:134) | NapCatAPIError: 消息体无法解析, 请检查是否发送了不支持的消息类型
[2025-11-27 19:00:05,000.000] ERROR    [MainThread|MainProcess] API (logger.py:error:134) | NapCatAPIError: 消息体无法解析, 请检查是否发送了不支持的消息类型
[2025-11-27 19:00:05,048.048] ERROR    [MainThread|MainProcess] API (logger.py:error:134) | NapCatAPIError: 消息体无法解析, 请检查是否发送了不支持的消息类型
[2025-11-27 19:00:05,115.115] ERROR    [MainThread|MainProcess] API (logger.py:error:134) | NapCatAPIError: 消息体无法解析, 请检查是否发送了不支持的消息类型
[2025-11-27 19:00:05,160.160] ERROR    [MainThread|MainProcess] API (logger.py:error:134) | NapCatAPIError: 消息体无法解析, 请检查是否发送了不支持的消息类型
[2025-11-27 19:00:05,199.199] ERROR    [MainThread|MainProcess] API (logger.py:error:134) | NapCatAPIError: 消息体无法解析, 请检查是否发送了不支持的消息类型
[2025-11-27 19:00:05,204.204] ERROR    [MainThread|MainProcess] API (logger.py:error:134) | NapCatAPIError: 消息体无法解析, 请检查是否发送了不支持的消息类型
[2025-11-27 19:00:05,206.206] ERROR    [MainThread|MainProcess] API (logger.py:error:134) | NapCatAPIError: 消息体无法解析, 请检查是否发送了不支持的消息类型
[2025-11-27 19:00:05,211.211] ERROR    [MainThread|MainProcess] API (logger.py:error:134) | NapCatAPIError: 消息体无法解析, 请检查是否发送了不支持的消息类型
[2025-11-27 19:00:06,240.240] INFO     [MainThread|MainProcess] root (main.py:on_group_message:40) | GroupMessageEvent(sub_type=normal, message_id=28497493, message=[Text(text="放弃了")], sender=GroupSender({"user_id":"3560799034", "nickname":"飙车酱RacingChan", "card":"", "role":"member"}), group_id=577713202)
[2025-11-27 19:00:06,255.255] ERROR    [MainThread|MainProcess] API (logger.py:error:134) | NapCatAPIError: 消息体无法解析, 请检查是否发送了不支持的消息类型
[2025-11-27 19:00:06,276.276] ERROR    [MainThread|MainProcess] API (logger.py:error:134) | NapCatAPIError: 消息体无法解析, 请检查是否发送了不支持的消息类型
[2025-11-27 19:00:06,292.292] ERROR    [MainThread|MainProcess] API (logger.py:error:134) | NapCatAPIError: 消息体无法解析, 请检查是否发送了不支持的消息类型
[2025-11-27 19:00:06,312.312] ERROR    [MainThread|MainProcess] API (logger.py:error:134) | NapCatAPIError: 消息体无法解析, 请检查是否发送了不支持的消息类型
[2025-11-27 19:00:06,321.321] ERROR    [MainThread|MainProcess] API (logger.py:error:134) | NapCatAPIError: 消息体无法解析, 请检查是否发送了不支持的消息类型
[2025-11-27 19:00:06,323.323] ERROR    [MainThread|MainProcess] API (logger.py:error:134) | NapCatAPIError: 消息体无法解析, 请检查是否发送了不支持的消息类型
[2025-11-27 19:00:06,327.327] ERROR    [MainThread|MainProcess] API (logger.py:error:134) | NapCatAPIError: 消息体无法解析, 请检查是否发送了不支持的消息类型
[2025-11-27 19:00:06,331.331] ERROR    [MainThread|MainProcess] API (logger.py:error:134) | NapCatAPIError: 消息体无法解析, 请检查是否发送了不支持的消息类型
[2025-11-27 19:00:06,334.334] ERROR    [MainThread|MainProcess] API (logger.py:error:134) | NapCatAPIError: 消息体无法解析, 请检查是否发送了不支持的消息类型
[2025-11-27 19:00:06,337.337] ERROR    [MainThread|MainProcess] API (logger.py:error:134) | NapCatAPIError: 消息体无法解析, 请检查是否发送了不支持的消息类型
[2025-11-27 19:00:17,735.735] INFO     [MainThread|MainProcess] root (main.py:on_group_message:40) | GroupMessageEvent(sub_type=normal, message_id=1487226498, message=[Text(text="这首先搁")], sender=GroupSender({"user_id":"3560799034", "nickname":"飙车酱RacingChan", "card":"", "role":"member"}), group_id=577713202)
[2025-11-27 19:00:17,741.741] ERROR    [MainThread|MainProcess] API (logger.py:error:134) | NapCatAPIError: 消息体无法解析, 请检查是否发送了不支持的消息类型
[2025-11-27 19:00:17,747.747] ERROR    [MainThread|MainProcess] API (logger.py:error:134) | NapCatAPIError: 消息体无法解析, 请检查是否发送了不支持的消息类型
[2025-11-27 19:00:17,785.785] ERROR    [MainThread|MainProcess] API (logger.py:error:134) | NapCatAPIError: 消息体无法解析, 请检查是否发送了不支持的消息类型
[2025-11-27 19:00:17,808.808] ERROR    [MainThread|MainProcess] API (logger.py:error:134) | NapCatAPIError: 消息体无法解析, 请检查是否发送了不支持的消息类型
[2025-11-27 19:00:17,810.810] ERROR    [MainThread|MainProcess] API (logger.py:error:134) | NapCatAPIError: 消息体无法解析, 请检查是否发送了不支持的消息类型
[2025-11-27 19:00:17,816.816] ERROR    [MainThread|MainProcess] API (logger.py:error:134) | NapCatAPIError: 消息体无法解析, 请检查是否发送了不支持的消息类型
[2025-11-27 19:00:17,823.823] ERROR    [MainThread|MainProcess] API (logger.py:error:134) | NapCatAPIError: 消息体无法解析, 请检查是否发送了不支持的消息类型
[2025-11-27 19:00:17,826.826] ERROR    [MainThread|MainProcess] API (logger.py:error:134) | NapCatAPIError: 消息体无法解析, 请检查是否发送了不支持的消息类型
[2025-11-27 19:00:17,828.828] ERROR    [MainThread|MainProcess] API (logger.py:error:134) | NapCatAPIError: 消息体无法解析, 请检查是否发送了不支持的消息类型
[2025-11-27 19:00:17,831.831] ERROR    [MainThread|MainProcess] API (logger.py:error:134) | NapCatAPIError: 消息体无法解析, 请检查是否发送了不支持的消息类型
[2025-11-27 19:09:56,321.321] INFO     [MainThread|MainProcess] root (main.py:on_group_message:40) | GroupMessageEvent(sub_type=normal, message_id=1446792688, message=[Json(data="{"app":"com.tencent.miniapp_01","desc":"","view":"view_8C8E89B49BE609866298ADDFF2DBABA4","bizsrc":"","ver":"1.0.0.19","prompt":"[QQ小程序]Milthm自制社区名称","appID":"","sourceName":"","actionData":"","actionData_A":"","sourceUrl":"","meta":{"detail_1":{"appid":"1109833949","appType":0,"title":"群投票统计","desc":"Milthm自制社区名称","icon":"http:\/\/miniapp.gtimg.cn\/public\/appicon\/d9895760f96f1e5ad30aa727e5854f7d_200.jpg","preview":"https:\/\/mmbiz.qpic.cn\/mmbiz_png\/VUTfnrwmSic76X8iciaPAWCJ763QHB4m9DGAuN8rZdJuWDH3LbVA5vNU1x1qZibhIxoibcgtbgCtdGhmOvMgPMheuEg\/0?wx_fmt=png","url":"m.q.qq.com\/a\/s\/46350f92e86f038d88d49356e636e2e7","scene":0,"host":{"uin":2161252115,"nick":"星鸿"},"shareTemplateId":"8C8E89B49BE609866298ADDFF2DBABA4","shareTemplateData":{},"showLittleTail":"","gamePoints":"","gamePointsUrl":"","shareOrigin":2}},"config":{"type":"normal","width":0,"height":0,"forward":1,"autoSize":0,"ctime":1764241789,"token":"d9fe5d46e8c5b20024888e1ee461b9b1"},"text":"","extraApps":[],"sourceAd":"","extra":""}")], sender=GroupSender({"user_id":"2161252115", "nickname":"星鸿", "card":"", "role":"admin"}), group_id=621893711)
[2025-11-27 19:09:56,329.329] ERROR    [MainThread|MainProcess] API (logger.py:error:134) | NapCatAPIError: 消息体无法解析, 请检查是否发送了不支持的消息类型
[2025-11-27 19:09:56,352.352] ERROR    [MainThread|MainProcess] API (logger.py:error:134) | NapCatAPIError: 消息体无法解析, 请检查是否发送了不支持的消息类型
[2025-11-27 19:09:56,390.390] ERROR    [MainThread|MainProcess] API (logger.py:error:134) | NapCatAPIError: 消息体无法解析, 请检查是否发送了不支持的消息类型
[2025-11-27 19:09:56,396.396] ERROR    [MainThread|MainProcess] API (logger.py:error:134) | NapCatAPIError: 消息体无法解析, 请检查是否发送了不支持的消息类型
[2025-11-27 19:09:56,498.498] ERROR    [MainThread|MainProcess] API (logger.py:error:134) | NapCatAPIError: 消息体无法解析, 请检查是否发送了不支持的消息类型
[2025-11-27 19:09:56,510.510] ERROR    [MainThread|MainProcess] API (logger.py:error:134) | NapCatAPIError: 消息体无法解析, 请检查是否发送了不支持的消息类型
[2025-11-27 19:09:56,516.516] ERROR    [MainThread|MainProcess] API (logger.py:error:134) | NapCatAPIError: 消息体无法解析, 请检查是否发送了不支持的消息类型
[2025-11-27 19:09:56,520.520] ERROR    [MainThread|MainProcess] API (logger.py:error:134) | NapCatAPIError: 消息体无法解析, 请检查是否发送了不支持的消息类型
[2025-11-27 19:09:56,523.523] ERROR    [MainThread|MainProcess] API (logger.py:error:134) | NapCatAPIError: 消息体无法解析, 请检查是否发送了不支持的消息类型
[2025-11-27 19:09:56,525.525] ERROR    [MainThread|MainProcess] API (logger.py:error:134) | NapCatAPIError: 消息体无法解析, 请检查是否发送了不支持的消息类型
[2025-11-27 19:11:32,770.770] INFO     [MainThread|MainProcess] root (main.py:on_group_message:40) | GroupMessageEvent(sub_type=normal, message_id=1838451873, message=[Text(text="根据收集结果，选定了四个名称，可以来投票uwu")], sender=GroupSender({"user_id":"2161252115", "nickname":"星鸿", "card":"", "role":"admin"}), group_id=621893711)
[2025-11-27 19:11:32,779.779] ERROR    [MainThread|MainProcess] API (logger.py:error:134) | NapCatAPIError: 消息体无法解析, 请检查是否发送了不支持的消息类型
[2025-11-27 19:11:32,804.804] ERROR    [MainThread|MainProcess] API (logger.py:error:134) | NapCatAPIError: 消息体无法解析, 请检查是否发送了不支持的消息类型
[2025-11-27 19:11:32,811.811] ERROR    [MainThread|MainProcess] API (logger.py:error:134) | NapCatAPIError: 消息体无法解析, 请检查是否发送了不支持的消息类型
[2025-11-27 19:11:32,823.823] ERROR    [MainThread|MainProcess] API (logger.py:error:134) | NapCatAPIError: 消息体无法解析, 请检查是否发送了不支持的消息类型
[2025-11-27 19:11:32,846.846] ERROR    [MainThread|MainProcess] API (logger.py:error:134) | NapCatAPIError: 消息体无法解析, 请检查是否发送了不支持的消息类型
[2025-11-27 19:11:32,850.850] ERROR    [MainThread|MainProcess] API (logger.py:error:134) | NapCatAPIError: 消息体无法解析, 请检查是否发送了不支持的消息类型
[2025-11-27 19:11:32,853.853] ERROR    [MainThread|MainProcess] API (logger.py:error:134) | NapCatAPIError: 消息体无法解析, 请检查是否发送了不支持的消息类型
[2025-11-27 19:11:32,856.856] ERROR    [MainThread|MainProcess] API (logger.py:error:134) | NapCatAPIError: 消息体无法解析, 请检查是否发送了不支持的消息类型
[2025-11-27 19:11:32,862.862] ERROR    [MainThread|MainProcess] API (logger.py:error:134) | NapCatAPIError: 消息体无法解析, 请检查是否发送了不支持的消息类型
[2025-11-27 19:11:32,865.865] ERROR    [MainThread|MainProcess] API (logger.py:error:134) | NapCatAPIError: 消息体无法解析, 请检查是否发送了不支持的消息类型
[2025-11-27 19:11:40,905.905] INFO     [MainThread|MainProcess] root (main.py:on_group_message:40) | GroupMessageEvent(sub_type=normal, message_id=772241721, message=[AtAll(), Text(text=" ")], sender=GroupSender({"user_id":"2161252115", "nickname":"星鸿", "card":"", "role":"admin"}), group_id=621893711)
[2025-11-27 19:11:40,915.915] ERROR    [MainThread|MainProcess] API (logger.py:error:134) | NapCatAPIError: 消息体无法解析, 请检查是否发送了不支持的消息类型
[2025-11-27 19:11:40,935.935] ERROR    [MainThread|MainProcess] API (logger.py:error:134) | NapCatAPIError: 消息体无法解析, 请检查是否发送了不支持的消息类型
[2025-11-27 19:11:40,949.949] ERROR    [MainThread|MainProcess] API (logger.py:error:134) | NapCatAPIError: 消息体无法解析, 请检查是否发送了不支持的消息类型
[2025-11-27 19:11:40,955.955] ERROR    [MainThread|MainProcess] API (logger.py:error:134) | NapCatAPIError: 消息体无法解析, 请检查是否发送了不支持的消息类型
[2025-11-27 19:11:40,978.978] ERROR    [MainThread|MainProcess] API (logger.py:error:134) | NapCatAPIError: 消息体无法解析, 请检查是否发送了不支持的消息类型
[2025-11-27 19:11:40,984.984] ERROR    [MainThread|MainProcess] API (logger.py:error:134) | NapCatAPIError: 消息体无法解析, 请检查是否发送了不支持的消息类型
[2025-11-27 19:11:40,986.986] ERROR    [MainThread|MainProcess] API (logger.py:error:134) | NapCatAPIError: 消息体无法解析, 请检查是否发送了不支持的消息类型
[2025-11-27 19:11:40,990.990] ERROR    [MainThread|MainProcess] API (logger.py:error:134) | NapCatAPIError: 消息体无法解析, 请检查是否发送了不支持的消息类型
[2025-11-27 19:11:40,995.995] ERROR    [MainThread|MainProcess] API (logger.py:error:134) | NapCatAPIError: 消息体无法解析, 请检查是否发送了不支持的消息类型
[2025-11-27 19:11:40,999.999] ERROR    [MainThread|MainProcess] API (logger.py:error:134) | NapCatAPIError: 消息体无法解析, 请检查是否发送了不支持的消息类型
[2025-11-27 19:11:41,536.536] INFO     [MainThread|MainProcess] root (main.py:on_group_message:40) | GroupMessageEvent(sub_type=normal, message_id=839613161, message=[Image(file="4f-4fa92ac2449fa507d17a479185fa5d0b.gif", url="https://gxh.vip.qq.com/club/item/parcel/item/4f/4fa92ac2449fa507d17a479185fa5d0b/raw300.gif", summary="[花花]", sub_type=0)], sender=GroupSender({"user_id":"2161252115", "nickname":"星鸿", "card":"", "role":"admin"}), group_id=621893711)
[2025-11-27 19:11:41,541.541] ERROR    [MainThread|MainProcess] API (logger.py:error:134) | NapCatAPIError: 消息体无法解析, 请检查是否发送了不支持的消息类型
[2025-11-27 19:11:41,554.554] ERROR    [MainThread|MainProcess] API (logger.py:error:134) | NapCatAPIError: 消息体无法解析, 请检查是否发送了不支持的消息类型
[2025-11-27 19:11:41,556.556] ERROR    [MainThread|MainProcess] API (logger.py:error:134) | NapCatAPIError: 消息体无法解析, 请检查是否发送了不支持的消息类型
[2025-11-27 19:11:41,559.559] ERROR    [MainThread|MainProcess] API (logger.py:error:134) | NapCatAPIError: 消息体无法解析, 请检查是否发送了不支持的消息类型
[2025-11-27 19:11:41,574.574] ERROR    [MainThread|MainProcess] API (logger.py:error:134) | NapCatAPIError: 消息体无法解析, 请检查是否发送了不支持的消息类型
[2025-11-27 19:11:41,579.579] ERROR    [MainThread|MainProcess] API (logger.py:error:134) | NapCatAPIError: 消息体无法解析, 请检查是否发送了不支持的消息类型
[2025-11-27 19:11:41,581.581] ERROR    [MainThread|MainProcess] API (logger.py:error:134) | NapCatAPIError: 消息体无法解析, 请检查是否发送了不支持的消息类型
[2025-11-27 19:11:41,592.592] ERROR    [MainThread|MainProcess] API (logger.py:error:134) | NapCatAPIError: 消息体无法解析, 请检查是否发送了不支持的消息类型
[2025-11-27 19:11:41,603.603] ERROR    [MainThread|MainProcess] API (logger.py:error:134) | NapCatAPIError: 消息体无法解析, 请检查是否发送了不支持的消息类型
[2025-11-27 19:11:41,605.605] ERROR    [MainThread|MainProcess] API (logger.py:error:134) | NapCatAPIError: 消息体无法解析, 请检查是否发送了不支持的消息类型
[2025-11-27 19:12:23,644.644] INFO     [MainThread|MainProcess] root (main.py:on_group_message:40) | GroupMessageEvent(sub_type=normal, message_id=1570534075, message=[Text(text="投了四号")], sender=GroupSender({"user_id":"1623441479", "nickname":"TKH", "card":"", "role":"member"}), group_id=621893711)
[2025-11-27 19:12:23,650.650] ERROR    [MainThread|MainProcess] API (logger.py:error:134) | NapCatAPIError: 消息体无法解析, 请检查是否发送了不支持的消息类型
[2025-11-27 19:12:23,666.666] ERROR    [MainThread|MainProcess] API (logger.py:error:134) | NapCatAPIError: 消息体无法解析, 请检查是否发送了不支持的消息类型
[2025-11-27 19:12:23,669.669] ERROR    [MainThread|MainProcess] API (logger.py:error:134) | NapCatAPIError: 消息体无法解析, 请检查是否发送了不支持的消息类型
[2025-11-27 19:12:23,672.672] ERROR    [MainThread|MainProcess] API (logger.py:error:134) | NapCatAPIError: 消息体无法解析, 请检查是否发送了不支持的消息类型
[2025-11-27 19:12:23,674.674] ERROR    [MainThread|MainProcess] API (logger.py:error:134) | NapCatAPIError: 消息体无法解析, 请检查是否发送了不支持的消息类型
[2025-11-27 19:12:23,677.677] ERROR    [MainThread|MainProcess] API (logger.py:error:134) | NapCatAPIError: 消息体无法解析, 请检查是否发送了不支持的消息类型
[2025-11-27 19:12:23,679.679] ERROR    [MainThread|MainProcess] API (logger.py:error:134) | NapCatAPIError: 消息体无法解析, 请检查是否发送了不支持的消息类型
[2025-11-27 19:12:23,682.682] ERROR    [MainThread|MainProcess] API (logger.py:error:134) | NapCatAPIError: 消息体无法解析, 请检查是否发送了不支持的消息类型
[2025-11-27 19:12:23,685.685] ERROR    [MainThread|MainProcess] API (logger.py:error:134) | NapCatAPIError: 消息体无法解析, 请检查是否发送了不支持的消息类型
[2025-11-27 19:12:23,687.687] ERROR    [MainThread|MainProcess] API (logger.py:error:134) | NapCatAPIError: 消息体无法解析, 请检查是否发送了不支持的消息类型
[2025-11-27 19:13:54,806.806] INFO     [MainThread|MainProcess] root (main.py:on_group_message:40) | GroupMessageEvent(sub_type=normal, message_id=151385303, message=[Image(file="E838559670AF85C1E0F90A33F6A818E7.jpg", url="https://multimedia.nt.qq.com.cn/download?appid=1407&fileid=EhROvha5s2R7Y26CaA0w7n20hUG6IBjU1xgg_woo7ey03ZmSkQMyBHByb2RQgL2jAVoQucISinVdI19VbnD4v32813oCYS6CAQJuag&rkey=CAESMBf_NBveIBm3oWn0xbPcQA_HQCB2YbeZH439SneE8dWG8h4UUrw400NMPKjdOmZ7Ig", file_size="404436", summary="", sub_type=0)], sender=GroupSender({"user_id":"3800907852", "nickname":"深海𝔻𝕖𝕖𝕡𝕊𝕖𝕒", "card":"", "role":"member"}), group_id=1061413302)
[2025-11-27 19:13:54,811.811] ERROR    [MainThread|MainProcess] API (logger.py:error:134) | NapCatAPIError: 消息体无法解析, 请检查是否发送了不支持的消息类型
[2025-11-27 19:13:54,843.843] ERROR    [MainThread|MainProcess] API (logger.py:error:134) | NapCatAPIError: 消息体无法解析, 请检查是否发送了不支持的消息类型
[2025-11-27 19:13:54,846.846] ERROR    [MainThread|MainProcess] API (logger.py:error:134) | NapCatAPIError: 消息体无法解析, 请检查是否发送了不支持的消息类型
[2025-11-27 19:13:54,867.867] ERROR    [MainThread|MainProcess] API (logger.py:error:134) | NapCatAPIError: 消息体无法解析, 请检查是否发送了不支持的消息类型
[2025-11-27 19:13:54,877.877] ERROR    [MainThread|MainProcess] API (logger.py:error:134) | NapCatAPIError: 消息体无法解析, 请检查是否发送了不支持的消息类型
[2025-11-27 19:13:54,879.879] ERROR    [MainThread|MainProcess] API (logger.py:error:134) | NapCatAPIError: 消息体无法解析, 请检查是否发送了不支持的消息类型
[2025-11-27 19:13:54,889.889] ERROR    [MainThread|MainProcess] API (logger.py:error:134) | NapCatAPIError: 消息体无法解析, 请检查是否发送了不支持的消息类型
[2025-11-27 19:13:54,892.892] ERROR    [MainThread|MainProcess] API (logger.py:error:134) | NapCatAPIError: 消息体无法解析, 请检查是否发送了不支持的消息类型
[2025-11-27 19:13:54,895.895] ERROR    [MainThread|MainProcess] API (logger.py:error:134) | NapCatAPIError: 消息体无法解析, 请检查是否发送了不支持的消息类型
[2025-11-27 19:13:54,898.898] ERROR    [MainThread|MainProcess] API (logger.py:error:134) | NapCatAPIError: 消息体无法解析, 请检查是否发送了不支持的消息类型
[2025-11-27 19:14:13,189.189] INFO     [MainThread|MainProcess] root (main.py:on_group_message:40) | GroupMessageEvent(sub_type=normal, message_id=1926981438, message=[Image(file="A18C47E244E91E84D2C7FDEDCF8A7C60.jpg", url="https://multimedia.nt.qq.com.cn/download?appid=1407&fileid=EhTLZ_KNcDbI2yRQ86lzalJf_FDbbBj6AyD_Cijw4ZzmmZKRAzIEcHJvZFCAvaMBWhDgBSsN2yhENc1XBp6eCtaIegKd1IIBAm5q&rkey=CAESMBf_NBveIBm3oWn0xbPcQA_HQCB2YbeZH439SneE8dWG8h4UUrw400NMPKjdOmZ7Ig", file_size="506", summary="[动画表情]", sub_type=1)], sender=GroupSender({"user_id":"2870471753", "nickname":"Nirotire", "card":"", "role":"member"}), group_id=621893711)
[2025-11-27 19:14:13,238.238] ERROR    [MainThread|MainProcess] API (logger.py:error:134) | NapCatAPIError: 消息体无法解析, 请检查是否发送了不支持的消息类型
[2025-11-27 19:14:13,319.319] ERROR    [MainThread|MainProcess] API (logger.py:error:134) | NapCatAPIError: 消息体无法解析, 请检查是否发送了不支持的消息类型
[2025-11-27 19:14:13,348.348] ERROR    [MainThread|MainProcess] API (logger.py:error:134) | NapCatAPIError: 消息体无法解析, 请检查是否发送了不支持的消息类型
[2025-11-27 19:14:13,361.361] ERROR    [MainThread|MainProcess] API (logger.py:error:134) | NapCatAPIError: 消息体无法解析, 请检查是否发送了不支持的消息类型
[2025-11-27 19:14:13,365.365] ERROR    [MainThread|MainProcess] API (logger.py:error:134) | NapCatAPIError: 消息体无法解析, 请检查是否发送了不支持的消息类型
[2025-11-27 19:14:13,367.367] ERROR    [MainThread|MainProcess] API (logger.py:error:134) | NapCatAPIError: 消息体无法解析, 请检查是否发送了不支持的消息类型
[2025-11-27 19:14:13,373.373] ERROR    [MainThread|MainProcess] API (logger.py:error:134) | NapCatAPIError: 消息体无法解析, 请检查是否发送了不支持的消息类型
[2025-11-27 19:14:13,376.376] ERROR    [MainThread|MainProcess] API (logger.py:error:134) | NapCatAPIError: 消息体无法解析, 请检查是否发送了不支持的消息类型
[2025-11-27 19:14:13,378.378] ERROR    [MainThread|MainProcess] API (logger.py:error:134) | NapCatAPIError: 消息体无法解析, 请检查是否发送了不支持的消息类型
[2025-11-27 19:14:13,380.380] ERROR    [MainThread|MainProcess] API (logger.py:error:134) | NapCatAPIError: 消息体无法解析, 请检查是否发送了不支持的消息类型
[2025-11-27 19:14:30,673.673] INFO     [MainThread|MainProcess] root (main.py:on_group_message:40) | GroupMessageEvent(sub_type=normal, message_id=686067950, message=[Text(text="1和4合规吗(？")], sender=GroupSender({"user_id":"2870471753", "nickname":"Nirotire", "card":"", "role":"member"}), group_id=621893711)
[2025-11-27 19:14:30,683.683] ERROR    [MainThread|MainProcess] API (logger.py:error:134) | NapCatAPIError: 消息体无法解析, 请检查是否发送了不支持的消息类型
[2025-11-27 19:14:31,307.307] ERROR    [MainThread|MainProcess] API (logger.py:error:134) | NapCatAPIError: 消息体无法解析, 请检查是否发送了不支持的消息类型
[2025-11-27 19:14:31,333.333] ERROR    [MainThread|MainProcess] API (logger.py:error:134) | NapCatAPIError: 消息体无法解析, 请检查是否发送了不支持的消息类型
[2025-11-27 19:14:31,391.391] ERROR    [MainThread|MainProcess] API (logger.py:error:134) | NapCatAPIError: 消息体无法解析, 请检查是否发送了不支持的消息类型
[2025-11-27 19:14:31,454.454] ERROR    [MainThread|MainProcess] API (logger.py:error:134) | NapCatAPIError: 消息体无法解析, 请检查是否发送了不支持的消息类型
[2025-11-27 19:14:31,479.479] ERROR    [MainThread|MainProcess] API (logger.py:error:134) | NapCatAPIError: 消息体无法解析, 请检查是否发送了不支持的消息类型
[2025-11-27 19:14:31,483.483] ERROR    [MainThread|MainProcess] API (logger.py:error:134) | NapCatAPIError: 消息体无法解析, 请检查是否发送了不支持的消息类型
[2025-11-27 19:14:31,485.485] ERROR    [MainThread|MainProcess] API (logger.py:error:134) | NapCatAPIError: 消息体无法解析, 请检查是否发送了不支持的消息类型
[2025-11-27 19:14:31,488.488] ERROR    [MainThread|MainProcess] API (logger.py:error:134) | NapCatAPIError: 消息体无法解析, 请检查是否发送了不支持的消息类型
[2025-11-27 19:14:54,789.789] INFO     [MainThread|MainProcess] root (main.py:on_group_message:40) | GroupMessageEvent(sub_type=normal, message_id=1249033791, message=[Text(text="投的2）")], sender=GroupSender({"user_id":"2450382239", "nickname":"ॣ归梦ॣ", "card":"归梦", "role":"member"}), group_id=621893711)
[2025-11-27 19:14:54,818.818] ERROR    [MainThread|MainProcess] API (logger.py:error:134) | NapCatAPIError: 消息体无法解析, 请检查是否发送了不支持的消息类型
[2025-11-27 19:14:54,820.820] ERROR    [MainThread|MainProcess] API (logger.py:error:134) | NapCatAPIError: 消息体无法解析, 请检查是否发送了不支持的消息类型
[2025-11-27 19:14:54,823.823] ERROR    [MainThread|MainProcess] API (logger.py:error:134) | NapCatAPIError: 消息体无法解析, 请检查是否发送了不支持的消息类型
[2025-11-27 19:14:54,826.826] ERROR    [MainThread|MainProcess] API (logger.py:error:134) | NapCatAPIError: 消息体无法解析, 请检查是否发送了不支持的消息类型
[2025-11-27 19:14:54,829.829] ERROR    [MainThread|MainProcess] API (logger.py:error:134) | NapCatAPIError: 消息体无法解析, 请检查是否发送了不支持的消息类型
[2025-11-27 19:14:54,831.831] ERROR    [MainThread|MainProcess] API (logger.py:error:134) | NapCatAPIError: 消息体无法解析, 请检查是否发送了不支持的消息类型
[2025-11-27 19:14:54,833.833] ERROR    [MainThread|MainProcess] API (logger.py:error:134) | NapCatAPIError: 消息体无法解析, 请检查是否发送了不支持的消息类型
[2025-11-27 19:14:54,878.878] ERROR    [MainThread|MainProcess] API (logger.py:error:134) | NapCatAPIError: 消息体无法解析, 请检查是否发送了不支持的消息类型
[2025-11-27 19:14:54,879.879] ERROR    [MainThread|MainProcess] API (logger.py:error:134) | NapCatAPIError: 消息体无法解析, 请检查是否发送了不支持的消息类型
[2025-11-27 19:14:54,911.911] ERROR    [MainThread|MainProcess] API (logger.py:error:134) | NapCatAPIError: 消息体无法解析, 请检查是否发送了不支持的消息类型
[2025-11-27 19:15:10,296.296] INFO     [MainThread|MainProcess] root (main.py:on_group_message:40) | GroupMessageEvent(sub_type=normal, message_id=1098837454, message=[Image(file="7CF66FE3219D12992F7AC575C3C0A57E.jpg", url="https://multimedia.nt.qq.com.cn/download?appid=1407&fileid=EhSi1HPr0RHIniHOofTqgCfdsFm-qBiqhXUg_woo2vq_gZqSkQMyBHByb2RQgL2jAVoQqGrRznH3Ja0yjKGbkLwwlHoCUWqCAQJneg&rkey=CAQSMGrX8szTd2fChFaop6jlxTqP70ma9lU6S9WCySY9hY_U5whXcytus2KuOFuytLJAIg", file_size="1917610", summary="[动画表情]", sub_type=1)], sender=GroupSender({"user_id":"2624753413", "nickname":"长夜", "card":"", "role":"member"}), group_id=621893711)
[2025-11-27 19:15:10,302.302] ERROR    [MainThread|MainProcess] API (logger.py:error:134) | NapCatAPIError: 消息体无法解析, 请检查是否发送了不支持的消息类型
[2025-11-27 19:15:10,306.306] ERROR    [MainThread|MainProcess] API (logger.py:error:134) | NapCatAPIError: 消息体无法解析, 请检查是否发送了不支持的消息类型
[2025-11-27 19:15:10,317.317] ERROR    [MainThread|MainProcess] API (logger.py:error:134) | NapCatAPIError: 消息体无法解析, 请检查是否发送了不支持的消息类型
[2025-11-27 19:15:10,320.320] ERROR    [MainThread|MainProcess] API (logger.py:error:134) | NapCatAPIError: 消息体无法解析, 请检查是否发送了不支持的消息类型
[2025-11-27 19:15:10,322.322] ERROR    [MainThread|MainProcess] API (logger.py:error:134) | NapCatAPIError: 消息体无法解析, 请检查是否发送了不支持的消息类型
[2025-11-27 19:15:10,325.325] ERROR    [MainThread|MainProcess] API (logger.py:error:134) | NapCatAPIError: 消息体无法解析, 请检查是否发送了不支持的消息类型
[2025-11-27 19:15:10,328.328] ERROR    [MainThread|MainProcess] API (logger.py:error:134) | NapCatAPIError: 消息体无法解析, 请检查是否发送了不支持的消息类型
[2025-11-27 19:15:10,330.330] ERROR    [MainThread|MainProcess] API (logger.py:error:134) | NapCatAPIError: 消息体无法解析, 请检查是否发送了不支持的消息类型
[2025-11-27 19:15:10,333.333] ERROR    [MainThread|MainProcess] API (logger.py:error:134) | NapCatAPIError: 消息体无法解析, 请检查是否发送了不支持的消息类型
[2025-11-27 19:15:10,335.335] ERROR    [MainThread|MainProcess] API (logger.py:error:134) | NapCatAPIError: 消息体无法解析, 请检查是否发送了不支持的消息类型
[2025-11-27 19:15:16,560.560] INFO     [MainThread|MainProcess] root (main.py:on_group_message:40) | GroupMessageEvent(sub_type=normal, message_id=1163194898, message=[Text(text="感觉2拼起来自然一点")], sender=GroupSender({"user_id":"2955370273", "nickname":"qaqFei", "card":"", "role":"owner"}), group_id=621893711)
[2025-11-27 19:15:16,569.569] ERROR    [MainThread|MainProcess] API (logger.py:error:134) | NapCatAPIError: 消息体无法解析, 请检查是否发送了不支持的消息类型
[2025-11-27 19:15:16,582.582] ERROR    [MainThread|MainProcess] API (logger.py:error:134) | NapCatAPIError: 消息体无法解析, 请检查是否发送了不支持的消息类型
[2025-11-27 19:15:16,587.587] ERROR    [MainThread|MainProcess] API (logger.py:error:134) | NapCatAPIError: 消息体无法解析, 请检查是否发送了不支持的消息类型
[2025-11-27 19:15:16,596.596] ERROR    [MainThread|MainProcess] API (logger.py:error:134) | NapCatAPIError: 消息体无法解析, 请检查是否发送了不支持的消息类型
[2025-11-27 19:15:16,602.602] ERROR    [MainThread|MainProcess] API (logger.py:error:134) | NapCatAPIError: 消息体无法解析, 请检查是否发送了不支持的消息类型
[2025-11-27 19:15:16,604.604] ERROR    [MainThread|MainProcess] API (logger.py:error:134) | NapCatAPIError: 消息体无法解析, 请检查是否发送了不支持的消息类型
[2025-11-27 19:15:16,646.646] ERROR    [MainThread|MainProcess] API (logger.py:error:134) | NapCatAPIError: 消息体无法解析, 请检查是否发送了不支持的消息类型
[2025-11-27 19:15:16,650.650] ERROR    [MainThread|MainProcess] API (logger.py:error:134) | NapCatAPIError: 消息体无法解析, 请检查是否发送了不支持的消息类型
[2025-11-27 19:15:16,652.652] ERROR    [MainThread|MainProcess] API (logger.py:error:134) | NapCatAPIError: 消息体无法解析, 请检查是否发送了不支持的消息类型
[2025-11-27 19:15:16,655.655] ERROR    [MainThread|MainProcess] API (logger.py:error:134) | NapCatAPIError: 消息体无法解析, 请检查是否发送了不支持的消息类型
[2025-11-27 19:15:19,310.310] INFO     [MainThread|MainProcess] root (main.py:on_group_message:40) | GroupMessageEvent(sub_type=normal, message_id=1699186433, message=[Text(text="哦顺序")], sender=GroupSender({"user_id":"2870471753", "nickname":"Nirotire", "card":"", "role":"member"}), group_id=621893711)
[2025-11-27 19:15:19,315.315] ERROR    [MainThread|MainProcess] API (logger.py:error:134) | NapCatAPIError: 消息体无法解析, 请检查是否发送了不支持的消息类型
[2025-11-27 19:15:19,328.328] ERROR    [MainThread|MainProcess] API (logger.py:error:134) | NapCatAPIError: 消息体无法解析, 请检查是否发送了不支持的消息类型
[2025-11-27 19:15:19,338.338] ERROR    [MainThread|MainProcess] API (logger.py:error:134) | NapCatAPIError: 消息体无法解析, 请检查是否发送了不支持的消息类型
[2025-11-27 19:15:19,345.345] ERROR    [MainThread|MainProcess] API (logger.py:error:134) | NapCatAPIError: 消息体无法解析, 请检查是否发送了不支持的消息类型
[2025-11-27 19:15:19,377.377] ERROR    [MainThread|MainProcess] API (logger.py:error:134) | NapCatAPIError: 消息体无法解析, 请检查是否发送了不支持的消息类型
[2025-11-27 19:15:19,404.404] ERROR    [MainThread|MainProcess] API (logger.py:error:134) | NapCatAPIError: 消息体无法解析, 请检查是否发送了不支持的消息类型
[2025-11-27 19:15:19,412.412] ERROR    [MainThread|MainProcess] API (logger.py:error:134) | NapCatAPIError: 消息体无法解析, 请检查是否发送了不支持的消息类型
[2025-11-27 19:15:19,417.417] ERROR    [MainThread|MainProcess] API (logger.py:error:134) | NapCatAPIError: 消息体无法解析, 请检查是否发送了不支持的消息类型
[2025-11-27 19:15:19,421.421] ERROR    [MainThread|MainProcess] API (logger.py:error:134) | NapCatAPIError: 消息体无法解析, 请检查是否发送了不支持的消息类型
[2025-11-27 19:15:19,423.423] ERROR    [MainThread|MainProcess] API (logger.py:error:134) | NapCatAPIError: 消息体无法解析, 请检查是否发送了不支持的消息类型
[2025-11-27 19:15:20,129.129] INFO     [MainThread|MainProcess] root (main.py:on_group_message:40) | GroupMessageEvent(sub_type=normal, message_id=48706199, message=[Reply(id="686067950"), At(qq="2870471753"), Text(text=" 不能用嘛")], sender=GroupSender({"user_id":"2161252115", "nickname":"星鸿", "card":"", "role":"admin"}), group_id=621893711)
[2025-11-27 19:15:20,138.138] ERROR    [MainThread|MainProcess] API (logger.py:error:134) | NapCatAPIError: 消息体无法解析, 请检查是否发送了不支持的消息类型
[2025-11-27 19:15:20,176.176] ERROR    [MainThread|MainProcess] API (logger.py:error:134) | NapCatAPIError: 消息体无法解析, 请检查是否发送了不支持的消息类型
[2025-11-27 19:15:20,223.223] ERROR    [MainThread|MainProcess] API (logger.py:error:134) | NapCatAPIError: 消息体无法解析, 请检查是否发送了不支持的消息类型
[2025-11-27 19:15:20,231.231] ERROR    [MainThread|MainProcess] API (logger.py:error:134) | NapCatAPIError: 消息体无法解析, 请检查是否发送了不支持的消息类型
[2025-11-27 19:15:20,240.240] ERROR    [MainThread|MainProcess] API (logger.py:error:134) | NapCatAPIError: 消息体无法解析, 请检查是否发送了不支持的消息类型
[2025-11-27 19:15:20,243.243] ERROR    [MainThread|MainProcess] API (logger.py:error:134) | NapCatAPIError: 消息体无法解析, 请检查是否发送了不支持的消息类型
[2025-11-27 19:15:20,247.247] ERROR    [MainThread|MainProcess] API (logger.py:error:134) | NapCatAPIError: 消息体无法解析, 请检查是否发送了不支持的消息类型
[2025-11-27 19:15:20,251.251] ERROR    [MainThread|MainProcess] API (logger.py:error:134) | NapCatAPIError: 消息体无法解析, 请检查是否发送了不支持的消息类型
[2025-11-27 19:15:20,254.254] ERROR    [MainThread|MainProcess] API (logger.py:error:134) | NapCatAPIError: 消息体无法解析, 请检查是否发送了不支持的消息类型
[2025-11-27 19:15:20,256.256] ERROR    [MainThread|MainProcess] API (logger.py:error:134) | NapCatAPIError: 消息体无法解析, 请检查是否发送了不支持的消息类型
[2025-11-27 19:15:23,616.616] INFO     [MainThread|MainProcess] root (main.py:on_group_message:40) | GroupMessageEvent(sub_type=normal, message_id=922546405, message=[Text(text="顺序水里")], sender=GroupSender({"user_id":"2870471753", "nickname":"Nirotire", "card":"", "role":"member"}), group_id=621893711)
[2025-11-27 19:15:23,621.621] ERROR    [MainThread|MainProcess] API (logger.py:error:134) | NapCatAPIError: 消息体无法解析, 请检查是否发送了不支持的消息类型
[2025-11-27 19:15:23,636.636] ERROR    [MainThread|MainProcess] API (logger.py:error:134) | NapCatAPIError: 消息体无法解析, 请检查是否发送了不支持的消息类型
[2025-11-27 19:15:23,651.651] ERROR    [MainThread|MainProcess] API (logger.py:error:134) | NapCatAPIError: 消息体无法解析, 请检查是否发送了不支持的消息类型
[2025-11-27 19:15:23,658.658] ERROR    [MainThread|MainProcess] API (logger.py:error:134) | NapCatAPIError: 消息体无法解析, 请检查是否发送了不支持的消息类型
[2025-11-27 19:15:23,687.687] ERROR    [MainThread|MainProcess] API (logger.py:error:134) | NapCatAPIError: 消息体无法解析, 请检查是否发送了不支持的消息类型
[2025-11-27 19:15:23,699.699] ERROR    [MainThread|MainProcess] API (logger.py:error:134) | NapCatAPIError: 消息体无法解析, 请检查是否发送了不支持的消息类型
[2025-11-27 19:15:23,704.704] ERROR    [MainThread|MainProcess] API (logger.py:error:134) | NapCatAPIError: 消息体无法解析, 请检查是否发送了不支持的消息类型
[2025-11-27 19:15:23,709.709] ERROR    [MainThread|MainProcess] API (logger.py:error:134) | NapCatAPIError: 消息体无法解析, 请检查是否发送了不支持的消息类型
[2025-11-27 19:15:23,712.712] ERROR    [MainThread|MainProcess] API (logger.py:error:134) | NapCatAPIError: 消息体无法解析, 请检查是否发送了不支持的消息类型
[2025-11-27 19:15:23,714.714] ERROR    [MainThread|MainProcess] API (logger.py:error:134) | NapCatAPIError: 消息体无法解析, 请检查是否发送了不支持的消息类型
[2025-11-27 19:15:25,119.119] INFO     [MainThread|MainProcess] root (main.py:on_group_message:40) | GroupMessageEvent(sub_type=normal, message_id=2008069476, message=[Image(file="a0-a0809db464bc028331385f8ef1def391.gif", url="https://gxh.vip.qq.com/club/item/parcel/item/a0/a0809db464bc028331385f8ef1def391/raw300.gif", summary="[偷看]", sub_type=0)], sender=GroupSender({"user_id":"2161252115", "nickname":"星鸿", "card":"", "role":"admin"}), group_id=621893711)
[2025-11-27 19:15:25,124.124] ERROR    [MainThread|MainProcess] API (logger.py:error:134) | NapCatAPIError: 消息体无法解析, 请检查是否发送了不支持的消息类型
[2025-11-27 19:15:25,139.139] ERROR    [MainThread|MainProcess] API (logger.py:error:134) | NapCatAPIError: 消息体无法解析, 请检查是否发送了不支持的消息类型
[2025-11-27 19:15:25,141.141] ERROR    [MainThread|MainProcess] API (logger.py:error:134) | NapCatAPIError: 消息体无法解析, 请检查是否发送了不支持的消息类型
[2025-11-27 19:15:25,144.144] ERROR    [MainThread|MainProcess] API (logger.py:error:134) | NapCatAPIError: 消息体无法解析, 请检查是否发送了不支持的消息类型
[2025-11-27 19:15:25,147.147] ERROR    [MainThread|MainProcess] API (logger.py:error:134) | NapCatAPIError: 消息体无法解析, 请检查是否发送了不支持的消息类型
[2025-11-27 19:15:25,149.149] ERROR    [MainThread|MainProcess] API (logger.py:error:134) | NapCatAPIError: 消息体无法解析, 请检查是否发送了不支持的消息类型
[2025-11-27 19:15:25,152.152] ERROR    [MainThread|MainProcess] API (logger.py:error:134) | NapCatAPIError: 消息体无法解析, 请检查是否发送了不支持的消息类型
[2025-11-27 19:15:25,154.154] ERROR    [MainThread|MainProcess] API (logger.py:error:134) | NapCatAPIError: 消息体无法解析, 请检查是否发送了不支持的消息类型
[2025-11-27 19:15:25,157.157] ERROR    [MainThread|MainProcess] API (logger.py:error:134) | NapCatAPIError: 消息体无法解析, 请检查是否发送了不支持的消息类型
[2025-11-27 19:15:25,160.160] ERROR    [MainThread|MainProcess] API (logger.py:error:134) | NapCatAPIError: 消息体无法解析, 请检查是否发送了不支持的消息类型
[2025-11-27 19:15:25,291.291] INFO     [MainThread|MainProcess] root (main.py:on_group_message:40) | GroupMessageEvent(sub_type=normal, message_id=568626744, message=[Text(text="随机")], sender=GroupSender({"user_id":"2870471753", "nickname":"Nirotire", "card":"", "role":"member"}), group_id=621893711)
[2025-11-27 19:15:25,300.300] ERROR    [MainThread|MainProcess] API (logger.py:error:134) | NapCatAPIError: 消息体无法解析, 请检查是否发送了不支持的消息类型
[2025-11-27 19:15:25,313.313] ERROR    [MainThread|MainProcess] API (logger.py:error:134) | NapCatAPIError: 消息体无法解析, 请检查是否发送了不支持的消息类型
[2025-11-27 19:15:25,315.315] ERROR    [MainThread|MainProcess] API (logger.py:error:134) | NapCatAPIError: 消息体无法解析, 请检查是否发送了不支持的消息类型
[2025-11-27 19:15:25,317.317] ERROR    [MainThread|MainProcess] API (logger.py:error:134) | NapCatAPIError: 消息体无法解析, 请检查是否发送了不支持的消息类型
[2025-11-27 19:15:25,320.320] ERROR    [MainThread|MainProcess] API (logger.py:error:134) | NapCatAPIError: 消息体无法解析, 请检查是否发送了不支持的消息类型
[2025-11-27 19:15:25,322.322] ERROR    [MainThread|MainProcess] API (logger.py:error:134) | NapCatAPIError: 消息体无法解析, 请检查是否发送了不支持的消息类型
[2025-11-27 19:15:25,325.325] ERROR    [MainThread|MainProcess] API (logger.py:error:134) | NapCatAPIError: 消息体无法解析, 请检查是否发送了不支持的消息类型
[2025-11-27 19:15:25,329.329] ERROR    [MainThread|MainProcess] API (logger.py:error:134) | NapCatAPIError: 消息体无法解析, 请检查是否发送了不支持的消息类型
[2025-11-27 19:15:25,337.337] ERROR    [MainThread|MainProcess] API (logger.py:error:134) | NapCatAPIError: 消息体无法解析, 请检查是否发送了不支持的消息类型
[2025-11-27 19:15:25,339.339] ERROR    [MainThread|MainProcess] API (logger.py:error:134) | NapCatAPIError: 消息体无法解析, 请检查是否发送了不支持的消息类型
[2025-11-27 19:15:37,485.485] INFO     [MainThread|MainProcess] root (main.py:on_group_message:40) | GroupMessageEvent(sub_type=normal, message_id=727386890, message=[Reply(id="1163194898"), Text(text="√我也这么觉得")], sender=GroupSender({"user_id":"2450382239", "nickname":"ॣ归梦ॣ", "card":"归梦", "role":"member"}), group_id=621893711)
[2025-11-27 19:15:37,494.494] ERROR    [MainThread|MainProcess] API (logger.py:error:134) | NapCatAPIError: 消息体无法解析, 请检查是否发送了不支持的消息类型
[2025-11-27 19:15:37,511.511] ERROR    [MainThread|MainProcess] API (logger.py:error:134) | NapCatAPIError: 消息体无法解析, 请检查是否发送了不支持的消息类型
[2025-11-27 19:15:37,514.514] ERROR    [MainThread|MainProcess] API (logger.py:error:134) | NapCatAPIError: 消息体无法解析, 请检查是否发送了不支持的消息类型
[2025-11-27 19:15:37,518.518] ERROR    [MainThread|MainProcess] API (logger.py:error:134) | NapCatAPIError: 消息体无法解析, 请检查是否发送了不支持的消息类型
[2025-11-27 19:15:37,529.529] ERROR    [MainThread|MainProcess] API (logger.py:error:134) | NapCatAPIError: 消息体无法解析, 请检查是否发送了不支持的消息类型
[2025-11-27 19:15:37,533.533] ERROR    [MainThread|MainProcess] API (logger.py:error:134) | NapCatAPIError: 消息体无法解析, 请检查是否发送了不支持的消息类型
[2025-11-27 19:15:37,539.539] ERROR    [MainThread|MainProcess] API (logger.py:error:134) | NapCatAPIError: 消息体无法解析, 请检查是否发送了不支持的消息类型
[2025-11-27 19:15:37,546.546] ERROR    [MainThread|MainProcess] API (logger.py:error:134) | NapCatAPIError: 消息体无法解析, 请检查是否发送了不支持的消息类型
[2025-11-27 19:15:37,547.547] ERROR    [MainThread|MainProcess] API (logger.py:error:134) | NapCatAPIError: 消息体无法解析, 请检查是否发送了不支持的消息类型
[2025-11-27 19:15:37,549.549] ERROR    [MainThread|MainProcess] API (logger.py:error:134) | NapCatAPIError: 消息体无法解析, 请检查是否发送了不支持的消息类型
[2025-11-27 19:15:40,087.087] INFO     [MainThread|MainProcess] root (main.py:on_group_message:40) | GroupMessageEvent(sub_type=normal, message_id=892642085, message=[Text(text="我去问问")], sender=GroupSender({"user_id":"2870471753", "nickname":"Nirotire", "card":"", "role":"member"}), group_id=621893711)
[2025-11-27 19:15:40,094.094] ERROR    [MainThread|MainProcess] API (logger.py:error:134) | NapCatAPIError: 消息体无法解析, 请检查是否发送了不支持的消息类型
[2025-11-27 19:15:40,114.114] ERROR    [MainThread|MainProcess] API (logger.py:error:134) | NapCatAPIError: 消息体无法解析, 请检查是否发送了不支持的消息类型
[2025-11-27 19:15:40,121.121] ERROR    [MainThread|MainProcess] API (logger.py:error:134) | NapCatAPIError: 消息体无法解析, 请检查是否发送了不支持的消息类型
[2025-11-27 19:15:40,125.125] ERROR    [MainThread|MainProcess] API (logger.py:error:134) | NapCatAPIError: 消息体无法解析, 请检查是否发送了不支持的消息类型
[2025-11-27 19:15:40,129.129] ERROR    [MainThread|MainProcess] API (logger.py:error:134) | NapCatAPIError: 消息体无法解析, 请检查是否发送了不支持的消息类型
[2025-11-27 19:15:40,132.132] ERROR    [MainThread|MainProcess] API (logger.py:error:134) | NapCatAPIError: 消息体无法解析, 请检查是否发送了不支持的消息类型
[2025-11-27 19:15:40,152.152] ERROR    [MainThread|MainProcess] API (logger.py:error:134) | NapCatAPIError: 消息体无法解析, 请检查是否发送了不支持的消息类型
[2025-11-27 19:15:40,162.162] ERROR    [MainThread|MainProcess] API (logger.py:error:134) | NapCatAPIError: 消息体无法解析, 请检查是否发送了不支持的消息类型
[2025-11-27 19:15:40,172.172] ERROR    [MainThread|MainProcess] API (logger.py:error:134) | NapCatAPIError: 消息体无法解析, 请检查是否发送了不支持的消息类型
[2025-11-27 19:15:40,174.174] ERROR    [MainThread|MainProcess] API (logger.py:error:134) | NapCatAPIError: 消息体无法解析, 请检查是否发送了不支持的消息类型
[2025-11-27 19:15:52,255.255] INFO     [MainThread|MainProcess] root (main.py:on_group_message:40) | GroupMessageEvent(sub_type=normal, message_id=2128530634, message=[Image(file="ACDA30DB4931409819DCE1388A2F0C4C.jpg", url="https://multimedia.nt.qq.com.cn/download?appid=1407&fileid=EhQN3Ylda7-JmeGZpkQDXCYeRwPoBRjazC8g_woo0um9lZqSkQMyBHByb2RQgL2jAVoQIq0V9RtUcNtm1dbZSnBxI3oCIRWCAQJneg&rkey=CAQSMGrX8szTd2fChFaop6jlxTqP70ma9lU6S9WCySY9hY_U5whXcytus2KuOFuytLJAIg", file_size="779866", summary="[动画表情]", sub_type=1)], sender=GroupSender({"user_id":"1503474864", "nickname":"爬爬", "card":"", "role":"member"}), group_id=621893711)
[2025-11-27 19:15:52,263.263] ERROR    [MainThread|MainProcess] API (logger.py:error:134) | NapCatAPIError: 消息体无法解析, 请检查是否发送了不支持的消息类型
[2025-11-27 19:15:52,281.281] ERROR    [MainThread|MainProcess] API (logger.py:error:134) | NapCatAPIError: 消息体无法解析, 请检查是否发送了不支持的消息类型
[2025-11-27 19:15:52,286.286] ERROR    [MainThread|MainProcess] API (logger.py:error:134) | NapCatAPIError: 消息体无法解析, 请检查是否发送了不支持的消息类型
[2025-11-27 19:15:52,297.297] ERROR    [MainThread|MainProcess] API (logger.py:error:134) | NapCatAPIError: 消息体无法解析, 请检查是否发送了不支持的消息类型
[2025-11-27 19:15:52,312.312] ERROR    [MainThread|MainProcess] API (logger.py:error:134) | NapCatAPIError: 消息体无法解析, 请检查是否发送了不支持的消息类型
[2025-11-27 19:15:52,322.322] ERROR    [MainThread|MainProcess] API (logger.py:error:134) | NapCatAPIError: 消息体无法解析, 请检查是否发送了不支持的消息类型
[2025-11-27 19:15:52,325.325] ERROR    [MainThread|MainProcess] API (logger.py:error:134) | NapCatAPIError: 消息体无法解析, 请检查是否发送了不支持的消息类型
[2025-11-27 19:15:52,327.327] ERROR    [MainThread|MainProcess] API (logger.py:error:134) | NapCatAPIError: 消息体无法解析, 请检查是否发送了不支持的消息类型
[2025-11-27 19:15:52,331.331] ERROR    [MainThread|MainProcess] API (logger.py:error:134) | NapCatAPIError: 消息体无法解析, 请检查是否发送了不支持的消息类型
[2025-11-27 19:15:52,344.344] ERROR    [MainThread|MainProcess] API (logger.py:error:134) | NapCatAPIError: 消息体无法解析, 请检查是否发送了不支持的消息类型
[2025-11-27 19:16:22,550.550] INFO     [MainThread|MainProcess] root (main.py:on_group_message:40) | GroupMessageEvent(sub_type=normal, message_id=760269837, message=[Reply(id="892642085"), At(qq="2870471753"), Text(text=" 没事看投票结果是2了")], sender=GroupSender({"user_id":"2161252115", "nickname":"星鸿", "card":"", "role":"admin"}), group_id=621893711)
[2025-11-27 19:16:22,561.561] ERROR    [MainThread|MainProcess] API (logger.py:error:134) | NapCatAPIError: 消息体无法解析, 请检查是否发送了不支持的消息类型
[2025-11-27 19:16:22,584.584] ERROR    [MainThread|MainProcess] API (logger.py:error:134) | NapCatAPIError: 消息体无法解析, 请检查是否发送了不支持的消息类型
[2025-11-27 19:16:22,597.597] ERROR    [MainThread|MainProcess] API (logger.py:error:134) | NapCatAPIError: 消息体无法解析, 请检查是否发送了不支持的消息类型
[2025-11-27 19:16:22,690.690] ERROR    [MainThread|MainProcess] API (logger.py:error:134) | NapCatAPIError: 消息体无法解析, 请检查是否发送了不支持的消息类型
[2025-11-27 19:16:22,695.695] ERROR    [MainThread|MainProcess] API (logger.py:error:134) | NapCatAPIError: 消息体无法解析, 请检查是否发送了不支持的消息类型
[2025-11-27 19:16:22,699.699] ERROR    [MainThread|MainProcess] API (logger.py:error:134) | NapCatAPIError: 消息体无法解析, 请检查是否发送了不支持的消息类型
[2025-11-27 19:16:22,703.703] ERROR    [MainThread|MainProcess] API (logger.py:error:134) | NapCatAPIError: 消息体无法解析, 请检查是否发送了不支持的消息类型
[2025-11-27 19:16:22,706.706] ERROR    [MainThread|MainProcess] API (logger.py:error:134) | NapCatAPIError: 消息体无法解析, 请检查是否发送了不支持的消息类型
[2025-11-27 19:16:22,708.708] ERROR    [MainThread|MainProcess] API (logger.py:error:134) | NapCatAPIError: 消息体无法解析, 请检查是否发送了不支持的消息类型
[2025-11-27 19:16:22,711.711] ERROR    [MainThread|MainProcess] API (logger.py:error:134) | NapCatAPIError: 消息体无法解析, 请检查是否发送了不支持的消息类型
[2025-11-27 19:16:34,259.259] INFO     [MainThread|MainProcess] root (main.py:on_group_message:40) | GroupMessageEvent(sub_type=normal, message_id=1477733952, message=[Text(text="Rainthm")], sender=GroupSender({"user_id":"2161252115", "nickname":"星鸿", "card":"", "role":"admin"}), group_id=621893711)
[2025-11-27 19:16:34,262.262] ERROR    [MainThread|MainProcess] API (logger.py:error:134) | NapCatAPIError: 消息体无法解析, 请检查是否发送了不支持的消息类型
[2025-11-27 19:16:34,283.283] ERROR    [MainThread|MainProcess] API (logger.py:error:134) | NapCatAPIError: 消息体无法解析, 请检查是否发送了不支持的消息类型
[2025-11-27 19:16:34,286.286] ERROR    [MainThread|MainProcess] API (logger.py:error:134) | NapCatAPIError: 消息体无法解析, 请检查是否发送了不支持的消息类型
[2025-11-27 19:16:34,290.290] ERROR    [MainThread|MainProcess] API (logger.py:error:134) | NapCatAPIError: 消息体无法解析, 请检查是否发送了不支持的消息类型
[2025-11-27 19:16:34,295.295] ERROR    [MainThread|MainProcess] API (logger.py:error:134) | NapCatAPIError: 消息体无法解析, 请检查是否发送了不支持的消息类型
[2025-11-27 19:16:34,301.301] ERROR    [MainThread|MainProcess] API (logger.py:error:134) | NapCatAPIError: 消息体无法解析, 请检查是否发送了不支持的消息类型
[2025-11-27 19:16:34,304.304] ERROR    [MainThread|MainProcess] API (logger.py:error:134) | NapCatAPIError: 消息体无法解析, 请检查是否发送了不支持的消息类型
[2025-11-27 19:16:34,310.310] ERROR    [MainThread|MainProcess] API (logger.py:error:134) | NapCatAPIError: 消息体无法解析, 请检查是否发送了不支持的消息类型
[2025-11-27 19:16:34,313.313] ERROR    [MainThread|MainProcess] API (logger.py:error:134) | NapCatAPIError: 消息体无法解析, 请检查是否发送了不支持的消息类型
[2025-11-27 19:16:34,315.315] ERROR    [MainThread|MainProcess] API (logger.py:error:134) | NapCatAPIError: 消息体无法解析, 请检查是否发送了不支持的消息类型
[2025-11-27 19:17:04,498.498] INFO     [MainThread|MainProcess] root (main.py:on_group_message:40) | GroupMessageEvent(sub_type=normal, message_id=1754711516, message=[Text(text="Milkthm谁想的")], sender=GroupSender({"user_id":"2870471753", "nickname":"Nirotire", "card":"", "role":"member"}), group_id=621893711)
[2025-11-27 19:17:04,501.501] ERROR    [MainThread|MainProcess] API (logger.py:error:134) | NapCatAPIError: 消息体无法解析, 请检查是否发送了不支持的消息类型
[2025-11-27 19:17:04,517.517] ERROR    [MainThread|MainProcess] API (logger.py:error:134) | NapCatAPIError: 消息体无法解析, 请检查是否发送了不支持的消息类型
[2025-11-27 19:17:04,538.538] ERROR    [MainThread|MainProcess] API (logger.py:error:134) | NapCatAPIError: 消息体无法解析, 请检查是否发送了不支持的消息类型
[2025-11-27 19:17:04,563.563] ERROR    [MainThread|MainProcess] API (logger.py:error:134) | NapCatAPIError: 消息体无法解析, 请检查是否发送了不支持的消息类型
[2025-11-27 19:17:04,571.571] ERROR    [MainThread|MainProcess] API (logger.py:error:134) | NapCatAPIError: 消息体无法解析, 请检查是否发送了不支持的消息类型
[2025-11-27 19:17:04,575.575] ERROR    [MainThread|MainProcess] API (logger.py:error:134) | NapCatAPIError: 消息体无法解析, 请检查是否发送了不支持的消息类型
[2025-11-27 19:17:04,580.580] ERROR    [MainThread|MainProcess] API (logger.py:error:134) | NapCatAPIError: 消息体无法解析, 请检查是否发送了不支持的消息类型
[2025-11-27 19:17:04,582.582] ERROR    [MainThread|MainProcess] API (logger.py:error:134) | NapCatAPIError: 消息体无法解析, 请检查是否发送了不支持的消息类型
[2025-11-27 19:17:04,586.586] ERROR    [MainThread|MainProcess] API (logger.py:error:134) | NapCatAPIError: 消息体无法解析, 请检查是否发送了不支持的消息类型
[2025-11-27 19:17:04,593.593] ERROR    [MainThread|MainProcess] API (logger.py:error:134) | NapCatAPIError: 消息体无法解析, 请检查是否发送了不支持的消息类型
[2025-11-27 19:17:07,240.240] INFO     [MainThread|MainProcess] root (main.py:on_group_message:40) | GroupMessageEvent(sub_type=normal, message_id=927262025, message=[Image(file="A18C47E244E91E84D2C7FDEDCF8A7C60.jpg", url="https://multimedia.nt.qq.com.cn/download?appid=1407&fileid=EhTLZ_KNcDbI2yRQ86lzalJf_FDbbBj6AyD_CijWtZa5mpKRAzIEcHJvZFCAvaMBWhAzSYAPo9ZVl20yHc6o6cKOegJem4IBAm5q&rkey=CAQSMGrX8szTd2fChFaop6jlxTqP70ma9lU6S9WCySY9hY_U5whXcytus2KuOFuytLJAIg", file_size="506", summary="[动画表情]", sub_type=1)], sender=GroupSender({"user_id":"2870471753", "nickname":"Nirotire", "card":"", "role":"member"}), group_id=621893711)
[2025-11-27 19:17:07,247.247] ERROR    [MainThread|MainProcess] API (logger.py:error:134) | NapCatAPIError: 消息体无法解析, 请检查是否发送了不支持的消息类型
[2025-11-27 19:17:07,259.259] ERROR    [MainThread|MainProcess] API (logger.py:error:134) | NapCatAPIError: 消息体无法解析, 请检查是否发送了不支持的消息类型
[2025-11-27 19:17:07,261.261] ERROR    [MainThread|MainProcess] API (logger.py:error:134) | NapCatAPIError: 消息体无法解析, 请检查是否发送了不支持的消息类型
[2025-11-27 19:17:07,265.265] ERROR    [MainThread|MainProcess] API (logger.py:error:134) | NapCatAPIError: 消息体无法解析, 请检查是否发送了不支持的消息类型
[2025-11-27 19:17:07,267.267] ERROR    [MainThread|MainProcess] API (logger.py:error:134) | NapCatAPIError: 消息体无法解析, 请检查是否发送了不支持的消息类型
[2025-11-27 19:17:07,269.269] ERROR    [MainThread|MainProcess] API (logger.py:error:134) | NapCatAPIError: 消息体无法解析, 请检查是否发送了不支持的消息类型
[2025-11-27 19:17:07,272.272] ERROR    [MainThread|MainProcess] API (logger.py:error:134) | NapCatAPIError: 消息体无法解析, 请检查是否发送了不支持的消息类型
[2025-11-27 19:17:07,274.274] ERROR    [MainThread|MainProcess] API (logger.py:error:134) | NapCatAPIError: 消息体无法解析, 请检查是否发送了不支持的消息类型
[2025-11-27 19:17:07,277.277] ERROR    [MainThread|MainProcess] API (logger.py:error:134) | NapCatAPIError: 消息体无法解析, 请检查是否发送了不支持的消息类型
[2025-11-27 19:17:07,280.280] ERROR    [MainThread|MainProcess] API (logger.py:error:134) | NapCatAPIError: 消息体无法解析, 请检查是否发送了不支持的消息类型
[2025-11-27 19:17:28,766.766] INFO     [MainThread|MainProcess] root (main.py:on_group_message:40) | GroupMessageEvent(sub_type=normal, message_id=1552546652, message=[Text(text="Milkthm谁想的")], sender=GroupSender({"user_id":"1503474864", "nickname":"爬爬", "card":"", "role":"member"}), group_id=621893711)
[2025-11-27 19:17:28,778.778] ERROR    [MainThread|MainProcess] API (logger.py:error:134) | NapCatAPIError: 消息体无法解析, 请检查是否发送了不支持的消息类型
[2025-11-27 19:17:28,797.797] ERROR    [MainThread|MainProcess] API (logger.py:error:134) | NapCatAPIError: 消息体无法解析, 请检查是否发送了不支持的消息类型
[2025-11-27 19:17:28,806.806] ERROR    [MainThread|MainProcess] API (logger.py:error:134) | NapCatAPIError: 消息体无法解析, 请检查是否发送了不支持的消息类型
[2025-11-27 19:17:28,814.814] ERROR    [MainThread|MainProcess] API (logger.py:error:134) | NapCatAPIError: 消息体无法解析, 请检查是否发送了不支持的消息类型
[2025-11-27 19:17:28,835.835] ERROR    [MainThread|MainProcess] API (logger.py:error:134) | NapCatAPIError: 消息体无法解析, 请检查是否发送了不支持的消息类型
[2025-11-27 19:17:28,838.838] ERROR    [MainThread|MainProcess] API (logger.py:error:134) | NapCatAPIError: 消息体无法解析, 请检查是否发送了不支持的消息类型
[2025-11-27 19:17:28,841.841] ERROR    [MainThread|MainProcess] API (logger.py:error:134) | NapCatAPIError: 消息体无法解析, 请检查是否发送了不支持的消息类型
[2025-11-27 19:17:28,848.848] ERROR    [MainThread|MainProcess] API (logger.py:error:134) | NapCatAPIError: 消息体无法解析, 请检查是否发送了不支持的消息类型
[2025-11-27 19:17:28,854.854] ERROR    [MainThread|MainProcess] API (logger.py:error:134) | NapCatAPIError: 消息体无法解析, 请检查是否发送了不支持的消息类型
[2025-11-27 19:17:28,857.857] ERROR    [MainThread|MainProcess] API (logger.py:error:134) | NapCatAPIError: 消息体无法解析, 请检查是否发送了不支持的消息类型
[2025-11-27 19:17:29,303.303] INFO     [MainThread|MainProcess] root (main.py:on_group_message:40) | GroupMessageEvent(sub_type=normal, message_id=1338964104, message=[Image(file="A18C47E244E91E84D2C7FDEDCF8A7C60.jpg", url="https://multimedia.nt.qq.com.cn/download?appid=1407&fileid=EhTLZ_KNcDbI2yRQ86lzalJf_FDbbBj6AyD_Ciix-djDmpKRAzIEcHJvZFCAvaMBWhC6WV0-izyspeUvHBiqfLn7egJAZ4IBAmd6&rkey=CAQSMGrX8szTd2fChFaop6jlxTqP70ma9lU6S9WCySY9hY_U5whXcytus2KuOFuytLJAIg", file_size="506", summary="[动画表情]", sub_type=1)], sender=GroupSender({"user_id":"1503474864", "nickname":"爬爬", "card":"", "role":"member"}), group_id=621893711)
[2025-11-27 19:17:29,320.320] ERROR    [MainThread|MainProcess] API (logger.py:error:134) | NapCatAPIError: 消息体无法解析, 请检查是否发送了不支持的消息类型
[2025-11-27 19:17:29,337.337] ERROR    [MainThread|MainProcess] API (logger.py:error:134) | NapCatAPIError: 消息体无法解析, 请检查是否发送了不支持的消息类型
[2025-11-27 19:17:29,344.344] ERROR    [MainThread|MainProcess] API (logger.py:error:134) | NapCatAPIError: 消息体无法解析, 请检查是否发送了不支持的消息类型
[2025-11-27 19:17:29,354.354] ERROR    [MainThread|MainProcess] API (logger.py:error:134) | NapCatAPIError: 消息体无法解析, 请检查是否发送了不支持的消息类型
[2025-11-27 19:17:29,375.375] ERROR    [MainThread|MainProcess] API (logger.py:error:134) | NapCatAPIError: 消息体无法解析, 请检查是否发送了不支持的消息类型
[2025-11-27 19:17:29,382.382] ERROR    [MainThread|MainProcess] API (logger.py:error:134) | NapCatAPIError: 消息体无法解析, 请检查是否发送了不支持的消息类型
[2025-11-27 19:17:29,385.385] ERROR    [MainThread|MainProcess] API (logger.py:error:134) | NapCatAPIError: 消息体无法解析, 请检查是否发送了不支持的消息类型
[2025-11-27 19:17:29,388.388] ERROR    [MainThread|MainProcess] API (logger.py:error:134) | NapCatAPIError: 消息体无法解析, 请检查是否发送了不支持的消息类型
[2025-11-27 19:17:29,392.392] ERROR    [MainThread|MainProcess] API (logger.py:error:134) | NapCatAPIError: 消息体无法解析, 请检查是否发送了不支持的消息类型
[2025-11-27 19:17:29,401.401] ERROR    [MainThread|MainProcess] API (logger.py:error:134) | NapCatAPIError: 消息体无法解析, 请检查是否发送了不支持的消息类型
[2025-11-27 19:17:32,051.051] INFO     [MainThread|MainProcess] root (main.py:on_group_message:40) | GroupMessageEvent(sub_type=normal, message_id=363589674, message=[Text(text="给他来两拳")], sender=GroupSender({"user_id":"2870471753", "nickname":"Nirotire", "card":"", "role":"member"}), group_id=621893711)
[2025-11-27 19:17:32,060.060] ERROR    [MainThread|MainProcess] API (logger.py:error:134) | NapCatAPIError: 消息体无法解析, 请检查是否发送了不支持的消息类型
[2025-11-27 19:17:32,079.079] ERROR    [MainThread|MainProcess] API (logger.py:error:134) | NapCatAPIError: 消息体无法解析, 请检查是否发送了不支持的消息类型
[2025-11-27 19:17:32,095.095] ERROR    [MainThread|MainProcess] API (logger.py:error:134) | NapCatAPIError: 消息体无法解析, 请检查是否发送了不支持的消息类型
[2025-11-27 19:17:32,136.136] ERROR    [MainThread|MainProcess] API (logger.py:error:134) | NapCatAPIError: 消息体无法解析, 请检查是否发送了不支持的消息类型
[2025-11-27 19:17:32,156.156] ERROR    [MainThread|MainProcess] API (logger.py:error:134) | NapCatAPIError: 消息体无法解析, 请检查是否发送了不支持的消息类型
[2025-11-27 19:17:32,211.211] ERROR    [MainThread|MainProcess] API (logger.py:error:134) | NapCatAPIError: 消息体无法解析, 请检查是否发送了不支持的消息类型
[2025-11-27 19:17:32,236.236] ERROR    [MainThread|MainProcess] API (logger.py:error:134) | NapCatAPIError: 消息体无法解析, 请检查是否发送了不支持的消息类型
[2025-11-27 19:17:32,260.260] ERROR    [MainThread|MainProcess] API (logger.py:error:134) | NapCatAPIError: 消息体无法解析, 请检查是否发送了不支持的消息类型
[2025-11-27 19:17:32,264.264] ERROR    [MainThread|MainProcess] API (logger.py:error:134) | NapCatAPIError: 消息体无法解析, 请检查是否发送了不支持的消息类型
[2025-11-27 19:17:32,269.269] ERROR    [MainThread|MainProcess] API (logger.py:error:134) | NapCatAPIError: 消息体无法解析, 请检查是否发送了不支持的消息类型
[2025-11-27 19:17:41,933.933] INFO     [MainThread|MainProcess] root (main.py:on_group_message:40) | GroupMessageEvent(sub_type=normal, message_id=82977625, message=[Text(text="我先哈气了")], sender=GroupSender({"user_id":"2870471753", "nickname":"Nirotire", "card":"", "role":"member"}), group_id=621893711)
[2025-11-27 19:17:41,974.974] ERROR    [MainThread|MainProcess] API (logger.py:error:134) | NapCatAPIError: 消息体无法解析, 请检查是否发送了不支持的消息类型
[2025-11-27 19:17:41,976.976] ERROR    [MainThread|MainProcess] API (logger.py:error:134) | NapCatAPIError: 消息体无法解析, 请检查是否发送了不支持的消息类型
[2025-11-27 19:17:41,978.978] ERROR    [MainThread|MainProcess] API (logger.py:error:134) | NapCatAPIError: 消息体无法解析, 请检查是否发送了不支持的消息类型
[2025-11-27 19:17:41,999.999] ERROR    [MainThread|MainProcess] API (logger.py:error:134) | NapCatAPIError: 消息体无法解析, 请检查是否发送了不支持的消息类型
[2025-11-27 19:17:42,002.002] ERROR    [MainThread|MainProcess] API (logger.py:error:134) | NapCatAPIError: 消息体无法解析, 请检查是否发送了不支持的消息类型
[2025-11-27 19:17:42,008.008] ERROR    [MainThread|MainProcess] API (logger.py:error:134) | NapCatAPIError: 消息体无法解析, 请检查是否发送了不支持的消息类型
[2025-11-27 19:17:42,011.011] ERROR    [MainThread|MainProcess] API (logger.py:error:134) | NapCatAPIError: 消息体无法解析, 请检查是否发送了不支持的消息类型
[2025-11-27 19:17:42,015.015] ERROR    [MainThread|MainProcess] API (logger.py:error:134) | NapCatAPIError: 消息体无法解析, 请检查是否发送了不支持的消息类型
[2025-11-27 19:17:42,017.017] ERROR    [MainThread|MainProcess] API (logger.py:error:134) | NapCatAPIError: 消息体无法解析, 请检查是否发送了不支持的消息类型
[2025-11-27 19:17:42,019.019] ERROR    [MainThread|MainProcess] API (logger.py:error:134) | NapCatAPIError: 消息体无法解析, 请检查是否发送了不支持的消息类型
[2025-11-27 19:18:47,091.091] INFO     [MainThread|MainProcess] root (main.py:on_group_message:40) | GroupMessageEvent(sub_type=normal, message_id=474186847, message=[Image(file="4145A5B27D61D77C1D5B14FB269CC6F9.jpg", url="https://multimedia.nt.qq.com.cn/download?appid=1407&fileid=EhQmA411VnQ1_yBRep6TLqdNQKHxehiouQYg_woors_L55qSkQMyBHByb2RQgL2jAVoQCqGNORglbONws_6JodiP_XoC1w-CAQJneg&rkey=CAQSMGrX8szTd2fChFaop6jlxTqP70ma9lU6S9WCySY9hY_U5whXcytus2KuOFuytLJAIg", file_size="105640", summary="", sub_type=0)], sender=GroupSender({"user_id":"2161252115", "nickname":"星鸿", "card":"", "role":"admin"}), group_id=621893711)
[2025-11-27 19:18:47,099.099] ERROR    [MainThread|MainProcess] API (logger.py:error:134) | NapCatAPIError: 消息体无法解析, 请检查是否发送了不支持的消息类型
[2025-11-27 19:18:47,114.114] ERROR    [MainThread|MainProcess] API (logger.py:error:134) | NapCatAPIError: 消息体无法解析, 请检查是否发送了不支持的消息类型
[2025-11-27 19:18:47,117.117] ERROR    [MainThread|MainProcess] API (logger.py:error:134) | NapCatAPIError: 消息体无法解析, 请检查是否发送了不支持的消息类型
[2025-11-27 19:18:47,122.122] ERROR    [MainThread|MainProcess] API (logger.py:error:134) | NapCatAPIError: 消息体无法解析, 请检查是否发送了不支持的消息类型
[2025-11-27 19:18:47,124.124] ERROR    [MainThread|MainProcess] API (logger.py:error:134) | NapCatAPIError: 消息体无法解析, 请检查是否发送了不支持的消息类型
[2025-11-27 19:18:47,127.127] ERROR    [MainThread|MainProcess] API (logger.py:error:134) | NapCatAPIError: 消息体无法解析, 请检查是否发送了不支持的消息类型
[2025-11-27 19:18:47,130.130] ERROR    [MainThread|MainProcess] API (logger.py:error:134) | NapCatAPIError: 消息体无法解析, 请检查是否发送了不支持的消息类型
[2025-11-27 19:18:47,133.133] ERROR    [MainThread|MainProcess] API (logger.py:error:134) | NapCatAPIError: 消息体无法解析, 请检查是否发送了不支持的消息类型
[2025-11-27 19:18:47,135.135] ERROR    [MainThread|MainProcess] API (logger.py:error:134) | NapCatAPIError: 消息体无法解析, 请检查是否发送了不支持的消息类型
[2025-11-27 19:18:47,137.137] ERROR    [MainThread|MainProcess] API (logger.py:error:134) | NapCatAPIError: 消息体无法解析, 请检查是否发送了不支持的消息类型
[2025-11-27 19:18:47,872.872] INFO     [MainThread|MainProcess] root (main.py:on_group_message:40) | GroupMessageEvent(sub_type=normal, message_id=1821437103, message=[Image(file="d7-d74f89508b6d15d11beca267bd7ae909.gif", url="https://gxh.vip.qq.com/club/item/parcel/item/d7/d74f89508b6d15d11beca267bd7ae909/raw300.gif", summary="[摸头]", sub_type=0)], sender=GroupSender({"user_id":"2161252115", "nickname":"星鸿", "card":"", "role":"admin"}), group_id=621893711)
[2025-11-27 19:18:47,893.893] ERROR    [MainThread|MainProcess] API (logger.py:error:134) | NapCatAPIError: 消息体无法解析, 请检查是否发送了不支持的消息类型
[2025-11-27 19:18:47,902.902] ERROR    [MainThread|MainProcess] API (logger.py:error:134) | NapCatAPIError: 消息体无法解析, 请检查是否发送了不支持的消息类型
[2025-11-27 19:18:47,904.904] ERROR    [MainThread|MainProcess] API (logger.py:error:134) | NapCatAPIError: 消息体无法解析, 请检查是否发送了不支持的消息类型
[2025-11-27 19:18:47,908.908] ERROR    [MainThread|MainProcess] API (logger.py:error:134) | NapCatAPIError: 消息体无法解析, 请检查是否发送了不支持的消息类型
[2025-11-27 19:18:47,910.910] ERROR    [MainThread|MainProcess] API (logger.py:error:134) | NapCatAPIError: 消息体无法解析, 请检查是否发送了不支持的消息类型
[2025-11-27 19:18:47,912.912] ERROR    [MainThread|MainProcess] API (logger.py:error:134) | NapCatAPIError: 消息体无法解析, 请检查是否发送了不支持的消息类型
[2025-11-27 19:18:47,923.923] ERROR    [MainThread|MainProcess] API (logger.py:error:134) | NapCatAPIError: 消息体无法解析, 请检查是否发送了不支持的消息类型
[2025-11-27 19:18:47,939.939] ERROR    [MainThread|MainProcess] API (logger.py:error:134) | NapCatAPIError: 消息体无法解析, 请检查是否发送了不支持的消息类型
[2025-11-27 19:18:47,941.941] ERROR    [MainThread|MainProcess] API (logger.py:error:134) | NapCatAPIError: 消息体无法解析, 请检查是否发送了不支持的消息类型
[2025-11-27 19:18:47,943.943] ERROR    [MainThread|MainProcess] API (logger.py:error:134) | NapCatAPIError: 消息体无法解析, 请检查是否发送了不支持的消息类型
[2025-11-27 19:19:00,670.670] INFO     [MainThread|MainProcess] root (main.py:on_group_message:40) | GroupMessageEvent(sub_type=normal, message_id=1103556398, message=[Text(text="我的天")], sender=GroupSender({"user_id":"2955370273", "nickname":"qaqFei", "card":"", "role":"owner"}), group_id=621893711)
[2025-11-27 19:19:00,675.675] ERROR    [MainThread|MainProcess] API (logger.py:error:134) | NapCatAPIError: 消息体无法解析, 请检查是否发送了不支持的消息类型
[2025-11-27 19:19:00,688.688] ERROR    [MainThread|MainProcess] API (logger.py:error:134) | NapCatAPIError: 消息体无法解析, 请检查是否发送了不支持的消息类型
[2025-11-27 19:19:00,698.698] ERROR    [MainThread|MainProcess] API (logger.py:error:134) | NapCatAPIError: 消息体无法解析, 请检查是否发送了不支持的消息类型
[2025-11-27 19:19:00,704.704] ERROR    [MainThread|MainProcess] API (logger.py:error:134) | NapCatAPIError: 消息体无法解析, 请检查是否发送了不支持的消息类型
[2025-11-27 19:19:00,707.707] ERROR    [MainThread|MainProcess] API (logger.py:error:134) | NapCatAPIError: 消息体无法解析, 请检查是否发送了不支持的消息类型
[2025-11-27 19:19:00,725.725] ERROR    [MainThread|MainProcess] API (logger.py:error:134) | NapCatAPIError: 消息体无法解析, 请检查是否发送了不支持的消息类型
[2025-11-27 19:19:00,739.739] ERROR    [MainThread|MainProcess] API (logger.py:error:134) | NapCatAPIError: 消息体无法解析, 请检查是否发送了不支持的消息类型
[2025-11-27 19:19:00,742.742] ERROR    [MainThread|MainProcess] API (logger.py:error:134) | NapCatAPIError: 消息体无法解析, 请检查是否发送了不支持的消息类型
[2025-11-27 19:19:00,746.746] ERROR    [MainThread|MainProcess] API (logger.py:error:134) | NapCatAPIError: 消息体无法解析, 请检查是否发送了不支持的消息类型
[2025-11-27 19:19:00,748.748] ERROR    [MainThread|MainProcess] API (logger.py:error:134) | NapCatAPIError: 消息体无法解析, 请检查是否发送了不支持的消息类型
[2025-11-27 19:19:31,154.154] INFO     [MainThread|MainProcess] root (main.py:on_group_message:40) | GroupMessageEvent(sub_type=normal, message_id=73283824, message=[Text(text="米")], sender=GroupSender({"user_id":"2124251686", "nickname":"Bychuhan", "card":"AAA屎山批发小B 不出汗外交官", "role":"admin"}), group_id=621893711)
[2025-11-27 19:19:31,174.174] ERROR    [MainThread|MainProcess] API (logger.py:error:134) | NapCatAPIError: 消息体无法解析, 请检查是否发送了不支持的消息类型
[2025-11-27 19:19:31,201.201] ERROR    [MainThread|MainProcess] API (logger.py:error:134) | NapCatAPIError: 消息体无法解析, 请检查是否发送了不支持的消息类型
[2025-11-27 19:19:31,225.225] ERROR    [MainThread|MainProcess] API (logger.py:error:134) | NapCatAPIError: 消息体无法解析, 请检查是否发送了不支持的消息类型
[2025-11-27 19:19:31,239.239] ERROR    [MainThread|MainProcess] API (logger.py:error:134) | NapCatAPIError: 消息体无法解析, 请检查是否发送了不支持的消息类型
[2025-11-27 19:19:31,244.244] ERROR    [MainThread|MainProcess] API (logger.py:error:134) | NapCatAPIError: 消息体无法解析, 请检查是否发送了不支持的消息类型
[2025-11-27 19:19:31,251.251] ERROR    [MainThread|MainProcess] API (logger.py:error:134) | NapCatAPIError: 消息体无法解析, 请检查是否发送了不支持的消息类型
[2025-11-27 19:19:31,258.258] ERROR    [MainThread|MainProcess] API (logger.py:error:134) | NapCatAPIError: 消息体无法解析, 请检查是否发送了不支持的消息类型
[2025-11-27 19:19:31,263.263] ERROR    [MainThread|MainProcess] API (logger.py:error:134) | NapCatAPIError: 消息体无法解析, 请检查是否发送了不支持的消息类型
[2025-11-27 19:19:31,266.266] ERROR    [MainThread|MainProcess] API (logger.py:error:134) | NapCatAPIError: 消息体无法解析, 请检查是否发送了不支持的消息类型
[2025-11-27 19:19:31,292.292] ERROR    [MainThread|MainProcess] API (logger.py:error:134) | NapCatAPIError: 消息体无法解析, 请检查是否发送了不支持的消息类型
[2025-11-27 19:20:23,466.466] INFO     [MainThread|MainProcess] root (main.py:on_group_message:40) | GroupMessageEvent(sub_type=normal, message_id=1185581906, message=[Reply(id="474186847"), At(qq="2161252115"), Text(text=" ")], sender=GroupSender({"user_id":"1137679848", "nickname":"LPI", "card":"", "role":"member"}), group_id=621893711)
[2025-11-27 19:20:23,471.471] ERROR    [MainThread|MainProcess] API (logger.py:error:134) | NapCatAPIError: 消息体无法解析, 请检查是否发送了不支持的消息类型
[2025-11-27 19:20:23,475.475] ERROR    [MainThread|MainProcess] API (logger.py:error:134) | NapCatAPIError: 消息体无法解析, 请检查是否发送了不支持的消息类型
[2025-11-27 19:20:23,485.485] ERROR    [MainThread|MainProcess] API (logger.py:error:134) | NapCatAPIError: 消息体无法解析, 请检查是否发送了不支持的消息类型
[2025-11-27 19:20:23,489.489] ERROR    [MainThread|MainProcess] API (logger.py:error:134) | NapCatAPIError: 消息体无法解析, 请检查是否发送了不支持的消息类型
[2025-11-27 19:20:23,491.491] ERROR    [MainThread|MainProcess] API (logger.py:error:134) | NapCatAPIError: 消息体无法解析, 请检查是否发送了不支持的消息类型
[2025-11-27 19:20:23,493.493] ERROR    [MainThread|MainProcess] API (logger.py:error:134) | NapCatAPIError: 消息体无法解析, 请检查是否发送了不支持的消息类型
[2025-11-27 19:20:23,496.496] ERROR    [MainThread|MainProcess] API (logger.py:error:134) | NapCatAPIError: 消息体无法解析, 请检查是否发送了不支持的消息类型
[2025-11-27 19:20:23,498.498] ERROR    [MainThread|MainProcess] API (logger.py:error:134) | NapCatAPIError: 消息体无法解析, 请检查是否发送了不支持的消息类型
[2025-11-27 19:20:23,501.501] ERROR    [MainThread|MainProcess] API (logger.py:error:134) | NapCatAPIError: 消息体无法解析, 请检查是否发送了不支持的消息类型
[2025-11-27 19:20:23,504.504] ERROR    [MainThread|MainProcess] API (logger.py:error:134) | NapCatAPIError: 消息体无法解析, 请检查是否发送了不支持的消息类型
[2025-11-27 19:20:56,618.618] INFO     [MainThread|MainProcess] root (main.py:on_group_message:40) | GroupMessageEvent(sub_type=normal, message_id=1178196428, message=[Image(file="618F84902DB7120A375C6486493BCAD3.jpg", url="https://multimedia.nt.qq.com.cn/download?appid=1407&fileid=EhTjJwxRIi3Odwnn6pZTlPt4iOQu5Rjy_QIg_woo4f3KppuSkQMyBHByb2RQgL2jAVoQ8-O5wHOp5lCjq1h2J-LlB3oC6yeCAQJuag&rkey=CAQSMGrX8szTd2fChFaop6jlxTqP70ma9lU6S9WCySY9hY_U5whXcytus2KuOFuytLJAIg", file_size="48882", summary="", sub_type=0)], sender=GroupSender({"user_id":"1137679848", "nickname":"LPI", "card":"", "role":"member"}), group_id=621893711)
[2025-11-27 19:20:56,623.623] ERROR    [MainThread|MainProcess] API (logger.py:error:134) | NapCatAPIError: 消息体无法解析, 请检查是否发送了不支持的消息类型
[2025-11-27 19:20:56,636.636] ERROR    [MainThread|MainProcess] API (logger.py:error:134) | NapCatAPIError: 消息体无法解析, 请检查是否发送了不支持的消息类型
[2025-11-27 19:20:56,638.638] ERROR    [MainThread|MainProcess] API (logger.py:error:134) | NapCatAPIError: 消息体无法解析, 请检查是否发送了不支持的消息类型
[2025-11-27 19:20:56,641.641] ERROR    [MainThread|MainProcess] API (logger.py:error:134) | NapCatAPIError: 消息体无法解析, 请检查是否发送了不支持的消息类型
[2025-11-27 19:20:56,644.644] ERROR    [MainThread|MainProcess] API (logger.py:error:134) | NapCatAPIError: 消息体无法解析, 请检查是否发送了不支持的消息类型
[2025-11-27 19:20:56,646.646] ERROR    [MainThread|MainProcess] API (logger.py:error:134) | NapCatAPIError: 消息体无法解析, 请检查是否发送了不支持的消息类型
[2025-11-27 19:20:56,648.648] ERROR    [MainThread|MainProcess] API (logger.py:error:134) | NapCatAPIError: 消息体无法解析, 请检查是否发送了不支持的消息类型
[2025-11-27 19:20:56,651.651] ERROR    [MainThread|MainProcess] API (logger.py:error:134) | NapCatAPIError: 消息体无法解析, 请检查是否发送了不支持的消息类型
[2025-11-27 19:20:56,664.664] ERROR    [MainThread|MainProcess] API (logger.py:error:134) | NapCatAPIError: 消息体无法解析, 请检查是否发送了不支持的消息类型
[2025-11-27 19:20:56,666.666] ERROR    [MainThread|MainProcess] API (logger.py:error:134) | NapCatAPIError: 消息体无法解析, 请检查是否发送了不支持的消息类型
[2025-11-27 19:21:00,650.650] INFO     [MainThread|MainProcess] root (main.py:on_group_message:40) | GroupMessageEvent(sub_type=normal, message_id=319223073, message=[Text(text="对。")], sender=GroupSender({"user_id":"1137679848", "nickname":"LPI", "card":"", "role":"member"}), group_id=621893711)
[2025-11-27 19:21:00,696.696] ERROR    [MainThread|MainProcess] API (logger.py:error:134) | NapCatAPIError: 消息体无法解析, 请检查是否发送了不支持的消息类型
[2025-11-27 19:21:00,713.713] ERROR    [MainThread|MainProcess] API (logger.py:error:134) | NapCatAPIError: 消息体无法解析, 请检查是否发送了不支持的消息类型
[2025-11-27 19:21:00,733.733] ERROR    [MainThread|MainProcess] API (logger.py:error:134) | NapCatAPIError: 消息体无法解析, 请检查是否发送了不支持的消息类型
[2025-11-27 19:21:00,750.750] ERROR    [MainThread|MainProcess] API (logger.py:error:134) | NapCatAPIError: 消息体无法解析, 请检查是否发送了不支持的消息类型
[2025-11-27 19:21:00,758.758] ERROR    [MainThread|MainProcess] API (logger.py:error:134) | NapCatAPIError: 消息体无法解析, 请检查是否发送了不支持的消息类型
[2025-11-27 19:21:00,760.760] ERROR    [MainThread|MainProcess] API (logger.py:error:134) | NapCatAPIError: 消息体无法解析, 请检查是否发送了不支持的消息类型
[2025-11-27 19:21:00,763.763] ERROR    [MainThread|MainProcess] API (logger.py:error:134) | NapCatAPIError: 消息体无法解析, 请检查是否发送了不支持的消息类型
[2025-11-27 19:21:00,768.768] ERROR    [MainThread|MainProcess] API (logger.py:error:134) | NapCatAPIError: 消息体无法解析, 请检查是否发送了不支持的消息类型
[2025-11-27 19:21:00,771.771] ERROR    [MainThread|MainProcess] API (logger.py:error:134) | NapCatAPIError: 消息体无法解析, 请检查是否发送了不支持的消息类型
[2025-11-27 19:21:00,773.773] ERROR    [MainThread|MainProcess] API (logger.py:error:134) | NapCatAPIError: 消息体无法解析, 请检查是否发送了不支持的消息类型
[2025-11-27 19:23:08,503.503] INFO     [MainThread|MainProcess] root (main.py:on_notice:73) | NoticeEvent(group_id=621893711, user_id=1431311795, notice_type=group_card, card_new=带着你的库鸣原养吃大份去吧, card_old=本人已死，是非对错我已无心过问)
[2025-11-27 19:23:08,504.504] ERROR    [MainThread|MainProcess] asyncio (base_events.py:default_exception_handler:1758) | Task exception was never retrieved
future: <Task finished name='Task-3420' coro=<on_notice() done, defined at d:\1code\qqbot\main.py:70> exception=KeyError('Invalid key: sub_type.')>
Traceback (most recent call last):
  File "d:\1code\qqbot\main.py", line 83, in on_notice
    if notice["sub_type"] == "poke" and str(notice["target_id"]) == BOT_QQ:
  File "D:\1code\python3.10\lib\site-packages\ncatbot\core\event\event_data.py", line 22, in __getitem__
    raise KeyError(f"Invalid key: {key}.")
KeyError: 'Invalid key: sub_type.'
[2025-11-27 19:23:08,505.505] INFO     [MainThread|MainProcess] root (main.py:on_group_message:40) | GroupMessageEvent(sub_type=normal, message_id=1042220689, message=[Text(text="我挺想多选的（")], sender=GroupSender({"user_id":"1431311795", "nickname":"不是，哥们", "card":"带着你的库鸣原养吃大份去吧", "role":"member"}), group_id=621893711)
[2025-11-27 19:23:08,511.511] ERROR    [MainThread|MainProcess] API (logger.py:error:134) | NapCatAPIError: 消息体无法解析, 请检查是否发送了不支持的消息类型
[2025-11-27 19:23:09,322.322] ERROR    [MainThread|MainProcess] API (logger.py:error:134) | NapCatAPIError: 消息体无法解析, 请检查是否发送了不支持的消息类型
[2025-11-27 19:23:09,356.356] ERROR    [MainThread|MainProcess] API (logger.py:error:134) | NapCatAPIError: 消息体无法解析, 请检查是否发送了不支持的消息类型
[2025-11-27 19:23:09,358.358] ERROR    [MainThread|MainProcess] API (logger.py:error:134) | NapCatAPIError: 消息体无法解析, 请检查是否发送了不支持的消息类型
[2025-11-27 19:23:09,363.363] ERROR    [MainThread|MainProcess] API (logger.py:error:134) | NapCatAPIError: 消息体无法解析, 请检查是否发送了不支持的消息类型
[2025-11-27 19:23:09,372.372] ERROR    [MainThread|MainProcess] API (logger.py:error:134) | NapCatAPIError: 消息体无法解析, 请检查是否发送了不支持的消息类型
[2025-11-27 19:23:09,375.375] ERROR    [MainThread|MainProcess] API (logger.py:error:134) | NapCatAPIError: 消息体无法解析, 请检查是否发送了不支持的消息类型
[2025-11-27 19:23:09,380.380] ERROR    [MainThread|MainProcess] API (logger.py:error:134) | NapCatAPIError: 消息体无法解析, 请检查是否发送了不支持的消息类型
[2025-11-27 19:23:09,383.383] ERROR    [MainThread|MainProcess] API (logger.py:error:134) | NapCatAPIError: 消息体无法解析, 请检查是否发送了不支持的消息类型
[2025-11-27 19:23:54,871.871] INFO     [MainThread|MainProcess] root (main.py:on_group_message:40) | GroupMessageEvent(sub_type=normal, message_id=1908524706, message=[Text(text="牛奶旋律说是")], sender=GroupSender({"user_id":"1431311795", "nickname":"不是，哥们", "card":"带着你的库鸣原养吃大份去吧", "role":"member"}), group_id=621893711)
[2025-11-27 19:23:54,902.902] ERROR    [MainThread|MainProcess] API (logger.py:error:134) | NapCatAPIError: 消息体无法解析, 请检查是否发送了不支持的消息类型
[2025-11-27 19:23:54,924.924] ERROR    [MainThread|MainProcess] API (logger.py:error:134) | NapCatAPIError: 消息体无法解析, 请检查是否发送了不支持的消息类型
[2025-11-27 19:23:54,951.951] ERROR    [MainThread|MainProcess] API (logger.py:error:134) | NapCatAPIError: 消息体无法解析, 请检查是否发送了不支持的消息类型
[2025-11-27 19:23:54,958.958] ERROR    [MainThread|MainProcess] API (logger.py:error:134) | NapCatAPIError: 消息体无法解析, 请检查是否发送了不支持的消息类型
[2025-11-27 19:23:54,967.967] ERROR    [MainThread|MainProcess] API (logger.py:error:134) | NapCatAPIError: 消息体无法解析, 请检查是否发送了不支持的消息类型
[2025-11-27 19:23:54,970.970] ERROR    [MainThread|MainProcess] API (logger.py:error:134) | NapCatAPIError: 消息体无法解析, 请检查是否发送了不支持的消息类型
[2025-11-27 19:23:54,972.972] ERROR    [MainThread|MainProcess] API (logger.py:error:134) | NapCatAPIError: 消息体无法解析, 请检查是否发送了不支持的消息类型
[2025-11-27 19:23:54,977.977] ERROR    [MainThread|MainProcess] API (logger.py:error:134) | NapCatAPIError: 消息体无法解析, 请检查是否发送了不支持的消息类型
[2025-11-27 19:23:54,988.988] ERROR    [MainThread|MainProcess] API (logger.py:error:134) | NapCatAPIError: 消息体无法解析, 请检查是否发送了不支持的消息类型
[2025-11-27 19:23:55,079.079] ERROR    [MainThread|MainProcess] API (logger.py:error:134) | NapCatAPIError: 消息体无法解析, 请检查是否发送了不支持的消息类型
[2025-11-27 19:35:10,505.505] INFO     [MainThread|MainProcess] root (main.py:on_group_message:40) | GroupMessageEvent(sub_type=normal, message_id=1894962153, message=[Text(text="od：药物滥用
ed：进食障碍
of：介词
oc：原创角色
os：好想看暴力女穿裙子")], sender=GroupSender({"user_id":"1137679848", "nickname":"LPI", "card":"", "role":"member"}), group_id=621893711)
[2025-11-27 19:35:10,510.510] ERROR    [MainThread|MainProcess] API (logger.py:error:134) | NapCatAPIError: 消息体无法解析, 请检查是否发送了不支持的消息类型
[2025-11-27 19:35:10,524.524] ERROR    [MainThread|MainProcess] API (logger.py:error:134) | NapCatAPIError: 消息体无法解析, 请检查是否发送了不支持的消息类型
[2025-11-27 19:35:10,527.527] ERROR    [MainThread|MainProcess] API (logger.py:error:134) | NapCatAPIError: 消息体无法解析, 请检查是否发送了不支持的消息类型
[2025-11-27 19:35:10,529.529] ERROR    [MainThread|MainProcess] API (logger.py:error:134) | NapCatAPIError: 消息体无法解析, 请检查是否发送了不支持的消息类型
[2025-11-27 19:35:10,531.531] ERROR    [MainThread|MainProcess] API (logger.py:error:134) | NapCatAPIError: 消息体无法解析, 请检查是否发送了不支持的消息类型
[2025-11-27 19:35:10,534.534] ERROR    [MainThread|MainProcess] API (logger.py:error:134) | NapCatAPIError: 消息体无法解析, 请检查是否发送了不支持的消息类型
[2025-11-27 19:35:10,536.536] ERROR    [MainThread|MainProcess] API (logger.py:error:134) | NapCatAPIError: 消息体无法解析, 请检查是否发送了不支持的消息类型
[2025-11-27 19:35:10,539.539] ERROR    [MainThread|MainProcess] API (logger.py:error:134) | NapCatAPIError: 消息体无法解析, 请检查是否发送了不支持的消息类型
[2025-11-27 19:35:10,541.541] ERROR    [MainThread|MainProcess] API (logger.py:error:134) | NapCatAPIError: 消息体无法解析, 请检查是否发送了不支持的消息类型
[2025-11-27 19:35:10,544.544] ERROR    [MainThread|MainProcess] API (logger.py:error:134) | NapCatAPIError: 消息体无法解析, 请检查是否发送了不支持的消息类型
[2025-11-27 19:41:30,242.242] INFO     [MainThread|MainProcess] root (main.py:on_group_message:40) | GroupMessageEvent(sub_type=normal, message_id=631774502, message=[Text(text="……这首我到尾杀2绿，尾杀掉1005")], sender=GroupSender({"user_id":"3568541532", "nickname":"汐与朋也", "card":"", "role":"admin"}), group_id=577713202)
[2025-11-27 19:41:30,249.249] ERROR    [MainThread|MainProcess] API (logger.py:error:134) | NapCatAPIError: 消息体无法解析, 请检查是否发送了不支持的消息类型
[2025-11-27 19:41:30,337.337] ERROR    [MainThread|MainProcess] API (logger.py:error:134) | NapCatAPIError: 消息体无法解析, 请检查是否发送了不支持的消息类型
[2025-11-27 19:41:30,428.428] ERROR    [MainThread|MainProcess] API (logger.py:error:134) | NapCatAPIError: 消息体无法解析, 请检查是否发送了不支持的消息类型
[2025-11-27 19:41:30,460.460] ERROR    [MainThread|MainProcess] API (logger.py:error:134) | NapCatAPIError: 消息体无法解析, 请检查是否发送了不支持的消息类型
[2025-11-27 19:41:30,463.463] ERROR    [MainThread|MainProcess] API (logger.py:error:134) | NapCatAPIError: 消息体无法解析, 请检查是否发送了不支持的消息类型
[2025-11-27 19:41:30,465.465] ERROR    [MainThread|MainProcess] API (logger.py:error:134) | NapCatAPIError: 消息体无法解析, 请检查是否发送了不支持的消息类型
[2025-11-27 19:41:30,468.468] ERROR    [MainThread|MainProcess] API (logger.py:error:134) | NapCatAPIError: 消息体无法解析, 请检查是否发送了不支持的消息类型
[2025-11-27 19:41:30,473.473] ERROR    [MainThread|MainProcess] API (logger.py:error:134) | NapCatAPIError: 消息体无法解析, 请检查是否发送了不支持的消息类型
[2025-11-27 19:41:30,476.476] ERROR    [MainThread|MainProcess] API (logger.py:error:134) | NapCatAPIError: 消息体无法解析, 请检查是否发送了不支持的消息类型
[2025-11-27 19:41:30,480.480] ERROR    [MainThread|MainProcess] API (logger.py:error:134) | NapCatAPIError: 消息体无法解析, 请检查是否发送了不支持的消息类型
[2025-11-27 19:49:51,168.168] INFO     [MainThread|MainProcess] root (main.py:on_group_message:40) | GroupMessageEvent(sub_type=normal, message_id=1083291420, message=[Reply(id="474186847"), Text(text="导出之后手动处理一下，去掉空格分割算多个重复的")], sender=GroupSender({"user_id":"2955370273", "nickname":"qaqFei", "card":"", "role":"owner"}), group_id=621893711)
[2025-11-27 19:49:51,174.174] ERROR    [MainThread|MainProcess] API (logger.py:error:134) | NapCatAPIError: 消息体无法解析, 请检查是否发送了不支持的消息类型
[2025-11-27 19:49:51,176.176] ERROR    [MainThread|MainProcess] API (logger.py:error:134) | NapCatAPIError: 消息体无法解析, 请检查是否发送了不支持的消息类型
[2025-11-27 19:49:51,178.178] ERROR    [MainThread|MainProcess] API (logger.py:error:134) | NapCatAPIError: 消息体无法解析, 请检查是否发送了不支持的消息类型
[2025-11-27 19:49:51,181.181] ERROR    [MainThread|MainProcess] API (logger.py:error:134) | NapCatAPIError: 消息体无法解析, 请检查是否发送了不支持的消息类型
[2025-11-27 19:49:51,195.195] ERROR    [MainThread|MainProcess] API (logger.py:error:134) | NapCatAPIError: 消息体无法解析, 请检查是否发送了不支持的消息类型
[2025-11-27 19:49:51,197.197] ERROR    [MainThread|MainProcess] API (logger.py:error:134) | NapCatAPIError: 消息体无法解析, 请检查是否发送了不支持的消息类型
[2025-11-27 19:49:51,199.199] ERROR    [MainThread|MainProcess] API (logger.py:error:134) | NapCatAPIError: 消息体无法解析, 请检查是否发送了不支持的消息类型
[2025-11-27 19:49:51,202.202] ERROR    [MainThread|MainProcess] API (logger.py:error:134) | NapCatAPIError: 消息体无法解析, 请检查是否发送了不支持的消息类型
[2025-11-27 19:49:51,204.204] ERROR    [MainThread|MainProcess] API (logger.py:error:134) | NapCatAPIError: 消息体无法解析, 请检查是否发送了不支持的消息类型
[2025-11-27 19:49:51,207.207] ERROR    [MainThread|MainProcess] API (logger.py:error:134) | NapCatAPIError: 消息体无法解析, 请检查是否发送了不支持的消息类型
[2025-11-27 19:50:12,891.891] INFO     [MainThread|MainProcess] root (main.py:on_group_message:40) | GroupMessageEvent(sub_type=normal, message_id=556514291, message=[Text(text="单次提交要去重")], sender=GroupSender({"user_id":"2955370273", "nickname":"qaqFei", "card":"", "role":"owner"}), group_id=621893711)
[2025-11-27 19:50:12,893.893] ERROR    [MainThread|MainProcess] API (logger.py:error:134) | NapCatAPIError: 消息体无法解析, 请检查是否发送了不支持的消息类型
[2025-11-27 19:50:12,899.899] ERROR    [MainThread|MainProcess] API (logger.py:error:134) | NapCatAPIError: 消息体无法解析, 请检查是否发送了不支持的消息类型
[2025-11-27 19:50:12,912.912] ERROR    [MainThread|MainProcess] API (logger.py:error:134) | NapCatAPIError: 消息体无法解析, 请检查是否发送了不支持的消息类型
[2025-11-27 19:50:12,915.915] ERROR    [MainThread|MainProcess] API (logger.py:error:134) | NapCatAPIError: 消息体无法解析, 请检查是否发送了不支持的消息类型
[2025-11-27 19:50:12,918.918] ERROR    [MainThread|MainProcess] API (logger.py:error:134) | NapCatAPIError: 消息体无法解析, 请检查是否发送了不支持的消息类型
[2025-11-27 19:50:12,938.938] ERROR    [MainThread|MainProcess] API (logger.py:error:134) | NapCatAPIError: 消息体无法解析, 请检查是否发送了不支持的消息类型
[2025-11-27 19:50:12,941.941] ERROR    [MainThread|MainProcess] API (logger.py:error:134) | NapCatAPIError: 消息体无法解析, 请检查是否发送了不支持的消息类型
[2025-11-27 19:50:12,944.944] ERROR    [MainThread|MainProcess] API (logger.py:error:134) | NapCatAPIError: 消息体无法解析, 请检查是否发送了不支持的消息类型
[2025-11-27 19:50:12,946.946] ERROR    [MainThread|MainProcess] API (logger.py:error:134) | NapCatAPIError: 消息体无法解析, 请检查是否发送了不支持的消息类型
[2025-11-27 19:50:12,949.949] ERROR    [MainThread|MainProcess] API (logger.py:error:134) | NapCatAPIError: 消息体无法解析, 请检查是否发送了不支持的消息类型
[2025-11-27 19:50:54,644.644] INFO     [MainThread|MainProcess] root (main.py:on_group_message:40) | GroupMessageEvent(sub_type=normal, message_id=677186670, message=[Image(file="5A16BF6B440C4BC37F79FB36381DA65D.jpg", url="https://multimedia.nt.qq.com.cn/download?appid=1407&fileid=EhQF3JmsNMupxg-GmBFhSsQcxZ2JoxiOnhIg_woo-ui7_6GSkQMyBHByb2RQgL2jAVoQj6EtdD_kLWFkc9ZZ31eRyXoCuDyCAQJuag&rkey=CAQSMGrX8szTd2fChFaop6jlxTqP70ma9lU6S9WCySY9hY_U5whXcytus2KuOFuytLJAIg", file_size="298766", summary="", sub_type=0)], sender=GroupSender({"user_id":"3337806907", "nickname":"猫猫不可以rua", "card":"", "role":"member"}), group_id=577713202)
[2025-11-27 19:50:54,649.649] ERROR    [MainThread|MainProcess] API (logger.py:error:134) | NapCatAPIError: 消息体无法解析, 请检查是否发送了不支持的消息类型
[2025-11-27 19:50:54,652.652] ERROR    [MainThread|MainProcess] API (logger.py:error:134) | NapCatAPIError: 消息体无法解析, 请检查是否发送了不支持的消息类型
[2025-11-27 19:50:54,663.663] ERROR    [MainThread|MainProcess] API (logger.py:error:134) | NapCatAPIError: 消息体无法解析, 请检查是否发送了不支持的消息类型
[2025-11-27 19:50:54,666.666] ERROR    [MainThread|MainProcess] API (logger.py:error:134) | NapCatAPIError: 消息体无法解析, 请检查是否发送了不支持的消息类型
[2025-11-27 19:50:54,668.668] ERROR    [MainThread|MainProcess] API (logger.py:error:134) | NapCatAPIError: 消息体无法解析, 请检查是否发送了不支持的消息类型
[2025-11-27 19:50:54,675.675] ERROR    [MainThread|MainProcess] API (logger.py:error:134) | NapCatAPIError: 消息体无法解析, 请检查是否发送了不支持的消息类型
[2025-11-27 19:50:54,678.678] ERROR    [MainThread|MainProcess] API (logger.py:error:134) | NapCatAPIError: 消息体无法解析, 请检查是否发送了不支持的消息类型
[2025-11-27 19:50:54,680.680] ERROR    [MainThread|MainProcess] API (logger.py:error:134) | NapCatAPIError: 消息体无法解析, 请检查是否发送了不支持的消息类型
[2025-11-27 19:50:54,683.683] ERROR    [MainThread|MainProcess] API (logger.py:error:134) | NapCatAPIError: 消息体无法解析, 请检查是否发送了不支持的消息类型
[2025-11-27 19:50:54,685.685] ERROR    [MainThread|MainProcess] API (logger.py:error:134) | NapCatAPIError: 消息体无法解析, 请检查是否发送了不支持的消息类型
[2025-11-27 19:51:02,496.496] INFO     [MainThread|MainProcess] root (main.py:on_group_message:40) | GroupMessageEvent(sub_type=normal, message_id=842119382, message=[Text(text="我的鸟加啊😭🖐🏻")], sender=GroupSender({"user_id":"3337806907", "nickname":"猫猫不可以rua", "card":"", "role":"member"}), group_id=577713202)
[2025-11-27 19:51:02,501.501] ERROR    [MainThread|MainProcess] API (logger.py:error:134) | NapCatAPIError: 消息体无法解析, 请检查是否发送了不支持的消息类型
[2025-11-27 19:51:02,515.515] ERROR    [MainThread|MainProcess] API (logger.py:error:134) | NapCatAPIError: 消息体无法解析, 请检查是否发送了不支持的消息类型
[2025-11-27 19:51:02,517.517] ERROR    [MainThread|MainProcess] API (logger.py:error:134) | NapCatAPIError: 消息体无法解析, 请检查是否发送了不支持的消息类型
[2025-11-27 19:51:02,520.520] ERROR    [MainThread|MainProcess] API (logger.py:error:134) | NapCatAPIError: 消息体无法解析, 请检查是否发送了不支持的消息类型
[2025-11-27 19:51:02,522.522] ERROR    [MainThread|MainProcess] API (logger.py:error:134) | NapCatAPIError: 消息体无法解析, 请检查是否发送了不支持的消息类型
[2025-11-27 19:51:02,525.525] ERROR    [MainThread|MainProcess] API (logger.py:error:134) | NapCatAPIError: 消息体无法解析, 请检查是否发送了不支持的消息类型
[2025-11-27 19:51:02,527.527] ERROR    [MainThread|MainProcess] API (logger.py:error:134) | NapCatAPIError: 消息体无法解析, 请检查是否发送了不支持的消息类型
[2025-11-27 19:51:02,530.530] ERROR    [MainThread|MainProcess] API (logger.py:error:134) | NapCatAPIError: 消息体无法解析, 请检查是否发送了不支持的消息类型
[2025-11-27 19:51:02,532.532] ERROR    [MainThread|MainProcess] API (logger.py:error:134) | NapCatAPIError: 消息体无法解析, 请检查是否发送了不支持的消息类型
[2025-11-27 19:51:02,535.535] ERROR    [MainThread|MainProcess] API (logger.py:error:134) | NapCatAPIError: 消息体无法解析, 请检查是否发送了不支持的消息类型
[2025-11-27 19:51:08,516.516] INFO     [MainThread|MainProcess] root (main.py:on_group_message:40) | GroupMessageEvent(sub_type=normal, message_id=797409440, message=[Text(text="还是说就这两个词出现了两次🤔")], sender=GroupSender({"user_id":"2955370273", "nickname":"qaqFei", "card":"", "role":"owner"}), group_id=621893711)
[2025-11-27 19:51:08,521.521] ERROR    [MainThread|MainProcess] API (logger.py:error:134) | NapCatAPIError: 消息体无法解析, 请检查是否发送了不支持的消息类型
[2025-11-27 19:51:08,523.523] ERROR    [MainThread|MainProcess] API (logger.py:error:134) | NapCatAPIError: 消息体无法解析, 请检查是否发送了不支持的消息类型
[2025-11-27 19:51:08,525.525] ERROR    [MainThread|MainProcess] API (logger.py:error:134) | NapCatAPIError: 消息体无法解析, 请检查是否发送了不支持的消息类型
[2025-11-27 19:51:08,533.533] ERROR    [MainThread|MainProcess] API (logger.py:error:134) | NapCatAPIError: 消息体无法解析, 请检查是否发送了不支持的消息类型
[2025-11-27 19:51:08,545.545] ERROR    [MainThread|MainProcess] API (logger.py:error:134) | NapCatAPIError: 消息体无法解析, 请检查是否发送了不支持的消息类型
[2025-11-27 19:51:08,547.547] ERROR    [MainThread|MainProcess] API (logger.py:error:134) | NapCatAPIError: 消息体无法解析, 请检查是否发送了不支持的消息类型
[2025-11-27 19:51:08,549.549] ERROR    [MainThread|MainProcess] API (logger.py:error:134) | NapCatAPIError: 消息体无法解析, 请检查是否发送了不支持的消息类型
[2025-11-27 19:51:08,552.552] ERROR    [MainThread|MainProcess] API (logger.py:error:134) | NapCatAPIError: 消息体无法解析, 请检查是否发送了不支持的消息类型
[2025-11-27 19:51:08,554.554] ERROR    [MainThread|MainProcess] API (logger.py:error:134) | NapCatAPIError: 消息体无法解析, 请检查是否发送了不支持的消息类型
[2025-11-27 19:51:08,557.557] ERROR    [MainThread|MainProcess] API (logger.py:error:134) | NapCatAPIError: 消息体无法解析, 请检查是否发送了不支持的消息类型
[2025-11-27 19:51:10,728.728] INFO     [MainThread|MainProcess] root (main.py:on_group_message:40) | GroupMessageEvent(sub_type=normal, message_id=1341767478, message=[Text(text="紧张了直接掉了个miss")], sender=GroupSender({"user_id":"3337806907", "nickname":"猫猫不可以rua", "card":"", "role":"member"}), group_id=577713202)
[2025-11-27 19:51:10,732.732] ERROR    [MainThread|MainProcess] API (logger.py:error:134) | NapCatAPIError: 消息体无法解析, 请检查是否发送了不支持的消息类型
[2025-11-27 19:51:10,757.757] ERROR    [MainThread|MainProcess] API (logger.py:error:134) | NapCatAPIError: 消息体无法解析, 请检查是否发送了不支持的消息类型
[2025-11-27 19:51:10,764.764] ERROR    [MainThread|MainProcess] API (logger.py:error:134) | NapCatAPIError: 消息体无法解析, 请检查是否发送了不支持的消息类型
[2025-11-27 19:51:10,768.768] ERROR    [MainThread|MainProcess] API (logger.py:error:134) | NapCatAPIError: 消息体无法解析, 请检查是否发送了不支持的消息类型
[2025-11-27 19:51:10,771.771] ERROR    [MainThread|MainProcess] API (logger.py:error:134) | NapCatAPIError: 消息体无法解析, 请检查是否发送了不支持的消息类型
[2025-11-27 19:51:10,775.775] ERROR    [MainThread|MainProcess] API (logger.py:error:134) | NapCatAPIError: 消息体无法解析, 请检查是否发送了不支持的消息类型
[2025-11-27 19:51:10,780.780] ERROR    [MainThread|MainProcess] API (logger.py:error:134) | NapCatAPIError: 消息体无法解析, 请检查是否发送了不支持的消息类型
[2025-11-27 19:51:10,784.784] ERROR    [MainThread|MainProcess] API (logger.py:error:134) | NapCatAPIError: 消息体无法解析, 请检查是否发送了不支持的消息类型
[2025-11-27 19:51:10,786.786] ERROR    [MainThread|MainProcess] API (logger.py:error:134) | NapCatAPIError: 消息体无法解析, 请检查是否发送了不支持的消息类型
[2025-11-27 19:51:10,813.813] ERROR    [MainThread|MainProcess] API (logger.py:error:134) | NapCatAPIError: 消息体无法解析, 请检查是否发送了不支持的消息类型
[2025-11-27 19:52:43,695.695] INFO     [MainThread|MainProcess] root (main.py:on_group_message:40) | GroupMessageEvent(sub_type=normal, message_id=1685347871, message=[Text(text="这个好")], sender=GroupSender({"user_id":"3568541532", "nickname":"汐与朋也", "card":"", "role":"admin"}), group_id=577713202)
[2025-11-27 19:52:43,700.700] ERROR    [MainThread|MainProcess] API (logger.py:error:134) | NapCatAPIError: 消息体无法解析, 请检查是否发送了不支持的消息类型
[2025-11-27 19:52:43,715.715] ERROR    [MainThread|MainProcess] API (logger.py:error:134) | NapCatAPIError: 消息体无法解析, 请检查是否发送了不支持的消息类型
[2025-11-27 19:52:43,717.717] ERROR    [MainThread|MainProcess] API (logger.py:error:134) | NapCatAPIError: 消息体无法解析, 请检查是否发送了不支持的消息类型
[2025-11-27 19:52:43,720.720] ERROR    [MainThread|MainProcess] API (logger.py:error:134) | NapCatAPIError: 消息体无法解析, 请检查是否发送了不支持的消息类型
[2025-11-27 19:52:43,722.722] ERROR    [MainThread|MainProcess] API (logger.py:error:134) | NapCatAPIError: 消息体无法解析, 请检查是否发送了不支持的消息类型
[2025-11-27 19:52:43,725.725] ERROR    [MainThread|MainProcess] API (logger.py:error:134) | NapCatAPIError: 消息体无法解析, 请检查是否发送了不支持的消息类型
[2025-11-27 19:52:43,727.727] ERROR    [MainThread|MainProcess] API (logger.py:error:134) | NapCatAPIError: 消息体无法解析, 请检查是否发送了不支持的消息类型
[2025-11-27 19:52:43,730.730] ERROR    [MainThread|MainProcess] API (logger.py:error:134) | NapCatAPIError: 消息体无法解析, 请检查是否发送了不支持的消息类型
[2025-11-27 19:52:43,732.732] ERROR    [MainThread|MainProcess] API (logger.py:error:134) | NapCatAPIError: 消息体无法解析, 请检查是否发送了不支持的消息类型
[2025-11-27 19:52:43,735.735] ERROR    [MainThread|MainProcess] API (logger.py:error:134) | NapCatAPIError: 消息体无法解析, 请检查是否发送了不支持的消息类型
[2025-11-27 19:52:47,256.256] INFO     [MainThread|MainProcess] root (main.py:on_group_message:40) | GroupMessageEvent(sub_type=normal, message_id=694119407, message=[Text(text="马上虹分了")], sender=GroupSender({"user_id":"3568541532", "nickname":"汐与朋也", "card":"", "role":"admin"}), group_id=577713202)
[2025-11-27 19:52:47,269.269] ERROR    [MainThread|MainProcess] API (logger.py:error:134) | NapCatAPIError: 消息体无法解析, 请检查是否发送了不支持的消息类型
[2025-11-27 19:52:47,271.271] ERROR    [MainThread|MainProcess] API (logger.py:error:134) | NapCatAPIError: 消息体无法解析, 请检查是否发送了不支持的消息类型
[2025-11-27 19:52:47,274.274] ERROR    [MainThread|MainProcess] API (logger.py:error:134) | NapCatAPIError: 消息体无法解析, 请检查是否发送了不支持的消息类型
[2025-11-27 19:52:47,277.277] ERROR    [MainThread|MainProcess] API (logger.py:error:134) | NapCatAPIError: 消息体无法解析, 请检查是否发送了不支持的消息类型
[2025-11-27 19:52:47,281.281] ERROR    [MainThread|MainProcess] API (logger.py:error:134) | NapCatAPIError: 消息体无法解析, 请检查是否发送了不支持的消息类型
[2025-11-27 19:52:47,293.293] ERROR    [MainThread|MainProcess] API (logger.py:error:134) | NapCatAPIError: 消息体无法解析, 请检查是否发送了不支持的消息类型
[2025-11-27 19:52:47,297.297] ERROR    [MainThread|MainProcess] API (logger.py:error:134) | NapCatAPIError: 消息体无法解析, 请检查是否发送了不支持的消息类型
[2025-11-27 19:52:47,299.299] ERROR    [MainThread|MainProcess] API (logger.py:error:134) | NapCatAPIError: 消息体无法解析, 请检查是否发送了不支持的消息类型
[2025-11-27 19:52:47,302.302] ERROR    [MainThread|MainProcess] API (logger.py:error:134) | NapCatAPIError: 消息体无法解析, 请检查是否发送了不支持的消息类型
[2025-11-27 19:52:47,304.304] ERROR    [MainThread|MainProcess] API (logger.py:error:134) | NapCatAPIError: 消息体无法解析, 请检查是否发送了不支持的消息类型
[2025-11-27 19:56:50,066.066] INFO     [MainThread|MainProcess] root (main.py:on_group_message:40) | GroupMessageEvent(sub_type=normal, message_id=118729157, message=[Text(text="兑")], sender=GroupSender({"user_id":"3337806907", "nickname":"猫猫不可以rua", "card":"", "role":"member"}), group_id=577713202)
[2025-11-27 19:56:50,075.075] ERROR    [MainThread|MainProcess] API (logger.py:error:134) | NapCatAPIError: 消息体无法解析, 请检查是否发送了不支持的消息类型
[2025-11-27 19:56:50,079.079] ERROR    [MainThread|MainProcess] API (logger.py:error:134) | NapCatAPIError: 消息体无法解析, 请检查是否发送了不支持的消息类型
[2025-11-27 19:56:50,092.092] ERROR    [MainThread|MainProcess] API (logger.py:error:134) | NapCatAPIError: 消息体无法解析, 请检查是否发送了不支持的消息类型
[2025-11-27 19:56:50,100.100] ERROR    [MainThread|MainProcess] API (logger.py:error:134) | NapCatAPIError: 消息体无法解析, 请检查是否发送了不支持的消息类型
[2025-11-27 19:56:50,104.104] ERROR    [MainThread|MainProcess] API (logger.py:error:134) | NapCatAPIError: 消息体无法解析, 请检查是否发送了不支持的消息类型
[2025-11-27 19:56:50,108.108] ERROR    [MainThread|MainProcess] API (logger.py:error:134) | NapCatAPIError: 消息体无法解析, 请检查是否发送了不支持的消息类型
[2025-11-27 19:56:50,113.113] ERROR    [MainThread|MainProcess] API (logger.py:error:134) | NapCatAPIError: 消息体无法解析, 请检查是否发送了不支持的消息类型
[2025-11-27 19:56:50,152.152] ERROR    [MainThread|MainProcess] API (logger.py:error:134) | NapCatAPIError: 消息体无法解析, 请检查是否发送了不支持的消息类型
[2025-11-27 19:56:50,215.215] ERROR    [MainThread|MainProcess] API (logger.py:error:134) | NapCatAPIError: 消息体无法解析, 请检查是否发送了不支持的消息类型
[2025-11-27 19:56:50,222.222] ERROR    [MainThread|MainProcess] API (logger.py:error:134) | NapCatAPIError: 消息体无法解析, 请检查是否发送了不支持的消息类型
[2025-11-27 19:57:09,460.460] INFO     [MainThread|MainProcess] root (main.py:on_group_message:40) | GroupMessageEvent(sub_type=normal, message_id=513352709, message=[Text(text="话说鸟加是铺面定数加几？")], sender=GroupSender({"user_id":"3337806907", "nickname":"猫猫不可以rua", "card":"", "role":"member"}), group_id=577713202)
[2025-11-27 19:57:09,467.467] ERROR    [MainThread|MainProcess] API (logger.py:error:134) | NapCatAPIError: 消息体无法解析, 请检查是否发送了不支持的消息类型
[2025-11-27 19:57:09,482.482] ERROR    [MainThread|MainProcess] API (logger.py:error:134) | NapCatAPIError: 消息体无法解析, 请检查是否发送了不支持的消息类型
[2025-11-27 19:57:09,484.484] ERROR    [MainThread|MainProcess] API (logger.py:error:134) | NapCatAPIError: 消息体无法解析, 请检查是否发送了不支持的消息类型
[2025-11-27 19:57:09,486.486] ERROR    [MainThread|MainProcess] API (logger.py:error:134) | NapCatAPIError: 消息体无法解析, 请检查是否发送了不支持的消息类型
[2025-11-27 19:57:09,489.489] ERROR    [MainThread|MainProcess] API (logger.py:error:134) | NapCatAPIError: 消息体无法解析, 请检查是否发送了不支持的消息类型
[2025-11-27 19:57:09,491.491] ERROR    [MainThread|MainProcess] API (logger.py:error:134) | NapCatAPIError: 消息体无法解析, 请检查是否发送了不支持的消息类型
[2025-11-27 19:57:09,494.494] ERROR    [MainThread|MainProcess] API (logger.py:error:134) | NapCatAPIError: 消息体无法解析, 请检查是否发送了不支持的消息类型
[2025-11-27 19:57:09,497.497] ERROR    [MainThread|MainProcess] API (logger.py:error:134) | NapCatAPIError: 消息体无法解析, 请检查是否发送了不支持的消息类型
[2025-11-27 19:57:09,499.499] ERROR    [MainThread|MainProcess] API (logger.py:error:134) | NapCatAPIError: 消息体无法解析, 请检查是否发送了不支持的消息类型
[2025-11-27 19:57:09,502.502] ERROR    [MainThread|MainProcess] API (logger.py:error:134) | NapCatAPIError: 消息体无法解析, 请检查是否发送了不支持的消息类型
[2025-11-27 20:02:22,897.897] INFO     [MainThread|MainProcess] root (main.py:on_group_message:40) | GroupMessageEvent(sub_type=normal, message_id=85426666, message=[Image(file="1711DEE895A0214F051175EFCDE439A7.jpg", url="https://multimedia.nt.qq.com.cn/download?appid=1407&fileid=EhT54nTs081gqnsuBqx40iwYUeDF3hjpgQkg_woonJrpx6SSkQMyBHByb2RQgL2jAVoQRnltMWk8HLp9G8EyZtS1NnoCVeKCAQJuag&rkey=CAQSMGrX8szTd2fChFaop6jlxTqP70ma9lU6S9WCySY9hY_U5whXcytus2KuOFuytLJAIg", file_size="147689", summary="", sub_type=0)], sender=GroupSender({"user_id":"2241084883", "nickname":"Rikka", "card":"", "role":"member"}), group_id=577713202)
[2025-11-27 20:02:22,903.903] ERROR    [MainThread|MainProcess] API (logger.py:error:134) | NapCatAPIError: 消息体无法解析, 请检查是否发送了不支持的消息类型
[2025-11-27 20:02:22,924.924] ERROR    [MainThread|MainProcess] API (logger.py:error:134) | NapCatAPIError: 消息体无法解析, 请检查是否发送了不支持的消息类型
[2025-11-27 20:02:22,929.929] ERROR    [MainThread|MainProcess] API (logger.py:error:134) | NapCatAPIError: 消息体无法解析, 请检查是否发送了不支持的消息类型
[2025-11-27 20:02:22,934.934] ERROR    [MainThread|MainProcess] API (logger.py:error:134) | NapCatAPIError: 消息体无法解析, 请检查是否发送了不支持的消息类型
[2025-11-27 20:02:22,938.938] ERROR    [MainThread|MainProcess] API (logger.py:error:134) | NapCatAPIError: 消息体无法解析, 请检查是否发送了不支持的消息类型
[2025-11-27 20:02:22,943.943] ERROR    [MainThread|MainProcess] API (logger.py:error:134) | NapCatAPIError: 消息体无法解析, 请检查是否发送了不支持的消息类型
[2025-11-27 20:02:22,991.991] ERROR    [MainThread|MainProcess] API (logger.py:error:134) | NapCatAPIError: 消息体无法解析, 请检查是否发送了不支持的消息类型
[2025-11-27 20:02:23,037.037] ERROR    [MainThread|MainProcess] API (logger.py:error:134) | NapCatAPIError: 消息体无法解析, 请检查是否发送了不支持的消息类型
[2025-11-27 20:02:23,041.041] ERROR    [MainThread|MainProcess] API (logger.py:error:134) | NapCatAPIError: 消息体无法解析, 请检查是否发送了不支持的消息类型
[2025-11-27 20:02:23,043.043] ERROR    [MainThread|MainProcess] API (logger.py:error:134) | NapCatAPIError: 消息体无法解析, 请检查是否发送了不支持的消息类型
[2025-11-27 20:02:56,081.081] INFO     [MainThread|MainProcess] root (main.py:on_group_message:40) | GroupMessageEvent(sub_type=normal, message_id=959197455, message=[Reply(id="513352709"), Text(text="2.15")], sender=GroupSender({"user_id":"2241084883", "nickname":"Rikka", "card":"", "role":"member"}), group_id=577713202)
[2025-11-27 20:02:56,083.083] ERROR    [MainThread|MainProcess] API (logger.py:error:134) | NapCatAPIError: 消息体无法解析, 请检查是否发送了不支持的消息类型
[2025-11-27 20:02:56,089.089] ERROR    [MainThread|MainProcess] API (logger.py:error:134) | NapCatAPIError: 消息体无法解析, 请检查是否发送了不支持的消息类型
[2025-11-27 20:02:56,117.117] ERROR    [MainThread|MainProcess] API (logger.py:error:134) | NapCatAPIError: 消息体无法解析, 请检查是否发送了不支持的消息类型
[2025-11-27 20:02:56,122.122] ERROR    [MainThread|MainProcess] API (logger.py:error:134) | NapCatAPIError: 消息体无法解析, 请检查是否发送了不支持的消息类型
[2025-11-27 20:02:56,125.125] ERROR    [MainThread|MainProcess] API (logger.py:error:134) | NapCatAPIError: 消息体无法解析, 请检查是否发送了不支持的消息类型
[2025-11-27 20:02:56,169.169] ERROR    [MainThread|MainProcess] API (logger.py:error:134) | NapCatAPIError: 消息体无法解析, 请检查是否发送了不支持的消息类型
[2025-11-27 20:02:56,202.202] ERROR    [MainThread|MainProcess] API (logger.py:error:134) | NapCatAPIError: 消息体无法解析, 请检查是否发送了不支持的消息类型
[2025-11-27 20:02:56,209.209] ERROR    [MainThread|MainProcess] API (logger.py:error:134) | NapCatAPIError: 消息体无法解析, 请检查是否发送了不支持的消息类型
[2025-11-27 20:02:56,214.214] ERROR    [MainThread|MainProcess] API (logger.py:error:134) | NapCatAPIError: 消息体无法解析, 请检查是否发送了不支持的消息类型
[2025-11-27 20:02:56,217.217] ERROR    [MainThread|MainProcess] API (logger.py:error:134) | NapCatAPIError: 消息体无法解析, 请检查是否发送了不支持的消息类型
[2025-11-27 20:04:42,123.123] INFO     [MainThread|MainProcess] root (main.py:on_group_message:40) | GroupMessageEvent(sub_type=normal, message_id=1961258167, message=[Text(text="鸟呢")], sender=GroupSender({"user_id":"3337806907", "nickname":"猫猫不可以rua", "card":"", "role":"member"}), group_id=577713202)
[2025-11-27 20:04:42,134.134] ERROR    [MainThread|MainProcess] API (logger.py:error:134) | NapCatAPIError: 消息体无法解析, 请检查是否发送了不支持的消息类型
[2025-11-27 20:04:42,149.149] ERROR    [MainThread|MainProcess] API (logger.py:error:134) | NapCatAPIError: 消息体无法解析, 请检查是否发送了不支持的消息类型
[2025-11-27 20:04:42,178.178] ERROR    [MainThread|MainProcess] API (logger.py:error:134) | NapCatAPIError: 消息体无法解析, 请检查是否发送了不支持的消息类型
[2025-11-27 20:04:42,190.190] ERROR    [MainThread|MainProcess] API (logger.py:error:134) | NapCatAPIError: 消息体无法解析, 请检查是否发送了不支持的消息类型
[2025-11-27 20:04:42,212.212] ERROR    [MainThread|MainProcess] API (logger.py:error:134) | NapCatAPIError: 消息体无法解析, 请检查是否发送了不支持的消息类型
[2025-11-27 20:04:42,218.218] ERROR    [MainThread|MainProcess] API (logger.py:error:134) | NapCatAPIError: 消息体无法解析, 请检查是否发送了不支持的消息类型
[2025-11-27 20:04:42,222.222] ERROR    [MainThread|MainProcess] API (logger.py:error:134) | NapCatAPIError: 消息体无法解析, 请检查是否发送了不支持的消息类型
[2025-11-27 20:04:42,227.227] ERROR    [MainThread|MainProcess] API (logger.py:error:134) | NapCatAPIError: 消息体无法解析, 请检查是否发送了不支持的消息类型
[2025-11-27 20:04:42,229.229] ERROR    [MainThread|MainProcess] API (logger.py:error:134) | NapCatAPIError: 消息体无法解析, 请检查是否发送了不支持的消息类型
[2025-11-27 20:04:42,231.231] ERROR    [MainThread|MainProcess] API (logger.py:error:134) | NapCatAPIError: 消息体无法解析, 请检查是否发送了不支持的消息类型
[2025-11-27 20:05:04,779.779] INFO     [MainThread|MainProcess] root (main.py:on_group_message:40) | GroupMessageEvent(sub_type=normal, message_id=238906212, message=[Text(text="2")], sender=GroupSender({"user_id":"3356418629", "nickname":"xInheart", "card":"", "role":"member"}), group_id=577713202)
[2025-11-27 20:05:04,784.784] ERROR    [MainThread|MainProcess] API (logger.py:error:134) | NapCatAPIError: 消息体无法解析, 请检查是否发送了不支持的消息类型
[2025-11-27 20:05:04,787.787] ERROR    [MainThread|MainProcess] API (logger.py:error:134) | NapCatAPIError: 消息体无法解析, 请检查是否发送了不支持的消息类型
[2025-11-27 20:05:04,801.801] ERROR    [MainThread|MainProcess] API (logger.py:error:134) | NapCatAPIError: 消息体无法解析, 请检查是否发送了不支持的消息类型
[2025-11-27 20:05:04,803.803] ERROR    [MainThread|MainProcess] API (logger.py:error:134) | NapCatAPIError: 消息体无法解析, 请检查是否发送了不支持的消息类型
[2025-11-27 20:05:04,817.817] ERROR    [MainThread|MainProcess] API (logger.py:error:134) | NapCatAPIError: 消息体无法解析, 请检查是否发送了不支持的消息类型
[2025-11-27 20:05:04,819.819] ERROR    [MainThread|MainProcess] API (logger.py:error:134) | NapCatAPIError: 消息体无法解析, 请检查是否发送了不支持的消息类型
[2025-11-27 20:05:04,823.823] ERROR    [MainThread|MainProcess] API (logger.py:error:134) | NapCatAPIError: 消息体无法解析, 请检查是否发送了不支持的消息类型
[2025-11-27 20:05:04,825.825] ERROR    [MainThread|MainProcess] API (logger.py:error:134) | NapCatAPIError: 消息体无法解析, 请检查是否发送了不支持的消息类型
[2025-11-27 20:05:04,827.827] ERROR    [MainThread|MainProcess] API (logger.py:error:134) | NapCatAPIError: 消息体无法解析, 请检查是否发送了不支持的消息类型
[2025-11-27 20:05:04,830.830] ERROR    [MainThread|MainProcess] API (logger.py:error:134) | NapCatAPIError: 消息体无法解析, 请检查是否发送了不支持的消息类型
[2025-11-27 20:05:50,850.850] INFO     [MainThread|MainProcess] root (main.py:on_group_message:40) | GroupMessageEvent(sub_type=normal, message_id=67276605, message=[At(qq="2854207029"), Text(text=" /chu b30")], sender=GroupSender({"user_id":"3356418629", "nickname":"xInheart", "card":"", "role":"member"}), group_id=577713202)
[2025-11-27 20:05:50,857.857] ERROR    [MainThread|MainProcess] API (logger.py:error:134) | NapCatAPIError: 消息体无法解析, 请检查是否发送了不支持的消息类型
[2025-11-27 20:05:50,873.873] ERROR    [MainThread|MainProcess] API (logger.py:error:134) | NapCatAPIError: 消息体无法解析, 请检查是否发送了不支持的消息类型
[2025-11-27 20:05:50,882.882] ERROR    [MainThread|MainProcess] API (logger.py:error:134) | NapCatAPIError: 消息体无法解析, 请检查是否发送了不支持的消息类型
[2025-11-27 20:05:50,885.885] ERROR    [MainThread|MainProcess] API (logger.py:error:134) | NapCatAPIError: 消息体无法解析, 请检查是否发送了不支持的消息类型
[2025-11-27 20:05:50,891.891] ERROR    [MainThread|MainProcess] API (logger.py:error:134) | NapCatAPIError: 消息体无法解析, 请检查是否发送了不支持的消息类型
[2025-11-27 20:05:50,895.895] ERROR    [MainThread|MainProcess] API (logger.py:error:134) | NapCatAPIError: 消息体无法解析, 请检查是否发送了不支持的消息类型
[2025-11-27 20:05:50,938.938] ERROR    [MainThread|MainProcess] API (logger.py:error:134) | NapCatAPIError: 消息体无法解析, 请检查是否发送了不支持的消息类型
[2025-11-27 20:05:50,971.971] ERROR    [MainThread|MainProcess] API (logger.py:error:134) | NapCatAPIError: 消息体无法解析, 请检查是否发送了不支持的消息类型
[2025-11-27 20:05:50,981.981] ERROR    [MainThread|MainProcess] API (logger.py:error:134) | NapCatAPIError: 消息体无法解析, 请检查是否发送了不支持的消息类型
[2025-11-27 20:05:50,986.986] ERROR    [MainThread|MainProcess] API (logger.py:error:134) | NapCatAPIError: 消息体无法解析, 请检查是否发送了不支持的消息类型
[2025-11-27 20:05:57,950.950] INFO     [MainThread|MainProcess] root (main.py:on_group_message:40) | GroupMessageEvent(sub_type=normal, message_id=882284154, message=[Image(file="5939c41c03c99a0e78b4d64050b5ded2.jpeg", url="https://multimedia.nt.qq.com.cn/download?appid=1407&fileid=EhTIbJ2-C9MS8QNYT0DF41BYjc2fiRjq2Ucg_wooqN_BrqWSkQMyBHByb2RQgL2jAVoQdaWK8_vcfBS4AuuqhG0SeHoCL2OCAQJneg&rkey=CAQSMGrX8szTd2fChFaop6jlxTqP70ma9lU6S9WCySY9hY_U5whXcytus2KuOFuytLJAIg", file_size="1174762", summary="", sub_type=0), At(qq="3356418629"), Text(text=" "), Text(text="查询用时：48.0905ms
生成用时：2453.7027ms")], sender=GroupSender({"user_id":"2854207029", "nickname":"LxBot", "card":"", "role":"member"}), group_id=577713202)
[2025-11-27 20:05:57,962.962] ERROR    [MainThread|MainProcess] API (logger.py:error:134) | NapCatAPIError: 消息体无法解析, 请检查是否发送了不支持的消息类型
[2025-11-27 20:05:57,976.976] ERROR    [MainThread|MainProcess] API (logger.py:error:134) | NapCatAPIError: 消息体无法解析, 请检查是否发送了不支持的消息类型
[2025-11-27 20:05:57,980.980] ERROR    [MainThread|MainProcess] API (logger.py:error:134) | NapCatAPIError: 消息体无法解析, 请检查是否发送了不支持的消息类型
[2025-11-27 20:05:57,984.984] ERROR    [MainThread|MainProcess] API (logger.py:error:134) | NapCatAPIError: 消息体无法解析, 请检查是否发送了不支持的消息类型
[2025-11-27 20:05:57,988.988] ERROR    [MainThread|MainProcess] API (logger.py:error:134) | NapCatAPIError: 消息体无法解析, 请检查是否发送了不支持的消息类型
[2025-11-27 20:05:57,992.992] ERROR    [MainThread|MainProcess] API (logger.py:error:134) | NapCatAPIError: 消息体无法解析, 请检查是否发送了不支持的消息类型
[2025-11-27 20:05:57,994.994] ERROR    [MainThread|MainProcess] API (logger.py:error:134) | NapCatAPIError: 消息体无法解析, 请检查是否发送了不支持的消息类型
[2025-11-27 20:05:58,013.013] ERROR    [MainThread|MainProcess] API (logger.py:error:134) | NapCatAPIError: 消息体无法解析, 请检查是否发送了不支持的消息类型
[2025-11-27 20:05:58,023.023] ERROR    [MainThread|MainProcess] API (logger.py:error:134) | NapCatAPIError: 消息体无法解析, 请检查是否发送了不支持的消息类型
[2025-11-27 20:05:58,026.026] ERROR    [MainThread|MainProcess] API (logger.py:error:134) | NapCatAPIError: 消息体无法解析, 请检查是否发送了不支持的消息类型
[2025-11-27 20:06:20,918.918] INFO     [MainThread|MainProcess] root (main.py:on_group_message:40) | GroupMessageEvent(sub_type=normal, message_id=605689630, message=[Text(text="下一步怎么弄呢"), Image(file="B60A30CD21E36E70379934E2225217F0.png", url="https://multimedia.nt.qq.com.cn/download?appid=1407&fileid=EhTfyiAExgvgaw4vdyPHtYQkfnjsPBjslxYg_woo_qLauaWSkQMyBHByb2RQgL2jAVoQT7unX8b1OlpUfMrNZMPMBXoCs9KCAQJuag&rkey=CAQSMGrX8szTd2fChFaop6jlxTqP70ma9lU6S9WCySY9hY_U5whXcytus2KuOFuytLJAIg", file_size="363500", summary="", sub_type=0)], sender=GroupSender({"user_id":"932211959", "nickname":"雪降り ~雪が降っている~", "card":"", "role":"member"}), group_id=1061413302)
[2025-11-27 20:06:20,929.929] ERROR    [MainThread|MainProcess] API (logger.py:error:134) | NapCatAPIError: 消息体无法解析, 请检查是否发送了不支持的消息类型
[2025-11-27 20:06:20,961.961] ERROR    [MainThread|MainProcess] API (logger.py:error:134) | NapCatAPIError: 消息体无法解析, 请检查是否发送了不支持的消息类型
[2025-11-27 20:06:20,974.974] ERROR    [MainThread|MainProcess] API (logger.py:error:134) | NapCatAPIError: 消息体无法解析, 请检查是否发送了不支持的消息类型
[2025-11-27 20:06:21,056.056] ERROR    [MainThread|MainProcess] API (logger.py:error:134) | NapCatAPIError: 消息体无法解析, 请检查是否发送了不支持的消息类型
[2025-11-27 20:06:21,119.119] ERROR    [MainThread|MainProcess] API (logger.py:error:134) | NapCatAPIError: 消息体无法解析, 请检查是否发送了不支持的消息类型
[2025-11-27 20:06:21,126.126] ERROR    [MainThread|MainProcess] API (logger.py:error:134) | NapCatAPIError: 消息体无法解析, 请检查是否发送了不支持的消息类型
[2025-11-27 20:06:21,131.131] ERROR    [MainThread|MainProcess] API (logger.py:error:134) | NapCatAPIError: 消息体无法解析, 请检查是否发送了不支持的消息类型
[2025-11-27 20:06:21,135.135] ERROR    [MainThread|MainProcess] API (logger.py:error:134) | NapCatAPIError: 消息体无法解析, 请检查是否发送了不支持的消息类型
[2025-11-27 20:06:21,140.140] ERROR    [MainThread|MainProcess] API (logger.py:error:134) | NapCatAPIError: 消息体无法解析, 请检查是否发送了不支持的消息类型
[2025-11-27 20:06:21,142.142] ERROR    [MainThread|MainProcess] API (logger.py:error:134) | NapCatAPIError: 消息体无法解析, 请检查是否发送了不支持的消息类型
[2025-11-27 20:06:41,677.677] INFO     [MainThread|MainProcess] root (main.py:on_group_message:40) | GroupMessageEvent(sub_type=normal, message_id=464905146, message=[Image(file="8BFAA42BE02BF790F439802FE146F705.jpg", url="https://multimedia.nt.qq.com.cn/download?appid=1407&fileid=EhR1H4ZITGlGMgH8CU_MvBTPoEjzHBizjQEg_woogY_Bw6WSkQMyBHByb2RQgL2jAVoQDNN-LTrQheh4IhlrlD7YWHoCSdGCAQJuag&rkey=CAQSMGrX8szTd2fChFaop6jlxTqP70ma9lU6S9WCySY9hY_U5whXcytus2KuOFuytLJAIg", file_size="18099", summary="[动画表情]", sub_type=1)], sender=GroupSender({"user_id":"2241084883", "nickname":"Rikka", "card":"", "role":"member"}), group_id=577713202)
[2025-11-27 20:06:41,683.683] ERROR    [MainThread|MainProcess] API (logger.py:error:134) | NapCatAPIError: 消息体无法解析, 请检查是否发送了不支持的消息类型
[2025-11-27 20:06:41,704.704] ERROR    [MainThread|MainProcess] API (logger.py:error:134) | NapCatAPIError: 消息体无法解析, 请检查是否发送了不支持的消息类型
[2025-11-27 20:06:41,707.707] ERROR    [MainThread|MainProcess] API (logger.py:error:134) | NapCatAPIError: 消息体无法解析, 请检查是否发送了不支持的消息类型
[2025-11-27 20:06:41,711.711] ERROR    [MainThread|MainProcess] API (logger.py:error:134) | NapCatAPIError: 消息体无法解析, 请检查是否发送了不支持的消息类型
[2025-11-27 20:06:41,715.715] ERROR    [MainThread|MainProcess] API (logger.py:error:134) | NapCatAPIError: 消息体无法解析, 请检查是否发送了不支持的消息类型
[2025-11-27 20:06:41,719.719] ERROR    [MainThread|MainProcess] API (logger.py:error:134) | NapCatAPIError: 消息体无法解析, 请检查是否发送了不支持的消息类型
[2025-11-27 20:06:41,721.721] ERROR    [MainThread|MainProcess] API (logger.py:error:134) | NapCatAPIError: 消息体无法解析, 请检查是否发送了不支持的消息类型
[2025-11-27 20:06:41,726.726] ERROR    [MainThread|MainProcess] API (logger.py:error:134) | NapCatAPIError: 消息体无法解析, 请检查是否发送了不支持的消息类型
[2025-11-27 20:06:41,731.731] ERROR    [MainThread|MainProcess] API (logger.py:error:134) | NapCatAPIError: 消息体无法解析, 请检查是否发送了不支持的消息类型
[2025-11-27 20:06:41,755.755] ERROR    [MainThread|MainProcess] API (logger.py:error:134) | NapCatAPIError: 消息体无法解析, 请检查是否发送了不支持的消息类型
[2025-11-27 20:08:18,040.040] INFO     [MainThread|MainProcess] root (main.py:on_group_message:40) | GroupMessageEvent(sub_type=normal, message_id=526230432, message=[Text(text="9")], sender=GroupSender({"user_id":"3757356679", "nickname":"RainGPT", "card":"", "role":"member"}), group_id=621893711)
[2025-11-27 20:08:18,658.658] ERROR    [MainThread|MainProcess] API (logger.py:error:134) | NapCatAPIError: 消息体无法解析, 请检查是否发送了不支持的消息类型
[2025-11-27 20:08:18,679.679] ERROR    [MainThread|MainProcess] API (logger.py:error:134) | NapCatAPIError: 消息体无法解析, 请检查是否发送了不支持的消息类型
[2025-11-27 20:08:18,688.688] ERROR    [MainThread|MainProcess] API (logger.py:error:134) | NapCatAPIError: 消息体无法解析, 请检查是否发送了不支持的消息类型
[2025-11-27 20:08:18,702.702] ERROR    [MainThread|MainProcess] API (logger.py:error:134) | NapCatAPIError: 消息体无法解析, 请检查是否发送了不支持的消息类型
[2025-11-27 20:08:18,704.704] ERROR    [MainThread|MainProcess] API (logger.py:error:134) | NapCatAPIError: 消息体无法解析, 请检查是否发送了不支持的消息类型
[2025-11-27 20:08:18,709.709] ERROR    [MainThread|MainProcess] API (logger.py:error:134) | NapCatAPIError: 消息体无法解析, 请检查是否发送了不支持的消息类型
[2025-11-27 20:08:18,715.715] ERROR    [MainThread|MainProcess] API (logger.py:error:134) | NapCatAPIError: 消息体无法解析, 请检查是否发送了不支持的消息类型
[2025-11-27 20:08:18,736.736] ERROR    [MainThread|MainProcess] API (logger.py:error:134) | NapCatAPIError: 消息体无法解析, 请检查是否发送了不支持的消息类型
[2025-11-27 20:08:18,741.741] ERROR    [MainThread|MainProcess] API (logger.py:error:134) | NapCatAPIError: 消息体无法解析, 请检查是否发送了不支持的消息类型
[2025-11-27 20:08:36,523.523] INFO     [MainThread|MainProcess] root (main.py:on_notice:73) | PokeNoticeEvent(group_id=621893711, user_id=1923215523, target_id=2161252115, notice_type=notify, sub_type=poke, raw_info=[{'col': '1', 'nm': '', 'type': 'qq', 'uid': 'u_aq9kxfd8AbQcLQpPJ90D0Q'}, {'jp': 'https://zb.vip.qq.com/v2/pages/nudgeMall?_wv=2&actionId=8', 'src': 'http://tianquan.gtimg.cn/nudgeaction/item/8/expression.jpg', 'type': 'img'}, {'txt': '揉了揉', 'type': 'nor'}, {'col': '1', 'nm': '', 'tp': '0', 'type': 'qq', 'uid': 'u_t47s1OxnCB6A39065MuBYw'}, {'txt': '的脸蛋，好酥服～', 'type': 'nor'}])
[2025-11-27 20:08:43,838.838] INFO     [MainThread|MainProcess] root (main.py:on_group_message:40) | GroupMessageEvent(sub_type=normal, message_id=1717681730, message=[Text(text="星鸿还当上管理了")], sender=GroupSender({"user_id":"1923215523", "nickname":"-浅橙-", "card":"", "role":"member"}), group_id=621893711)
[2025-11-27 20:08:43,844.844] ERROR    [MainThread|MainProcess] API (logger.py:error:134) | NapCatAPIError: 消息体无法解析, 请检查是否发送了不支持的消息类型
[2025-11-27 20:08:43,858.858] ERROR    [MainThread|MainProcess] API (logger.py:error:134) | NapCatAPIError: 消息体无法解析, 请检查是否发送了不支持的消息类型
[2025-11-27 20:08:43,860.860] ERROR    [MainThread|MainProcess] API (logger.py:error:134) | NapCatAPIError: 消息体无法解析, 请检查是否发送了不支持的消息类型
[2025-11-27 20:08:43,863.863] ERROR    [MainThread|MainProcess] API (logger.py:error:134) | NapCatAPIError: 消息体无法解析, 请检查是否发送了不支持的消息类型
[2025-11-27 20:08:43,865.865] ERROR    [MainThread|MainProcess] API (logger.py:error:134) | NapCatAPIError: 消息体无法解析, 请检查是否发送了不支持的消息类型
[2025-11-27 20:08:43,867.867] ERROR    [MainThread|MainProcess] API (logger.py:error:134) | NapCatAPIError: 消息体无法解析, 请检查是否发送了不支持的消息类型
[2025-11-27 20:08:43,870.870] ERROR    [MainThread|MainProcess] API (logger.py:error:134) | NapCatAPIError: 消息体无法解析, 请检查是否发送了不支持的消息类型
[2025-11-27 20:08:43,872.872] ERROR    [MainThread|MainProcess] API (logger.py:error:134) | NapCatAPIError: 消息体无法解析, 请检查是否发送了不支持的消息类型
[2025-11-27 20:08:43,875.875] ERROR    [MainThread|MainProcess] API (logger.py:error:134) | NapCatAPIError: 消息体无法解析, 请检查是否发送了不支持的消息类型
[2025-11-27 20:08:43,878.878] ERROR    [MainThread|MainProcess] API (logger.py:error:134) | NapCatAPIError: 消息体无法解析, 请检查是否发送了不支持的消息类型
[2025-11-27 20:08:49,824.824] INFO     [MainThread|MainProcess] root (main.py:on_group_message:40) | GroupMessageEvent(sub_type=normal, message_id=1343480717, message=[Image(file="3b-3b304e7877336c412d5fd080f52d5562.gif", url="https://gxh.vip.qq.com/club/item/parcel/item/3b/3b304e7877336c412d5fd080f52d5562/raw300.gif", summary="[啃]", sub_type=0)], sender=GroupSender({"user_id":"1923215523", "nickname":"-浅橙-", "card":"", "role":"member"}), group_id=621893711)
[2025-11-27 20:08:49,836.836] ERROR    [MainThread|MainProcess] API (logger.py:error:134) | NapCatAPIError: 消息体无法解析, 请检查是否发送了不支持的消息类型
[2025-11-27 20:08:49,853.853] ERROR    [MainThread|MainProcess] API (logger.py:error:134) | NapCatAPIError: 消息体无法解析, 请检查是否发送了不支持的消息类型
[2025-11-27 20:08:49,856.856] ERROR    [MainThread|MainProcess] API (logger.py:error:134) | NapCatAPIError: 消息体无法解析, 请检查是否发送了不支持的消息类型
[2025-11-27 20:08:49,863.863] ERROR    [MainThread|MainProcess] API (logger.py:error:134) | NapCatAPIError: 消息体无法解析, 请检查是否发送了不支持的消息类型
[2025-11-27 20:08:49,866.866] ERROR    [MainThread|MainProcess] API (logger.py:error:134) | NapCatAPIError: 消息体无法解析, 请检查是否发送了不支持的消息类型
[2025-11-27 20:08:49,869.869] ERROR    [MainThread|MainProcess] API (logger.py:error:134) | NapCatAPIError: 消息体无法解析, 请检查是否发送了不支持的消息类型
[2025-11-27 20:08:49,872.872] ERROR    [MainThread|MainProcess] API (logger.py:error:134) | NapCatAPIError: 消息体无法解析, 请检查是否发送了不支持的消息类型
[2025-11-27 20:08:49,876.876] ERROR    [MainThread|MainProcess] API (logger.py:error:134) | NapCatAPIError: 消息体无法解析, 请检查是否发送了不支持的消息类型
[2025-11-27 20:08:49,882.882] ERROR    [MainThread|MainProcess] API (logger.py:error:134) | NapCatAPIError: 消息体无法解析, 请检查是否发送了不支持的消息类型
[2025-11-27 20:08:49,884.884] ERROR    [MainThread|MainProcess] API (logger.py:error:134) | NapCatAPIError: 消息体无法解析, 请检查是否发送了不支持的消息类型
[2025-11-27 20:09:45,424.424] INFO     [MainThread|MainProcess] root (main.py:on_group_message:40) | GroupMessageEvent(sub_type=normal, message_id=1389227081, message=[Text(text="Daat得教我")], sender=GroupSender({"user_id":"3337806907", "nickname":"猫猫不可以rua", "card":"", "role":"member"}), group_id=577713202)
[2025-11-27 20:09:45,481.481] ERROR    [MainThread|MainProcess] API (logger.py:error:134) | NapCatAPIError: 消息体无法解析, 请检查是否发送了不支持的消息类型
[2025-11-27 20:09:45,605.605] ERROR    [MainThread|MainProcess] API (logger.py:error:134) | NapCatAPIError: 消息体无法解析, 请检查是否发送了不支持的消息类型
[2025-11-27 20:09:45,643.643] ERROR    [MainThread|MainProcess] API (logger.py:error:134) | NapCatAPIError: 消息体无法解析, 请检查是否发送了不支持的消息类型
[2025-11-27 20:09:45,648.648] ERROR    [MainThread|MainProcess] API (logger.py:error:134) | NapCatAPIError: 消息体无法解析, 请检查是否发送了不支持的消息类型
[2025-11-27 20:09:45,650.650] ERROR    [MainThread|MainProcess] API (logger.py:error:134) | NapCatAPIError: 消息体无法解析, 请检查是否发送了不支持的消息类型
[2025-11-27 20:09:45,652.652] ERROR    [MainThread|MainProcess] API (logger.py:error:134) | NapCatAPIError: 消息体无法解析, 请检查是否发送了不支持的消息类型
[2025-11-27 20:09:45,655.655] ERROR    [MainThread|MainProcess] API (logger.py:error:134) | NapCatAPIError: 消息体无法解析, 请检查是否发送了不支持的消息类型
[2025-11-27 20:09:45,657.657] ERROR    [MainThread|MainProcess] API (logger.py:error:134) | NapCatAPIError: 消息体无法解析, 请检查是否发送了不支持的消息类型
[2025-11-27 20:09:45,659.659] ERROR    [MainThread|MainProcess] API (logger.py:error:134) | NapCatAPIError: 消息体无法解析, 请检查是否发送了不支持的消息类型
[2025-11-27 20:09:45,663.663] ERROR    [MainThread|MainProcess] API (logger.py:error:134) | NapCatAPIError: 消息体无法解析, 请检查是否发送了不支持的消息类型
[2025-11-27 20:09:47,691.691] INFO     [MainThread|MainProcess] root (main.py:on_notice:73) | PokeNoticeEvent(group_id=621893711, user_id=2831415452, target_id=1923215523, notice_type=notify, sub_type=poke, raw_info=[{'col': '1', 'nm': '', 'type': 'qq', 'uid': 'u_AKLWwoUckgR4OPt5wvRlAQ'}, {'jp': 'https://zb.vip.qq.com/v2/pages/nudgeMall?_wv=2&actionId=8', 'src': 'http://tianquan.gtimg.cn/nudgeaction/item/8/expression.jpg', 'type': 'img'}, {'txt': '揉了揉', 'type': 'nor'}, {'col': '1', 'nm': '', 'tp': '0', 'type': 'qq', 'uid': 'u_aq9kxfd8AbQcLQpPJ90D0Q'}, {'txt': '', 'type': 'nor'}])
[2025-11-27 20:10:27,476.476] INFO     [MainThread|MainProcess] root (main.py:on_group_message:40) | GroupMessageEvent(sub_type=normal, message_id=867671021, message=[Text(text="daat我打了14次。。")], sender=GroupSender({"user_id":"3356418629", "nickname":"xInheart", "card":"", "role":"member"}), group_id=577713202)
[2025-11-27 20:10:27,480.480] ERROR    [MainThread|MainProcess] API (logger.py:error:134) | NapCatAPIError: 消息体无法解析, 请检查是否发送了不支持的消息类型
[2025-11-27 20:10:27,510.510] ERROR    [MainThread|MainProcess] API (logger.py:error:134) | NapCatAPIError: 消息体无法解析, 请检查是否发送了不支持的消息类型
[2025-11-27 20:10:27,516.516] ERROR    [MainThread|MainProcess] API (logger.py:error:134) | NapCatAPIError: 消息体无法解析, 请检查是否发送了不支持的消息类型
[2025-11-27 20:10:27,525.525] ERROR    [MainThread|MainProcess] API (logger.py:error:134) | NapCatAPIError: 消息体无法解析, 请检查是否发送了不支持的消息类型
[2025-11-27 20:10:27,529.529] ERROR    [MainThread|MainProcess] API (logger.py:error:134) | NapCatAPIError: 消息体无法解析, 请检查是否发送了不支持的消息类型
[2025-11-27 20:10:27,578.578] ERROR    [MainThread|MainProcess] API (logger.py:error:134) | NapCatAPIError: 消息体无法解析, 请检查是否发送了不支持的消息类型
[2025-11-27 20:10:27,611.611] ERROR    [MainThread|MainProcess] API (logger.py:error:134) | NapCatAPIError: 消息体无法解析, 请检查是否发送了不支持的消息类型
[2025-11-27 20:10:27,614.614] ERROR    [MainThread|MainProcess] API (logger.py:error:134) | NapCatAPIError: 消息体无法解析, 请检查是否发送了不支持的消息类型
[2025-11-27 20:10:27,616.616] ERROR    [MainThread|MainProcess] API (logger.py:error:134) | NapCatAPIError: 消息体无法解析, 请检查是否发送了不支持的消息类型
[2025-11-27 20:10:27,622.622] ERROR    [MainThread|MainProcess] API (logger.py:error:134) | NapCatAPIError: 消息体无法解析, 请检查是否发送了不支持的消息类型
[2025-11-27 20:11:05,778.778] INFO     [MainThread|MainProcess] root (main.py:on_group_message:40) | GroupMessageEvent(sub_type=normal, message_id=995681871, message=[Text(text="PTT打的比我高")], sender=GroupSender({"user_id":"3568541532", "nickname":"汐与朋也", "card":"", "role":"admin"}), group_id=577713202)
[2025-11-27 20:11:05,784.784] ERROR    [MainThread|MainProcess] API (logger.py:error:134) | NapCatAPIError: 消息体无法解析, 请检查是否发送了不支持的消息类型
[2025-11-27 20:11:05,798.798] ERROR    [MainThread|MainProcess] API (logger.py:error:134) | NapCatAPIError: 消息体无法解析, 请检查是否发送了不支持的消息类型
[2025-11-27 20:11:05,800.800] ERROR    [MainThread|MainProcess] API (logger.py:error:134) | NapCatAPIError: 消息体无法解析, 请检查是否发送了不支持的消息类型
[2025-11-27 20:11:05,812.812] ERROR    [MainThread|MainProcess] API (logger.py:error:134) | NapCatAPIError: 消息体无法解析, 请检查是否发送了不支持的消息类型
[2025-11-27 20:11:05,815.815] ERROR    [MainThread|MainProcess] API (logger.py:error:134) | NapCatAPIError: 消息体无法解析, 请检查是否发送了不支持的消息类型
[2025-11-27 20:11:05,818.818] ERROR    [MainThread|MainProcess] API (logger.py:error:134) | NapCatAPIError: 消息体无法解析, 请检查是否发送了不支持的消息类型
[2025-11-27 20:11:05,820.820] ERROR    [MainThread|MainProcess] API (logger.py:error:134) | NapCatAPIError: 消息体无法解析, 请检查是否发送了不支持的消息类型
[2025-11-27 20:11:05,822.822] ERROR    [MainThread|MainProcess] API (logger.py:error:134) | NapCatAPIError: 消息体无法解析, 请检查是否发送了不支持的消息类型
[2025-11-27 20:11:05,826.826] ERROR    [MainThread|MainProcess] API (logger.py:error:134) | NapCatAPIError: 消息体无法解析, 请检查是否发送了不支持的消息类型
[2025-11-27 20:11:05,828.828] ERROR    [MainThread|MainProcess] API (logger.py:error:134) | NapCatAPIError: 消息体无法解析, 请检查是否发送了不支持的消息类型
[2025-11-27 20:11:31,664.664] INFO     [MainThread|MainProcess] root (main.py:on_group_message:40) | GroupMessageEvent(sub_type=normal, message_id=472805303, message=[Text(text="PTT打的比我高")], sender=GroupSender({"user_id":"2241084883", "nickname":"Rikka", "card":"", "role":"member"}), group_id=577713202)
[2025-11-27 20:11:31,668.668] ERROR    [MainThread|MainProcess] API (logger.py:error:134) | NapCatAPIError: 消息体无法解析, 请检查是否发送了不支持的消息类型
[2025-11-27 20:11:31,672.672] ERROR    [MainThread|MainProcess] API (logger.py:error:134) | NapCatAPIError: 消息体无法解析, 请检查是否发送了不支持的消息类型
[2025-11-27 20:11:31,684.684] ERROR    [MainThread|MainProcess] API (logger.py:error:134) | NapCatAPIError: 消息体无法解析, 请检查是否发送了不支持的消息类型
[2025-11-27 20:11:31,687.687] ERROR    [MainThread|MainProcess] API (logger.py:error:134) | NapCatAPIError: 消息体无法解析, 请检查是否发送了不支持的消息类型
[2025-11-27 20:11:31,689.689] ERROR    [MainThread|MainProcess] API (logger.py:error:134) | NapCatAPIError: 消息体无法解析, 请检查是否发送了不支持的消息类型
[2025-11-27 20:11:31,692.692] ERROR    [MainThread|MainProcess] API (logger.py:error:134) | NapCatAPIError: 消息体无法解析, 请检查是否发送了不支持的消息类型
[2025-11-27 20:11:31,694.694] ERROR    [MainThread|MainProcess] API (logger.py:error:134) | NapCatAPIError: 消息体无法解析, 请检查是否发送了不支持的消息类型
[2025-11-27 20:11:31,696.696] ERROR    [MainThread|MainProcess] API (logger.py:error:134) | NapCatAPIError: 消息体无法解析, 请检查是否发送了不支持的消息类型
[2025-11-27 20:11:31,699.699] ERROR    [MainThread|MainProcess] API (logger.py:error:134) | NapCatAPIError: 消息体无法解析, 请检查是否发送了不支持的消息类型
[2025-11-27 20:11:31,701.701] ERROR    [MainThread|MainProcess] API (logger.py:error:134) | NapCatAPIError: 消息体无法解析, 请检查是否发送了不支持的消息类型
[2025-11-27 20:11:40,204.204] INFO     [MainThread|MainProcess] root (main.py:on_group_message:40) | GroupMessageEvent(sub_type=normal, message_id=1831572374, message=[Image(file="51545D42D4BD741B7F66F30DCDB6FFB6.jpg", url="https://multimedia.nt.qq.com.cn/download?appid=1407&fileid=EhQPgfCf2cPOgaUvtU3TuacTxsTSUhjIow0g_woo9Y7W0aaSkQMyBHByb2RQgL2jAVoQZgJk8Z_Vr5-9Qg40rGG69HoCcNyCAQJuag&rkey=CAQSMGrX8szTd2fChFaop6jlxTqP70ma9lU6S9WCySY9hY_U5whXcytus2KuOFuytLJAIg", file_size="217544", summary="", sub_type=0)], sender=GroupSender({"user_id":"3337806907", "nickname":"猫猫不可以rua", "card":"", "role":"member"}), group_id=577713202)
[2025-11-27 20:11:40,214.214] ERROR    [MainThread|MainProcess] API (logger.py:error:134) | NapCatAPIError: 消息体无法解析, 请检查是否发送了不支持的消息类型
[2025-11-27 20:11:40,239.239] ERROR    [MainThread|MainProcess] API (logger.py:error:134) | NapCatAPIError: 消息体无法解析, 请检查是否发送了不支持的消息类型
[2025-11-27 20:11:40,289.289] ERROR    [MainThread|MainProcess] API (logger.py:error:134) | NapCatAPIError: 消息体无法解析, 请检查是否发送了不支持的消息类型
[2025-11-27 20:11:40,362.362] ERROR    [MainThread|MainProcess] API (logger.py:error:134) | NapCatAPIError: 消息体无法解析, 请检查是否发送了不支持的消息类型
[2025-11-27 20:11:40,419.419] ERROR    [MainThread|MainProcess] API (logger.py:error:134) | NapCatAPIError: 消息体无法解析, 请检查是否发送了不支持的消息类型
[2025-11-27 20:11:40,445.445] ERROR    [MainThread|MainProcess] API (logger.py:error:134) | NapCatAPIError: 消息体无法解析, 请检查是否发送了不支持的消息类型
[2025-11-27 20:11:40,449.449] ERROR    [MainThread|MainProcess] API (logger.py:error:134) | NapCatAPIError: 消息体无法解析, 请检查是否发送了不支持的消息类型
[2025-11-27 20:11:40,452.452] ERROR    [MainThread|MainProcess] API (logger.py:error:134) | NapCatAPIError: 消息体无法解析, 请检查是否发送了不支持的消息类型
[2025-11-27 20:11:40,455.455] ERROR    [MainThread|MainProcess] API (logger.py:error:134) | NapCatAPIError: 消息体无法解析, 请检查是否发送了不支持的消息类型
[2025-11-27 20:11:40,457.457] ERROR    [MainThread|MainProcess] API (logger.py:error:134) | NapCatAPIError: 消息体无法解析, 请检查是否发送了不支持的消息类型
[2025-11-27 20:11:47,186.186] INFO     [MainThread|MainProcess] root (main.py:on_group_message:40) | GroupMessageEvent(sub_type=normal, message_id=300334582, message=[Text(text="我b30里面全是怪东西")], sender=GroupSender({"user_id":"3337806907", "nickname":"猫猫不可以rua", "card":"", "role":"member"}), group_id=577713202)
[2025-11-27 20:11:47,194.194] ERROR    [MainThread|MainProcess] API (logger.py:error:134) | NapCatAPIError: 消息体无法解析, 请检查是否发送了不支持的消息类型
[2025-11-27 20:11:47,208.208] ERROR    [MainThread|MainProcess] API (logger.py:error:134) | NapCatAPIError: 消息体无法解析, 请检查是否发送了不支持的消息类型
[2025-11-27 20:11:47,210.210] ERROR    [MainThread|MainProcess] API (logger.py:error:134) | NapCatAPIError: 消息体无法解析, 请检查是否发送了不支持的消息类型
[2025-11-27 20:11:47,212.212] ERROR    [MainThread|MainProcess] API (logger.py:error:134) | NapCatAPIError: 消息体无法解析, 请检查是否发送了不支持的消息类型
[2025-11-27 20:11:47,215.215] ERROR    [MainThread|MainProcess] API (logger.py:error:134) | NapCatAPIError: 消息体无法解析, 请检查是否发送了不支持的消息类型
[2025-11-27 20:11:47,217.217] ERROR    [MainThread|MainProcess] API (logger.py:error:134) | NapCatAPIError: 消息体无法解析, 请检查是否发送了不支持的消息类型
[2025-11-27 20:11:47,219.219] ERROR    [MainThread|MainProcess] API (logger.py:error:134) | NapCatAPIError: 消息体无法解析, 请检查是否发送了不支持的消息类型
[2025-11-27 20:11:47,223.223] ERROR    [MainThread|MainProcess] API (logger.py:error:134) | NapCatAPIError: 消息体无法解析, 请检查是否发送了不支持的消息类型
[2025-11-27 20:11:47,225.225] ERROR    [MainThread|MainProcess] API (logger.py:error:134) | NapCatAPIError: 消息体无法解析, 请检查是否发送了不支持的消息类型
[2025-11-27 20:11:47,228.228] ERROR    [MainThread|MainProcess] API (logger.py:error:134) | NapCatAPIError: 消息体无法解析, 请检查是否发送了不支持的消息类型
[2025-11-27 20:12:38,537.537] INFO     [MainThread|MainProcess] root (main.py:on_group_message:40) | GroupMessageEvent(sub_type=normal, message_id=1196305554, message=[Text(text="吓哭了")], sender=GroupSender({"user_id":"3088837161", "nickname":"🌸🌸", "card":"AAA2085批发师傅", "role":"admin"}), group_id=577713202)
[2025-11-27 20:12:38,543.543] ERROR    [MainThread|MainProcess] API (logger.py:error:134) | NapCatAPIError: 消息体无法解析, 请检查是否发送了不支持的消息类型
[2025-11-27 20:12:38,565.565] ERROR    [MainThread|MainProcess] API (logger.py:error:134) | NapCatAPIError: 消息体无法解析, 请检查是否发送了不支持的消息类型
[2025-11-27 20:12:38,577.577] ERROR    [MainThread|MainProcess] API (logger.py:error:134) | NapCatAPIError: 消息体无法解析, 请检查是否发送了不支持的消息类型
[2025-11-27 20:12:38,581.581] ERROR    [MainThread|MainProcess] API (logger.py:error:134) | NapCatAPIError: 消息体无法解析, 请检查是否发送了不支持的消息类型
[2025-11-27 20:12:38,584.584] ERROR    [MainThread|MainProcess] API (logger.py:error:134) | NapCatAPIError: 消息体无法解析, 请检查是否发送了不支持的消息类型
[2025-11-27 20:12:38,605.605] ERROR    [MainThread|MainProcess] API (logger.py:error:134) | NapCatAPIError: 消息体无法解析, 请检查是否发送了不支持的消息类型
[2025-11-27 20:12:38,617.617] ERROR    [MainThread|MainProcess] API (logger.py:error:134) | NapCatAPIError: 消息体无法解析, 请检查是否发送了不支持的消息类型
[2025-11-27 20:12:38,623.623] ERROR    [MainThread|MainProcess] API (logger.py:error:134) | NapCatAPIError: 消息体无法解析, 请检查是否发送了不支持的消息类型
[2025-11-27 20:12:38,627.627] ERROR    [MainThread|MainProcess] API (logger.py:error:134) | NapCatAPIError: 消息体无法解析, 请检查是否发送了不支持的消息类型
[2025-11-27 20:12:38,630.630] ERROR    [MainThread|MainProcess] API (logger.py:error:134) | NapCatAPIError: 消息体无法解析, 请检查是否发送了不支持的消息类型
[2025-11-27 20:12:48,543.543] INFO     [MainThread|MainProcess] root (main.py:on_group_message:40) | GroupMessageEvent(sub_type=normal, message_id=1151810741, message=[Reply(id="85426666"), At(qq="2241084883"), Text(text=" ")], sender=GroupSender({"user_id":"3088837161", "nickname":"🌸🌸", "card":"AAA2085批发师傅", "role":"admin"}), group_id=577713202)
[2025-11-27 20:12:48,551.551] ERROR    [MainThread|MainProcess] API (logger.py:error:134) | NapCatAPIError: 消息体无法解析, 请检查是否发送了不支持的消息类型
[2025-11-27 20:12:48,565.565] ERROR    [MainThread|MainProcess] API (logger.py:error:134) | NapCatAPIError: 消息体无法解析, 请检查是否发送了不支持的消息类型
[2025-11-27 20:12:48,568.568] ERROR    [MainThread|MainProcess] API (logger.py:error:134) | NapCatAPIError: 消息体无法解析, 请检查是否发送了不支持的消息类型
[2025-11-27 20:12:48,573.573] ERROR    [MainThread|MainProcess] API (logger.py:error:134) | NapCatAPIError: 消息体无法解析, 请检查是否发送了不支持的消息类型
[2025-11-27 20:12:48,577.577] ERROR    [MainThread|MainProcess] API (logger.py:error:134) | NapCatAPIError: 消息体无法解析, 请检查是否发送了不支持的消息类型
[2025-11-27 20:12:48,580.580] ERROR    [MainThread|MainProcess] API (logger.py:error:134) | NapCatAPIError: 消息体无法解析, 请检查是否发送了不支持的消息类型
[2025-11-27 20:12:48,583.583] ERROR    [MainThread|MainProcess] API (logger.py:error:134) | NapCatAPIError: 消息体无法解析, 请检查是否发送了不支持的消息类型
[2025-11-27 20:12:48,586.586] ERROR    [MainThread|MainProcess] API (logger.py:error:134) | NapCatAPIError: 消息体无法解析, 请检查是否发送了不支持的消息类型
[2025-11-27 20:12:48,592.592] ERROR    [MainThread|MainProcess] API (logger.py:error:134) | NapCatAPIError: 消息体无法解析, 请检查是否发送了不支持的消息类型
[2025-11-27 20:12:48,618.618] ERROR    [MainThread|MainProcess] API (logger.py:error:134) | NapCatAPIError: 消息体无法解析, 请检查是否发送了不支持的消息类型
[2025-11-27 20:12:49,960.960] INFO     [MainThread|MainProcess] root (main.py:on_group_message:40) | GroupMessageEvent(sub_type=normal, message_id=1234237263, message=[Text(text="？")], sender=GroupSender({"user_id":"3088837161", "nickname":"🌸🌸", "card":"AAA2085批发师傅", "role":"admin"}), group_id=577713202)
[2025-11-27 20:12:49,985.985] ERROR    [MainThread|MainProcess] API (logger.py:error:134) | NapCatAPIError: 消息体无法解析, 请检查是否发送了不支持的消息类型
[2025-11-27 20:12:50,003.003] ERROR    [MainThread|MainProcess] API (logger.py:error:134) | NapCatAPIError: 消息体无法解析, 请检查是否发送了不支持的消息类型
[2025-11-27 20:12:50,006.006] ERROR    [MainThread|MainProcess] API (logger.py:error:134) | NapCatAPIError: 消息体无法解析, 请检查是否发送了不支持的消息类型
[2025-11-27 20:12:50,016.016] ERROR    [MainThread|MainProcess] API (logger.py:error:134) | NapCatAPIError: 消息体无法解析, 请检查是否发送了不支持的消息类型
[2025-11-27 20:12:50,018.018] ERROR    [MainThread|MainProcess] API (logger.py:error:134) | NapCatAPIError: 消息体无法解析, 请检查是否发送了不支持的消息类型
[2025-11-27 20:12:50,022.022] ERROR    [MainThread|MainProcess] API (logger.py:error:134) | NapCatAPIError: 消息体无法解析, 请检查是否发送了不支持的消息类型
[2025-11-27 20:12:50,033.033] ERROR    [MainThread|MainProcess] API (logger.py:error:134) | NapCatAPIError: 消息体无法解析, 请检查是否发送了不支持的消息类型
[2025-11-27 20:12:50,058.058] ERROR    [MainThread|MainProcess] API (logger.py:error:134) | NapCatAPIError: 消息体无法解析, 请检查是否发送了不支持的消息类型
[2025-11-27 20:12:50,065.065] ERROR    [MainThread|MainProcess] API (logger.py:error:134) | NapCatAPIError: 消息体无法解析, 请检查是否发送了不支持的消息类型
[2025-11-27 20:12:50,068.068] ERROR    [MainThread|MainProcess] API (logger.py:error:134) | NapCatAPIError: 消息体无法解析, 请检查是否发送了不支持的消息类型
[2025-11-27 20:12:56,286.286] INFO     [MainThread|MainProcess] root (main.py:on_notice:73) | PokeNoticeEvent(group_id=621893711, user_id=1923215523, target_id=2831415452, notice_type=notify, sub_type=poke, raw_info=[{'col': '1', 'nm': '', 'type': 'qq', 'uid': 'u_aq9kxfd8AbQcLQpPJ90D0Q'}, {'jp': 'https://zb.vip.qq.com/v2/pages/nudgeMall?_wv=2&actionId=1', 'src': 'http://tianquan.gtimg.cn/nudgeaction/item/1/expression.jpg', 'type': 'img'}, {'txt': '拍了拍', 'type': 'nor'}, {'col': '1', 'nm': '', 'tp': '0', 'type': 'qq', 'uid': 'u_AKLWwoUckgR4OPt5wvRlAQ'}, {'txt': '的平板并抢过来杀了rr', 'type': 'nor'}])
[2025-11-27 20:13:00,753.753] INFO     [MainThread|MainProcess] root (main.py:on_group_message:40) | GroupMessageEvent(sub_type=normal, message_id=177616679, message=[Text(text="好像是秒杀")], sender=GroupSender({"user_id":"2241084883", "nickname":"Rikka", "card":"", "role":"member"}), group_id=577713202)
[2025-11-27 20:13:00,760.760] ERROR    [MainThread|MainProcess] API (logger.py:error:134) | NapCatAPIError: 消息体无法解析, 请检查是否发送了不支持的消息类型
[2025-11-27 20:13:00,796.796] ERROR    [MainThread|MainProcess] API (logger.py:error:134) | NapCatAPIError: 消息体无法解析, 请检查是否发送了不支持的消息类型
[2025-11-27 20:13:00,802.802] ERROR    [MainThread|MainProcess] API (logger.py:error:134) | NapCatAPIError: 消息体无法解析, 请检查是否发送了不支持的消息类型
[2025-11-27 20:13:00,809.809] ERROR    [MainThread|MainProcess] API (logger.py:error:134) | NapCatAPIError: 消息体无法解析, 请检查是否发送了不支持的消息类型
[2025-11-27 20:13:00,830.830] ERROR    [MainThread|MainProcess] API (logger.py:error:134) | NapCatAPIError: 消息体无法解析, 请检查是否发送了不支持的消息类型
[2025-11-27 20:13:00,842.842] ERROR    [MainThread|MainProcess] API (logger.py:error:134) | NapCatAPIError: 消息体无法解析, 请检查是否发送了不支持的消息类型
[2025-11-27 20:13:00,846.846] ERROR    [MainThread|MainProcess] API (logger.py:error:134) | NapCatAPIError: 消息体无法解析, 请检查是否发送了不支持的消息类型
[2025-11-27 20:13:00,851.851] ERROR    [MainThread|MainProcess] API (logger.py:error:134) | NapCatAPIError: 消息体无法解析, 请检查是否发送了不支持的消息类型
[2025-11-27 20:13:00,855.855] ERROR    [MainThread|MainProcess] API (logger.py:error:134) | NapCatAPIError: 消息体无法解析, 请检查是否发送了不支持的消息类型
[2025-11-27 20:13:00,858.858] ERROR    [MainThread|MainProcess] API (logger.py:error:134) | NapCatAPIError: 消息体无法解析, 请检查是否发送了不支持的消息类型
[2025-11-27 20:13:03,834.834] INFO     [MainThread|MainProcess] root (main.py:on_group_message:40) | GroupMessageEvent(sub_type=normal, message_id=974925353, message=[Text(text="打了不到1h")], sender=GroupSender({"user_id":"2241084883", "nickname":"Rikka", "card":"", "role":"member"}), group_id=577713202)
[2025-11-27 20:13:03,841.841] ERROR    [MainThread|MainProcess] API (logger.py:error:134) | NapCatAPIError: 消息体无法解析, 请检查是否发送了不支持的消息类型
[2025-11-27 20:13:03,863.863] ERROR    [MainThread|MainProcess] API (logger.py:error:134) | NapCatAPIError: 消息体无法解析, 请检查是否发送了不支持的消息类型
[2025-11-27 20:13:03,874.874] ERROR    [MainThread|MainProcess] API (logger.py:error:134) | NapCatAPIError: 消息体无法解析, 请检查是否发送了不支持的消息类型
[2025-11-27 20:13:03,882.882] ERROR    [MainThread|MainProcess] API (logger.py:error:134) | NapCatAPIError: 消息体无法解析, 请检查是否发送了不支持的消息类型
[2025-11-27 20:13:03,900.900] ERROR    [MainThread|MainProcess] API (logger.py:error:134) | NapCatAPIError: 消息体无法解析, 请检查是否发送了不支持的消息类型
[2025-11-27 20:13:03,904.904] ERROR    [MainThread|MainProcess] API (logger.py:error:134) | NapCatAPIError: 消息体无法解析, 请检查是否发送了不支持的消息类型
[2025-11-27 20:13:03,909.909] ERROR    [MainThread|MainProcess] API (logger.py:error:134) | NapCatAPIError: 消息体无法解析, 请检查是否发送了不支持的消息类型
[2025-11-27 20:13:03,912.912] ERROR    [MainThread|MainProcess] API (logger.py:error:134) | NapCatAPIError: 消息体无法解析, 请检查是否发送了不支持的消息类型
[2025-11-27 20:13:03,914.914] ERROR    [MainThread|MainProcess] API (logger.py:error:134) | NapCatAPIError: 消息体无法解析, 请检查是否发送了不支持的消息类型
[2025-11-27 20:13:03,916.916] ERROR    [MainThread|MainProcess] API (logger.py:error:134) | NapCatAPIError: 消息体无法解析, 请检查是否发送了不支持的消息类型
[2025-11-27 20:13:15,086.086] INFO     [MainThread|MainProcess] root (main.py:on_group_message:40) | GroupMessageEvent(sub_type=normal, message_id=1788977585, message=[Text(text="星鸿还当上管理了")], sender=GroupSender({"user_id":"3314442183", "nickname":"班奥Bnao_", "card":"", "role":"admin"}), group_id=621893711)
[2025-11-27 20:13:15,095.095] ERROR    [MainThread|MainProcess] API (logger.py:error:134) | NapCatAPIError: 消息体无法解析, 请检查是否发送了不支持的消息类型
[2025-11-27 20:13:15,117.117] ERROR    [MainThread|MainProcess] API (logger.py:error:134) | NapCatAPIError: 消息体无法解析, 请检查是否发送了不支持的消息类型
[2025-11-27 20:13:15,123.123] ERROR    [MainThread|MainProcess] API (logger.py:error:134) | NapCatAPIError: 消息体无法解析, 请检查是否发送了不支持的消息类型
[2025-11-27 20:13:15,128.128] ERROR    [MainThread|MainProcess] API (logger.py:error:134) | NapCatAPIError: 消息体无法解析, 请检查是否发送了不支持的消息类型
[2025-11-27 20:13:15,132.132] ERROR    [MainThread|MainProcess] API (logger.py:error:134) | NapCatAPIError: 消息体无法解析, 请检查是否发送了不支持的消息类型
[2025-11-27 20:13:15,140.140] ERROR    [MainThread|MainProcess] API (logger.py:error:134) | NapCatAPIError: 消息体无法解析, 请检查是否发送了不支持的消息类型
[2025-11-27 20:13:15,164.164] ERROR    [MainThread|MainProcess] API (logger.py:error:134) | NapCatAPIError: 消息体无法解析, 请检查是否发送了不支持的消息类型
[2025-11-27 20:13:15,174.174] ERROR    [MainThread|MainProcess] API (logger.py:error:134) | NapCatAPIError: 消息体无法解析, 请检查是否发送了不支持的消息类型
[2025-11-27 20:13:15,178.178] ERROR    [MainThread|MainProcess] API (logger.py:error:134) | NapCatAPIError: 消息体无法解析, 请检查是否发送了不支持的消息类型
[2025-11-27 20:13:15,182.182] ERROR    [MainThread|MainProcess] API (logger.py:error:134) | NapCatAPIError: 消息体无法解析, 请检查是否发送了不支持的消息类型
[2025-11-27 20:13:16,588.588] INFO     [MainThread|MainProcess] root (main.py:on_group_message:40) | GroupMessageEvent(sub_type=normal, message_id=1257797295, message=[Text(text="并非")], sender=GroupSender({"user_id":"3088837161", "nickname":"🌸🌸", "card":"AAA2085批发师傅", "role":"admin"}), group_id=577713202)
[2025-11-27 20:13:16,613.613] ERROR    [MainThread|MainProcess] API (logger.py:error:134) | NapCatAPIError: 消息体无法解析, 请检查是否发送了不支持的消息类型
[2025-11-27 20:13:16,632.632] ERROR    [MainThread|MainProcess] API (logger.py:error:134) | NapCatAPIError: 消息体无法解析, 请检查是否发送了不支持的消息类型
[2025-11-27 20:13:16,684.684] ERROR    [MainThread|MainProcess] API (logger.py:error:134) | NapCatAPIError: 消息体无法解析, 请检查是否发送了不支持的消息类型
[2025-11-27 20:13:16,752.752] ERROR    [MainThread|MainProcess] API (logger.py:error:134) | NapCatAPIError: 消息体无法解析, 请检查是否发送了不支持的消息类型
[2025-11-27 20:13:16,764.764] ERROR    [MainThread|MainProcess] API (logger.py:error:134) | NapCatAPIError: 消息体无法解析, 请检查是否发送了不支持的消息类型
[2025-11-27 20:13:16,768.768] ERROR    [MainThread|MainProcess] API (logger.py:error:134) | NapCatAPIError: 消息体无法解析, 请检查是否发送了不支持的消息类型
[2025-11-27 20:13:16,770.770] ERROR    [MainThread|MainProcess] API (logger.py:error:134) | NapCatAPIError: 消息体无法解析, 请检查是否发送了不支持的消息类型
[2025-11-27 20:13:16,772.772] ERROR    [MainThread|MainProcess] API (logger.py:error:134) | NapCatAPIError: 消息体无法解析, 请检查是否发送了不支持的消息类型
[2025-11-27 20:13:16,774.774] ERROR    [MainThread|MainProcess] API (logger.py:error:134) | NapCatAPIError: 消息体无法解析, 请检查是否发送了不支持的消息类型
[2025-11-27 20:13:16,776.776] ERROR    [MainThread|MainProcess] API (logger.py:error:134) | NapCatAPIError: 消息体无法解析, 请检查是否发送了不支持的消息类型
[2025-11-27 20:13:20,756.756] INFO     [MainThread|MainProcess] root (main.py:on_group_message:40) | GroupMessageEvent(sub_type=normal, message_id=1726725988, message=[Text(text="那个猫是哪个旅行伙伴")], sender=GroupSender({"user_id":"3337806907", "nickname":"猫猫不可以rua", "card":"", "role":"member"}), group_id=577713202)
[2025-11-27 20:13:20,763.763] ERROR    [MainThread|MainProcess] API (logger.py:error:134) | NapCatAPIError: 消息体无法解析, 请检查是否发送了不支持的消息类型
[2025-11-27 20:13:20,785.785] ERROR    [MainThread|MainProcess] API (logger.py:error:134) | NapCatAPIError: 消息体无法解析, 请检查是否发送了不支持的消息类型
[2025-11-27 20:13:20,790.790] ERROR    [MainThread|MainProcess] API (logger.py:error:134) | NapCatAPIError: 消息体无法解析, 请检查是否发送了不支持的消息类型
[2025-11-27 20:13:20,817.817] ERROR    [MainThread|MainProcess] API (logger.py:error:134) | NapCatAPIError: 消息体无法解析, 请检查是否发送了不支持的消息类型
[2025-11-27 20:13:20,822.822] ERROR    [MainThread|MainProcess] API (logger.py:error:134) | NapCatAPIError: 消息体无法解析, 请检查是否发送了不支持的消息类型
[2025-11-27 20:13:20,841.841] ERROR    [MainThread|MainProcess] API (logger.py:error:134) | NapCatAPIError: 消息体无法解析, 请检查是否发送了不支持的消息类型
[2025-11-27 20:13:20,848.848] ERROR    [MainThread|MainProcess] API (logger.py:error:134) | NapCatAPIError: 消息体无法解析, 请检查是否发送了不支持的消息类型
[2025-11-27 20:13:20,851.851] ERROR    [MainThread|MainProcess] API (logger.py:error:134) | NapCatAPIError: 消息体无法解析, 请检查是否发送了不支持的消息类型
[2025-11-27 20:13:20,854.854] ERROR    [MainThread|MainProcess] API (logger.py:error:134) | NapCatAPIError: 消息体无法解析, 请检查是否发送了不支持的消息类型
[2025-11-27 20:13:20,856.856] ERROR    [MainThread|MainProcess] API (logger.py:error:134) | NapCatAPIError: 消息体无法解析, 请检查是否发送了不支持的消息类型
[2025-11-27 20:13:33,583.583] INFO     [MainThread|MainProcess] root (main.py:on_group_message:40) | GroupMessageEvent(sub_type=normal, message_id=68115031, message=[Text(text="等一下这谁呀")], sender=GroupSender({"user_id":"3088837161", "nickname":"🌸🌸", "card":"AAA2085批发师傅", "role":"admin"}), group_id=577713202)
[2025-11-27 20:13:33,603.603] ERROR    [MainThread|MainProcess] API (logger.py:error:134) | NapCatAPIError: 消息体无法解析, 请检查是否发送了不支持的消息类型
[2025-11-27 20:13:33,619.619] ERROR    [MainThread|MainProcess] API (logger.py:error:134) | NapCatAPIError: 消息体无法解析, 请检查是否发送了不支持的消息类型
[2025-11-27 20:13:33,629.629] ERROR    [MainThread|MainProcess] API (logger.py:error:134) | NapCatAPIError: 消息体无法解析, 请检查是否发送了不支持的消息类型
[2025-11-27 20:13:33,635.635] ERROR    [MainThread|MainProcess] API (logger.py:error:134) | NapCatAPIError: 消息体无法解析, 请检查是否发送了不支持的消息类型
[2025-11-27 20:13:33,664.664] ERROR    [MainThread|MainProcess] API (logger.py:error:134) | NapCatAPIError: 消息体无法解析, 请检查是否发送了不支持的消息类型
[2025-11-27 20:13:33,674.674] ERROR    [MainThread|MainProcess] API (logger.py:error:134) | NapCatAPIError: 消息体无法解析, 请检查是否发送了不支持的消息类型
[2025-11-27 20:13:33,681.681] ERROR    [MainThread|MainProcess] API (logger.py:error:134) | NapCatAPIError: 消息体无法解析, 请检查是否发送了不支持的消息类型
[2025-11-27 20:13:33,684.684] ERROR    [MainThread|MainProcess] API (logger.py:error:134) | NapCatAPIError: 消息体无法解析, 请检查是否发送了不支持的消息类型
[2025-11-27 20:13:33,689.689] ERROR    [MainThread|MainProcess] API (logger.py:error:134) | NapCatAPIError: 消息体无法解析, 请检查是否发送了不支持的消息类型
[2025-11-27 20:13:33,697.697] ERROR    [MainThread|MainProcess] API (logger.py:error:134) | NapCatAPIError: 消息体无法解析, 请检查是否发送了不支持的消息类型
[2025-11-27 20:13:34,618.618] INFO     [MainThread|MainProcess] root (main.py:on_group_message:40) | GroupMessageEvent(sub_type=normal, message_id=681058421, message=[Text(text="我也想要")], sender=GroupSender({"user_id":"3337806907", "nickname":"猫猫不可以rua", "card":"", "role":"member"}), group_id=577713202)
[2025-11-27 20:13:34,627.627] ERROR    [MainThread|MainProcess] API (logger.py:error:134) | NapCatAPIError: 消息体无法解析, 请检查是否发送了不支持的消息类型
[2025-11-27 20:13:34,642.642] ERROR    [MainThread|MainProcess] API (logger.py:error:134) | NapCatAPIError: 消息体无法解析, 请检查是否发送了不支持的消息类型
[2025-11-27 20:13:34,644.644] ERROR    [MainThread|MainProcess] API (logger.py:error:134) | NapCatAPIError: 消息体无法解析, 请检查是否发送了不支持的消息类型
[2025-11-27 20:13:34,647.647] ERROR    [MainThread|MainProcess] API (logger.py:error:134) | NapCatAPIError: 消息体无法解析, 请检查是否发送了不支持的消息类型
[2025-11-27 20:13:34,649.649] ERROR    [MainThread|MainProcess] API (logger.py:error:134) | NapCatAPIError: 消息体无法解析, 请检查是否发送了不支持的消息类型
[2025-11-27 20:13:34,652.652] ERROR    [MainThread|MainProcess] API (logger.py:error:134) | NapCatAPIError: 消息体无法解析, 请检查是否发送了不支持的消息类型
[2025-11-27 20:13:34,654.654] ERROR    [MainThread|MainProcess] API (logger.py:error:134) | NapCatAPIError: 消息体无法解析, 请检查是否发送了不支持的消息类型
[2025-11-27 20:13:34,660.660] ERROR    [MainThread|MainProcess] API (logger.py:error:134) | NapCatAPIError: 消息体无法解析, 请检查是否发送了不支持的消息类型
[2025-11-27 20:13:34,662.662] ERROR    [MainThread|MainProcess] API (logger.py:error:134) | NapCatAPIError: 消息体无法解析, 请检查是否发送了不支持的消息类型
[2025-11-27 20:13:34,670.670] ERROR    [MainThread|MainProcess] API (logger.py:error:134) | NapCatAPIError: 消息体无法解析, 请检查是否发送了不支持的消息类型
[2025-11-27 20:13:45,073.073] INFO     [MainThread|MainProcess] root (main.py:on_group_message:40) | GroupMessageEvent(sub_type=normal, message_id=1259624141, message=[Text(text="abeyuu")], sender=GroupSender({"user_id":"2241084883", "nickname":"Rikka", "card":"", "role":"member"}), group_id=577713202)
[2025-11-27 20:13:45,075.075] ERROR    [MainThread|MainProcess] API (logger.py:error:134) | NapCatAPIError: 消息体无法解析, 请检查是否发送了不支持的消息类型
[2025-11-27 20:13:45,129.129] ERROR    [MainThread|MainProcess] API (logger.py:error:134) | NapCatAPIError: 消息体无法解析, 请检查是否发送了不支持的消息类型
[2025-11-27 20:13:45,150.150] ERROR    [MainThread|MainProcess] API (logger.py:error:134) | NapCatAPIError: 消息体无法解析, 请检查是否发送了不支持的消息类型
[2025-11-27 20:13:45,188.188] ERROR    [MainThread|MainProcess] API (logger.py:error:134) | NapCatAPIError: 消息体无法解析, 请检查是否发送了不支持的消息类型
[2025-11-27 20:13:45,193.193] ERROR    [MainThread|MainProcess] API (logger.py:error:134) | NapCatAPIError: 消息体无法解析, 请检查是否发送了不支持的消息类型
[2025-11-27 20:13:45,197.197] ERROR    [MainThread|MainProcess] API (logger.py:error:134) | NapCatAPIError: 消息体无法解析, 请检查是否发送了不支持的消息类型
[2025-11-27 20:13:45,200.200] ERROR    [MainThread|MainProcess] API (logger.py:error:134) | NapCatAPIError: 消息体无法解析, 请检查是否发送了不支持的消息类型
[2025-11-27 20:13:45,204.204] ERROR    [MainThread|MainProcess] API (logger.py:error:134) | NapCatAPIError: 消息体无法解析, 请检查是否发送了不支持的消息类型
[2025-11-27 20:13:45,229.229] ERROR    [MainThread|MainProcess] API (logger.py:error:134) | NapCatAPIError: 消息体无法解析, 请检查是否发送了不支持的消息类型
[2025-11-27 20:13:45,235.235] ERROR    [MainThread|MainProcess] API (logger.py:error:134) | NapCatAPIError: 消息体无法解析, 请检查是否发送了不支持的消息类型
[2025-11-27 20:15:18,133.133] INFO     [MainThread|MainProcess] root (main.py:on_group_message:40) | GroupMessageEvent(sub_type=normal, message_id=1513159009, message=[Image(file="DBE12C864095ADB737D9DB9C5952F572.jpg", url="https://multimedia.nt.qq.com.cn/download?appid=1407&fileid=EhTQCNE7cj9vFWNIKRZo-13MSOINNBj56Bcg_woo5ryUuaeSkQMyBHByb2RQgL2jAVoQLOjSmTrGB8wp5c31URKLb3oCh9uCAQJuag&rkey=CAMSMJNoIbcR6Jy_z6rRemsG-8A5qg5CrZkS4s88pCDgD-D8aHegtQaRqFGJxKlxchKm-Q", file_size="390265", summary="", sub_type=0)], sender=GroupSender({"user_id":"2241084883", "nickname":"Rikka", "card":"", "role":"member"}), group_id=577713202)
[2025-11-27 20:15:18,136.136] ERROR    [MainThread|MainProcess] API (logger.py:error:134) | NapCatAPIError: 消息体无法解析, 请检查是否发送了不支持的消息类型
[2025-11-27 20:15:18,142.142] ERROR    [MainThread|MainProcess] API (logger.py:error:134) | NapCatAPIError: 消息体无法解析, 请检查是否发送了不支持的消息类型
[2025-11-27 20:15:18,157.157] ERROR    [MainThread|MainProcess] API (logger.py:error:134) | NapCatAPIError: 消息体无法解析, 请检查是否发送了不支持的消息类型
[2025-11-27 20:15:18,159.159] ERROR    [MainThread|MainProcess] API (logger.py:error:134) | NapCatAPIError: 消息体无法解析, 请检查是否发送了不支持的消息类型
[2025-11-27 20:15:18,162.162] ERROR    [MainThread|MainProcess] API (logger.py:error:134) | NapCatAPIError: 消息体无法解析, 请检查是否发送了不支持的消息类型
[2025-11-27 20:15:18,166.166] ERROR    [MainThread|MainProcess] API (logger.py:error:134) | NapCatAPIError: 消息体无法解析, 请检查是否发送了不支持的消息类型
[2025-11-27 20:15:18,168.168] ERROR    [MainThread|MainProcess] API (logger.py:error:134) | NapCatAPIError: 消息体无法解析, 请检查是否发送了不支持的消息类型
[2025-11-27 20:15:18,171.171] ERROR    [MainThread|MainProcess] API (logger.py:error:134) | NapCatAPIError: 消息体无法解析, 请检查是否发送了不支持的消息类型
[2025-11-27 20:15:18,173.173] ERROR    [MainThread|MainProcess] API (logger.py:error:134) | NapCatAPIError: 消息体无法解析, 请检查是否发送了不支持的消息类型
[2025-11-27 20:15:18,175.175] ERROR    [MainThread|MainProcess] API (logger.py:error:134) | NapCatAPIError: 消息体无法解析, 请检查是否发送了不支持的消息类型
[2025-11-27 20:15:21,887.887] INFO     [MainThread|MainProcess] root (main.py:on_group_message:40) | GroupMessageEvent(sub_type=normal, message_id=1028997, message=[Text(text="难绷中二吃…")], sender=GroupSender({"user_id":"2241084883", "nickname":"Rikka", "card":"", "role":"member"}), group_id=577713202)
[2025-11-27 20:15:21,912.912] ERROR    [MainThread|MainProcess] API (logger.py:error:134) | NapCatAPIError: 消息体无法解析, 请检查是否发送了不支持的消息类型
[2025-11-27 20:15:21,919.919] ERROR    [MainThread|MainProcess] API (logger.py:error:134) | NapCatAPIError: 消息体无法解析, 请检查是否发送了不支持的消息类型
[2025-11-27 20:15:21,924.924] ERROR    [MainThread|MainProcess] API (logger.py:error:134) | NapCatAPIError: 消息体无法解析, 请检查是否发送了不支持的消息类型
[2025-11-27 20:15:21,928.928] ERROR    [MainThread|MainProcess] API (logger.py:error:134) | NapCatAPIError: 消息体无法解析, 请检查是否发送了不支持的消息类型
[2025-11-27 20:15:21,931.931] ERROR    [MainThread|MainProcess] API (logger.py:error:134) | NapCatAPIError: 消息体无法解析, 请检查是否发送了不支持的消息类型
[2025-11-27 20:15:21,934.934] ERROR    [MainThread|MainProcess] API (logger.py:error:134) | NapCatAPIError: 消息体无法解析, 请检查是否发送了不支持的消息类型
[2025-11-27 20:15:21,940.940] ERROR    [MainThread|MainProcess] API (logger.py:error:134) | NapCatAPIError: 消息体无法解析, 请检查是否发送了不支持的消息类型
[2025-11-27 20:15:21,952.952] ERROR    [MainThread|MainProcess] API (logger.py:error:134) | NapCatAPIError: 消息体无法解析, 请检查是否发送了不支持的消息类型
[2025-11-27 20:15:21,971.971] ERROR    [MainThread|MainProcess] API (logger.py:error:134) | NapCatAPIError: 消息体无法解析, 请检查是否发送了不支持的消息类型
[2025-11-27 20:15:21,975.975] ERROR    [MainThread|MainProcess] API (logger.py:error:134) | NapCatAPIError: 消息体无法解析, 请检查是否发送了不支持的消息类型
[2025-11-27 20:15:39,469.469] INFO     [MainThread|MainProcess] root (main.py:on_group_message:40) | GroupMessageEvent(sub_type=normal, message_id=568971324, message=[Reply(id="1513159009"), At(qq="2241084883"), Text(text=" 黑客：这都是什么啊")], sender=GroupSender({"user_id":"822531229", "nickname":"只有辉神知道的世界", "card":"", "role":"admin"}), group_id=577713202)
[2025-11-27 20:15:39,526.526] ERROR    [MainThread|MainProcess] API (logger.py:error:134) | NapCatAPIError: 消息体无法解析, 请检查是否发送了不支持的消息类型
[2025-11-27 20:15:39,548.548] ERROR    [MainThread|MainProcess] API (logger.py:error:134) | NapCatAPIError: 消息体无法解析, 请检查是否发送了不支持的消息类型
[2025-11-27 20:15:39,587.587] ERROR    [MainThread|MainProcess] API (logger.py:error:134) | NapCatAPIError: 消息体无法解析, 请检查是否发送了不支持的消息类型
[2025-11-27 20:15:39,592.592] ERROR    [MainThread|MainProcess] API (logger.py:error:134) | NapCatAPIError: 消息体无法解析, 请检查是否发送了不支持的消息类型
[2025-11-27 20:15:39,603.603] ERROR    [MainThread|MainProcess] API (logger.py:error:134) | NapCatAPIError: 消息体无法解析, 请检查是否发送了不支持的消息类型
[2025-11-27 20:15:39,609.609] ERROR    [MainThread|MainProcess] API (logger.py:error:134) | NapCatAPIError: 消息体无法解析, 请检查是否发送了不支持的消息类型
[2025-11-27 20:15:39,629.629] ERROR    [MainThread|MainProcess] API (logger.py:error:134) | NapCatAPIError: 消息体无法解析, 请检查是否发送了不支持的消息类型
[2025-11-27 20:15:39,636.636] ERROR    [MainThread|MainProcess] API (logger.py:error:134) | NapCatAPIError: 消息体无法解析, 请检查是否发送了不支持的消息类型
[2025-11-27 20:15:39,640.640] ERROR    [MainThread|MainProcess] API (logger.py:error:134) | NapCatAPIError: 消息体无法解析, 请检查是否发送了不支持的消息类型
[2025-11-27 20:15:39,645.645] ERROR    [MainThread|MainProcess] API (logger.py:error:134) | NapCatAPIError: 消息体无法解析, 请检查是否发送了不支持的消息类型
[2025-11-27 20:15:46,939.939] INFO     [MainThread|MainProcess] root (main.py:on_group_message:40) | GroupMessageEvent(sub_type=normal, message_id=963109231, message=[Text(text="MTF - ModGenerators Template Format")], sender=GroupSender({"user_id":"3830876470", "nickname":"晴", "card":"", "role":"member"}), group_id=1061413302)
[2025-11-27 20:15:46,946.946] ERROR    [MainThread|MainProcess] API (logger.py:error:134) | NapCatAPIError: 消息体无法解析, 请检查是否发送了不支持的消息类型
[2025-11-27 20:15:46,969.969] ERROR    [MainThread|MainProcess] API (logger.py:error:134) | NapCatAPIError: 消息体无法解析, 请检查是否发送了不支持的消息类型
[2025-11-27 20:15:46,979.979] ERROR    [MainThread|MainProcess] API (logger.py:error:134) | NapCatAPIError: 消息体无法解析, 请检查是否发送了不支持的消息类型
[2025-11-27 20:15:46,983.983] ERROR    [MainThread|MainProcess] API (logger.py:error:134) | NapCatAPIError: 消息体无法解析, 请检查是否发送了不支持的消息类型
[2025-11-27 20:15:46,987.987] ERROR    [MainThread|MainProcess] API (logger.py:error:134) | NapCatAPIError: 消息体无法解析, 请检查是否发送了不支持的消息类型
[2025-11-27 20:15:46,989.989] ERROR    [MainThread|MainProcess] API (logger.py:error:134) | NapCatAPIError: 消息体无法解析, 请检查是否发送了不支持的消息类型
[2025-11-27 20:15:47,009.009] ERROR    [MainThread|MainProcess] API (logger.py:error:134) | NapCatAPIError: 消息体无法解析, 请检查是否发送了不支持的消息类型
[2025-11-27 20:15:47,020.020] ERROR    [MainThread|MainProcess] API (logger.py:error:134) | NapCatAPIError: 消息体无法解析, 请检查是否发送了不支持的消息类型
[2025-11-27 20:15:47,022.022] ERROR    [MainThread|MainProcess] API (logger.py:error:134) | NapCatAPIError: 消息体无法解析, 请检查是否发送了不支持的消息类型
[2025-11-27 20:15:47,024.024] ERROR    [MainThread|MainProcess] API (logger.py:error:134) | NapCatAPIError: 消息体无法解析, 请检查是否发送了不支持的消息类型
[2025-11-27 20:15:47,584.584] INFO     [MainThread|MainProcess] root (main.py:on_group_message:40) | GroupMessageEvent(sub_type=normal, message_id=637167770, message=[Image(file="0674AF4238FBB795956BFC5CD0183F52.jpg", url="https://multimedia.nt.qq.com.cn/download?appid=1407&fileid=EhSIJwa-aAdtwRpC06baCp79qcjybRiZqwcg_woog6K8x6eSkQMyBHByb2RQgL2jAVoQ8OLeo33InSBtqgbGgx7Bg3oCdR6CAQJuag&rkey=CAMSMJNoIbcR6Jy_z6rRemsG-8A5qg5CrZkS4s88pCDgD-D8aHegtQaRqFGJxKlxchKm-Q", file_size="120217", summary="", sub_type=0)], sender=GroupSender({"user_id":"822531229", "nickname":"只有辉神知道的世界", "card":"", "role":"admin"}), group_id=577713202)
[2025-11-27 20:15:47,588.588] ERROR    [MainThread|MainProcess] API (logger.py:error:134) | NapCatAPIError: 消息体无法解析, 请检查是否发送了不支持的消息类型
[2025-11-27 20:15:47,628.628] ERROR    [MainThread|MainProcess] API (logger.py:error:134) | NapCatAPIError: 消息体无法解析, 请检查是否发送了不支持的消息类型
[2025-11-27 20:15:47,638.638] ERROR    [MainThread|MainProcess] API (logger.py:error:134) | NapCatAPIError: 消息体无法解析, 请检查是否发送了不支持的消息类型
[2025-11-27 20:15:47,640.640] ERROR    [MainThread|MainProcess] API (logger.py:error:134) | NapCatAPIError: 消息体无法解析, 请检查是否发送了不支持的消息类型
[2025-11-27 20:15:47,643.643] ERROR    [MainThread|MainProcess] API (logger.py:error:134) | NapCatAPIError: 消息体无法解析, 请检查是否发送了不支持的消息类型
[2025-11-27 20:15:47,646.646] ERROR    [MainThread|MainProcess] API (logger.py:error:134) | NapCatAPIError: 消息体无法解析, 请检查是否发送了不支持的消息类型
[2025-11-27 20:15:47,648.648] ERROR    [MainThread|MainProcess] API (logger.py:error:134) | NapCatAPIError: 消息体无法解析, 请检查是否发送了不支持的消息类型
[2025-11-27 20:15:47,650.650] ERROR    [MainThread|MainProcess] API (logger.py:error:134) | NapCatAPIError: 消息体无法解析, 请检查是否发送了不支持的消息类型
[2025-11-27 20:15:47,653.653] ERROR    [MainThread|MainProcess] API (logger.py:error:134) | NapCatAPIError: 消息体无法解析, 请检查是否发送了不支持的消息类型
[2025-11-27 20:15:47,655.655] ERROR    [MainThread|MainProcess] API (logger.py:error:134) | NapCatAPIError: 消息体无法解析, 请检查是否发送了不支持的消息类型
[2025-11-27 20:16:51,395.395] INFO     [MainThread|MainProcess] root (main.py:on_group_message:40) | GroupMessageEvent(sub_type=normal, message_id=2058971323, message=[Text(text="❔")], sender=GroupSender({"user_id":"932211959", "nickname":"雪降り ~雪が降っている~", "card":"", "role":"member"}), group_id=1061413302)
[2025-11-27 20:16:51,398.398] ERROR    [MainThread|MainProcess] API (logger.py:error:134) | NapCatAPIError: 消息体无法解析, 请检查是否发送了不支持的消息类型
[2025-11-27 20:16:51,404.404] ERROR    [MainThread|MainProcess] API (logger.py:error:134) | NapCatAPIError: 消息体无法解析, 请检查是否发送了不支持的消息类型
[2025-11-27 20:16:51,420.420] ERROR    [MainThread|MainProcess] API (logger.py:error:134) | NapCatAPIError: 消息体无法解析, 请检查是否发送了不支持的消息类型
[2025-11-27 20:16:51,423.423] ERROR    [MainThread|MainProcess] API (logger.py:error:134) | NapCatAPIError: 消息体无法解析, 请检查是否发送了不支持的消息类型
[2025-11-27 20:16:51,436.436] ERROR    [MainThread|MainProcess] API (logger.py:error:134) | NapCatAPIError: 消息体无法解析, 请检查是否发送了不支持的消息类型
[2025-11-27 20:16:51,442.442] ERROR    [MainThread|MainProcess] API (logger.py:error:134) | NapCatAPIError: 消息体无法解析, 请检查是否发送了不支持的消息类型
[2025-11-27 20:16:51,467.467] ERROR    [MainThread|MainProcess] API (logger.py:error:134) | NapCatAPIError: 消息体无法解析, 请检查是否发送了不支持的消息类型
[2025-11-27 20:16:51,479.479] ERROR    [MainThread|MainProcess] API (logger.py:error:134) | NapCatAPIError: 消息体无法解析, 请检查是否发送了不支持的消息类型
[2025-11-27 20:16:51,483.483] ERROR    [MainThread|MainProcess] API (logger.py:error:134) | NapCatAPIError: 消息体无法解析, 请检查是否发送了不支持的消息类型
[2025-11-27 20:16:51,486.486] ERROR    [MainThread|MainProcess] API (logger.py:error:134) | NapCatAPIError: 消息体无法解析, 请检查是否发送了不支持的消息类型
[2025-11-27 20:16:59,828.828] INFO     [MainThread|MainProcess] root (main.py:on_group_message:40) | GroupMessageEvent(sub_type=normal, message_id=251614770, message=[Text(text="那我的还算正常…？"), Image(file="C71F7325C16604868DA6900DA368709B.jpg", url="https://multimedia.nt.qq.com.cn/download?appid=1407&fileid=EhQwbGRjxrG3YslwXXwV0ombxuTIlBjUjzsg_woo2uHB6aeSkQMyBHByb2RQgL2jAVoQE6VDq__pLUkCzDiG1H37HHoCs6CCAQJuag&rkey=CAMSMJNoIbcR6Jy_z6rRemsG-8A5qg5CrZkS4s88pCDgD-D8aHegtQaRqFGJxKlxchKm-Q", file_size="968660", summary="", sub_type=0)], sender=GroupSender({"user_id":"3362240349", "nickname":"鸢尾落華", "card":"ⓘ 该群聊涉嫌玩中二已被解散", "role":"member"}), group_id=577713202)
[2025-11-27 20:16:59,850.850] ERROR    [MainThread|MainProcess] API (logger.py:error:134) | NapCatAPIError: 消息体无法解析, 请检查是否发送了不支持的消息类型
[2025-11-27 20:16:59,872.872] ERROR    [MainThread|MainProcess] API (logger.py:error:134) | NapCatAPIError: 消息体无法解析, 请检查是否发送了不支持的消息类型
[2025-11-27 20:16:59,886.886] ERROR    [MainThread|MainProcess] API (logger.py:error:134) | NapCatAPIError: 消息体无法解析, 请检查是否发送了不支持的消息类型
[2025-11-27 20:16:59,890.890] ERROR    [MainThread|MainProcess] API (logger.py:error:134) | NapCatAPIError: 消息体无法解析, 请检查是否发送了不支持的消息类型
[2025-11-27 20:16:59,919.919] ERROR    [MainThread|MainProcess] API (logger.py:error:134) | NapCatAPIError: 消息体无法解析, 请检查是否发送了不支持的消息类型
[2025-11-27 20:16:59,922.922] ERROR    [MainThread|MainProcess] API (logger.py:error:134) | NapCatAPIError: 消息体无法解析, 请检查是否发送了不支持的消息类型
[2025-11-27 20:16:59,925.925] ERROR    [MainThread|MainProcess] API (logger.py:error:134) | NapCatAPIError: 消息体无法解析, 请检查是否发送了不支持的消息类型
[2025-11-27 20:16:59,928.928] ERROR    [MainThread|MainProcess] API (logger.py:error:134) | NapCatAPIError: 消息体无法解析, 请检查是否发送了不支持的消息类型
[2025-11-27 20:16:59,931.931] ERROR    [MainThread|MainProcess] API (logger.py:error:134) | NapCatAPIError: 消息体无法解析, 请检查是否发送了不支持的消息类型
[2025-11-27 20:16:59,936.936] ERROR    [MainThread|MainProcess] API (logger.py:error:134) | NapCatAPIError: 消息体无法解析, 请检查是否发送了不支持的消息类型
[2025-11-27 20:17:02,963.963] INFO     [MainThread|MainProcess] root (main.py:on_group_message:40) | GroupMessageEvent(sub_type=normal, message_id=596303301, message=[Image(file="86834ADB15AAAC98CA64FBAD41910D90.jpg", url="https://multimedia.nt.qq.com.cn/download?appid=1407&fileid=EhSiAtylAmsbBhuSlrAiSPoPo-XvBhiLsAQg_wooms3j66eSkQMyBHByb2RQgL2jAVoQmWrU5SIf3DrJrBrK-Fo44HoCtB6CAQJuag&rkey=CAMSMJNoIbcR6Jy_z6rRemsG-8A5qg5CrZkS4s88pCDgD-D8aHegtQaRqFGJxKlxchKm-Q", file_size="71691", summary="", sub_type=0)], sender=GroupSender({"user_id":"2241084883", "nickname":"Rikka", "card":"", "role":"member"}), group_id=577713202)
[2025-11-27 20:17:02,969.969] ERROR    [MainThread|MainProcess] API (logger.py:error:134) | NapCatAPIError: 消息体无法解析, 请检查是否发送了不支持的消息类型
[2025-11-27 20:17:02,986.986] ERROR    [MainThread|MainProcess] API (logger.py:error:134) | NapCatAPIError: 消息体无法解析, 请检查是否发送了不支持的消息类型
[2025-11-27 20:17:02,992.992] ERROR    [MainThread|MainProcess] API (logger.py:error:134) | NapCatAPIError: 消息体无法解析, 请检查是否发送了不支持的消息类型
[2025-11-27 20:17:02,995.995] ERROR    [MainThread|MainProcess] API (logger.py:error:134) | NapCatAPIError: 消息体无法解析, 请检查是否发送了不支持的消息类型
[2025-11-27 20:17:02,998.998] ERROR    [MainThread|MainProcess] API (logger.py:error:134) | NapCatAPIError: 消息体无法解析, 请检查是否发送了不支持的消息类型
[2025-11-27 20:17:03,008.008] ERROR    [MainThread|MainProcess] API (logger.py:error:134) | NapCatAPIError: 消息体无法解析, 请检查是否发送了不支持的消息类型
[2025-11-27 20:17:03,016.016] ERROR    [MainThread|MainProcess] API (logger.py:error:134) | NapCatAPIError: 消息体无法解析, 请检查是否发送了不支持的消息类型
[2025-11-27 20:17:03,062.062] ERROR    [MainThread|MainProcess] API (logger.py:error:134) | NapCatAPIError: 消息体无法解析, 请检查是否发送了不支持的消息类型
[2025-11-27 20:17:03,065.065] ERROR    [MainThread|MainProcess] API (logger.py:error:134) | NapCatAPIError: 消息体无法解析, 请检查是否发送了不支持的消息类型
[2025-11-27 20:17:03,075.075] ERROR    [MainThread|MainProcess] API (logger.py:error:134) | NapCatAPIError: 消息体无法解析, 请检查是否发送了不支持的消息类型
[2025-11-27 20:17:30,418.418] INFO     [MainThread|MainProcess] root (main.py:on_group_message:40) | GroupMessageEvent(sub_type=normal, message_id=2061005121, message=[Face(id="424", faceText="[表情]")], sender=GroupSender({"user_id":"2241084883", "nickname":"Rikka", "card":"", "role":"member"}), group_id=577713202)
[2025-11-27 20:17:30,436.436] ERROR    [MainThread|MainProcess] API (logger.py:error:134) | NapCatAPIError: 消息体无法解析, 请检查是否发送了不支持的消息类型
[2025-11-27 20:17:30,462.462] ERROR    [MainThread|MainProcess] API (logger.py:error:134) | NapCatAPIError: 消息体无法解析, 请检查是否发送了不支持的消息类型
[2025-11-27 20:17:30,557.557] ERROR    [MainThread|MainProcess] API (logger.py:error:134) | NapCatAPIError: 消息体无法解析, 请检查是否发送了不支持的消息类型
[2025-11-27 20:17:30,615.615] ERROR    [MainThread|MainProcess] API (logger.py:error:134) | NapCatAPIError: 消息体无法解析, 请检查是否发送了不支持的消息类型
[2025-11-27 20:17:30,629.629] ERROR    [MainThread|MainProcess] API (logger.py:error:134) | NapCatAPIError: 消息体无法解析, 请检查是否发送了不支持的消息类型
[2025-11-27 20:17:30,662.662] ERROR    [MainThread|MainProcess] API (logger.py:error:134) | NapCatAPIError: 消息体无法解析, 请检查是否发送了不支持的消息类型
[2025-11-27 20:17:30,666.666] ERROR    [MainThread|MainProcess] API (logger.py:error:134) | NapCatAPIError: 消息体无法解析, 请检查是否发送了不支持的消息类型
[2025-11-27 20:17:30,671.671] ERROR    [MainThread|MainProcess] API (logger.py:error:134) | NapCatAPIError: 消息体无法解析, 请检查是否发送了不支持的消息类型
[2025-11-27 20:17:30,691.691] ERROR    [MainThread|MainProcess] API (logger.py:error:134) | NapCatAPIError: 消息体无法解析, 请检查是否发送了不支持的消息类型
[2025-11-27 20:17:30,694.694] ERROR    [MainThread|MainProcess] API (logger.py:error:134) | NapCatAPIError: 消息体无法解析, 请检查是否发送了不支持的消息类型
[2025-11-27 20:17:38,552.552] INFO     [MainThread|MainProcess] root (main.py:on_group_message:40) | GroupMessageEvent(sub_type=normal, message_id=421544102, message=[Text(text="洗衣机 中二 吃的 动画小人图片 弔图")], sender=GroupSender({"user_id":"3362240349", "nickname":"鸢尾落華", "card":"ⓘ 该群聊涉嫌玩中二已被解散", "role":"member"}), group_id=577713202)
[2025-11-27 20:17:38,575.575] ERROR    [MainThread|MainProcess] API (logger.py:error:134) | NapCatAPIError: 消息体无法解析, 请检查是否发送了不支持的消息类型
[2025-11-27 20:17:38,590.590] ERROR    [MainThread|MainProcess] API (logger.py:error:134) | NapCatAPIError: 消息体无法解析, 请检查是否发送了不支持的消息类型
[2025-11-27 20:17:38,594.594] ERROR    [MainThread|MainProcess] API (logger.py:error:134) | NapCatAPIError: 消息体无法解析, 请检查是否发送了不支持的消息类型
[2025-11-27 20:17:38,597.597] ERROR    [MainThread|MainProcess] API (logger.py:error:134) | NapCatAPIError: 消息体无法解析, 请检查是否发送了不支持的消息类型
[2025-11-27 20:17:38,648.648] ERROR    [MainThread|MainProcess] API (logger.py:error:134) | NapCatAPIError: 消息体无法解析, 请检查是否发送了不支持的消息类型
[2025-11-27 20:17:38,706.706] ERROR    [MainThread|MainProcess] API (logger.py:error:134) | NapCatAPIError: 消息体无法解析, 请检查是否发送了不支持的消息类型
[2025-11-27 20:17:38,711.711] ERROR    [MainThread|MainProcess] API (logger.py:error:134) | NapCatAPIError: 消息体无法解析, 请检查是否发送了不支持的消息类型
[2025-11-27 20:17:38,714.714] ERROR    [MainThread|MainProcess] API (logger.py:error:134) | NapCatAPIError: 消息体无法解析, 请检查是否发送了不支持的消息类型
[2025-11-27 20:17:38,720.720] ERROR    [MainThread|MainProcess] API (logger.py:error:134) | NapCatAPIError: 消息体无法解析, 请检查是否发送了不支持的消息类型
[2025-11-27 20:17:38,723.723] ERROR    [MainThread|MainProcess] API (logger.py:error:134) | NapCatAPIError: 消息体无法解析, 请检查是否发送了不支持的消息类型
[2025-11-27 20:17:48,755.755] INFO     [MainThread|MainProcess] root (main.py:on_group_message:40) | GroupMessageEvent(sub_type=normal, message_id=1184129363, message=[Text(text="就是没有自拍")], sender=GroupSender({"user_id":"3362240349", "nickname":"鸢尾落華", "card":"ⓘ 该群聊涉嫌玩中二已被解散", "role":"member"}), group_id=577713202)
[2025-11-27 20:17:48,780.780] ERROR    [MainThread|MainProcess] API (logger.py:error:134) | NapCatAPIError: 消息体无法解析, 请检查是否发送了不支持的消息类型
[2025-11-27 20:17:48,797.797] ERROR    [MainThread|MainProcess] API (logger.py:error:134) | NapCatAPIError: 消息体无法解析, 请检查是否发送了不支持的消息类型
[2025-11-27 20:17:48,802.802] ERROR    [MainThread|MainProcess] API (logger.py:error:134) | NapCatAPIError: 消息体无法解析, 请检查是否发送了不支持的消息类型
[2025-11-27 20:17:48,812.812] ERROR    [MainThread|MainProcess] API (logger.py:error:134) | NapCatAPIError: 消息体无法解析, 请检查是否发送了不支持的消息类型
[2025-11-27 20:17:48,814.814] ERROR    [MainThread|MainProcess] API (logger.py:error:134) | NapCatAPIError: 消息体无法解析, 请检查是否发送了不支持的消息类型
[2025-11-27 20:17:48,834.834] ERROR    [MainThread|MainProcess] API (logger.py:error:134) | NapCatAPIError: 消息体无法解析, 请检查是否发送了不支持的消息类型
[2025-11-27 20:17:48,848.848] ERROR    [MainThread|MainProcess] API (logger.py:error:134) | NapCatAPIError: 消息体无法解析, 请检查是否发送了不支持的消息类型
[2025-11-27 20:17:48,852.852] ERROR    [MainThread|MainProcess] API (logger.py:error:134) | NapCatAPIError: 消息体无法解析, 请检查是否发送了不支持的消息类型
[2025-11-27 20:17:48,857.857] ERROR    [MainThread|MainProcess] API (logger.py:error:134) | NapCatAPIError: 消息体无法解析, 请检查是否发送了不支持的消息类型
[2025-11-27 20:17:48,862.862] ERROR    [MainThread|MainProcess] API (logger.py:error:134) | NapCatAPIError: 消息体无法解析, 请检查是否发送了不支持的消息类型
[2025-11-27 20:17:56,250.250] INFO     [MainThread|MainProcess] root (main.py:on_group_message:40) | GroupMessageEvent(sub_type=normal, message_id=1633925108, message=[Image(file="A18C47E244E91E84D2C7FDEDCF8A7C60.jpg", url="https://multimedia.nt.qq.com.cn/download?appid=1407&fileid=EhTLZ_KNcDbI2yRQ86lzalJf_FDbbBj6AyD_CiipiJKFqJKRAzIEcHJvZFCAvaMBWhAvaBQnskkhGKgbuWGecPCFegLAIoIBAm5q&rkey=CAMSMJNoIbcR6Jy_z6rRemsG-8A5qg5CrZkS4s88pCDgD-D8aHegtQaRqFGJxKlxchKm-Q", file_size="506", summary="[动画表情]", sub_type=1)], sender=GroupSender({"user_id":"2870471753", "nickname":"Nirotire", "card":"", "role":"member"}), group_id=621893711)
[2025-11-27 20:17:56,257.257] ERROR    [MainThread|MainProcess] API (logger.py:error:134) | NapCatAPIError: 消息体无法解析, 请检查是否发送了不支持的消息类型
[2025-11-27 20:17:56,272.272] ERROR    [MainThread|MainProcess] API (logger.py:error:134) | NapCatAPIError: 消息体无法解析, 请检查是否发送了不支持的消息类型
[2025-11-27 20:17:56,285.285] ERROR    [MainThread|MainProcess] API (logger.py:error:134) | NapCatAPIError: 消息体无法解析, 请检查是否发送了不支持的消息类型
[2025-11-27 20:17:56,289.289] ERROR    [MainThread|MainProcess] API (logger.py:error:134) | NapCatAPIError: 消息体无法解析, 请检查是否发送了不支持的消息类型
[2025-11-27 20:17:56,293.293] ERROR    [MainThread|MainProcess] API (logger.py:error:134) | NapCatAPIError: 消息体无法解析, 请检查是否发送了不支持的消息类型
[2025-11-27 20:17:56,295.295] ERROR    [MainThread|MainProcess] API (logger.py:error:134) | NapCatAPIError: 消息体无法解析, 请检查是否发送了不支持的消息类型
[2025-11-27 20:17:56,298.298] ERROR    [MainThread|MainProcess] API (logger.py:error:134) | NapCatAPIError: 消息体无法解析, 请检查是否发送了不支持的消息类型
[2025-11-27 20:17:56,307.307] ERROR    [MainThread|MainProcess] API (logger.py:error:134) | NapCatAPIError: 消息体无法解析, 请检查是否发送了不支持的消息类型
[2025-11-27 20:17:56,314.314] ERROR    [MainThread|MainProcess] API (logger.py:error:134) | NapCatAPIError: 消息体无法解析, 请检查是否发送了不支持的消息类型
[2025-11-27 20:17:56,318.318] ERROR    [MainThread|MainProcess] API (logger.py:error:134) | NapCatAPIError: 消息体无法解析, 请检查是否发送了不支持的消息类型
[2025-11-27 20:17:57,610.610] INFO     [MainThread|MainProcess] root (main.py:on_group_message:40) | GroupMessageEvent(sub_type=normal, message_id=2045531296, message=[Image(file="A514FDFD14FACAF4B37A49D99F4AAA84.jpg", url="https://multimedia.nt.qq.com.cn/download?appid=1407&fileid=EhRtgW4KCIGiIf1_fAgUlvHjElf-EBj_wnwg_woo9qThhaiSkQMyBHByb2RQgL2jAVoQO47Ia0meNfyOhHUUwzAhbnoCfV6CAQJuag&rkey=CAMSMJNoIbcR6Jy_z6rRemsG-8A5qg5CrZkS4s88pCDgD-D8aHegtQaRqFGJxKlxchKm-Q", file_size="2040191", summary="[动画表情]", sub_type=1)], sender=GroupSender({"user_id":"3362240349", "nickname":"鸢尾落華", "card":"ⓘ 该群聊涉嫌玩中二已被解散", "role":"member"}), group_id=577713202)
[2025-11-27 20:17:57,640.640] ERROR    [MainThread|MainProcess] API (logger.py:error:134) | NapCatAPIError: 消息体无法解析, 请检查是否发送了不支持的消息类型
[2025-11-27 20:17:57,648.648] ERROR    [MainThread|MainProcess] API (logger.py:error:134) | NapCatAPIError: 消息体无法解析, 请检查是否发送了不支持的消息类型
[2025-11-27 20:17:57,652.652] ERROR    [MainThread|MainProcess] API (logger.py:error:134) | NapCatAPIError: 消息体无法解析, 请检查是否发送了不支持的消息类型
[2025-11-27 20:17:57,655.655] ERROR    [MainThread|MainProcess] API (logger.py:error:134) | NapCatAPIError: 消息体无法解析, 请检查是否发送了不支持的消息类型
[2025-11-27 20:17:57,662.662] ERROR    [MainThread|MainProcess] API (logger.py:error:134) | NapCatAPIError: 消息体无法解析, 请检查是否发送了不支持的消息类型
[2025-11-27 20:17:57,665.665] ERROR    [MainThread|MainProcess] API (logger.py:error:134) | NapCatAPIError: 消息体无法解析, 请检查是否发送了不支持的消息类型
[2025-11-27 20:17:57,668.668] ERROR    [MainThread|MainProcess] API (logger.py:error:134) | NapCatAPIError: 消息体无法解析, 请检查是否发送了不支持的消息类型
[2025-11-27 20:17:57,693.693] ERROR    [MainThread|MainProcess] API (logger.py:error:134) | NapCatAPIError: 消息体无法解析, 请检查是否发送了不支持的消息类型
[2025-11-27 20:17:57,696.696] ERROR    [MainThread|MainProcess] API (logger.py:error:134) | NapCatAPIError: 消息体无法解析, 请检查是否发送了不支持的消息类型
[2025-11-27 20:17:57,699.699] ERROR    [MainThread|MainProcess] API (logger.py:error:134) | NapCatAPIError: 消息体无法解析, 请检查是否发送了不支持的消息类型
[2025-11-27 20:18:05,108.108] INFO     [MainThread|MainProcess] root (main.py:on_group_message:40) | GroupMessageEvent(sub_type=normal, message_id=1778923333, message=[Text(text="我好困")], sender=GroupSender({"user_id":"3830876470", "nickname":"晴", "card":"", "role":"member"}), group_id=1061413302)
[2025-11-27 20:18:05,116.116] ERROR    [MainThread|MainProcess] API (logger.py:error:134) | NapCatAPIError: 消息体无法解析, 请检查是否发送了不支持的消息类型
[2025-11-27 20:18:05,148.148] ERROR    [MainThread|MainProcess] API (logger.py:error:134) | NapCatAPIError: 消息体无法解析, 请检查是否发送了不支持的消息类型
[2025-11-27 20:18:05,169.169] ERROR    [MainThread|MainProcess] API (logger.py:error:134) | NapCatAPIError: 消息体无法解析, 请检查是否发送了不支持的消息类型
[2025-11-27 20:18:05,176.176] ERROR    [MainThread|MainProcess] API (logger.py:error:134) | NapCatAPIError: 消息体无法解析, 请检查是否发送了不支持的消息类型
[2025-11-27 20:18:05,200.200] ERROR    [MainThread|MainProcess] API (logger.py:error:134) | NapCatAPIError: 消息体无法解析, 请检查是否发送了不支持的消息类型
[2025-11-27 20:18:05,203.203] ERROR    [MainThread|MainProcess] API (logger.py:error:134) | NapCatAPIError: 消息体无法解析, 请检查是否发送了不支持的消息类型
[2025-11-27 20:18:05,210.210] ERROR    [MainThread|MainProcess] API (logger.py:error:134) | NapCatAPIError: 消息体无法解析, 请检查是否发送了不支持的消息类型
[2025-11-27 20:18:05,213.213] ERROR    [MainThread|MainProcess] API (logger.py:error:134) | NapCatAPIError: 消息体无法解析, 请检查是否发送了不支持的消息类型
[2025-11-27 20:18:05,217.217] ERROR    [MainThread|MainProcess] API (logger.py:error:134) | NapCatAPIError: 消息体无法解析, 请检查是否发送了不支持的消息类型
[2025-11-27 20:18:05,219.219] ERROR    [MainThread|MainProcess] API (logger.py:error:134) | NapCatAPIError: 消息体无法解析, 请检查是否发送了不支持的消息类型
[2025-11-27 20:18:09,093.093] INFO     [MainThread|MainProcess] root (main.py:on_group_message:40) | GroupMessageEvent(sub_type=normal, message_id=164276439, message=[Image(file="a0-a0809db464bc028331385f8ef1def391.gif", url="https://gxh.vip.qq.com/club/item/parcel/item/a0/a0809db464bc028331385f8ef1def391/raw300.gif", summary="[偷看]", sub_type=0)], sender=GroupSender({"user_id":"1923215523", "nickname":"-浅橙-", "card":"", "role":"member"}), group_id=621893711)
[2025-11-27 20:18:09,101.101] ERROR    [MainThread|MainProcess] API (logger.py:error:134) | NapCatAPIError: 消息体无法解析, 请检查是否发送了不支持的消息类型
[2025-11-27 20:18:09,134.134] ERROR    [MainThread|MainProcess] API (logger.py:error:134) | NapCatAPIError: 消息体无法解析, 请检查是否发送了不支持的消息类型
[2025-11-27 20:18:09,168.168] ERROR    [MainThread|MainProcess] API (logger.py:error:134) | NapCatAPIError: 消息体无法解析, 请检查是否发送了不支持的消息类型
[2025-11-27 20:18:09,180.180] ERROR    [MainThread|MainProcess] API (logger.py:error:134) | NapCatAPIError: 消息体无法解析, 请检查是否发送了不支持的消息类型
[2025-11-27 20:18:09,190.190] ERROR    [MainThread|MainProcess] API (logger.py:error:134) | NapCatAPIError: 消息体无法解析, 请检查是否发送了不支持的消息类型
[2025-11-27 20:18:09,195.195] ERROR    [MainThread|MainProcess] API (logger.py:error:134) | NapCatAPIError: 消息体无法解析, 请检查是否发送了不支持的消息类型
[2025-11-27 20:18:09,235.235] ERROR    [MainThread|MainProcess] API (logger.py:error:134) | NapCatAPIError: 消息体无法解析, 请检查是否发送了不支持的消息类型
[2025-11-27 20:18:09,309.309] ERROR    [MainThread|MainProcess] API (logger.py:error:134) | NapCatAPIError: 消息体无法解析, 请检查是否发送了不支持的消息类型
[2025-11-27 20:18:09,313.313] ERROR    [MainThread|MainProcess] API (logger.py:error:134) | NapCatAPIError: 消息体无法解析, 请检查是否发送了不支持的消息类型
[2025-11-27 20:18:09,319.319] ERROR    [MainThread|MainProcess] API (logger.py:error:134) | NapCatAPIError: 消息体无法解析, 请检查是否发送了不支持的消息类型
[2025-11-27 20:18:10,652.652] INFO     [MainThread|MainProcess] root (main.py:on_group_message:40) | GroupMessageEvent(sub_type=normal, message_id=1710878263, message=[Image(file="93DF82EEFA948A65BC17F77CBD234A52.png", url="https://multimedia.nt.qq.com.cn/download?appid=1407&fileid=EhQFUBZNDABdkXkgdFVxRRQ6tydKLRiUoQcg_wooj--NjKiSkQMyBHByb2RQgL2jAVoQ_mp0Ix0-XApR-Q4AigXG-3oCD1mCAQJuag&rkey=CAMSMJNoIbcR6Jy_z6rRemsG-8A5qg5CrZkS4s88pCDgD-D8aHegtQaRqFGJxKlxchKm-Q", file_size="118932", summary="", sub_type=0), Text(text="上去了（")], sender=GroupSender({"user_id":"2267926518", "nickname":"Mr.C", "card":"", "role":"admin"}), group_id=577713202)
[2025-11-27 20:18:10,662.662] ERROR    [MainThread|MainProcess] API (logger.py:error:134) | NapCatAPIError: 消息体无法解析, 请检查是否发送了不支持的消息类型
[2025-11-27 20:18:11,251.251] ERROR    [MainThread|MainProcess] API (logger.py:error:134) | NapCatAPIError: 消息体无法解析, 请检查是否发送了不支持的消息类型
[2025-11-27 20:18:11,257.257] ERROR    [MainThread|MainProcess] API (logger.py:error:134) | NapCatAPIError: 消息体无法解析, 请检查是否发送了不支持的消息类型
[2025-11-27 20:18:11,260.260] ERROR    [MainThread|MainProcess] API (logger.py:error:134) | NapCatAPIError: 消息体无法解析, 请检查是否发送了不支持的消息类型
[2025-11-27 20:18:11,265.265] ERROR    [MainThread|MainProcess] API (logger.py:error:134) | NapCatAPIError: 消息体无法解析, 请检查是否发送了不支持的消息类型
[2025-11-27 20:18:11,268.268] ERROR    [MainThread|MainProcess] API (logger.py:error:134) | NapCatAPIError: 消息体无法解析, 请检查是否发送了不支持的消息类型
[2025-11-27 20:18:11,271.271] ERROR    [MainThread|MainProcess] API (logger.py:error:134) | NapCatAPIError: 消息体无法解析, 请检查是否发送了不支持的消息类型
[2025-11-27 20:18:11,274.274] ERROR    [MainThread|MainProcess] API (logger.py:error:134) | NapCatAPIError: 消息体无法解析, 请检查是否发送了不支持的消息类型
[2025-11-27 20:18:11,276.276] ERROR    [MainThread|MainProcess] API (logger.py:error:134) | NapCatAPIError: 消息体无法解析, 请检查是否发送了不支持的消息类型
[2025-11-27 20:18:14,405.405] INFO     [MainThread|MainProcess] root (main.py:on_group_message:40) | GroupMessageEvent(sub_type=normal, message_id=1546422232, message=[Text(text="谁没事干陪陪我")], sender=GroupSender({"user_id":"3830876470", "nickname":"晴", "card":"", "role":"member"}), group_id=1061413302)
[2025-11-27 20:18:14,408.408] ERROR    [MainThread|MainProcess] API (logger.py:error:134) | NapCatAPIError: 消息体无法解析, 请检查是否发送了不支持的消息类型
[2025-11-27 20:18:14,410.410] ERROR    [MainThread|MainProcess] API (logger.py:error:134) | NapCatAPIError: 消息体无法解析, 请检查是否发送了不支持的消息类型
[2025-11-27 20:18:14,412.412] ERROR    [MainThread|MainProcess] API (logger.py:error:134) | NapCatAPIError: 消息体无法解析, 请检查是否发送了不支持的消息类型
[2025-11-27 20:18:14,414.414] ERROR    [MainThread|MainProcess] API (logger.py:error:134) | NapCatAPIError: 消息体无法解析, 请检查是否发送了不支持的消息类型
[2025-11-27 20:18:14,416.416] ERROR    [MainThread|MainProcess] API (logger.py:error:134) | NapCatAPIError: 消息体无法解析, 请检查是否发送了不支持的消息类型
[2025-11-27 20:18:14,417.417] ERROR    [MainThread|MainProcess] API (logger.py:error:134) | NapCatAPIError: 消息体无法解析, 请检查是否发送了不支持的消息类型
[2025-11-27 20:18:14,419.419] ERROR    [MainThread|MainProcess] API (logger.py:error:134) | NapCatAPIError: 消息体无法解析, 请检查是否发送了不支持的消息类型
[2025-11-27 20:18:14,421.421] ERROR    [MainThread|MainProcess] API (logger.py:error:134) | NapCatAPIError: 消息体无法解析, 请检查是否发送了不支持的消息类型
[2025-11-27 20:18:14,422.422] ERROR    [MainThread|MainProcess] API (logger.py:error:134) | NapCatAPIError: 消息体无法解析, 请检查是否发送了不支持的消息类型
[2025-11-27 20:18:14,427.427] ERROR    [MainThread|MainProcess] API (logger.py:error:134) | NapCatAPIError: 消息体无法解析, 请检查是否发送了不支持的消息类型
[2025-11-27 20:18:38,174.174] INFO     [MainThread|MainProcess] root (main.py:on_group_message:40) | GroupMessageEvent(sub_type=normal, message_id=1412398065, message=[Image(file="5DFBAE573813A5EDF10A2BFC0A49A9CC.jpg", url="https://multimedia.nt.qq.com.cn/download?appid=1407&fileid=EhSfQZAZZbipB1peJdL9Gvl8cUy2NhiC2gUg_wooje6cmaiSkQMyBHByb2RQgL2jAVoQQGyuFf5y_Wc5QvFJgpd1eXoC3_SCAQJneg&rkey=CAMSMJNoIbcR6Jy_z6rRemsG-8A5qg5CrZkS4s88pCDgD-D8aHegtQaRqFGJxKlxchKm-Q", file_size="93442", summary="[动画表情]", sub_type=1)], sender=GroupSender({"user_id":"1431311795", "nickname":"不是，哥们", "card":"带着你的库鸣原养吃大份去吧", "role":"member"}), group_id=621893711)
[2025-11-27 20:18:38,212.212] ERROR    [MainThread|MainProcess] API (logger.py:error:134) | NapCatAPIError: 消息体无法解析, 请检查是否发送了不支持的消息类型
[2025-11-27 20:18:38,226.226] ERROR    [MainThread|MainProcess] API (logger.py:error:134) | NapCatAPIError: 消息体无法解析, 请检查是否发送了不支持的消息类型
[2025-11-27 20:18:38,269.269] ERROR    [MainThread|MainProcess] API (logger.py:error:134) | NapCatAPIError: 消息体无法解析, 请检查是否发送了不支持的消息类型
[2025-11-27 20:18:38,285.285] ERROR    [MainThread|MainProcess] API (logger.py:error:134) | NapCatAPIError: 消息体无法解析, 请检查是否发送了不支持的消息类型
[2025-11-27 20:18:38,290.290] ERROR    [MainThread|MainProcess] API (logger.py:error:134) | NapCatAPIError: 消息体无法解析, 请检查是否发送了不支持的消息类型
[2025-11-27 20:18:38,293.293] ERROR    [MainThread|MainProcess] API (logger.py:error:134) | NapCatAPIError: 消息体无法解析, 请检查是否发送了不支持的消息类型
[2025-11-27 20:18:38,297.297] ERROR    [MainThread|MainProcess] API (logger.py:error:134) | NapCatAPIError: 消息体无法解析, 请检查是否发送了不支持的消息类型
[2025-11-27 20:18:38,301.301] ERROR    [MainThread|MainProcess] API (logger.py:error:134) | NapCatAPIError: 消息体无法解析, 请检查是否发送了不支持的消息类型
[2025-11-27 20:18:38,331.331] ERROR    [MainThread|MainProcess] API (logger.py:error:134) | NapCatAPIError: 消息体无法解析, 请检查是否发送了不支持的消息类型
[2025-11-27 20:18:38,335.335] ERROR    [MainThread|MainProcess] API (logger.py:error:134) | NapCatAPIError: 消息体无法解析, 请检查是否发送了不支持的消息类型
[2025-11-27 20:18:49,703.703] INFO     [MainThread|MainProcess] root (main.py:on_group_message:40) | GroupMessageEvent(sub_type=normal, message_id=1491921433, message=[Reply(id="1184129363"), At(qq="3362240349"), Text(text=" 还真是")], sender=GroupSender({"user_id":"2241084883", "nickname":"Rikka", "card":"", "role":"member"}), group_id=577713202)
[2025-11-27 20:18:49,711.711] ERROR    [MainThread|MainProcess] API (logger.py:error:134) | NapCatAPIError: 消息体无法解析, 请检查是否发送了不支持的消息类型
[2025-11-27 20:18:49,728.728] ERROR    [MainThread|MainProcess] API (logger.py:error:134) | NapCatAPIError: 消息体无法解析, 请检查是否发送了不支持的消息类型
[2025-11-27 20:18:49,732.732] ERROR    [MainThread|MainProcess] API (logger.py:error:134) | NapCatAPIError: 消息体无法解析, 请检查是否发送了不支持的消息类型
[2025-11-27 20:18:49,736.736] ERROR    [MainThread|MainProcess] API (logger.py:error:134) | NapCatAPIError: 消息体无法解析, 请检查是否发送了不支持的消息类型
[2025-11-27 20:18:49,740.740] ERROR    [MainThread|MainProcess] API (logger.py:error:134) | NapCatAPIError: 消息体无法解析, 请检查是否发送了不支持的消息类型
[2025-11-27 20:18:49,743.743] ERROR    [MainThread|MainProcess] API (logger.py:error:134) | NapCatAPIError: 消息体无法解析, 请检查是否发送了不支持的消息类型
[2025-11-27 20:18:49,746.746] ERROR    [MainThread|MainProcess] API (logger.py:error:134) | NapCatAPIError: 消息体无法解析, 请检查是否发送了不支持的消息类型
[2025-11-27 20:18:49,749.749] ERROR    [MainThread|MainProcess] API (logger.py:error:134) | NapCatAPIError: 消息体无法解析, 请检查是否发送了不支持的消息类型
[2025-11-27 20:18:49,792.792] ERROR    [MainThread|MainProcess] API (logger.py:error:134) | NapCatAPIError: 消息体无法解析, 请检查是否发送了不支持的消息类型
[2025-11-27 20:18:49,807.807] ERROR    [MainThread|MainProcess] API (logger.py:error:134) | NapCatAPIError: 消息体无法解析, 请检查是否发送了不支持的消息类型
[2025-11-27 20:18:50,644.644] INFO     [MainThread|MainProcess] root (main.py:on_group_message:40) | GroupMessageEvent(sub_type=normal, message_id=1396132415, message=[Image(file="D25455D12FD88B0C171BE9494F95A557.jpg", url="https://multimedia.nt.qq.com.cn/download?appid=1407&fileid=EhQUNC3cck3Z3To2645m6W9XcYb16hjDkQgg_woopbKHn6iSkQMyBHByb2RQgL2jAVoQLkysyL_w2lvISCf_rv4KyXoCPi2CAQJuag&rkey=CAMSMJNoIbcR6Jy_z6rRemsG-8A5qg5CrZkS4s88pCDgD-D8aHegtQaRqFGJxKlxchKm-Q", file_size="133315", summary="[动画表情]", sub_type=1)], sender=GroupSender({"user_id":"3362240349", "nickname":"鸢尾落華", "card":"ⓘ 该群聊涉嫌玩中二已被解散", "role":"member"}), group_id=577713202)
[2025-11-27 20:18:50,647.647] ERROR    [MainThread|MainProcess] API (logger.py:error:134) | NapCatAPIError: 消息体无法解析, 请检查是否发送了不支持的消息类型
[2025-11-27 20:18:50,653.653] ERROR    [MainThread|MainProcess] API (logger.py:error:134) | NapCatAPIError: 消息体无法解析, 请检查是否发送了不支持的消息类型
[2025-11-27 20:18:50,681.681] ERROR    [MainThread|MainProcess] API (logger.py:error:134) | NapCatAPIError: 消息体无法解析, 请检查是否发送了不支持的消息类型
[2025-11-27 20:18:50,688.688] ERROR    [MainThread|MainProcess] API (logger.py:error:134) | NapCatAPIError: 消息体无法解析, 请检查是否发送了不支持的消息类型
[2025-11-27 20:18:50,712.712] ERROR    [MainThread|MainProcess] API (logger.py:error:134) | NapCatAPIError: 消息体无法解析, 请检查是否发送了不支持的消息类型
[2025-11-27 20:18:50,713.713] ERROR    [MainThread|MainProcess] API (logger.py:error:134) | NapCatAPIError: 消息体无法解析, 请检查是否发送了不支持的消息类型
[2025-11-27 20:18:50,726.726] ERROR    [MainThread|MainProcess] API (logger.py:error:134) | NapCatAPIError: 消息体无法解析, 请检查是否发送了不支持的消息类型
[2025-11-27 20:18:50,727.727] ERROR    [MainThread|MainProcess] API (logger.py:error:134) | NapCatAPIError: 消息体无法解析, 请检查是否发送了不支持的消息类型
[2025-11-27 20:18:50,729.729] ERROR    [MainThread|MainProcess] API (logger.py:error:134) | NapCatAPIError: 消息体无法解析, 请检查是否发送了不支持的消息类型
[2025-11-27 20:18:50,731.731] ERROR    [MainThread|MainProcess] API (logger.py:error:134) | NapCatAPIError: 消息体无法解析, 请检查是否发送了不支持的消息类型
[2025-11-27 20:18:59,685.685] INFO     [MainThread|MainProcess] root (main.py:on_group_message:40) | GroupMessageEvent(sub_type=normal, message_id=243206801, message=[Reply(id="1710878263"), Text(text="教我月光")], sender=GroupSender({"user_id":"2241084883", "nickname":"Rikka", "card":"", "role":"member"}), group_id=577713202)
[2025-11-27 20:18:59,691.691] ERROR    [MainThread|MainProcess] API (logger.py:error:134) | NapCatAPIError: 消息体无法解析, 请检查是否发送了不支持的消息类型
[2025-11-27 20:18:59,706.706] ERROR    [MainThread|MainProcess] API (logger.py:error:134) | NapCatAPIError: 消息体无法解析, 请检查是否发送了不支持的消息类型
[2025-11-27 20:18:59,711.711] ERROR    [MainThread|MainProcess] API (logger.py:error:134) | NapCatAPIError: 消息体无法解析, 请检查是否发送了不支持的消息类型
[2025-11-27 20:18:59,714.714] ERROR    [MainThread|MainProcess] API (logger.py:error:134) | NapCatAPIError: 消息体无法解析, 请检查是否发送了不支持的消息类型
[2025-11-27 20:18:59,717.717] ERROR    [MainThread|MainProcess] API (logger.py:error:134) | NapCatAPIError: 消息体无法解析, 请检查是否发送了不支持的消息类型
[2025-11-27 20:18:59,721.721] ERROR    [MainThread|MainProcess] API (logger.py:error:134) | NapCatAPIError: 消息体无法解析, 请检查是否发送了不支持的消息类型
[2025-11-27 20:18:59,725.725] ERROR    [MainThread|MainProcess] API (logger.py:error:134) | NapCatAPIError: 消息体无法解析, 请检查是否发送了不支持的消息类型
[2025-11-27 20:18:59,764.764] ERROR    [MainThread|MainProcess] API (logger.py:error:134) | NapCatAPIError: 消息体无法解析, 请检查是否发送了不支持的消息类型
[2025-11-27 20:18:59,800.800] ERROR    [MainThread|MainProcess] API (logger.py:error:134) | NapCatAPIError: 消息体无法解析, 请检查是否发送了不支持的消息类型
[2025-11-27 20:18:59,804.804] ERROR    [MainThread|MainProcess] API (logger.py:error:134) | NapCatAPIError: 消息体无法解析, 请检查是否发送了不支持的消息类型
[2025-11-27 20:19:02,071.071] INFO     [MainThread|MainProcess] root (main.py:on_group_message:40) | GroupMessageEvent(sub_type=normal, message_id=1585604985, message=[Face(id="297", faceText="[表情]")], sender=GroupSender({"user_id":"2241084883", "nickname":"Rikka", "card":"", "role":"member"}), group_id=577713202)
[2025-11-27 20:19:02,076.076] ERROR    [MainThread|MainProcess] API (logger.py:error:134) | NapCatAPIError: 消息体无法解析, 请检查是否发送了不支持的消息类型
[2025-11-27 20:19:02,091.091] ERROR    [MainThread|MainProcess] API (logger.py:error:134) | NapCatAPIError: 消息体无法解析, 请检查是否发送了不支持的消息类型
[2025-11-27 20:19:02,093.093] ERROR    [MainThread|MainProcess] API (logger.py:error:134) | NapCatAPIError: 消息体无法解析, 请检查是否发送了不支持的消息类型
[2025-11-27 20:19:02,096.096] ERROR    [MainThread|MainProcess] API (logger.py:error:134) | NapCatAPIError: 消息体无法解析, 请检查是否发送了不支持的消息类型
[2025-11-27 20:19:02,102.102] ERROR    [MainThread|MainProcess] API (logger.py:error:134) | NapCatAPIError: 消息体无法解析, 请检查是否发送了不支持的消息类型
[2025-11-27 20:19:02,104.104] ERROR    [MainThread|MainProcess] API (logger.py:error:134) | NapCatAPIError: 消息体无法解析, 请检查是否发送了不支持的消息类型
[2025-11-27 20:19:02,107.107] ERROR    [MainThread|MainProcess] API (logger.py:error:134) | NapCatAPIError: 消息体无法解析, 请检查是否发送了不支持的消息类型
[2025-11-27 20:19:02,109.109] ERROR    [MainThread|MainProcess] API (logger.py:error:134) | NapCatAPIError: 消息体无法解析, 请检查是否发送了不支持的消息类型
[2025-11-27 20:19:02,113.113] ERROR    [MainThread|MainProcess] API (logger.py:error:134) | NapCatAPIError: 消息体无法解析, 请检查是否发送了不支持的消息类型
[2025-11-27 20:19:02,115.115] ERROR    [MainThread|MainProcess] API (logger.py:error:134) | NapCatAPIError: 消息体无法解析, 请检查是否发送了不支持的消息类型
[2025-11-27 20:19:45,045.045] INFO     [MainThread|MainProcess] root (main.py:on_group_message:40) | GroupMessageEvent(sub_type=normal, message_id=805291653, message=[Text(text="（")], sender=GroupSender({"user_id":"2267926518", "nickname":"Mr.C", "card":"", "role":"admin"}), group_id=577713202)
[2025-11-27 20:19:45,049.049] ERROR    [MainThread|MainProcess] API (logger.py:error:134) | NapCatAPIError: 消息体无法解析, 请检查是否发送了不支持的消息类型
[2025-11-27 20:19:45,726.726] ERROR    [MainThread|MainProcess] API (logger.py:error:134) | NapCatAPIError: 消息体无法解析, 请检查是否发送了不支持的消息类型
[2025-11-27 20:19:45,728.728] ERROR    [MainThread|MainProcess] API (logger.py:error:134) | NapCatAPIError: 消息体无法解析, 请检查是否发送了不支持的消息类型
[2025-11-27 20:19:45,730.730] ERROR    [MainThread|MainProcess] API (logger.py:error:134) | NapCatAPIError: 消息体无法解析, 请检查是否发送了不支持的消息类型
[2025-11-27 20:19:45,733.733] ERROR    [MainThread|MainProcess] API (logger.py:error:134) | NapCatAPIError: 消息体无法解析, 请检查是否发送了不支持的消息类型
[2025-11-27 20:19:45,736.736] ERROR    [MainThread|MainProcess] API (logger.py:error:134) | NapCatAPIError: 消息体无法解析, 请检查是否发送了不支持的消息类型
[2025-11-27 20:19:45,751.751] ERROR    [MainThread|MainProcess] API (logger.py:error:134) | NapCatAPIError: 消息体无法解析, 请检查是否发送了不支持的消息类型
[2025-11-27 20:19:45,753.753] ERROR    [MainThread|MainProcess] API (logger.py:error:134) | NapCatAPIError: 消息体无法解析, 请检查是否发送了不支持的消息类型
[2025-11-27 20:19:45,755.755] ERROR    [MainThread|MainProcess] API (logger.py:error:134) | NapCatAPIError: 消息体无法解析, 请检查是否发送了不支持的消息类型
[2025-11-27 20:19:49,055.055] INFO     [MainThread|MainProcess] root (main.py:on_group_message:40) | GroupMessageEvent(sub_type=normal, message_id=73570852, message=[Text(text="发烧中")], sender=GroupSender({"user_id":"2585690555", "nickname":"__Infinitive__", "card":"", "role":"admin"}), group_id=1061413302)
[2025-11-27 20:19:49,059.059] ERROR    [MainThread|MainProcess] API (logger.py:error:134) | NapCatAPIError: 消息体无法解析, 请检查是否发送了不支持的消息类型
[2025-11-27 20:19:49,076.076] ERROR    [MainThread|MainProcess] API (logger.py:error:134) | NapCatAPIError: 消息体无法解析, 请检查是否发送了不支持的消息类型
[2025-11-27 20:19:49,078.078] ERROR    [MainThread|MainProcess] API (logger.py:error:134) | NapCatAPIError: 消息体无法解析, 请检查是否发送了不支持的消息类型
[2025-11-27 20:19:49,081.081] ERROR    [MainThread|MainProcess] API (logger.py:error:134) | NapCatAPIError: 消息体无法解析, 请检查是否发送了不支持的消息类型
[2025-11-27 20:19:49,092.092] ERROR    [MainThread|MainProcess] API (logger.py:error:134) | NapCatAPIError: 消息体无法解析, 请检查是否发送了不支持的消息类型
[2025-11-27 20:19:49,094.094] ERROR    [MainThread|MainProcess] API (logger.py:error:134) | NapCatAPIError: 消息体无法解析, 请检查是否发送了不支持的消息类型
[2025-11-27 20:19:49,097.097] ERROR    [MainThread|MainProcess] API (logger.py:error:134) | NapCatAPIError: 消息体无法解析, 请检查是否发送了不支持的消息类型
[2025-11-27 20:19:49,099.099] ERROR    [MainThread|MainProcess] API (logger.py:error:134) | NapCatAPIError: 消息体无法解析, 请检查是否发送了不支持的消息类型
[2025-11-27 20:19:49,101.101] ERROR    [MainThread|MainProcess] API (logger.py:error:134) | NapCatAPIError: 消息体无法解析, 请检查是否发送了不支持的消息类型
[2025-11-27 20:19:49,105.105] ERROR    [MainThread|MainProcess] API (logger.py:error:134) | NapCatAPIError: 消息体无法解析, 请检查是否发送了不支持的消息类型
[2025-11-27 20:19:56,202.202] INFO     [MainThread|MainProcess] root (main.py:on_group_message:40) | GroupMessageEvent(sub_type=normal, message_id=790542595, message=[Text(text="就这么打然后那么打然后就鸟了（（（")], sender=GroupSender({"user_id":"2267926518", "nickname":"Mr.C", "card":"", "role":"admin"}), group_id=577713202)
[2025-11-27 20:19:56,207.207] ERROR    [MainThread|MainProcess] API (logger.py:error:134) | NapCatAPIError: 消息体无法解析, 请检查是否发送了不支持的消息类型
[2025-11-27 20:19:56,910.910] ERROR    [MainThread|MainProcess] API (logger.py:error:134) | NapCatAPIError: 消息体无法解析, 请检查是否发送了不支持的消息类型
[2025-11-27 20:19:56,914.914] ERROR    [MainThread|MainProcess] API (logger.py:error:134) | NapCatAPIError: 消息体无法解析, 请检查是否发送了不支持的消息类型
[2025-11-27 20:19:56,918.918] ERROR    [MainThread|MainProcess] API (logger.py:error:134) | NapCatAPIError: 消息体无法解析, 请检查是否发送了不支持的消息类型
[2025-11-27 20:19:56,921.921] ERROR    [MainThread|MainProcess] API (logger.py:error:134) | NapCatAPIError: 消息体无法解析, 请检查是否发送了不支持的消息类型
[2025-11-27 20:19:56,928.928] ERROR    [MainThread|MainProcess] API (logger.py:error:134) | NapCatAPIError: 消息体无法解析, 请检查是否发送了不支持的消息类型
[2025-11-27 20:19:56,932.932] ERROR    [MainThread|MainProcess] API (logger.py:error:134) | NapCatAPIError: 消息体无法解析, 请检查是否发送了不支持的消息类型
[2025-11-27 20:19:56,934.934] ERROR    [MainThread|MainProcess] API (logger.py:error:134) | NapCatAPIError: 消息体无法解析, 请检查是否发送了不支持的消息类型
[2025-11-27 20:19:56,936.936] ERROR    [MainThread|MainProcess] API (logger.py:error:134) | NapCatAPIError: 消息体无法解析, 请检查是否发送了不支持的消息类型
[2025-11-27 20:20:09,834.834] INFO     [MainThread|MainProcess] root (main.py:on_group_message:40) | GroupMessageEvent(sub_type=normal, message_id=53511215, message=[Image(file="64C82BE1426A473E46AD4D08B3F2D6F7.jpg", url="https://multimedia.nt.qq.com.cn/download?appid=1407&fileid=EhRoiEXY40pO1vwGsm_cY_nOudAM5hjb6gQg_woo3MjtxKiSkQMyBHByb2RQgL2jAVoQxPKNS8zUk9jxL2iQBaJhqXoC-7SCAQJuag&rkey=CAMSMJNoIbcR6Jy_z6rRemsG-8A5qg5CrZkS4s88pCDgD-D8aHegtQaRqFGJxKlxchKm-Q", file_size="79195", summary="[动画表情]", sub_type=1)], sender=GroupSender({"user_id":"2241084883", "nickname":"Rikka", "card":"", "role":"member"}), group_id=577713202)
[2025-11-27 20:20:09,848.848] ERROR    [MainThread|MainProcess] API (logger.py:error:134) | NapCatAPIError: 消息体无法解析, 请检查是否发送了不支持的消息类型
[2025-11-27 20:20:09,875.875] ERROR    [MainThread|MainProcess] API (logger.py:error:134) | NapCatAPIError: 消息体无法解析, 请检查是否发送了不支持的消息类型
[2025-11-27 20:20:09,907.907] ERROR    [MainThread|MainProcess] API (logger.py:error:134) | NapCatAPIError: 消息体无法解析, 请检查是否发送了不支持的消息类型
[2025-11-27 20:20:09,914.914] ERROR    [MainThread|MainProcess] API (logger.py:error:134) | NapCatAPIError: 消息体无法解析, 请检查是否发送了不支持的消息类型
[2025-11-27 20:20:09,919.919] ERROR    [MainThread|MainProcess] API (logger.py:error:134) | NapCatAPIError: 消息体无法解析, 请检查是否发送了不支持的消息类型
[2025-11-27 20:20:09,922.922] ERROR    [MainThread|MainProcess] API (logger.py:error:134) | NapCatAPIError: 消息体无法解析, 请检查是否发送了不支持的消息类型
[2025-11-27 20:20:09,925.925] ERROR    [MainThread|MainProcess] API (logger.py:error:134) | NapCatAPIError: 消息体无法解析, 请检查是否发送了不支持的消息类型
[2025-11-27 20:20:09,930.930] ERROR    [MainThread|MainProcess] API (logger.py:error:134) | NapCatAPIError: 消息体无法解析, 请检查是否发送了不支持的消息类型
[2025-11-27 20:20:09,933.933] ERROR    [MainThread|MainProcess] API (logger.py:error:134) | NapCatAPIError: 消息体无法解析, 请检查是否发送了不支持的消息类型
[2025-11-27 20:20:09,935.935] ERROR    [MainThread|MainProcess] API (logger.py:error:134) | NapCatAPIError: 消息体无法解析, 请检查是否发送了不支持的消息类型
[2025-11-27 20:20:10,273.273] INFO     [MainThread|MainProcess] root (main.py:on_group_message:40) | GroupMessageEvent(sub_type=normal, message_id=1315663997, message=[Image(file="A1CF17E09D806E28730141E4BABC8A78.jpg", url="https://multimedia.nt.qq.com.cn/download?appid=1407&fileid=EhQL1UuXwa6Rf3AAKv95mggW5cfn9BjxByD_Cij_7InFqJKRAzIEcHJvZFCAvaMBWhCSPH_wniJZvkWDA3gURQg6egI-LIIBAm5q&rkey=CAMSMJNoIbcR6Jy_z6rRemsG-8A5qg5CrZkS4s88pCDgD-D8aHegtQaRqFGJxKlxchKm-Q", file_size="1009", summary="[动画表情]", sub_type=1)], sender=GroupSender({"user_id":"3362240349", "nickname":"鸢尾落華", "card":"ⓘ 该群聊涉嫌玩中二已被解散", "role":"member"}), group_id=577713202)
[2025-11-27 20:20:10,276.276] ERROR    [MainThread|MainProcess] API (logger.py:error:134) | NapCatAPIError: 消息体无法解析, 请检查是否发送了不支持的消息类型
[2025-11-27 20:20:10,287.287] ERROR    [MainThread|MainProcess] API (logger.py:error:134) | NapCatAPIError: 消息体无法解析, 请检查是否发送了不支持的消息类型
[2025-11-27 20:20:10,289.289] ERROR    [MainThread|MainProcess] API (logger.py:error:134) | NapCatAPIError: 消息体无法解析, 请检查是否发送了不支持的消息类型
[2025-11-27 20:20:10,291.291] ERROR    [MainThread|MainProcess] API (logger.py:error:134) | NapCatAPIError: 消息体无法解析, 请检查是否发送了不支持的消息类型
[2025-11-27 20:20:10,295.295] ERROR    [MainThread|MainProcess] API (logger.py:error:134) | NapCatAPIError: 消息体无法解析, 请检查是否发送了不支持的消息类型
[2025-11-27 20:20:10,298.298] ERROR    [MainThread|MainProcess] API (logger.py:error:134) | NapCatAPIError: 消息体无法解析, 请检查是否发送了不支持的消息类型
[2025-11-27 20:20:10,300.300] ERROR    [MainThread|MainProcess] API (logger.py:error:134) | NapCatAPIError: 消息体无法解析, 请检查是否发送了不支持的消息类型
[2025-11-27 20:20:10,302.302] ERROR    [MainThread|MainProcess] API (logger.py:error:134) | NapCatAPIError: 消息体无法解析, 请检查是否发送了不支持的消息类型
[2025-11-27 20:20:10,304.304] ERROR    [MainThread|MainProcess] API (logger.py:error:134) | NapCatAPIError: 消息体无法解析, 请检查是否发送了不支持的消息类型
[2025-11-27 20:20:10,306.306] ERROR    [MainThread|MainProcess] API (logger.py:error:134) | NapCatAPIError: 消息体无法解析, 请检查是否发送了不支持的消息类型
[2025-11-27 20:20:12,772.772] INFO     [MainThread|MainProcess] root (main.py:on_group_message:40) | GroupMessageEvent(sub_type=normal, message_id=1390891274, message=[Text(text="你们都好厉害害")], sender=GroupSender({"user_id":"3560799034", "nickname":"飙车酱RacingChan", "card":"", "role":"member"}), group_id=577713202)
[2025-11-27 20:20:12,777.777] ERROR    [MainThread|MainProcess] API (logger.py:error:134) | NapCatAPIError: 消息体无法解析, 请检查是否发送了不支持的消息类型
[2025-11-27 20:20:12,792.792] ERROR    [MainThread|MainProcess] API (logger.py:error:134) | NapCatAPIError: 消息体无法解析, 请检查是否发送了不支持的消息类型
[2025-11-27 20:20:12,794.794] ERROR    [MainThread|MainProcess] API (logger.py:error:134) | NapCatAPIError: 消息体无法解析, 请检查是否发送了不支持的消息类型
[2025-11-27 20:20:12,796.796] ERROR    [MainThread|MainProcess] API (logger.py:error:134) | NapCatAPIError: 消息体无法解析, 请检查是否发送了不支持的消息类型
[2025-11-27 20:20:12,799.799] ERROR    [MainThread|MainProcess] API (logger.py:error:134) | NapCatAPIError: 消息体无法解析, 请检查是否发送了不支持的消息类型
[2025-11-27 20:20:12,803.803] ERROR    [MainThread|MainProcess] API (logger.py:error:134) | NapCatAPIError: 消息体无法解析, 请检查是否发送了不支持的消息类型
[2025-11-27 20:20:12,805.805] ERROR    [MainThread|MainProcess] API (logger.py:error:134) | NapCatAPIError: 消息体无法解析, 请检查是否发送了不支持的消息类型
[2025-11-27 20:20:12,808.808] ERROR    [MainThread|MainProcess] API (logger.py:error:134) | NapCatAPIError: 消息体无法解析, 请检查是否发送了不支持的消息类型
[2025-11-27 20:20:12,810.810] ERROR    [MainThread|MainProcess] API (logger.py:error:134) | NapCatAPIError: 消息体无法解析, 请检查是否发送了不支持的消息类型
[2025-11-27 20:20:12,813.813] ERROR    [MainThread|MainProcess] API (logger.py:error:134) | NapCatAPIError: 消息体无法解析, 请检查是否发送了不支持的消息类型
[2025-11-27 20:20:15,532.532] INFO     [MainThread|MainProcess] root (main.py:on_group_message:40) | GroupMessageEvent(sub_type=normal, message_id=2106378860, message=[Text(text="🥺")], sender=GroupSender({"user_id":"3830876470", "nickname":"晴", "card":"", "role":"member"}), group_id=1061413302)
[2025-11-27 20:20:15,558.558] ERROR    [MainThread|MainProcess] API (logger.py:error:134) | NapCatAPIError: 消息体无法解析, 请检查是否发送了不支持的消息类型
[2025-11-27 20:20:15,563.563] ERROR    [MainThread|MainProcess] API (logger.py:error:134) | NapCatAPIError: 消息体无法解析, 请检查是否发送了不支持的消息类型
[2025-11-27 20:20:15,566.566] ERROR    [MainThread|MainProcess] API (logger.py:error:134) | NapCatAPIError: 消息体无法解析, 请检查是否发送了不支持的消息类型
[2025-11-27 20:20:15,569.569] ERROR    [MainThread|MainProcess] API (logger.py:error:134) | NapCatAPIError: 消息体无法解析, 请检查是否发送了不支持的消息类型
[2025-11-27 20:20:15,576.576] ERROR    [MainThread|MainProcess] API (logger.py:error:134) | NapCatAPIError: 消息体无法解析, 请检查是否发送了不支持的消息类型
[2025-11-27 20:20:15,580.580] ERROR    [MainThread|MainProcess] API (logger.py:error:134) | NapCatAPIError: 消息体无法解析, 请检查是否发送了不支持的消息类型
[2025-11-27 20:20:15,582.582] ERROR    [MainThread|MainProcess] API (logger.py:error:134) | NapCatAPIError: 消息体无法解析, 请检查是否发送了不支持的消息类型
[2025-11-27 20:20:15,585.585] ERROR    [MainThread|MainProcess] API (logger.py:error:134) | NapCatAPIError: 消息体无法解析, 请检查是否发送了不支持的消息类型
[2025-11-27 20:20:15,592.592] ERROR    [MainThread|MainProcess] API (logger.py:error:134) | NapCatAPIError: 消息体无法解析, 请检查是否发送了不支持的消息类型
[2025-11-27 20:20:15,614.614] ERROR    [MainThread|MainProcess] API (logger.py:error:134) | NapCatAPIError: 消息体无法解析, 请检查是否发送了不支持的消息类型
[2025-11-27 20:20:18,528.528] INFO     [MainThread|MainProcess] root (main.py:on_group_message:40) | GroupMessageEvent(sub_type=normal, message_id=38744266, message=[Text(text="你们都好厉害害")], sender=GroupSender({"user_id":"3362240349", "nickname":"鸢尾落華", "card":"ⓘ 该群聊涉嫌玩中二已被解散", "role":"member"}), group_id=577713202)
[2025-11-27 20:20:18,533.533] ERROR    [MainThread|MainProcess] API (logger.py:error:134) | NapCatAPIError: 消息体无法解析, 请检查是否发送了不支持的消息类型
[2025-11-27 20:20:18,581.581] ERROR    [MainThread|MainProcess] API (logger.py:error:134) | NapCatAPIError: 消息体无法解析, 请检查是否发送了不支持的消息类型
[2025-11-27 20:20:18,587.587] ERROR    [MainThread|MainProcess] API (logger.py:error:134) | NapCatAPIError: 消息体无法解析, 请检查是否发送了不支持的消息类型
[2025-11-27 20:20:18,670.670] ERROR    [MainThread|MainProcess] API (logger.py:error:134) | NapCatAPIError: 消息体无法解析, 请检查是否发送了不支持的消息类型
[2025-11-27 20:20:18,688.688] ERROR    [MainThread|MainProcess] API (logger.py:error:134) | NapCatAPIError: 消息体无法解析, 请检查是否发送了不支持的消息类型
[2025-11-27 20:20:18,713.713] ERROR    [MainThread|MainProcess] API (logger.py:error:134) | NapCatAPIError: 消息体无法解析, 请检查是否发送了不支持的消息类型
[2025-11-27 20:20:18,715.715] ERROR    [MainThread|MainProcess] API (logger.py:error:134) | NapCatAPIError: 消息体无法解析, 请检查是否发送了不支持的消息类型
[2025-11-27 20:20:18,718.718] ERROR    [MainThread|MainProcess] API (logger.py:error:134) | NapCatAPIError: 消息体无法解析, 请检查是否发送了不支持的消息类型
[2025-11-27 20:20:18,721.721] ERROR    [MainThread|MainProcess] API (logger.py:error:134) | NapCatAPIError: 消息体无法解析, 请检查是否发送了不支持的消息类型
[2025-11-27 20:20:18,725.725] ERROR    [MainThread|MainProcess] API (logger.py:error:134) | NapCatAPIError: 消息体无法解析, 请检查是否发送了不支持的消息类型
[2025-11-27 20:20:19,021.021] INFO     [MainThread|MainProcess] root (main.py:on_group_message:40) | GroupMessageEvent(sub_type=normal, message_id=1030379102, message=[Text(text="教我月光")], sender=GroupSender({"user_id":"3088837161", "nickname":"🌸🌸", "card":"AAA2085批发师傅", "role":"admin"}), group_id=577713202)
[2025-11-27 20:20:19,027.027] ERROR    [MainThread|MainProcess] API (logger.py:error:134) | NapCatAPIError: 消息体无法解析, 请检查是否发送了不支持的消息类型
[2025-11-27 20:20:19,038.038] ERROR    [MainThread|MainProcess] API (logger.py:error:134) | NapCatAPIError: 消息体无法解析, 请检查是否发送了不支持的消息类型
[2025-11-27 20:20:19,044.044] ERROR    [MainThread|MainProcess] API (logger.py:error:134) | NapCatAPIError: 消息体无法解析, 请检查是否发送了不支持的消息类型
[2025-11-27 20:20:19,048.048] ERROR    [MainThread|MainProcess] API (logger.py:error:134) | NapCatAPIError: 消息体无法解析, 请检查是否发送了不支持的消息类型
[2025-11-27 20:20:19,052.052] ERROR    [MainThread|MainProcess] API (logger.py:error:134) | NapCatAPIError: 消息体无法解析, 请检查是否发送了不支持的消息类型
[2025-11-27 20:20:19,055.055] ERROR    [MainThread|MainProcess] API (logger.py:error:134) | NapCatAPIError: 消息体无法解析, 请检查是否发送了不支持的消息类型
[2025-11-27 20:20:19,058.058] ERROR    [MainThread|MainProcess] API (logger.py:error:134) | NapCatAPIError: 消息体无法解析, 请检查是否发送了不支持的消息类型
[2025-11-27 20:20:19,063.063] ERROR    [MainThread|MainProcess] API (logger.py:error:134) | NapCatAPIError: 消息体无法解析, 请检查是否发送了不支持的消息类型
[2025-11-27 20:20:19,068.068] ERROR    [MainThread|MainProcess] API (logger.py:error:134) | NapCatAPIError: 消息体无法解析, 请检查是否发送了不支持的消息类型
[2025-11-27 20:20:19,071.071] ERROR    [MainThread|MainProcess] API (logger.py:error:134) | NapCatAPIError: 消息体无法解析, 请检查是否发送了不支持的消息类型
[2025-11-27 20:20:24,219.219] INFO     [MainThread|MainProcess] root (main.py:on_group_message:40) | GroupMessageEvent(sub_type=normal, message_id=1475612918, message=[Text(text="给你们点赞赞")], sender=GroupSender({"user_id":"3560799034", "nickname":"飙车酱RacingChan", "card":"", "role":"member"}), group_id=577713202)
[2025-11-27 20:20:24,241.241] ERROR    [MainThread|MainProcess] API (logger.py:error:134) | NapCatAPIError: 消息体无法解析, 请检查是否发送了不支持的消息类型
[2025-11-27 20:20:24,265.265] ERROR    [MainThread|MainProcess] API (logger.py:error:134) | NapCatAPIError: 消息体无法解析, 请检查是否发送了不支持的消息类型
[2025-11-27 20:20:24,272.272] ERROR    [MainThread|MainProcess] API (logger.py:error:134) | NapCatAPIError: 消息体无法解析, 请检查是否发送了不支持的消息类型
[2025-11-27 20:20:24,299.299] ERROR    [MainThread|MainProcess] API (logger.py:error:134) | NapCatAPIError: 消息体无法解析, 请检查是否发送了不支持的消息类型
[2025-11-27 20:20:24,316.316] ERROR    [MainThread|MainProcess] API (logger.py:error:134) | NapCatAPIError: 消息体无法解析, 请检查是否发送了不支持的消息类型
[2025-11-27 20:20:24,321.321] ERROR    [MainThread|MainProcess] API (logger.py:error:134) | NapCatAPIError: 消息体无法解析, 请检查是否发送了不支持的消息类型
[2025-11-27 20:20:24,326.326] ERROR    [MainThread|MainProcess] API (logger.py:error:134) | NapCatAPIError: 消息体无法解析, 请检查是否发送了不支持的消息类型
[2025-11-27 20:20:24,328.328] ERROR    [MainThread|MainProcess] API (logger.py:error:134) | NapCatAPIError: 消息体无法解析, 请检查是否发送了不支持的消息类型
[2025-11-27 20:20:24,330.330] ERROR    [MainThread|MainProcess] API (logger.py:error:134) | NapCatAPIError: 消息体无法解析, 请检查是否发送了不支持的消息类型
[2025-11-27 20:20:24,337.337] ERROR    [MainThread|MainProcess] API (logger.py:error:134) | NapCatAPIError: 消息体无法解析, 请检查是否发送了不支持的消息类型
[2025-11-27 20:20:27,185.185] INFO     [MainThread|MainProcess] root (main.py:on_group_message:40) | GroupMessageEvent(sub_type=normal, message_id=1765162632, message=[Text(text="月光我一辈子")], sender=GroupSender({"user_id":"3088837161", "nickname":"🌸🌸", "card":"AAA2085批发师傅", "role":"admin"}), group_id=577713202)
[2025-11-27 20:20:27,209.209] ERROR    [MainThread|MainProcess] API (logger.py:error:134) | NapCatAPIError: 消息体无法解析, 请检查是否发送了不支持的消息类型
[2025-11-27 20:20:27,221.221] ERROR    [MainThread|MainProcess] API (logger.py:error:134) | NapCatAPIError: 消息体无法解析, 请检查是否发送了不支持的消息类型
[2025-11-27 20:20:27,227.227] ERROR    [MainThread|MainProcess] API (logger.py:error:134) | NapCatAPIError: 消息体无法解析, 请检查是否发送了不支持的消息类型
[2025-11-27 20:20:27,233.233] ERROR    [MainThread|MainProcess] API (logger.py:error:134) | NapCatAPIError: 消息体无法解析, 请检查是否发送了不支持的消息类型
[2025-11-27 20:20:27,237.237] ERROR    [MainThread|MainProcess] API (logger.py:error:134) | NapCatAPIError: 消息体无法解析, 请检查是否发送了不支持的消息类型
[2025-11-27 20:20:27,241.241] ERROR    [MainThread|MainProcess] API (logger.py:error:134) | NapCatAPIError: 消息体无法解析, 请检查是否发送了不支持的消息类型
[2025-11-27 20:20:27,259.259] ERROR    [MainThread|MainProcess] API (logger.py:error:134) | NapCatAPIError: 消息体无法解析, 请检查是否发送了不支持的消息类型
[2025-11-27 20:20:27,269.269] ERROR    [MainThread|MainProcess] API (logger.py:error:134) | NapCatAPIError: 消息体无法解析, 请检查是否发送了不支持的消息类型
[2025-11-27 20:20:27,273.273] ERROR    [MainThread|MainProcess] API (logger.py:error:134) | NapCatAPIError: 消息体无法解析, 请检查是否发送了不支持的消息类型
[2025-11-27 20:20:27,276.276] ERROR    [MainThread|MainProcess] API (logger.py:error:134) | NapCatAPIError: 消息体无法解析, 请检查是否发送了不支持的消息类型
[2025-11-27 20:20:37,831.831] INFO     [MainThread|MainProcess] root (main.py:on_group_message:40) | GroupMessageEvent(sub_type=normal, message_id=1555515262, message=[Text(text="都是我一辈子")], sender=GroupSender({"user_id":"3362240349", "nickname":"鸢尾落華", "card":"ⓘ 该群聊涉嫌玩中二已被解散", "role":"member"}), group_id=577713202)
[2025-11-27 20:20:37,834.834] ERROR    [MainThread|MainProcess] API (logger.py:error:134) | NapCatAPIError: 消息体无法解析, 请检查是否发送了不支持的消息类型
[2025-11-27 20:20:37,839.839] ERROR    [MainThread|MainProcess] API (logger.py:error:134) | NapCatAPIError: 消息体无法解析, 请检查是否发送了不支持的消息类型
[2025-11-27 20:20:37,854.854] ERROR    [MainThread|MainProcess] API (logger.py:error:134) | NapCatAPIError: 消息体无法解析, 请检查是否发送了不支持的消息类型
[2025-11-27 20:20:37,856.856] ERROR    [MainThread|MainProcess] API (logger.py:error:134) | NapCatAPIError: 消息体无法解析, 请检查是否发送了不支持的消息类型
[2025-11-27 20:20:37,859.859] ERROR    [MainThread|MainProcess] API (logger.py:error:134) | NapCatAPIError: 消息体无法解析, 请检查是否发送了不支持的消息类型
[2025-11-27 20:20:37,861.861] ERROR    [MainThread|MainProcess] API (logger.py:error:134) | NapCatAPIError: 消息体无法解析, 请检查是否发送了不支持的消息类型
[2025-11-27 20:20:37,863.863] ERROR    [MainThread|MainProcess] API (logger.py:error:134) | NapCatAPIError: 消息体无法解析, 请检查是否发送了不支持的消息类型
[2025-11-27 20:20:37,866.866] ERROR    [MainThread|MainProcess] API (logger.py:error:134) | NapCatAPIError: 消息体无法解析, 请检查是否发送了不支持的消息类型
[2025-11-27 20:20:37,868.868] ERROR    [MainThread|MainProcess] API (logger.py:error:134) | NapCatAPIError: 消息体无法解析, 请检查是否发送了不支持的消息类型
[2025-11-27 20:20:37,882.882] ERROR    [MainThread|MainProcess] API (logger.py:error:134) | NapCatAPIError: 消息体无法解析, 请检查是否发送了不支持的消息类型
[2025-11-27 20:20:46,138.138] INFO     [MainThread|MainProcess] root (main.py:on_group_message:40) | GroupMessageEvent(sub_type=normal, message_id=1156571170, message=[Image(file="C490AFB21179F9EC534A9D606C38DCC3.jpg", url="https://multimedia.nt.qq.com.cn/download?appid=1407&fileid=EhSiGQH9oz3l0u9hoEBl4BGkohh7iRisFyD_Cij7m5LWqJKRAzIEcHJvZFCAvaMBWhDCv656zJsc7KY58IoRBmAtegLH2oIBAm5q&rkey=CAMSMJNoIbcR6Jy_z6rRemsG-8A5qg5CrZkS4s88pCDgD-D8aHegtQaRqFGJxKlxchKm-Q", file_size="2988", summary="[动画表情]", sub_type=1)], sender=GroupSender({"user_id":"3362240349", "nickname":"鸢尾落華", "card":"ⓘ 该群聊涉嫌玩中二已被解散", "role":"member"}), group_id=577713202)
[2025-11-27 20:20:46,186.186] ERROR    [MainThread|MainProcess] API (logger.py:error:134) | NapCatAPIError: 消息体无法解析, 请检查是否发送了不支持的消息类型
[2025-11-27 20:20:46,211.211] ERROR    [MainThread|MainProcess] API (logger.py:error:134) | NapCatAPIError: 消息体无法解析, 请检查是否发送了不支持的消息类型
[2025-11-27 20:20:46,222.222] ERROR    [MainThread|MainProcess] API (logger.py:error:134) | NapCatAPIError: 消息体无法解析, 请检查是否发送了不支持的消息类型
[2025-11-27 20:20:46,290.290] ERROR    [MainThread|MainProcess] API (logger.py:error:134) | NapCatAPIError: 消息体无法解析, 请检查是否发送了不支持的消息类型
[2025-11-27 20:20:46,346.346] ERROR    [MainThread|MainProcess] API (logger.py:error:134) | NapCatAPIError: 消息体无法解析, 请检查是否发送了不支持的消息类型
[2025-11-27 20:20:46,389.389] ERROR    [MainThread|MainProcess] API (logger.py:error:134) | NapCatAPIError: 消息体无法解析, 请检查是否发送了不支持的消息类型
[2025-11-27 20:20:46,399.399] ERROR    [MainThread|MainProcess] API (logger.py:error:134) | NapCatAPIError: 消息体无法解析, 请检查是否发送了不支持的消息类型
[2025-11-27 20:20:46,402.402] ERROR    [MainThread|MainProcess] API (logger.py:error:134) | NapCatAPIError: 消息体无法解析, 请检查是否发送了不支持的消息类型
[2025-11-27 20:20:46,408.408] ERROR    [MainThread|MainProcess] API (logger.py:error:134) | NapCatAPIError: 消息体无法解析, 请检查是否发送了不支持的消息类型
[2025-11-27 20:20:46,412.412] ERROR    [MainThread|MainProcess] API (logger.py:error:134) | NapCatAPIError: 消息体无法解析, 请检查是否发送了不支持的消息类型
[2025-11-27 20:23:18,499.499] INFO     [MainThread|MainProcess] root (main.py:on_group_message:40) | GroupMessageEvent(sub_type=normal, message_id=313704496, message=[Reply(id="797409440"), At(qq="2955370273"), Text(text=" 两次")], sender=GroupSender({"user_id":"2161252115", "nickname":"星鸿", "card":"", "role":"admin"}), group_id=621893711)
[2025-11-27 20:23:18,505.505] ERROR    [MainThread|MainProcess] API (logger.py:error:134) | NapCatAPIError: 消息体无法解析, 请检查是否发送了不支持的消息类型
[2025-11-27 20:23:18,569.569] ERROR    [MainThread|MainProcess] API (logger.py:error:134) | NapCatAPIError: 消息体无法解析, 请检查是否发送了不支持的消息类型
[2025-11-27 20:23:18,654.654] ERROR    [MainThread|MainProcess] API (logger.py:error:134) | NapCatAPIError: 消息体无法解析, 请检查是否发送了不支持的消息类型
[2025-11-27 20:23:18,689.689] ERROR    [MainThread|MainProcess] API (logger.py:error:134) | NapCatAPIError: 消息体无法解析, 请检查是否发送了不支持的消息类型
[2025-11-27 20:23:18,691.691] ERROR    [MainThread|MainProcess] API (logger.py:error:134) | NapCatAPIError: 消息体无法解析, 请检查是否发送了不支持的消息类型
[2025-11-27 20:23:18,704.704] ERROR    [MainThread|MainProcess] API (logger.py:error:134) | NapCatAPIError: 消息体无法解析, 请检查是否发送了不支持的消息类型
[2025-11-27 20:23:18,705.705] ERROR    [MainThread|MainProcess] API (logger.py:error:134) | NapCatAPIError: 消息体无法解析, 请检查是否发送了不支持的消息类型
[2025-11-27 20:23:18,707.707] ERROR    [MainThread|MainProcess] API (logger.py:error:134) | NapCatAPIError: 消息体无法解析, 请检查是否发送了不支持的消息类型
[2025-11-27 20:23:18,709.709] ERROR    [MainThread|MainProcess] API (logger.py:error:134) | NapCatAPIError: 消息体无法解析, 请检查是否发送了不支持的消息类型
[2025-11-27 20:23:18,711.711] ERROR    [MainThread|MainProcess] API (logger.py:error:134) | NapCatAPIError: 消息体无法解析, 请检查是否发送了不支持的消息类型
[2025-11-27 20:29:17,700.700] INFO     [MainThread|MainProcess] root (main.py:on_group_message:40) | GroupMessageEvent(sub_type=normal, message_id=889785142, message=[Text(text="月光我一辈子")], sender=GroupSender({"user_id":"3863313466", "nickname":"RB", "card":"似乎有着能够变得幸福的隐藏指令", "role":"owner"}), group_id=577713202)
[2025-11-27 20:29:17,734.734] ERROR    [MainThread|MainProcess] API (logger.py:error:134) | NapCatAPIError: 消息体无法解析, 请检查是否发送了不支持的消息类型
[2025-11-27 20:29:17,752.752] ERROR    [MainThread|MainProcess] API (logger.py:error:134) | NapCatAPIError: 消息体无法解析, 请检查是否发送了不支持的消息类型
[2025-11-27 20:29:17,838.838] ERROR    [MainThread|MainProcess] API (logger.py:error:134) | NapCatAPIError: 消息体无法解析, 请检查是否发送了不支持的消息类型
[2025-11-27 20:29:17,865.865] ERROR    [MainThread|MainProcess] API (logger.py:error:134) | NapCatAPIError: 消息体无法解析, 请检查是否发送了不支持的消息类型
[2025-11-27 20:29:17,868.868] ERROR    [MainThread|MainProcess] API (logger.py:error:134) | NapCatAPIError: 消息体无法解析, 请检查是否发送了不支持的消息类型
[2025-11-27 20:29:17,871.871] ERROR    [MainThread|MainProcess] API (logger.py:error:134) | NapCatAPIError: 消息体无法解析, 请检查是否发送了不支持的消息类型
[2025-11-27 20:29:17,917.917] ERROR    [MainThread|MainProcess] API (logger.py:error:134) | NapCatAPIError: 消息体无法解析, 请检查是否发送了不支持的消息类型
[2025-11-27 20:29:17,927.927] ERROR    [MainThread|MainProcess] API (logger.py:error:134) | NapCatAPIError: 消息体无法解析, 请检查是否发送了不支持的消息类型
[2025-11-27 20:29:17,932.932] ERROR    [MainThread|MainProcess] API (logger.py:error:134) | NapCatAPIError: 消息体无法解析, 请检查是否发送了不支持的消息类型
[2025-11-27 20:29:17,935.935] ERROR    [MainThread|MainProcess] API (logger.py:error:134) | NapCatAPIError: 消息体无法解析, 请检查是否发送了不支持的消息类型
[2025-11-27 20:35:07,441.441] INFO     [MainThread|MainProcess] root (main.py:on_group_message:40) | GroupMessageEvent(sub_type=normal, message_id=1728838855, message=[Image(file="71BAE03652E6AB62FDBA3D0F38803C15.jpg", url="https://multimedia.nt.qq.com.cn/download?appid=1407&fileid=EhQmMU06j6LAmezemwoU9ZtyvEb_VRiZtBEg_wooj9bQ8KuSkQMyBHByb2RQgL2jAVoQi8sA7Lu0kGkrm4SzTyxb23oCQf6CAQJneg&rkey=CAMSMJNoIbcR6Jy_z6rRemsG-8A5qg5CrZkS4s88pCDgD-D8aHegtQaRqFGJxKlxchKm-Q", file_size="285209", summary="", sub_type=0)], sender=GroupSender({"user_id":"3088837161", "nickname":"🌸🌸", "card":"AAA2085批发师傅", "role":"admin"}), group_id=577713202)
[2025-11-27 20:35:07,451.451] ERROR    [MainThread|MainProcess] API (logger.py:error:134) | NapCatAPIError: 消息体无法解析, 请检查是否发送了不支持的消息类型
[2025-11-27 20:35:07,497.497] ERROR    [MainThread|MainProcess] API (logger.py:error:134) | NapCatAPIError: 消息体无法解析, 请检查是否发送了不支持的消息类型
[2025-11-27 20:35:07,580.580] ERROR    [MainThread|MainProcess] API (logger.py:error:134) | NapCatAPIError: 消息体无法解析, 请检查是否发送了不支持的消息类型
[2025-11-27 20:35:07,630.630] ERROR    [MainThread|MainProcess] API (logger.py:error:134) | NapCatAPIError: 消息体无法解析, 请检查是否发送了不支持的消息类型
[2025-11-27 20:35:07,640.640] ERROR    [MainThread|MainProcess] API (logger.py:error:134) | NapCatAPIError: 消息体无法解析, 请检查是否发送了不支持的消息类型
[2025-11-27 20:35:07,649.649] ERROR    [MainThread|MainProcess] API (logger.py:error:134) | NapCatAPIError: 消息体无法解析, 请检查是否发送了不支持的消息类型
[2025-11-27 20:35:07,652.652] ERROR    [MainThread|MainProcess] API (logger.py:error:134) | NapCatAPIError: 消息体无法解析, 请检查是否发送了不支持的消息类型
[2025-11-27 20:35:07,657.657] ERROR    [MainThread|MainProcess] API (logger.py:error:134) | NapCatAPIError: 消息体无法解析, 请检查是否发送了不支持的消息类型
[2025-11-27 20:35:07,661.661] ERROR    [MainThread|MainProcess] API (logger.py:error:134) | NapCatAPIError: 消息体无法解析, 请检查是否发送了不支持的消息类型
[2025-11-27 20:35:07,666.666] ERROR    [MainThread|MainProcess] API (logger.py:error:134) | NapCatAPIError: 消息体无法解析, 请检查是否发送了不支持的消息类型
[2025-11-27 20:35:30,547.547] INFO     [MainThread|MainProcess] root (main.py:on_group_message:40) | GroupMessageEvent(sub_type=normal, message_id=609506892, message=[Reply(id="1728838855"), At(qq="3088837161"), Text(text=" ")], sender=GroupSender({"user_id":"3560799034", "nickname":"飙车酱RacingChan", "card":"", "role":"member"}), group_id=577713202)
[2025-11-27 20:35:30,551.551] ERROR    [MainThread|MainProcess] API (logger.py:error:134) | NapCatAPIError: 消息体无法解析, 请检查是否发送了不支持的消息类型
[2025-11-27 20:35:30,557.557] ERROR    [MainThread|MainProcess] API (logger.py:error:134) | NapCatAPIError: 消息体无法解析, 请检查是否发送了不支持的消息类型
[2025-11-27 20:35:30,572.572] ERROR    [MainThread|MainProcess] API (logger.py:error:134) | NapCatAPIError: 消息体无法解析, 请检查是否发送了不支持的消息类型
[2025-11-27 20:35:30,576.576] ERROR    [MainThread|MainProcess] API (logger.py:error:134) | NapCatAPIError: 消息体无法解析, 请检查是否发送了不支持的消息类型
[2025-11-27 20:35:30,580.580] ERROR    [MainThread|MainProcess] API (logger.py:error:134) | NapCatAPIError: 消息体无法解析, 请检查是否发送了不支持的消息类型
[2025-11-27 20:35:30,583.583] ERROR    [MainThread|MainProcess] API (logger.py:error:134) | NapCatAPIError: 消息体无法解析, 请检查是否发送了不支持的消息类型
[2025-11-27 20:35:30,586.586] ERROR    [MainThread|MainProcess] API (logger.py:error:134) | NapCatAPIError: 消息体无法解析, 请检查是否发送了不支持的消息类型
[2025-11-27 20:35:30,589.589] ERROR    [MainThread|MainProcess] API (logger.py:error:134) | NapCatAPIError: 消息体无法解析, 请检查是否发送了不支持的消息类型
[2025-11-27 20:35:30,592.592] ERROR    [MainThread|MainProcess] API (logger.py:error:134) | NapCatAPIError: 消息体无法解析, 请检查是否发送了不支持的消息类型
[2025-11-27 20:35:30,601.601] ERROR    [MainThread|MainProcess] API (logger.py:error:134) | NapCatAPIError: 消息体无法解析, 请检查是否发送了不支持的消息类型
[2025-11-27 20:37:46,543.543] INFO     [MainThread|MainProcess] root (main.py:on_group_message:40) | GroupMessageEvent(sub_type=normal, message_id=1973002434, message=[Reply(id="313704496"), At(qq="2161252115"), Text(text=" 提醒你一下，你选的前几个名字可能会吃到dmca（")], sender=GroupSender({"user_id":"3625408983", "nickname":"chun-awa", "card":"", "role":"admin"}), group_id=621893711)
[2025-11-27 20:37:46,549.549] ERROR    [MainThread|MainProcess] API (logger.py:error:134) | NapCatAPIError: 消息体无法解析, 请检查是否发送了不支持的消息类型
[2025-11-27 20:37:47,442.442] ERROR    [MainThread|MainProcess] API (logger.py:error:134) | NapCatAPIError: 消息体无法解析, 请检查是否发送了不支持的消息类型
[2025-11-27 20:37:47,446.446] ERROR    [MainThread|MainProcess] API (logger.py:error:134) | NapCatAPIError: 消息体无法解析, 请检查是否发送了不支持的消息类型
[2025-11-27 20:37:47,450.450] ERROR    [MainThread|MainProcess] API (logger.py:error:134) | NapCatAPIError: 消息体无法解析, 请检查是否发送了不支持的消息类型
[2025-11-27 20:37:47,453.453] ERROR    [MainThread|MainProcess] API (logger.py:error:134) | NapCatAPIError: 消息体无法解析, 请检查是否发送了不支持的消息类型
[2025-11-27 20:37:47,467.467] ERROR    [MainThread|MainProcess] API (logger.py:error:134) | NapCatAPIError: 消息体无法解析, 请检查是否发送了不支持的消息类型
[2025-11-27 20:37:47,469.469] ERROR    [MainThread|MainProcess] API (logger.py:error:134) | NapCatAPIError: 消息体无法解析, 请检查是否发送了不支持的消息类型
[2025-11-27 20:37:47,471.471] ERROR    [MainThread|MainProcess] API (logger.py:error:134) | NapCatAPIError: 消息体无法解析, 请检查是否发送了不支持的消息类型
[2025-11-27 20:37:47,476.476] ERROR    [MainThread|MainProcess] API (logger.py:error:134) | NapCatAPIError: 消息体无法解析, 请检查是否发送了不支持的消息类型
[2025-11-27 20:38:32,933.933] INFO     [MainThread|MainProcess] root (main.py:on_group_message:40) | GroupMessageEvent(sub_type=normal, message_id=1973731167, message=[Reply(id="1973002434"), At(qq="3625408983"), Text(text=" 我群里看到了")], sender=GroupSender({"user_id":"2161252115", "nickname":"星鸿", "card":"", "role":"admin"}), group_id=621893711)
[2025-11-27 20:38:32,945.945] ERROR    [MainThread|MainProcess] API (logger.py:error:134) | NapCatAPIError: 消息体无法解析, 请检查是否发送了不支持的消息类型
[2025-11-27 20:38:32,971.971] ERROR    [MainThread|MainProcess] API (logger.py:error:134) | NapCatAPIError: 消息体无法解析, 请检查是否发送了不支持的消息类型
[2025-11-27 20:38:32,980.980] ERROR    [MainThread|MainProcess] API (logger.py:error:134) | NapCatAPIError: 消息体无法解析, 请检查是否发送了不支持的消息类型
[2025-11-27 20:38:32,985.985] ERROR    [MainThread|MainProcess] API (logger.py:error:134) | NapCatAPIError: 消息体无法解析, 请检查是否发送了不支持的消息类型
[2025-11-27 20:38:32,989.989] ERROR    [MainThread|MainProcess] API (logger.py:error:134) | NapCatAPIError: 消息体无法解析, 请检查是否发送了不支持的消息类型
[2025-11-27 20:38:33,032.032] ERROR    [MainThread|MainProcess] API (logger.py:error:134) | NapCatAPIError: 消息体无法解析, 请检查是否发送了不支持的消息类型
[2025-11-27 20:38:33,044.044] ERROR    [MainThread|MainProcess] API (logger.py:error:134) | NapCatAPIError: 消息体无法解析, 请检查是否发送了不支持的消息类型
[2025-11-27 20:38:33,047.047] ERROR    [MainThread|MainProcess] API (logger.py:error:134) | NapCatAPIError: 消息体无法解析, 请检查是否发送了不支持的消息类型
[2025-11-27 20:38:33,051.051] ERROR    [MainThread|MainProcess] API (logger.py:error:134) | NapCatAPIError: 消息体无法解析, 请检查是否发送了不支持的消息类型
[2025-11-27 20:38:33,054.054] ERROR    [MainThread|MainProcess] API (logger.py:error:134) | NapCatAPIError: 消息体无法解析, 请检查是否发送了不支持的消息类型
[2025-11-27 20:38:35,320.320] INFO     [MainThread|MainProcess] root (main.py:on_group_message:40) | GroupMessageEvent(sub_type=normal, message_id=319793083, message=[Text(text="只是提醒，不代表我个人观点，也不代表官方实际立场（")], sender=GroupSender({"user_id":"3625408983", "nickname":"chun-awa", "card":"", "role":"admin"}), group_id=621893711)
[2025-11-27 20:38:35,327.327] ERROR    [MainThread|MainProcess] API (logger.py:error:134) | NapCatAPIError: 消息体无法解析, 请检查是否发送了不支持的消息类型
[2025-11-27 20:38:36,018.018] ERROR    [MainThread|MainProcess] API (logger.py:error:134) | NapCatAPIError: 消息体无法解析, 请检查是否发送了不支持的消息类型
[2025-11-27 20:38:36,021.021] ERROR    [MainThread|MainProcess] API (logger.py:error:134) | NapCatAPIError: 消息体无法解析, 请检查是否发送了不支持的消息类型
[2025-11-27 20:38:36,041.041] ERROR    [MainThread|MainProcess] API (logger.py:error:134) | NapCatAPIError: 消息体无法解析, 请检查是否发送了不支持的消息类型
[2025-11-27 20:38:36,057.057] ERROR    [MainThread|MainProcess] API (logger.py:error:134) | NapCatAPIError: 消息体无法解析, 请检查是否发送了不支持的消息类型
[2025-11-27 20:38:36,066.066] ERROR    [MainThread|MainProcess] API (logger.py:error:134) | NapCatAPIError: 消息体无法解析, 请检查是否发送了不支持的消息类型
[2025-11-27 20:38:36,073.073] ERROR    [MainThread|MainProcess] API (logger.py:error:134) | NapCatAPIError: 消息体无法解析, 请检查是否发送了不支持的消息类型
[2025-11-27 20:38:36,097.097] ERROR    [MainThread|MainProcess] API (logger.py:error:134) | NapCatAPIError: 消息体无法解析, 请检查是否发送了不支持的消息类型
[2025-11-27 20:38:36,116.116] ERROR    [MainThread|MainProcess] API (logger.py:error:134) | NapCatAPIError: 消息体无法解析, 请检查是否发送了不支持的消息类型
[2025-11-27 20:38:51,525.525] INFO     [MainThread|MainProcess] root (main.py:on_group_message:40) | GroupMessageEvent(sub_type=normal, message_id=1930825986, message=[Text(text="内部已经讨论过这个事了")], sender=GroupSender({"user_id":"3625408983", "nickname":"chun-awa", "card":"", "role":"admin"}), group_id=621893711)
[2025-11-27 20:38:51,530.530] ERROR    [MainThread|MainProcess] API (logger.py:error:134) | NapCatAPIError: 消息体无法解析, 请检查是否发送了不支持的消息类型
[2025-11-27 20:38:51,546.546] ERROR    [MainThread|MainProcess] API (logger.py:error:134) | NapCatAPIError: 消息体无法解析, 请检查是否发送了不支持的消息类型
[2025-11-27 20:38:51,573.573] ERROR    [MainThread|MainProcess] API (logger.py:error:134) | NapCatAPIError: 消息体无法解析, 请检查是否发送了不支持的消息类型
[2025-11-27 20:38:51,620.620] ERROR    [MainThread|MainProcess] API (logger.py:error:134) | NapCatAPIError: 消息体无法解析, 请检查是否发送了不支持的消息类型
[2025-11-27 20:38:51,649.649] ERROR    [MainThread|MainProcess] API (logger.py:error:134) | NapCatAPIError: 消息体无法解析, 请检查是否发送了不支持的消息类型
[2025-11-27 20:38:51,655.655] ERROR    [MainThread|MainProcess] API (logger.py:error:134) | NapCatAPIError: 消息体无法解析, 请检查是否发送了不支持的消息类型
[2025-11-27 20:38:51,657.657] ERROR    [MainThread|MainProcess] API (logger.py:error:134) | NapCatAPIError: 消息体无法解析, 请检查是否发送了不支持的消息类型
[2025-11-27 20:38:51,664.664] ERROR    [MainThread|MainProcess] API (logger.py:error:134) | NapCatAPIError: 消息体无法解析, 请检查是否发送了不支持的消息类型
[2025-11-27 20:38:51,670.670] ERROR    [MainThread|MainProcess] API (logger.py:error:134) | NapCatAPIError: 消息体无法解析, 请检查是否发送了不支持的消息类型
[2025-11-27 20:38:51,672.672] ERROR    [MainThread|MainProcess] API (logger.py:error:134) | NapCatAPIError: 消息体无法解析, 请检查是否发送了不支持的消息类型
[2025-11-27 20:41:17,580.580] INFO     [MainThread|MainProcess] root (main.py:on_group_message:40) | GroupMessageEvent(sub_type=normal, message_id=893549280, message=[Text(text="raingros😡")], sender=GroupSender({"user_id":"1095216448", "nickname":"冰如猫", "card":"AAA.专业JavaScript史山批发小李", "role":"member"}), group_id=621893711)
[2025-11-27 20:41:17,603.603] ERROR    [MainThread|MainProcess] API (logger.py:error:134) | NapCatAPIError: 消息体无法解析, 请检查是否发送了不支持的消息类型
[2025-11-27 20:41:17,622.622] ERROR    [MainThread|MainProcess] API (logger.py:error:134) | NapCatAPIError: 消息体无法解析, 请检查是否发送了不支持的消息类型
[2025-11-27 20:41:17,634.634] ERROR    [MainThread|MainProcess] API (logger.py:error:134) | NapCatAPIError: 消息体无法解析, 请检查是否发送了不支持的消息类型
[2025-11-27 20:41:17,766.766] ERROR    [MainThread|MainProcess] API (logger.py:error:134) | NapCatAPIError: 消息体无法解析, 请检查是否发送了不支持的消息类型
[2025-11-27 20:41:17,848.848] ERROR    [MainThread|MainProcess] API (logger.py:error:134) | NapCatAPIError: 消息体无法解析, 请检查是否发送了不支持的消息类型
[2025-11-27 20:41:17,853.853] ERROR    [MainThread|MainProcess] API (logger.py:error:134) | NapCatAPIError: 消息体无法解析, 请检查是否发送了不支持的消息类型
[2025-11-27 20:41:17,857.857] ERROR    [MainThread|MainProcess] API (logger.py:error:134) | NapCatAPIError: 消息体无法解析, 请检查是否发送了不支持的消息类型
[2025-11-27 20:41:17,865.865] ERROR    [MainThread|MainProcess] API (logger.py:error:134) | NapCatAPIError: 消息体无法解析, 请检查是否发送了不支持的消息类型
[2025-11-27 20:41:17,873.873] ERROR    [MainThread|MainProcess] API (logger.py:error:134) | NapCatAPIError: 消息体无法解析, 请检查是否发送了不支持的消息类型
[2025-11-27 20:41:17,875.875] ERROR    [MainThread|MainProcess] API (logger.py:error:134) | NapCatAPIError: 消息体无法解析, 请检查是否发送了不支持的消息类型
[2025-11-27 20:41:25,182.182] INFO     [MainThread|MainProcess] root (main.py:on_group_message:40) | GroupMessageEvent(sub_type=normal, message_id=677401155, message=[Reply(id="893549280"), At(qq="1095216448"), Text(text=" ")], sender=GroupSender({"user_id":"1923215523", "nickname":"-浅橙-", "card":"", "role":"member"}), group_id=621893711)
[2025-11-27 20:41:25,188.188] ERROR    [MainThread|MainProcess] API (logger.py:error:134) | NapCatAPIError: 消息体无法解析, 请检查是否发送了不支持的消息类型
[2025-11-27 20:41:25,191.191] ERROR    [MainThread|MainProcess] API (logger.py:error:134) | NapCatAPIError: 消息体无法解析, 请检查是否发送了不支持的消息类型
[2025-11-27 20:41:25,214.214] ERROR    [MainThread|MainProcess] API (logger.py:error:134) | NapCatAPIError: 消息体无法解析, 请检查是否发送了不支持的消息类型
[2025-11-27 20:41:25,221.221] ERROR    [MainThread|MainProcess] API (logger.py:error:134) | NapCatAPIError: 消息体无法解析, 请检查是否发送了不支持的消息类型
[2025-11-27 20:41:25,224.224] ERROR    [MainThread|MainProcess] API (logger.py:error:134) | NapCatAPIError: 消息体无法解析, 请检查是否发送了不支持的消息类型
[2025-11-27 20:41:25,226.226] ERROR    [MainThread|MainProcess] API (logger.py:error:134) | NapCatAPIError: 消息体无法解析, 请检查是否发送了不支持的消息类型
[2025-11-27 20:41:25,237.237] ERROR    [MainThread|MainProcess] API (logger.py:error:134) | NapCatAPIError: 消息体无法解析, 请检查是否发送了不支持的消息类型
[2025-11-27 20:41:25,255.255] ERROR    [MainThread|MainProcess] API (logger.py:error:134) | NapCatAPIError: 消息体无法解析, 请检查是否发送了不支持的消息类型
[2025-11-27 20:41:25,259.259] ERROR    [MainThread|MainProcess] API (logger.py:error:134) | NapCatAPIError: 消息体无法解析, 请检查是否发送了不支持的消息类型
[2025-11-27 20:41:25,263.263] ERROR    [MainThread|MainProcess] API (logger.py:error:134) | NapCatAPIError: 消息体无法解析, 请检查是否发送了不支持的消息类型
[2025-11-27 20:41:28,892.892] INFO     [MainThread|MainProcess] root (main.py:on_group_message:40) | GroupMessageEvent(sub_type=normal, message_id=1703367849, message=[Text(text="milgros😡")], sender=GroupSender({"user_id":"1095216448", "nickname":"冰如猫", "card":"AAA.专业JavaScript史山批发小李", "role":"member"}), group_id=621893711)
[2025-11-27 20:41:28,914.914] ERROR    [MainThread|MainProcess] API (logger.py:error:134) | NapCatAPIError: 消息体无法解析, 请检查是否发送了不支持的消息类型
[2025-11-27 20:41:28,920.920] ERROR    [MainThread|MainProcess] API (logger.py:error:134) | NapCatAPIError: 消息体无法解析, 请检查是否发送了不支持的消息类型
[2025-11-27 20:41:28,924.924] ERROR    [MainThread|MainProcess] API (logger.py:error:134) | NapCatAPIError: 消息体无法解析, 请检查是否发送了不支持的消息类型
[2025-11-27 20:41:28,928.928] ERROR    [MainThread|MainProcess] API (logger.py:error:134) | NapCatAPIError: 消息体无法解析, 请检查是否发送了不支持的消息类型
[2025-11-27 20:41:28,931.931] ERROR    [MainThread|MainProcess] API (logger.py:error:134) | NapCatAPIError: 消息体无法解析, 请检查是否发送了不支持的消息类型
[2025-11-27 20:41:28,935.935] ERROR    [MainThread|MainProcess] API (logger.py:error:134) | NapCatAPIError: 消息体无法解析, 请检查是否发送了不支持的消息类型
[2025-11-27 20:41:28,939.939] ERROR    [MainThread|MainProcess] API (logger.py:error:134) | NapCatAPIError: 消息体无法解析, 请检查是否发送了不支持的消息类型
[2025-11-27 20:41:28,943.943] ERROR    [MainThread|MainProcess] API (logger.py:error:134) | NapCatAPIError: 消息体无法解析, 请检查是否发送了不支持的消息类型
[2025-11-27 20:41:28,946.946] ERROR    [MainThread|MainProcess] API (logger.py:error:134) | NapCatAPIError: 消息体无法解析, 请检查是否发送了不支持的消息类型
[2025-11-27 20:41:28,950.950] ERROR    [MainThread|MainProcess] API (logger.py:error:134) | NapCatAPIError: 消息体无法解析, 请检查是否发送了不支持的消息类型
[2025-11-27 20:41:43,119.119] INFO     [MainThread|MainProcess] root (main.py:on_group_message:40) | GroupMessageEvent(sub_type=normal, message_id=119565472, message=[Text(text="你会喜提国家饭")], sender=GroupSender({"user_id":"2870471753", "nickname":"Nirotire", "card":"", "role":"member"}), group_id=621893711)
[2025-11-27 20:41:43,124.124] ERROR    [MainThread|MainProcess] API (logger.py:error:134) | NapCatAPIError: 消息体无法解析, 请检查是否发送了不支持的消息类型
[2025-11-27 20:41:43,127.127] ERROR    [MainThread|MainProcess] API (logger.py:error:134) | NapCatAPIError: 消息体无法解析, 请检查是否发送了不支持的消息类型
[2025-11-27 20:41:43,131.131] ERROR    [MainThread|MainProcess] API (logger.py:error:134) | NapCatAPIError: 消息体无法解析, 请检查是否发送了不支持的消息类型
[2025-11-27 20:41:43,134.134] ERROR    [MainThread|MainProcess] API (logger.py:error:134) | NapCatAPIError: 消息体无法解析, 请检查是否发送了不支持的消息类型
[2025-11-27 20:41:43,136.136] ERROR    [MainThread|MainProcess] API (logger.py:error:134) | NapCatAPIError: 消息体无法解析, 请检查是否发送了不支持的消息类型
[2025-11-27 20:41:43,138.138] ERROR    [MainThread|MainProcess] API (logger.py:error:134) | NapCatAPIError: 消息体无法解析, 请检查是否发送了不支持的消息类型
[2025-11-27 20:41:43,140.140] ERROR    [MainThread|MainProcess] API (logger.py:error:134) | NapCatAPIError: 消息体无法解析, 请检查是否发送了不支持的消息类型
[2025-11-27 20:41:43,142.142] ERROR    [MainThread|MainProcess] API (logger.py:error:134) | NapCatAPIError: 消息体无法解析, 请检查是否发送了不支持的消息类型
[2025-11-27 20:41:43,144.144] ERROR    [MainThread|MainProcess] API (logger.py:error:134) | NapCatAPIError: 消息体无法解析, 请检查是否发送了不支持的消息类型
[2025-11-27 20:41:43,160.160] ERROR    [MainThread|MainProcess] API (logger.py:error:134) | NapCatAPIError: 消息体无法解析, 请检查是否发送了不支持的消息类型
[2025-11-27 20:41:44,373.373] INFO     [MainThread|MainProcess] root (main.py:on_notice:73) | NoticeEvent(group_id=621893711, user_id=2870471753, message_id=119565472, notice_type=group_recall, operator_id=2870471753)
[2025-11-27 20:41:44,373.373] ERROR    [MainThread|MainProcess] asyncio (base_events.py:default_exception_handler:1758) | Task exception was never retrieved
future: <Task finished name='Task-3950' coro=<on_notice() done, defined at d:\1code\qqbot\main.py:70> exception=KeyError('Invalid key: sub_type.')>
Traceback (most recent call last):
  File "d:\1code\qqbot\main.py", line 83, in on_notice
    if notice["sub_type"] == "poke" and str(notice["target_id"]) == BOT_QQ:
  File "D:\1code\python3.10\lib\site-packages\ncatbot\core\event\event_data.py", line 22, in __getitem__
    raise KeyError(f"Invalid key: {key}.")
KeyError: 'Invalid key: sub_type.'
[2025-11-27 20:41:46,000.000] INFO     [MainThread|MainProcess] root (main.py:on_group_message:40) | GroupMessageEvent(sub_type=normal, message_id=158949984, message=[Text(text="rainDX")], sender=GroupSender({"user_id":"1095216448", "nickname":"冰如猫", "card":"AAA.专业JavaScript史山批发小李", "role":"member"}), group_id=621893711)
[2025-11-27 20:41:46,022.022] ERROR    [MainThread|MainProcess] API (logger.py:error:134) | NapCatAPIError: 消息体无法解析, 请检查是否发送了不支持的消息类型
[2025-11-27 20:41:46,040.040] ERROR    [MainThread|MainProcess] API (logger.py:error:134) | NapCatAPIError: 消息体无法解析, 请检查是否发送了不支持的消息类型
[2025-11-27 20:41:46,050.050] ERROR    [MainThread|MainProcess] API (logger.py:error:134) | NapCatAPIError: 消息体无法解析, 请检查是否发送了不支持的消息类型
[2025-11-27 20:41:46,054.054] ERROR    [MainThread|MainProcess] API (logger.py:error:134) | NapCatAPIError: 消息体无法解析, 请检查是否发送了不支持的消息类型
[2025-11-27 20:41:46,078.078] ERROR    [MainThread|MainProcess] API (logger.py:error:134) | NapCatAPIError: 消息体无法解析, 请检查是否发送了不支持的消息类型
[2025-11-27 20:41:46,088.088] ERROR    [MainThread|MainProcess] API (logger.py:error:134) | NapCatAPIError: 消息体无法解析, 请检查是否发送了不支持的消息类型
[2025-11-27 20:41:46,092.092] ERROR    [MainThread|MainProcess] API (logger.py:error:134) | NapCatAPIError: 消息体无法解析, 请检查是否发送了不支持的消息类型
[2025-11-27 20:41:46,096.096] ERROR    [MainThread|MainProcess] API (logger.py:error:134) | NapCatAPIError: 消息体无法解析, 请检查是否发送了不支持的消息类型
[2025-11-27 20:41:46,099.099] ERROR    [MainThread|MainProcess] API (logger.py:error:134) | NapCatAPIError: 消息体无法解析, 请检查是否发送了不支持的消息类型
[2025-11-27 20:41:46,104.104] ERROR    [MainThread|MainProcess] API (logger.py:error:134) | NapCatAPIError: 消息体无法解析, 请检查是否发送了不支持的消息类型
[2025-11-27 20:41:47,555.555] INFO     [MainThread|MainProcess] root (main.py:on_group_message:40) | GroupMessageEvent(sub_type=normal, message_id=192908964, message=[Text(text="😡")], sender=GroupSender({"user_id":"1095216448", "nickname":"冰如猫", "card":"AAA.专业JavaScript史山批发小李", "role":"member"}), group_id=621893711)
[2025-11-27 20:41:47,576.576] ERROR    [MainThread|MainProcess] API (logger.py:error:134) | NapCatAPIError: 消息体无法解析, 请检查是否发送了不支持的消息类型
[2025-11-27 20:41:47,593.593] ERROR    [MainThread|MainProcess] API (logger.py:error:134) | NapCatAPIError: 消息体无法解析, 请检查是否发送了不支持的消息类型
[2025-11-27 20:41:47,630.630] ERROR    [MainThread|MainProcess] API (logger.py:error:134) | NapCatAPIError: 消息体无法解析, 请检查是否发送了不支持的消息类型
[2025-11-27 20:41:47,664.664] ERROR    [MainThread|MainProcess] API (logger.py:error:134) | NapCatAPIError: 消息体无法解析, 请检查是否发送了不支持的消息类型
[2025-11-27 20:41:47,675.675] ERROR    [MainThread|MainProcess] API (logger.py:error:134) | NapCatAPIError: 消息体无法解析, 请检查是否发送了不支持的消息类型
[2025-11-27 20:41:47,685.685] ERROR    [MainThread|MainProcess] API (logger.py:error:134) | NapCatAPIError: 消息体无法解析, 请检查是否发送了不支持的消息类型
[2025-11-27 20:41:47,687.687] ERROR    [MainThread|MainProcess] API (logger.py:error:134) | NapCatAPIError: 消息体无法解析, 请检查是否发送了不支持的消息类型
[2025-11-27 20:41:47,690.690] ERROR    [MainThread|MainProcess] API (logger.py:error:134) | NapCatAPIError: 消息体无法解析, 请检查是否发送了不支持的消息类型
[2025-11-27 20:41:47,696.696] ERROR    [MainThread|MainProcess] API (logger.py:error:134) | NapCatAPIError: 消息体无法解析, 请检查是否发送了不支持的消息类型
[2025-11-27 20:41:47,700.700] ERROR    [MainThread|MainProcess] API (logger.py:error:134) | NapCatAPIError: 消息体无法解析, 请检查是否发送了不支持的消息类型
[2025-11-27 20:43:16,567.567] INFO     [MainThread|MainProcess] root (main.py:on_group_message:40) | GroupMessageEvent(sub_type=normal, message_id=1692822175, message=[At(qq="3625408983"), Text(text=" ")], sender=GroupSender({"user_id":"2161252115", "nickname":"星鸿", "card":"", "role":"admin"}), group_id=621893711)
[2025-11-27 20:43:16,576.576] ERROR    [MainThread|MainProcess] API (logger.py:error:134) | NapCatAPIError: 消息体无法解析, 请检查是否发送了不支持的消息类型
[2025-11-27 20:43:16,594.594] ERROR    [MainThread|MainProcess] API (logger.py:error:134) | NapCatAPIError: 消息体无法解析, 请检查是否发送了不支持的消息类型
[2025-11-27 20:43:16,600.600] ERROR    [MainThread|MainProcess] API (logger.py:error:134) | NapCatAPIError: 消息体无法解析, 请检查是否发送了不支持的消息类型
[2025-11-27 20:43:16,609.609] ERROR    [MainThread|MainProcess] API (logger.py:error:134) | NapCatAPIError: 消息体无法解析, 请检查是否发送了不支持的消息类型
[2025-11-27 20:43:16,612.612] ERROR    [MainThread|MainProcess] API (logger.py:error:134) | NapCatAPIError: 消息体无法解析, 请检查是否发送了不支持的消息类型
[2025-11-27 20:43:16,665.665] ERROR    [MainThread|MainProcess] API (logger.py:error:134) | NapCatAPIError: 消息体无法解析, 请检查是否发送了不支持的消息类型
[2025-11-27 20:43:16,737.737] ERROR    [MainThread|MainProcess] API (logger.py:error:134) | NapCatAPIError: 消息体无法解析, 请检查是否发送了不支持的消息类型
[2025-11-27 20:43:16,745.745] ERROR    [MainThread|MainProcess] API (logger.py:error:134) | NapCatAPIError: 消息体无法解析, 请检查是否发送了不支持的消息类型
[2025-11-27 20:43:16,747.747] ERROR    [MainThread|MainProcess] API (logger.py:error:134) | NapCatAPIError: 消息体无法解析, 请检查是否发送了不支持的消息类型
[2025-11-27 20:43:16,752.752] ERROR    [MainThread|MainProcess] API (logger.py:error:134) | NapCatAPIError: 消息体无法解析, 请检查是否发送了不支持的消息类型
[2025-11-27 20:43:21,398.398] INFO     [MainThread|MainProcess] root (main.py:on_group_message:40) | GroupMessageEvent(sub_type=normal, message_id=1464013267, message=[Text(text="Milracle")], sender=GroupSender({"user_id":"2161252115", "nickname":"星鸿", "card":"", "role":"admin"}), group_id=621893711)
[2025-11-27 20:43:21,408.408] ERROR    [MainThread|MainProcess] API (logger.py:error:134) | NapCatAPIError: 消息体无法解析, 请检查是否发送了不支持的消息类型
[2025-11-27 20:43:21,432.432] ERROR    [MainThread|MainProcess] API (logger.py:error:134) | NapCatAPIError: 消息体无法解析, 请检查是否发送了不支持的消息类型
[2025-11-27 20:43:21,436.436] ERROR    [MainThread|MainProcess] API (logger.py:error:134) | NapCatAPIError: 消息体无法解析, 请检查是否发送了不支持的消息类型
[2025-11-27 20:43:21,441.441] ERROR    [MainThread|MainProcess] API (logger.py:error:134) | NapCatAPIError: 消息体无法解析, 请检查是否发送了不支持的消息类型
[2025-11-27 20:43:21,449.449] ERROR    [MainThread|MainProcess] API (logger.py:error:134) | NapCatAPIError: 消息体无法解析, 请检查是否发送了不支持的消息类型
[2025-11-27 20:43:21,453.453] ERROR    [MainThread|MainProcess] API (logger.py:error:134) | NapCatAPIError: 消息体无法解析, 请检查是否发送了不支持的消息类型
[2025-11-27 20:43:21,458.458] ERROR    [MainThread|MainProcess] API (logger.py:error:134) | NapCatAPIError: 消息体无法解析, 请检查是否发送了不支持的消息类型
[2025-11-27 20:43:21,482.482] ERROR    [MainThread|MainProcess] API (logger.py:error:134) | NapCatAPIError: 消息体无法解析, 请检查是否发送了不支持的消息类型
[2025-11-27 20:43:21,487.487] ERROR    [MainThread|MainProcess] API (logger.py:error:134) | NapCatAPIError: 消息体无法解析, 请检查是否发送了不支持的消息类型
[2025-11-27 20:43:21,490.490] ERROR    [MainThread|MainProcess] API (logger.py:error:134) | NapCatAPIError: 消息体无法解析, 请检查是否发送了不支持的消息类型
[2025-11-27 20:43:39,245.245] INFO     [MainThread|MainProcess] root (main.py:on_group_message:40) | GroupMessageEvent(sub_type=normal, message_id=1896104436, message=[Image(file="76A23525E810FCF3EC5CD7B9983C6AC2.jpg", url="https://multimedia.nt.qq.com.cn/download?appid=1407&fileid=EhTzd-KeuymXawLt5gd7jpiVmy00dRjxDiD_CiiGsoblrZKRAzIEcHJvZFCAvaMBWhBIjRjDaKPe3yRiDPDnFrB-egITQ4IBAmd6&rkey=CAMSMJNoIbcR6Jy_z6rRemsG-8A5qg5CrZkS4s88pCDgD-D8aHegtQaRqFGJxKlxchKm-Q", file_size="1905", summary="[动画表情]", sub_type=1)], sender=GroupSender({"user_id":"2161252115", "nickname":"星鸿", "card":"", "role":"admin"}), group_id=621893711)
[2025-11-27 20:43:39,247.247] ERROR    [MainThread|MainProcess] API (logger.py:error:134) | NapCatAPIError: 消息体无法解析, 请检查是否发送了不支持的消息类型
[2025-11-27 20:43:39,253.253] ERROR    [MainThread|MainProcess] API (logger.py:error:134) | NapCatAPIError: 消息体无法解析, 请检查是否发送了不支持的消息类型
[2025-11-27 20:43:39,267.267] ERROR    [MainThread|MainProcess] API (logger.py:error:134) | NapCatAPIError: 消息体无法解析, 请检查是否发送了不支持的消息类型
[2025-11-27 20:43:39,270.270] ERROR    [MainThread|MainProcess] API (logger.py:error:134) | NapCatAPIError: 消息体无法解析, 请检查是否发送了不支持的消息类型
[2025-11-27 20:43:39,272.272] ERROR    [MainThread|MainProcess] API (logger.py:error:134) | NapCatAPIError: 消息体无法解析, 请检查是否发送了不支持的消息类型
[2025-11-27 20:43:39,275.275] ERROR    [MainThread|MainProcess] API (logger.py:error:134) | NapCatAPIError: 消息体无法解析, 请检查是否发送了不支持的消息类型
[2025-11-27 20:43:39,277.277] ERROR    [MainThread|MainProcess] API (logger.py:error:134) | NapCatAPIError: 消息体无法解析, 请检查是否发送了不支持的消息类型
[2025-11-27 20:43:39,279.279] ERROR    [MainThread|MainProcess] API (logger.py:error:134) | NapCatAPIError: 消息体无法解析, 请检查是否发送了不支持的消息类型
[2025-11-27 20:43:39,282.282] ERROR    [MainThread|MainProcess] API (logger.py:error:134) | NapCatAPIError: 消息体无法解析, 请检查是否发送了不支持的消息类型
[2025-11-27 20:43:39,284.284] ERROR    [MainThread|MainProcess] API (logger.py:error:134) | NapCatAPIError: 消息体无法解析, 请检查是否发送了不支持的消息类型
[2025-11-27 20:44:13,351.351] INFO     [MainThread|MainProcess] root (main.py:on_group_message:40) | GroupMessageEvent(sub_type=normal, message_id=741438203, message=[At(qq="2854207029"), Text(text=" /chu b30")], sender=GroupSender({"user_id":"3362240349", "nickname":"鸢尾落華", "card":"ⓘ 该群聊涉嫌玩中二已被解散", "role":"member"}), group_id=577713202)
[2025-11-27 20:44:13,365.365] ERROR    [MainThread|MainProcess] API (logger.py:error:134) | NapCatAPIError: 消息体无法解析, 请检查是否发送了不支持的消息类型
[2025-11-27 20:44:13,398.398] ERROR    [MainThread|MainProcess] API (logger.py:error:134) | NapCatAPIError: 消息体无法解析, 请检查是否发送了不支持的消息类型
[2025-11-27 20:44:13,404.404] ERROR    [MainThread|MainProcess] API (logger.py:error:134) | NapCatAPIError: 消息体无法解析, 请检查是否发送了不支持的消息类型
[2025-11-27 20:44:13,453.453] ERROR    [MainThread|MainProcess] API (logger.py:error:134) | NapCatAPIError: 消息体无法解析, 请检查是否发送了不支持的消息类型
[2025-11-27 20:44:13,455.455] ERROR    [MainThread|MainProcess] API (logger.py:error:134) | NapCatAPIError: 消息体无法解析, 请检查是否发送了不支持的消息类型
[2025-11-27 20:44:13,464.464] ERROR    [MainThread|MainProcess] API (logger.py:error:134) | NapCatAPIError: 消息体无法解析, 请检查是否发送了不支持的消息类型
[2025-11-27 20:44:13,468.468] ERROR    [MainThread|MainProcess] API (logger.py:error:134) | NapCatAPIError: 消息体无法解析, 请检查是否发送了不支持的消息类型
[2025-11-27 20:44:13,500.500] ERROR    [MainThread|MainProcess] API (logger.py:error:134) | NapCatAPIError: 消息体无法解析, 请检查是否发送了不支持的消息类型
[2025-11-27 20:44:13,509.509] ERROR    [MainThread|MainProcess] API (logger.py:error:134) | NapCatAPIError: 消息体无法解析, 请检查是否发送了不支持的消息类型
[2025-11-27 20:44:13,512.512] ERROR    [MainThread|MainProcess] API (logger.py:error:134) | NapCatAPIError: 消息体无法解析, 请检查是否发送了不支持的消息类型
[2025-11-27 20:44:20,221.221] INFO     [MainThread|MainProcess] root (main.py:on_group_message:40) | GroupMessageEvent(sub_type=normal, message_id=814869992, message=[Image(file="3934ff9feadabfae603a33dde38db3bd.jpeg", url="https://multimedia.nt.qq.com.cn/download?appid=1407&fileid=EhQ8TlD-BW8LaYt5dxvywtl4V8JFRxiqiUog_woo_Pa1-K2SkQMyBHByb2RQgL2jAVoQ0XMwV7WCHmoW7bdWBYegcXoCU_mCAQJneg&rkey=CAMSMJNoIbcR6Jy_z6rRemsG-8A5qg5CrZkS4s88pCDgD-D8aHegtQaRqFGJxKlxchKm-Q", file_size="1213610", summary="", sub_type=0), At(qq="3362240349"), Text(text=" "), Text(text="查询用时：175.3545ms
生成用时：2404.1827ms")], sender=GroupSender({"user_id":"2854207029", "nickname":"LxBot", "card":"", "role":"member"}), group_id=577713202)
[2025-11-27 20:44:20,234.234] ERROR    [MainThread|MainProcess] API (logger.py:error:134) | NapCatAPIError: 消息体无法解析, 请检查是否发送了不支持的消息类型
[2025-11-27 20:44:20,248.248] ERROR    [MainThread|MainProcess] API (logger.py:error:134) | NapCatAPIError: 消息体无法解析, 请检查是否发送了不支持的消息类型
[2025-11-27 20:44:20,251.251] ERROR    [MainThread|MainProcess] API (logger.py:error:134) | NapCatAPIError: 消息体无法解析, 请检查是否发送了不支持的消息类型
[2025-11-27 20:44:20,257.257] ERROR    [MainThread|MainProcess] API (logger.py:error:134) | NapCatAPIError: 消息体无法解析, 请检查是否发送了不支持的消息类型
[2025-11-27 20:44:20,262.262] ERROR    [MainThread|MainProcess] API (logger.py:error:134) | NapCatAPIError: 消息体无法解析, 请检查是否发送了不支持的消息类型
[2025-11-27 20:44:20,265.265] ERROR    [MainThread|MainProcess] API (logger.py:error:134) | NapCatAPIError: 消息体无法解析, 请检查是否发送了不支持的消息类型
[2025-11-27 20:44:20,268.268] ERROR    [MainThread|MainProcess] API (logger.py:error:134) | NapCatAPIError: 消息体无法解析, 请检查是否发送了不支持的消息类型
[2025-11-27 20:44:20,272.272] ERROR    [MainThread|MainProcess] API (logger.py:error:134) | NapCatAPIError: 消息体无法解析, 请检查是否发送了不支持的消息类型
[2025-11-27 20:44:20,276.276] ERROR    [MainThread|MainProcess] API (logger.py:error:134) | NapCatAPIError: 消息体无法解析, 请检查是否发送了不支持的消息类型
[2025-11-27 20:44:20,282.282] ERROR    [MainThread|MainProcess] API (logger.py:error:134) | NapCatAPIError: 消息体无法解析, 请检查是否发送了不支持的消息类型
[2025-11-27 20:44:35,157.157] INFO     [MainThread|MainProcess] root (main.py:on_group_message:40) | GroupMessageEvent(sub_type=normal, message_id=1612779487, message=[Text(text="草我甚至不知道你在qa群（")], sender=GroupSender({"user_id":"3625408983", "nickname":"chun-awa", "card":"", "role":"admin"}), group_id=621893711)
[2025-11-27 20:44:35,160.160] ERROR    [MainThread|MainProcess] API (logger.py:error:134) | NapCatAPIError: 消息体无法解析, 请检查是否发送了不支持的消息类型
[2025-11-27 20:44:35,848.848] ERROR    [MainThread|MainProcess] API (logger.py:error:134) | NapCatAPIError: 消息体无法解析, 请检查是否发送了不支持的消息类型
[2025-11-27 20:44:35,859.859] ERROR    [MainThread|MainProcess] API (logger.py:error:134) | NapCatAPIError: 消息体无法解析, 请检查是否发送了不支持的消息类型
[2025-11-27 20:44:35,886.886] ERROR    [MainThread|MainProcess] API (logger.py:error:134) | NapCatAPIError: 消息体无法解析, 请检查是否发送了不支持的消息类型
[2025-11-27 20:44:35,893.893] ERROR    [MainThread|MainProcess] API (logger.py:error:134) | NapCatAPIError: 消息体无法解析, 请检查是否发送了不支持的消息类型
[2025-11-27 20:44:35,899.899] ERROR    [MainThread|MainProcess] API (logger.py:error:134) | NapCatAPIError: 消息体无法解析, 请检查是否发送了不支持的消息类型
[2025-11-27 20:44:35,902.902] ERROR    [MainThread|MainProcess] API (logger.py:error:134) | NapCatAPIError: 消息体无法解析, 请检查是否发送了不支持的消息类型
[2025-11-27 20:44:35,934.934] ERROR    [MainThread|MainProcess] API (logger.py:error:134) | NapCatAPIError: 消息体无法解析, 请检查是否发送了不支持的消息类型
[2025-11-27 20:44:35,940.940] ERROR    [MainThread|MainProcess] API (logger.py:error:134) | NapCatAPIError: 消息体无法解析, 请检查是否发送了不支持的消息类型
[2025-11-27 20:44:42,726.726] INFO     [MainThread|MainProcess] root (main.py:on_group_message:40) | GroupMessageEvent(sub_type=normal, message_id=1424045559, message=[Text(text="我好像快适应了？"), Image(file="B78947A3167398AA475637286B94F38B.jpg", url="https://multimedia.nt.qq.com.cn/download?appid=1407&fileid=EhR6SbusPMZegmKDYiLQWGuWcMS_Yxi3mSUg_woo37Gmgq6SkQMyBHByb2RQgL2jAVoQGSpchtO-L-vMyDPzrAjuVXoCSNmCAQJuag&rkey=CAMSMJNoIbcR6Jy_z6rRemsG-8A5qg5CrZkS4s88pCDgD-D8aHegtQaRqFGJxKlxchKm-Q", file_size="609463", summary="", sub_type=0)], sender=GroupSender({"user_id":"3362240349", "nickname":"鸢尾落華", "card":"ⓘ 该群聊涉嫌玩中二已被解散", "role":"member"}), group_id=577713202)
[2025-11-27 20:44:42,735.735] ERROR    [MainThread|MainProcess] API (logger.py:error:134) | NapCatAPIError: 消息体无法解析, 请检查是否发送了不支持的消息类型
[2025-11-27 20:44:42,738.738] ERROR    [MainThread|MainProcess] API (logger.py:error:134) | NapCatAPIError: 消息体无法解析, 请检查是否发送了不支持的消息类型
[2025-11-27 20:44:42,742.742] ERROR    [MainThread|MainProcess] API (logger.py:error:134) | NapCatAPIError: 消息体无法解析, 请检查是否发送了不支持的消息类型
[2025-11-27 20:44:42,744.744] ERROR    [MainThread|MainProcess] API (logger.py:error:134) | NapCatAPIError: 消息体无法解析, 请检查是否发送了不支持的消息类型
[2025-11-27 20:44:42,746.746] ERROR    [MainThread|MainProcess] API (logger.py:error:134) | NapCatAPIError: 消息体无法解析, 请检查是否发送了不支持的消息类型
[2025-11-27 20:44:42,748.748] ERROR    [MainThread|MainProcess] API (logger.py:error:134) | NapCatAPIError: 消息体无法解析, 请检查是否发送了不支持的消息类型
[2025-11-27 20:44:42,750.750] ERROR    [MainThread|MainProcess] API (logger.py:error:134) | NapCatAPIError: 消息体无法解析, 请检查是否发送了不支持的消息类型
[2025-11-27 20:44:42,752.752] ERROR    [MainThread|MainProcess] API (logger.py:error:134) | NapCatAPIError: 消息体无法解析, 请检查是否发送了不支持的消息类型
[2025-11-27 20:44:42,755.755] ERROR    [MainThread|MainProcess] API (logger.py:error:134) | NapCatAPIError: 消息体无法解析, 请检查是否发送了不支持的消息类型
[2025-11-27 20:44:42,757.757] ERROR    [MainThread|MainProcess] API (logger.py:error:134) | NapCatAPIError: 消息体无法解析, 请检查是否发送了不支持的消息类型
[2025-11-27 20:44:44,161.161] INFO     [MainThread|MainProcess] root (main.py:on_group_message:40) | GroupMessageEvent(sub_type=normal, message_id=2108689261, message=[Image(file="C04EB39473462E9EF4A7BF32B4F13AD0.jpg", url="https://multimedia.nt.qq.com.cn/download?appid=1407&fileid=EhSmeCXw1vRX_Jy9L3fGfnQUL2sz8RiSmwsg_woomrnjg66SkQMyBHByb2RQgL2jAVoQK83SekZKI28reN-Ur8qjP3oCJGeCAQJuag&rkey=CAMSMJNoIbcR6Jy_z6rRemsG-8A5qg5CrZkS4s88pCDgD-D8aHegtQaRqFGJxKlxchKm-Q", file_size="183698", summary="[动画表情]", sub_type=1)], sender=GroupSender({"user_id":"1095216448", "nickname":"冰如猫", "card":"AAA.专业JavaScript史山批发小李", "role":"member"}), group_id=621893711)
[2025-11-27 20:44:44,164.164] ERROR    [MainThread|MainProcess] API (logger.py:error:134) | NapCatAPIError: 消息体无法解析, 请检查是否发送了不支持的消息类型
[2025-11-27 20:44:44,205.205] ERROR    [MainThread|MainProcess] API (logger.py:error:134) | NapCatAPIError: 消息体无法解析, 请检查是否发送了不支持的消息类型
[2025-11-27 20:44:44,214.214] ERROR    [MainThread|MainProcess] API (logger.py:error:134) | NapCatAPIError: 消息体无法解析, 请检查是否发送了不支持的消息类型
[2025-11-27 20:44:44,228.228] ERROR    [MainThread|MainProcess] API (logger.py:error:134) | NapCatAPIError: 消息体无法解析, 请检查是否发送了不支持的消息类型
[2025-11-27 20:44:44,254.254] ERROR    [MainThread|MainProcess] API (logger.py:error:134) | NapCatAPIError: 消息体无法解析, 请检查是否发送了不支持的消息类型
[2025-11-27 20:44:44,264.264] ERROR    [MainThread|MainProcess] API (logger.py:error:134) | NapCatAPIError: 消息体无法解析, 请检查是否发送了不支持的消息类型
[2025-11-27 20:44:44,267.267] ERROR    [MainThread|MainProcess] API (logger.py:error:134) | NapCatAPIError: 消息体无法解析, 请检查是否发送了不支持的消息类型
[2025-11-27 20:44:44,269.269] ERROR    [MainThread|MainProcess] API (logger.py:error:134) | NapCatAPIError: 消息体无法解析, 请检查是否发送了不支持的消息类型
[2025-11-27 20:44:44,271.271] ERROR    [MainThread|MainProcess] API (logger.py:error:134) | NapCatAPIError: 消息体无法解析, 请检查是否发送了不支持的消息类型
[2025-11-27 20:44:44,275.275] ERROR    [MainThread|MainProcess] API (logger.py:error:134) | NapCatAPIError: 消息体无法解析, 请检查是否发送了不支持的消息类型
[2025-11-27 20:44:45,138.138] INFO     [MainThread|MainProcess] root (main.py:on_group_message:40) | GroupMessageEvent(sub_type=normal, message_id=1979613717, message=[Image(file="9681BCFA9C758B14A75B4B7B4AE48EBB.jpg", url="https://multimedia.nt.qq.com.cn/download?appid=1407&fileid=EhRnz878uuabbrWIiZYPZ2vhG5vahhit4AEg_woo_oiMhK6SkQMyBHByb2RQgL2jAVoQFINuscN1wR0kbRobLhyQp3oCY1SCAQJuag&rkey=CAMSMJNoIbcR6Jy_z6rRemsG-8A5qg5CrZkS4s88pCDgD-D8aHegtQaRqFGJxKlxchKm-Q", file_size="28717", summary="[动画表情]", sub_type=1)], sender=GroupSender({"user_id":"3362240349", "nickname":"鸢尾落華", "card":"ⓘ 该群聊涉嫌玩中二已被解散", "role":"member"}), group_id=577713202)
[2025-11-27 20:44:45,194.194] ERROR    [MainThread|MainProcess] API (logger.py:error:134) | NapCatAPIError: 消息体无法解析, 请检查是否发送了不支持的消息类型
[2025-11-27 20:44:45,205.205] ERROR    [MainThread|MainProcess] API (logger.py:error:134) | NapCatAPIError: 消息体无法解析, 请检查是否发送了不支持的消息类型
[2025-11-27 20:44:45,246.246] ERROR    [MainThread|MainProcess] API (logger.py:error:134) | NapCatAPIError: 消息体无法解析, 请检查是否发送了不支持的消息类型
[2025-11-27 20:44:45,266.266] ERROR    [MainThread|MainProcess] API (logger.py:error:134) | NapCatAPIError: 消息体无法解析, 请检查是否发送了不支持的消息类型
[2025-11-27 20:44:45,268.268] ERROR    [MainThread|MainProcess] API (logger.py:error:134) | NapCatAPIError: 消息体无法解析, 请检查是否发送了不支持的消息类型
[2025-11-27 20:44:45,270.270] ERROR    [MainThread|MainProcess] API (logger.py:error:134) | NapCatAPIError: 消息体无法解析, 请检查是否发送了不支持的消息类型
[2025-11-27 20:44:45,273.273] ERROR    [MainThread|MainProcess] API (logger.py:error:134) | NapCatAPIError: 消息体无法解析, 请检查是否发送了不支持的消息类型
[2025-11-27 20:44:45,278.278] ERROR    [MainThread|MainProcess] API (logger.py:error:134) | NapCatAPIError: 消息体无法解析, 请检查是否发送了不支持的消息类型
[2025-11-27 20:44:45,281.281] ERROR    [MainThread|MainProcess] API (logger.py:error:134) | NapCatAPIError: 消息体无法解析, 请检查是否发送了不支持的消息类型
[2025-11-27 20:44:45,283.283] ERROR    [MainThread|MainProcess] API (logger.py:error:134) | NapCatAPIError: 消息体无法解析, 请检查是否发送了不支持的消息类型
[2025-11-27 20:45:20,582.582] INFO     [MainThread|MainProcess] root (main.py:on_group_message:40) | GroupMessageEvent(sub_type=normal, message_id=1162009844, message=[Text(text="好厉")], sender=GroupSender({"user_id":"3088837161", "nickname":"🌸🌸", "card":"AAA2085批发师傅", "role":"admin"}), group_id=577713202)
[2025-11-27 20:45:20,586.586] ERROR    [MainThread|MainProcess] API (logger.py:error:134) | NapCatAPIError: 消息体无法解析, 请检查是否发送了不支持的消息类型
[2025-11-27 20:45:20,604.604] ERROR    [MainThread|MainProcess] API (logger.py:error:134) | NapCatAPIError: 消息体无法解析, 请检查是否发送了不支持的消息类型
[2025-11-27 20:45:20,657.657] ERROR    [MainThread|MainProcess] API (logger.py:error:134) | NapCatAPIError: 消息体无法解析, 请检查是否发送了不支持的消息类型
[2025-11-27 20:45:20,673.673] ERROR    [MainThread|MainProcess] API (logger.py:error:134) | NapCatAPIError: 消息体无法解析, 请检查是否发送了不支持的消息类型
[2025-11-27 20:45:20,680.680] ERROR    [MainThread|MainProcess] API (logger.py:error:134) | NapCatAPIError: 消息体无法解析, 请检查是否发送了不支持的消息类型
[2025-11-27 20:45:20,682.682] ERROR    [MainThread|MainProcess] API (logger.py:error:134) | NapCatAPIError: 消息体无法解析, 请检查是否发送了不支持的消息类型
[2025-11-27 20:45:20,689.689] ERROR    [MainThread|MainProcess] API (logger.py:error:134) | NapCatAPIError: 消息体无法解析, 请检查是否发送了不支持的消息类型
[2025-11-27 20:45:20,691.691] ERROR    [MainThread|MainProcess] API (logger.py:error:134) | NapCatAPIError: 消息体无法解析, 请检查是否发送了不支持的消息类型
[2025-11-27 20:45:20,694.694] ERROR    [MainThread|MainProcess] API (logger.py:error:134) | NapCatAPIError: 消息体无法解析, 请检查是否发送了不支持的消息类型
[2025-11-27 20:45:20,697.697] ERROR    [MainThread|MainProcess] API (logger.py:error:134) | NapCatAPIError: 消息体无法解析, 请检查是否发送了不支持的消息类型
[2025-11-27 20:45:24,322.322] INFO     [MainThread|MainProcess] root (main.py:on_notice:73) | NoticeEvent(group_id=577713202, user_id=3088837161, message_id=1162009844, notice_type=group_recall, operator_id=3088837161)
[2025-11-27 20:45:24,323.323] ERROR    [MainThread|MainProcess] asyncio (base_events.py:default_exception_handler:1758) | Task exception was never retrieved
future: <Task finished name='Task-4009' coro=<on_notice() done, defined at d:\1code\qqbot\main.py:70> exception=KeyError('Invalid key: sub_type.')>
Traceback (most recent call last):
  File "d:\1code\qqbot\main.py", line 83, in on_notice
    if notice["sub_type"] == "poke" and str(notice["target_id"]) == BOT_QQ:
  File "D:\1code\python3.10\lib\site-packages\ncatbot\core\event\event_data.py", line 22, in __getitem__
    raise KeyError(f"Invalid key: {key}.")
KeyError: 'Invalid key: sub_type.'
[2025-11-27 20:45:28,319.319] INFO     [MainThread|MainProcess] root (main.py:on_group_message:40) | GroupMessageEvent(sub_type=normal, message_id=132303548, message=[Text(text="好厉害")], sender=GroupSender({"user_id":"3088837161", "nickname":"🌸🌸", "card":"AAA2085批发师傅", "role":"admin"}), group_id=577713202)
[2025-11-27 20:45:28,324.324] ERROR    [MainThread|MainProcess] API (logger.py:error:134) | NapCatAPIError: 消息体无法解析, 请检查是否发送了不支持的消息类型
[2025-11-27 20:45:28,359.359] ERROR    [MainThread|MainProcess] API (logger.py:error:134) | NapCatAPIError: 消息体无法解析, 请检查是否发送了不支持的消息类型
[2025-11-27 20:45:28,362.362] ERROR    [MainThread|MainProcess] API (logger.py:error:134) | NapCatAPIError: 消息体无法解析, 请检查是否发送了不支持的消息类型
[2025-11-27 20:45:28,367.367] ERROR    [MainThread|MainProcess] API (logger.py:error:134) | NapCatAPIError: 消息体无法解析, 请检查是否发送了不支持的消息类型
[2025-11-27 20:45:28,374.374] ERROR    [MainThread|MainProcess] API (logger.py:error:134) | NapCatAPIError: 消息体无法解析, 请检查是否发送了不支持的消息类型
[2025-11-27 20:45:28,396.396] ERROR    [MainThread|MainProcess] API (logger.py:error:134) | NapCatAPIError: 消息体无法解析, 请检查是否发送了不支持的消息类型
[2025-11-27 20:45:28,453.453] ERROR    [MainThread|MainProcess] API (logger.py:error:134) | NapCatAPIError: 消息体无法解析, 请检查是否发送了不支持的消息类型
[2025-11-27 20:45:28,492.492] ERROR    [MainThread|MainProcess] API (logger.py:error:134) | NapCatAPIError: 消息体无法解析, 请检查是否发送了不支持的消息类型
[2025-11-27 20:45:28,497.497] ERROR    [MainThread|MainProcess] API (logger.py:error:134) | NapCatAPIError: 消息体无法解析, 请检查是否发送了不支持的消息类型
[2025-11-27 20:45:28,503.503] ERROR    [MainThread|MainProcess] API (logger.py:error:134) | NapCatAPIError: 消息体无法解析, 请检查是否发送了不支持的消息类型
[2025-11-27 20:45:28,977.977] INFO     [MainThread|MainProcess] root (main.py:on_group_message:40) | GroupMessageEvent(sub_type=normal, message_id=1783040965, message=[Image(file="c9-c9429d5372d853fcef976a6c348058ef.gif", url="https://gxh.vip.qq.com/club/item/parcel/item/c9/c9429d5372d853fcef976a6c348058ef/raw300.gif", summary="[偷笑]", sub_type=0)], sender=GroupSender({"user_id":"1923215523", "nickname":"-浅橙-", "card":"", "role":"member"}), group_id=621893711)
[2025-11-27 20:45:28,979.979] ERROR    [MainThread|MainProcess] API (logger.py:error:134) | NapCatAPIError: 消息体无法解析, 请检查是否发送了不支持的消息类型
[2025-11-27 20:45:28,981.981] ERROR    [MainThread|MainProcess] API (logger.py:error:134) | NapCatAPIError: 消息体无法解析, 请检查是否发送了不支持的消息类型
[2025-11-27 20:45:28,983.983] ERROR    [MainThread|MainProcess] API (logger.py:error:134) | NapCatAPIError: 消息体无法解析, 请检查是否发送了不支持的消息类型
[2025-11-27 20:45:28,985.985] ERROR    [MainThread|MainProcess] API (logger.py:error:134) | NapCatAPIError: 消息体无法解析, 请检查是否发送了不支持的消息类型
[2025-11-27 20:45:28,987.987] ERROR    [MainThread|MainProcess] API (logger.py:error:134) | NapCatAPIError: 消息体无法解析, 请检查是否发送了不支持的消息类型
[2025-11-27 20:45:28,989.989] ERROR    [MainThread|MainProcess] API (logger.py:error:134) | NapCatAPIError: 消息体无法解析, 请检查是否发送了不支持的消息类型
[2025-11-27 20:45:28,990.990] ERROR    [MainThread|MainProcess] API (logger.py:error:134) | NapCatAPIError: 消息体无法解析, 请检查是否发送了不支持的消息类型
[2025-11-27 20:45:28,992.992] ERROR    [MainThread|MainProcess] API (logger.py:error:134) | NapCatAPIError: 消息体无法解析, 请检查是否发送了不支持的消息类型
[2025-11-27 20:45:28,994.994] ERROR    [MainThread|MainProcess] API (logger.py:error:134) | NapCatAPIError: 消息体无法解析, 请检查是否发送了不支持的消息类型
[2025-11-27 20:45:28,996.996] ERROR    [MainThread|MainProcess] API (logger.py:error:134) | NapCatAPIError: 消息体无法解析, 请检查是否发送了不支持的消息类型
[2025-11-27 20:46:31,331.331] INFO     [MainThread|MainProcess] root (main.py:on_group_message:40) | GroupMessageEvent(sub_type=normal, message_id=889996909, message=[Reply(id="1612779487"), At(qq="3625408983"), Text(text=" 所以我刚刚说在群里看到了（）")], sender=GroupSender({"user_id":"2161252115", "nickname":"星鸿", "card":"", "role":"admin"}), group_id=621893711)
[2025-11-27 20:46:31,333.333] ERROR    [MainThread|MainProcess] API (logger.py:error:134) | NapCatAPIError: 消息体无法解析, 请检查是否发送了不支持的消息类型
[2025-11-27 20:46:31,335.335] ERROR    [MainThread|MainProcess] API (logger.py:error:134) | NapCatAPIError: 消息体无法解析, 请检查是否发送了不支持的消息类型
[2025-11-27 20:46:31,338.338] ERROR    [MainThread|MainProcess] API (logger.py:error:134) | NapCatAPIError: 消息体无法解析, 请检查是否发送了不支持的消息类型
[2025-11-27 20:46:31,340.340] ERROR    [MainThread|MainProcess] API (logger.py:error:134) | NapCatAPIError: 消息体无法解析, 请检查是否发送了不支持的消息类型
[2025-11-27 20:46:31,342.342] ERROR    [MainThread|MainProcess] API (logger.py:error:134) | NapCatAPIError: 消息体无法解析, 请检查是否发送了不支持的消息类型
[2025-11-27 20:46:31,344.344] ERROR    [MainThread|MainProcess] API (logger.py:error:134) | NapCatAPIError: 消息体无法解析, 请检查是否发送了不支持的消息类型
[2025-11-27 20:46:31,347.347] ERROR    [MainThread|MainProcess] API (logger.py:error:134) | NapCatAPIError: 消息体无法解析, 请检查是否发送了不支持的消息类型
[2025-11-27 20:46:31,348.348] ERROR    [MainThread|MainProcess] API (logger.py:error:134) | NapCatAPIError: 消息体无法解析, 请检查是否发送了不支持的消息类型
[2025-11-27 20:46:31,351.351] ERROR    [MainThread|MainProcess] API (logger.py:error:134) | NapCatAPIError: 消息体无法解析, 请检查是否发送了不支持的消息类型
[2025-11-27 20:46:31,353.353] ERROR    [MainThread|MainProcess] API (logger.py:error:134) | NapCatAPIError: 消息体无法解析, 请检查是否发送了不支持的消息类型
[2025-11-27 20:46:33,539.539] INFO     [MainThread|MainProcess] root (main.py:on_group_message:40) | GroupMessageEvent(sub_type=normal, message_id=1108956782, message=[Reply(id="277523356"), At(qq="2585690555"), Text(text=" 你请假了？")], sender=GroupSender({"user_id":"1843794003", "nickname":"EricDing618", "card":"", "role":"owner"}), group_id=1061413302)
[2025-11-27 20:46:33,543.543] ERROR    [MainThread|MainProcess] API (logger.py:error:134) | NapCatAPIError: 消息体无法解析, 请检查是否发送了不支持的消息类型
[2025-11-27 20:46:33,591.591] ERROR    [MainThread|MainProcess] API (logger.py:error:134) | NapCatAPIError: 消息体无法解析, 请检查是否发送了不支持的消息类型
[2025-11-27 20:46:33,634.634] ERROR    [MainThread|MainProcess] API (logger.py:error:134) | NapCatAPIError: 消息体无法解析, 请检查是否发送了不支持的消息类型
[2025-11-27 20:46:33,718.718] ERROR    [MainThread|MainProcess] API (logger.py:error:134) | NapCatAPIError: 消息体无法解析, 请检查是否发送了不支持的消息类型
[2025-11-27 20:46:33,825.825] ERROR    [MainThread|MainProcess] API (logger.py:error:134) | NapCatAPIError: 消息体无法解析, 请检查是否发送了不支持的消息类型
[2025-11-27 20:46:33,865.865] ERROR    [MainThread|MainProcess] API (logger.py:error:134) | NapCatAPIError: 消息体无法解析, 请检查是否发送了不支持的消息类型
[2025-11-27 20:46:33,916.916] ERROR    [MainThread|MainProcess] API (logger.py:error:134) | NapCatAPIError: 消息体无法解析, 请检查是否发送了不支持的消息类型
[2025-11-27 20:46:33,970.970] ERROR    [MainThread|MainProcess] API (logger.py:error:134) | NapCatAPIError: 消息体无法解析, 请检查是否发送了不支持的消息类型
[2025-11-27 20:46:34,007.007] ERROR    [MainThread|MainProcess] API (logger.py:error:134) | NapCatAPIError: 消息体无法解析, 请检查是否发送了不支持的消息类型
[2025-11-27 20:46:34,046.046] ERROR    [MainThread|MainProcess] API (logger.py:error:134) | NapCatAPIError: 消息体无法解析, 请检查是否发送了不支持的消息类型
[2025-11-27 20:46:45,714.714] INFO     [MainThread|MainProcess] root (main.py:on_group_message:40) | GroupMessageEvent(sub_type=normal, message_id=2034172844, message=[Reply(id="73570852"), At(qq="2585690555"), Text(text=" 哦")], sender=GroupSender({"user_id":"1843794003", "nickname":"EricDing618", "card":"", "role":"owner"}), group_id=1061413302)
[2025-11-27 20:46:45,723.723] ERROR    [MainThread|MainProcess] API (logger.py:error:134) | NapCatAPIError: 消息体无法解析, 请检查是否发送了不支持的消息类型
[2025-11-27 20:46:45,735.735] ERROR    [MainThread|MainProcess] API (logger.py:error:134) | NapCatAPIError: 消息体无法解析, 请检查是否发送了不支持的消息类型
[2025-11-27 20:46:45,737.737] ERROR    [MainThread|MainProcess] API (logger.py:error:134) | NapCatAPIError: 消息体无法解析, 请检查是否发送了不支持的消息类型
[2025-11-27 20:46:45,739.739] ERROR    [MainThread|MainProcess] API (logger.py:error:134) | NapCatAPIError: 消息体无法解析, 请检查是否发送了不支持的消息类型
[2025-11-27 20:46:45,742.742] ERROR    [MainThread|MainProcess] API (logger.py:error:134) | NapCatAPIError: 消息体无法解析, 请检查是否发送了不支持的消息类型
[2025-11-27 20:46:45,744.744] ERROR    [MainThread|MainProcess] API (logger.py:error:134) | NapCatAPIError: 消息体无法解析, 请检查是否发送了不支持的消息类型
[2025-11-27 20:46:45,746.746] ERROR    [MainThread|MainProcess] API (logger.py:error:134) | NapCatAPIError: 消息体无法解析, 请检查是否发送了不支持的消息类型
[2025-11-27 20:46:45,749.749] ERROR    [MainThread|MainProcess] API (logger.py:error:134) | NapCatAPIError: 消息体无法解析, 请检查是否发送了不支持的消息类型
[2025-11-27 20:46:45,752.752] ERROR    [MainThread|MainProcess] API (logger.py:error:134) | NapCatAPIError: 消息体无法解析, 请检查是否发送了不支持的消息类型
[2025-11-27 20:46:45,755.755] ERROR    [MainThread|MainProcess] API (logger.py:error:134) | NapCatAPIError: 消息体无法解析, 请检查是否发送了不支持的消息类型
[2025-11-27 20:46:51,426.426] INFO     [MainThread|MainProcess] root (main.py:on_group_message:40) | GroupMessageEvent(sub_type=normal, message_id=1746343699, message=[Text(text="感觉milkrain拼一起有点别扭（）")], sender=GroupSender({"user_id":"2716692964", "nickname":"反初音未来", "card":"AAA屎山批发反初音未来", "role":"admin"}), group_id=621893711)
[2025-11-27 20:46:51,431.431] ERROR    [MainThread|MainProcess] API (logger.py:error:134) | NapCatAPIError: 消息体无法解析, 请检查是否发送了不支持的消息类型
[2025-11-27 20:46:51,433.433] ERROR    [MainThread|MainProcess] API (logger.py:error:134) | NapCatAPIError: 消息体无法解析, 请检查是否发送了不支持的消息类型
[2025-11-27 20:46:51,435.435] ERROR    [MainThread|MainProcess] API (logger.py:error:134) | NapCatAPIError: 消息体无法解析, 请检查是否发送了不支持的消息类型
[2025-11-27 20:46:51,440.440] ERROR    [MainThread|MainProcess] API (logger.py:error:134) | NapCatAPIError: 消息体无法解析, 请检查是否发送了不支持的消息类型
[2025-11-27 20:46:51,441.441] ERROR    [MainThread|MainProcess] API (logger.py:error:134) | NapCatAPIError: 消息体无法解析, 请检查是否发送了不支持的消息类型
[2025-11-27 20:46:51,443.443] ERROR    [MainThread|MainProcess] API (logger.py:error:134) | NapCatAPIError: 消息体无法解析, 请检查是否发送了不支持的消息类型
[2025-11-27 20:46:51,445.445] ERROR    [MainThread|MainProcess] API (logger.py:error:134) | NapCatAPIError: 消息体无法解析, 请检查是否发送了不支持的消息类型
[2025-11-27 20:46:51,448.448] ERROR    [MainThread|MainProcess] API (logger.py:error:134) | NapCatAPIError: 消息体无法解析, 请检查是否发送了不支持的消息类型
[2025-11-27 20:46:51,449.449] ERROR    [MainThread|MainProcess] API (logger.py:error:134) | NapCatAPIError: 消息体无法解析, 请检查是否发送了不支持的消息类型
[2025-11-27 20:46:51,451.451] ERROR    [MainThread|MainProcess] API (logger.py:error:134) | NapCatAPIError: 消息体无法解析, 请检查是否发送了不支持的消息类型
[2025-11-27 20:47:00,754.754] INFO     [MainThread|MainProcess] root (main.py:on_group_message:40) | GroupMessageEvent(sub_type=normal, message_id=565418543, message=[Text(text="牛奶雨")], sender=GroupSender({"user_id":"1923215523", "nickname":"-浅橙-", "card":"", "role":"member"}), group_id=621893711)
[2025-11-27 20:47:00,762.762] ERROR    [MainThread|MainProcess] API (logger.py:error:134) | NapCatAPIError: 消息体无法解析, 请检查是否发送了不支持的消息类型
[2025-11-27 20:47:00,785.785] ERROR    [MainThread|MainProcess] API (logger.py:error:134) | NapCatAPIError: 消息体无法解析, 请检查是否发送了不支持的消息类型
[2025-11-27 20:47:00,789.789] ERROR    [MainThread|MainProcess] API (logger.py:error:134) | NapCatAPIError: 消息体无法解析, 请检查是否发送了不支持的消息类型
[2025-11-27 20:47:00,793.793] ERROR    [MainThread|MainProcess] API (logger.py:error:134) | NapCatAPIError: 消息体无法解析, 请检查是否发送了不支持的消息类型
[2025-11-27 20:47:00,797.797] ERROR    [MainThread|MainProcess] API (logger.py:error:134) | NapCatAPIError: 消息体无法解析, 请检查是否发送了不支持的消息类型
[2025-11-27 20:47:00,800.800] ERROR    [MainThread|MainProcess] API (logger.py:error:134) | NapCatAPIError: 消息体无法解析, 请检查是否发送了不支持的消息类型
[2025-11-27 20:47:00,804.804] ERROR    [MainThread|MainProcess] API (logger.py:error:134) | NapCatAPIError: 消息体无法解析, 请检查是否发送了不支持的消息类型
[2025-11-27 20:47:00,842.842] ERROR    [MainThread|MainProcess] API (logger.py:error:134) | NapCatAPIError: 消息体无法解析, 请检查是否发送了不支持的消息类型
[2025-11-27 20:47:00,849.849] ERROR    [MainThread|MainProcess] API (logger.py:error:134) | NapCatAPIError: 消息体无法解析, 请检查是否发送了不支持的消息类型
[2025-11-27 20:47:00,877.877] ERROR    [MainThread|MainProcess] API (logger.py:error:134) | NapCatAPIError: 消息体无法解析, 请检查是否发送了不支持的消息类型
[2025-11-27 20:47:09,550.550] INFO     [MainThread|MainProcess] root (main.py:on_group_message:40) | GroupMessageEvent(sub_type=normal, message_id=235375384, message=[Text(text="天上下牛奶了")], sender=GroupSender({"user_id":"1923215523", "nickname":"-浅橙-", "card":"", "role":"member"}), group_id=621893711)
[2025-11-27 20:47:09,557.557] ERROR    [MainThread|MainProcess] API (logger.py:error:134) | NapCatAPIError: 消息体无法解析, 请检查是否发送了不支持的消息类型
[2025-11-27 20:47:09,571.571] ERROR    [MainThread|MainProcess] API (logger.py:error:134) | NapCatAPIError: 消息体无法解析, 请检查是否发送了不支持的消息类型
[2025-11-27 20:47:09,573.573] ERROR    [MainThread|MainProcess] API (logger.py:error:134) | NapCatAPIError: 消息体无法解析, 请检查是否发送了不支持的消息类型
[2025-11-27 20:47:09,576.576] ERROR    [MainThread|MainProcess] API (logger.py:error:134) | NapCatAPIError: 消息体无法解析, 请检查是否发送了不支持的消息类型
[2025-11-27 20:47:09,578.578] ERROR    [MainThread|MainProcess] API (logger.py:error:134) | NapCatAPIError: 消息体无法解析, 请检查是否发送了不支持的消息类型
[2025-11-27 20:47:09,580.580] ERROR    [MainThread|MainProcess] API (logger.py:error:134) | NapCatAPIError: 消息体无法解析, 请检查是否发送了不支持的消息类型
[2025-11-27 20:47:09,582.582] ERROR    [MainThread|MainProcess] API (logger.py:error:134) | NapCatAPIError: 消息体无法解析, 请检查是否发送了不支持的消息类型
[2025-11-27 20:47:09,584.584] ERROR    [MainThread|MainProcess] API (logger.py:error:134) | NapCatAPIError: 消息体无法解析, 请检查是否发送了不支持的消息类型
[2025-11-27 20:47:09,587.587] ERROR    [MainThread|MainProcess] API (logger.py:error:134) | NapCatAPIError: 消息体无法解析, 请检查是否发送了不支持的消息类型
[2025-11-27 20:47:09,590.590] ERROR    [MainThread|MainProcess] API (logger.py:error:134) | NapCatAPIError: 消息体无法解析, 请检查是否发送了不支持的消息类型
[2025-11-27 20:47:31,708.708] INFO     [MainThread|MainProcess] root (main.py:on_group_message:40) | GroupMessageEvent(sub_type=normal, message_id=1400614781, message=[Text(text="别投票了，那几个容易吃dmca")], sender=GroupSender({"user_id":"2161252115", "nickname":"星鸿", "card":"", "role":"admin"}), group_id=621893711)
[2025-11-27 20:47:31,721.721] ERROR    [MainThread|MainProcess] API (logger.py:error:134) | NapCatAPIError: 消息体无法解析, 请检查是否发送了不支持的消息类型
[2025-11-27 20:47:31,753.753] ERROR    [MainThread|MainProcess] API (logger.py:error:134) | NapCatAPIError: 消息体无法解析, 请检查是否发送了不支持的消息类型
[2025-11-27 20:47:31,763.763] ERROR    [MainThread|MainProcess] API (logger.py:error:134) | NapCatAPIError: 消息体无法解析, 请检查是否发送了不支持的消息类型
[2025-11-27 20:47:31,844.844] ERROR    [MainThread|MainProcess] API (logger.py:error:134) | NapCatAPIError: 消息体无法解析, 请检查是否发送了不支持的消息类型
[2025-11-27 20:47:31,860.860] ERROR    [MainThread|MainProcess] API (logger.py:error:134) | NapCatAPIError: 消息体无法解析, 请检查是否发送了不支持的消息类型
[2025-11-27 20:47:31,865.865] ERROR    [MainThread|MainProcess] API (logger.py:error:134) | NapCatAPIError: 消息体无法解析, 请检查是否发送了不支持的消息类型
[2025-11-27 20:47:31,871.871] ERROR    [MainThread|MainProcess] API (logger.py:error:134) | NapCatAPIError: 消息体无法解析, 请检查是否发送了不支持的消息类型
[2025-11-27 20:47:31,874.874] ERROR    [MainThread|MainProcess] API (logger.py:error:134) | NapCatAPIError: 消息体无法解析, 请检查是否发送了不支持的消息类型
[2025-11-27 20:47:31,877.877] ERROR    [MainThread|MainProcess] API (logger.py:error:134) | NapCatAPIError: 消息体无法解析, 请检查是否发送了不支持的消息类型
[2025-11-27 20:47:31,880.880] ERROR    [MainThread|MainProcess] API (logger.py:error:134) | NapCatAPIError: 消息体无法解析, 请检查是否发送了不支持的消息类型
[2025-11-27 20:47:40,734.734] INFO     [MainThread|MainProcess] root (main.py:on_group_message:40) | GroupMessageEvent(sub_type=normal, message_id=127886907, message=[Reply(id="963109231"), At(qq="3830876470"), Text(text=" MTF-机动特遣队")], sender=GroupSender({"user_id":"1843794003", "nickname":"EricDing618", "card":"", "role":"owner"}), group_id=1061413302)
[2025-11-27 20:47:40,742.742] ERROR    [MainThread|MainProcess] API (logger.py:error:134) | NapCatAPIError: 消息体无法解析, 请检查是否发送了不支持的消息类型
[2025-11-27 20:47:40,755.755] ERROR    [MainThread|MainProcess] API (logger.py:error:134) | NapCatAPIError: 消息体无法解析, 请检查是否发送了不支持的消息类型
[2025-11-27 20:47:40,758.758] ERROR    [MainThread|MainProcess] API (logger.py:error:134) | NapCatAPIError: 消息体无法解析, 请检查是否发送了不支持的消息类型
[2025-11-27 20:47:40,760.760] ERROR    [MainThread|MainProcess] API (logger.py:error:134) | NapCatAPIError: 消息体无法解析, 请检查是否发送了不支持的消息类型
[2025-11-27 20:47:40,762.762] ERROR    [MainThread|MainProcess] API (logger.py:error:134) | NapCatAPIError: 消息体无法解析, 请检查是否发送了不支持的消息类型
[2025-11-27 20:47:40,765.765] ERROR    [MainThread|MainProcess] API (logger.py:error:134) | NapCatAPIError: 消息体无法解析, 请检查是否发送了不支持的消息类型
[2025-11-27 20:47:40,767.767] ERROR    [MainThread|MainProcess] API (logger.py:error:134) | NapCatAPIError: 消息体无法解析, 请检查是否发送了不支持的消息类型
[2025-11-27 20:47:40,770.770] ERROR    [MainThread|MainProcess] API (logger.py:error:134) | NapCatAPIError: 消息体无法解析, 请检查是否发送了不支持的消息类型
[2025-11-27 20:47:40,773.773] ERROR    [MainThread|MainProcess] API (logger.py:error:134) | NapCatAPIError: 消息体无法解析, 请检查是否发送了不支持的消息类型
[2025-11-27 20:47:40,775.775] ERROR    [MainThread|MainProcess] API (logger.py:error:134) | NapCatAPIError: 消息体无法解析, 请检查是否发送了不支持的消息类型
[2025-11-27 20:47:46,279.279] INFO     [MainThread|MainProcess] root (main.py:on_group_message:40) | GroupMessageEvent(sub_type=normal, message_id=285765160, message=[Reply(id="1572346691"), At(qq="3800907852"), Text(text=" 什么奇奇怪怪群（")], sender=GroupSender({"user_id":"1095216448", "nickname":"冰如猫", "card":"AAA.专业JavaScript史山批发小李", "role":"member"}), group_id=1061413302)
[2025-11-27 20:47:46,295.295] ERROR    [MainThread|MainProcess] API (logger.py:error:134) | NapCatAPIError: 消息体无法解析, 请检查是否发送了不支持的消息类型
[2025-11-27 20:47:47,082.082] ERROR    [MainThread|MainProcess] API (logger.py:error:134) | NapCatAPIError: 消息体无法解析, 请检查是否发送了不支持的消息类型
[2025-11-27 20:47:47,090.090] ERROR    [MainThread|MainProcess] API (logger.py:error:134) | NapCatAPIError: 消息体无法解析, 请检查是否发送了不支持的消息类型
[2025-11-27 20:47:47,106.106] ERROR    [MainThread|MainProcess] API (logger.py:error:134) | NapCatAPIError: 消息体无法解析, 请检查是否发送了不支持的消息类型
[2025-11-27 20:47:47,110.110] ERROR    [MainThread|MainProcess] API (logger.py:error:134) | NapCatAPIError: 消息体无法解析, 请检查是否发送了不支持的消息类型
[2025-11-27 20:47:47,112.112] ERROR    [MainThread|MainProcess] API (logger.py:error:134) | NapCatAPIError: 消息体无法解析, 请检查是否发送了不支持的消息类型
[2025-11-27 20:47:47,114.114] ERROR    [MainThread|MainProcess] API (logger.py:error:134) | NapCatAPIError: 消息体无法解析, 请检查是否发送了不支持的消息类型
[2025-11-27 20:47:47,117.117] ERROR    [MainThread|MainProcess] API (logger.py:error:134) | NapCatAPIError: 消息体无法解析, 请检查是否发送了不支持的消息类型
[2025-11-27 20:47:47,122.122] ERROR    [MainThread|MainProcess] API (logger.py:error:134) | NapCatAPIError: 消息体无法解析, 请检查是否发送了不支持的消息类型
[2025-11-27 20:47:48,392.392] INFO     [MainThread|MainProcess] root (main.py:on_group_message:40) | GroupMessageEvent(sub_type=normal, message_id=732437811, message=[Reply(id="1464013267"), Text(text="直接用这个，除非你们想个更好的出来")], sender=GroupSender({"user_id":"2161252115", "nickname":"星鸿", "card":"", "role":"admin"}), group_id=621893711)
[2025-11-27 20:47:48,397.397] ERROR    [MainThread|MainProcess] API (logger.py:error:134) | NapCatAPIError: 消息体无法解析, 请检查是否发送了不支持的消息类型
[2025-11-27 20:47:48,420.420] ERROR    [MainThread|MainProcess] API (logger.py:error:134) | NapCatAPIError: 消息体无法解析, 请检查是否发送了不支持的消息类型
[2025-11-27 20:47:48,433.433] ERROR    [MainThread|MainProcess] API (logger.py:error:134) | NapCatAPIError: 消息体无法解析, 请检查是否发送了不支持的消息类型
[2025-11-27 20:47:48,438.438] ERROR    [MainThread|MainProcess] API (logger.py:error:134) | NapCatAPIError: 消息体无法解析, 请检查是否发送了不支持的消息类型
[2025-11-27 20:47:48,444.444] ERROR    [MainThread|MainProcess] API (logger.py:error:134) | NapCatAPIError: 消息体无法解析, 请检查是否发送了不支持的消息类型
[2025-11-27 20:47:48,446.446] ERROR    [MainThread|MainProcess] API (logger.py:error:134) | NapCatAPIError: 消息体无法解析, 请检查是否发送了不支持的消息类型
[2025-11-27 20:47:48,469.469] ERROR    [MainThread|MainProcess] API (logger.py:error:134) | NapCatAPIError: 消息体无法解析, 请检查是否发送了不支持的消息类型
[2025-11-27 20:47:48,476.476] ERROR    [MainThread|MainProcess] API (logger.py:error:134) | NapCatAPIError: 消息体无法解析, 请检查是否发送了不支持的消息类型
[2025-11-27 20:47:48,509.509] ERROR    [MainThread|MainProcess] API (logger.py:error:134) | NapCatAPIError: 消息体无法解析, 请检查是否发送了不支持的消息类型
[2025-11-27 20:47:48,515.515] ERROR    [MainThread|MainProcess] API (logger.py:error:134) | NapCatAPIError: 消息体无法解析, 请检查是否发送了不支持的消息类型
[2025-11-27 20:48:05,606.606] INFO     [MainThread|MainProcess] root (main.py:on_group_message:40) | GroupMessageEvent(sub_type=normal, message_id=535944491, message=[Reply(id="565418543"), Text(text="汤姆狂喜")], sender=GroupSender({"user_id":"2511824878", "nickname":"树穴猪", "card":"大只黄毛狗狗", "role":"member"}), group_id=621893711)
[2025-11-27 20:48:05,636.636] ERROR    [MainThread|MainProcess] API (logger.py:error:134) | NapCatAPIError: 消息体无法解析, 请检查是否发送了不支持的消息类型
[2025-11-27 20:48:05,643.643] ERROR    [MainThread|MainProcess] API (logger.py:error:134) | NapCatAPIError: 消息体无法解析, 请检查是否发送了不支持的消息类型
[2025-11-27 20:48:05,655.655] ERROR    [MainThread|MainProcess] API (logger.py:error:134) | NapCatAPIError: 消息体无法解析, 请检查是否发送了不支持的消息类型
[2025-11-27 20:48:05,660.660] ERROR    [MainThread|MainProcess] API (logger.py:error:134) | NapCatAPIError: 消息体无法解析, 请检查是否发送了不支持的消息类型
[2025-11-27 20:48:05,663.663] ERROR    [MainThread|MainProcess] API (logger.py:error:134) | NapCatAPIError: 消息体无法解析, 请检查是否发送了不支持的消息类型
[2025-11-27 20:48:05,671.671] ERROR    [MainThread|MainProcess] API (logger.py:error:134) | NapCatAPIError: 消息体无法解析, 请检查是否发送了不支持的消息类型
[2025-11-27 20:48:05,686.686] ERROR    [MainThread|MainProcess] API (logger.py:error:134) | NapCatAPIError: 消息体无法解析, 请检查是否发送了不支持的消息类型
[2025-11-27 20:48:05,689.689] ERROR    [MainThread|MainProcess] API (logger.py:error:134) | NapCatAPIError: 消息体无法解析, 请检查是否发送了不支持的消息类型
[2025-11-27 20:48:05,697.697] ERROR    [MainThread|MainProcess] API (logger.py:error:134) | NapCatAPIError: 消息体无法解析, 请检查是否发送了不支持的消息类型
[2025-11-27 20:48:05,703.703] ERROR    [MainThread|MainProcess] API (logger.py:error:134) | NapCatAPIError: 消息体无法解析, 请检查是否发送了不支持的消息类型
[2025-11-27 20:48:07,327.327] INFO     [MainThread|MainProcess] root (main.py:on_notice:73) | NoticeEvent(group_id=621893711, user_id=2511824878, message_id=535944491, notice_type=group_recall, operator_id=2511824878)
[2025-11-27 20:48:07,327.327] ERROR    [MainThread|MainProcess] asyncio (base_events.py:default_exception_handler:1758) | Task exception was never retrieved
future: <Task finished name='Task-4070' coro=<on_notice() done, defined at d:\1code\qqbot\main.py:70> exception=KeyError('Invalid key: sub_type.')>
Traceback (most recent call last):
  File "d:\1code\qqbot\main.py", line 83, in on_notice
    if notice["sub_type"] == "poke" and str(notice["target_id"]) == BOT_QQ:
  File "D:\1code\python3.10\lib\site-packages\ncatbot\core\event\event_data.py", line 22, in __getitem__
    raise KeyError(f"Invalid key: {key}.")
KeyError: 'Invalid key: sub_type.'
[2025-11-27 20:48:10,791.791] INFO     [MainThread|MainProcess] root (main.py:on_group_message:40) | GroupMessageEvent(sub_type=normal, message_id=972456214, message=[Reply(id="565418543"), Text(text="汤姆杰瑞狂喜")], sender=GroupSender({"user_id":"2511824878", "nickname":"树穴猪", "card":"大只黄毛狗狗", "role":"member"}), group_id=621893711)
[2025-11-27 20:48:10,797.797] ERROR    [MainThread|MainProcess] API (logger.py:error:134) | NapCatAPIError: 消息体无法解析, 请检查是否发送了不支持的消息类型
[2025-11-27 20:48:10,811.811] ERROR    [MainThread|MainProcess] API (logger.py:error:134) | NapCatAPIError: 消息体无法解析, 请检查是否发送了不支持的消息类型
[2025-11-27 20:48:10,813.813] ERROR    [MainThread|MainProcess] API (logger.py:error:134) | NapCatAPIError: 消息体无法解析, 请检查是否发送了不支持的消息类型
[2025-11-27 20:48:10,816.816] ERROR    [MainThread|MainProcess] API (logger.py:error:134) | NapCatAPIError: 消息体无法解析, 请检查是否发送了不支持的消息类型
[2025-11-27 20:48:10,818.818] ERROR    [MainThread|MainProcess] API (logger.py:error:134) | NapCatAPIError: 消息体无法解析, 请检查是否发送了不支持的消息类型
[2025-11-27 20:48:10,821.821] ERROR    [MainThread|MainProcess] API (logger.py:error:134) | NapCatAPIError: 消息体无法解析, 请检查是否发送了不支持的消息类型
[2025-11-27 20:48:10,823.823] ERROR    [MainThread|MainProcess] API (logger.py:error:134) | NapCatAPIError: 消息体无法解析, 请检查是否发送了不支持的消息类型
[2025-11-27 20:48:10,826.826] ERROR    [MainThread|MainProcess] API (logger.py:error:134) | NapCatAPIError: 消息体无法解析, 请检查是否发送了不支持的消息类型
[2025-11-27 20:48:10,828.828] ERROR    [MainThread|MainProcess] API (logger.py:error:134) | NapCatAPIError: 消息体无法解析, 请检查是否发送了不支持的消息类型
[2025-11-27 20:48:10,831.831] ERROR    [MainThread|MainProcess] API (logger.py:error:134) | NapCatAPIError: 消息体无法解析, 请检查是否发送了不支持的消息类型
[2025-11-27 20:48:12,348.348] INFO     [MainThread|MainProcess] root (main.py:on_group_message:40) | GroupMessageEvent(sub_type=normal, message_id=612082631, message=[Text(text="API后端写得差不多了")], sender=GroupSender({"user_id":"2161252115", "nickname":"星鸿", "card":"", "role":"admin"}), group_id=621893711)
[2025-11-27 20:48:12,382.382] ERROR    [MainThread|MainProcess] API (logger.py:error:134) | NapCatAPIError: 消息体无法解析, 请检查是否发送了不支持的消息类型
[2025-11-27 20:48:12,403.403] ERROR    [MainThread|MainProcess] API (logger.py:error:134) | NapCatAPIError: 消息体无法解析, 请检查是否发送了不支持的消息类型
[2025-11-27 20:48:12,406.406] ERROR    [MainThread|MainProcess] API (logger.py:error:134) | NapCatAPIError: 消息体无法解析, 请检查是否发送了不支持的消息类型
[2025-11-27 20:48:12,417.417] ERROR    [MainThread|MainProcess] API (logger.py:error:134) | NapCatAPIError: 消息体无法解析, 请检查是否发送了不支持的消息类型
[2025-11-27 20:48:12,429.429] ERROR    [MainThread|MainProcess] API (logger.py:error:134) | NapCatAPIError: 消息体无法解析, 请检查是否发送了不支持的消息类型
[2025-11-27 20:48:12,437.437] ERROR    [MainThread|MainProcess] API (logger.py:error:134) | NapCatAPIError: 消息体无法解析, 请检查是否发送了不支持的消息类型
[2025-11-27 20:48:12,446.446] ERROR    [MainThread|MainProcess] API (logger.py:error:134) | NapCatAPIError: 消息体无法解析, 请检查是否发送了不支持的消息类型
[2025-11-27 20:48:12,448.448] ERROR    [MainThread|MainProcess] API (logger.py:error:134) | NapCatAPIError: 消息体无法解析, 请检查是否发送了不支持的消息类型
[2025-11-27 20:48:12,450.450] ERROR    [MainThread|MainProcess] API (logger.py:error:134) | NapCatAPIError: 消息体无法解析, 请检查是否发送了不支持的消息类型
[2025-11-27 20:48:12,452.452] ERROR    [MainThread|MainProcess] API (logger.py:error:134) | NapCatAPIError: 消息体无法解析, 请检查是否发送了不支持的消息类型
[2025-11-27 20:48:16,629.629] INFO     [MainThread|MainProcess] root (main.py:on_group_message:40) | GroupMessageEvent(sub_type=normal, message_id=490576605, message=[Text(text="我明天开动网站")], sender=GroupSender({"user_id":"2161252115", "nickname":"星鸿", "card":"", "role":"admin"}), group_id=621893711)
[2025-11-27 20:48:16,641.641] ERROR    [MainThread|MainProcess] API (logger.py:error:134) | NapCatAPIError: 消息体无法解析, 请检查是否发送了不支持的消息类型
[2025-11-27 20:48:16,650.650] ERROR    [MainThread|MainProcess] API (logger.py:error:134) | NapCatAPIError: 消息体无法解析, 请检查是否发送了不支持的消息类型
[2025-11-27 20:48:16,653.653] ERROR    [MainThread|MainProcess] API (logger.py:error:134) | NapCatAPIError: 消息体无法解析, 请检查是否发送了不支持的消息类型
[2025-11-27 20:48:16,655.655] ERROR    [MainThread|MainProcess] API (logger.py:error:134) | NapCatAPIError: 消息体无法解析, 请检查是否发送了不支持的消息类型
[2025-11-27 20:48:16,658.658] ERROR    [MainThread|MainProcess] API (logger.py:error:134) | NapCatAPIError: 消息体无法解析, 请检查是否发送了不支持的消息类型
[2025-11-27 20:48:16,660.660] ERROR    [MainThread|MainProcess] API (logger.py:error:134) | NapCatAPIError: 消息体无法解析, 请检查是否发送了不支持的消息类型
[2025-11-27 20:48:16,662.662] ERROR    [MainThread|MainProcess] API (logger.py:error:134) | NapCatAPIError: 消息体无法解析, 请检查是否发送了不支持的消息类型
[2025-11-27 20:48:16,665.665] ERROR    [MainThread|MainProcess] API (logger.py:error:134) | NapCatAPIError: 消息体无法解析, 请检查是否发送了不支持的消息类型
[2025-11-27 20:48:16,668.668] ERROR    [MainThread|MainProcess] API (logger.py:error:134) | NapCatAPIError: 消息体无法解析, 请检查是否发送了不支持的消息类型
[2025-11-27 20:48:16,671.671] ERROR    [MainThread|MainProcess] API (logger.py:error:134) | NapCatAPIError: 消息体无法解析, 请检查是否发送了不支持的消息类型
[2025-11-27 20:48:21,247.247] INFO     [MainThread|MainProcess] root (main.py:on_group_message:40) | GroupMessageEvent(sub_type=normal, message_id=741177124, message=[Text(text="大神啊")], sender=GroupSender({"user_id":"2716692964", "nickname":"反初音未来", "card":"AAA屎山批发反初音未来", "role":"admin"}), group_id=621893711)
[2025-11-27 20:48:21,279.279] ERROR    [MainThread|MainProcess] API (logger.py:error:134) | NapCatAPIError: 消息体无法解析, 请检查是否发送了不支持的消息类型
[2025-11-27 20:48:21,296.296] ERROR    [MainThread|MainProcess] API (logger.py:error:134) | NapCatAPIError: 消息体无法解析, 请检查是否发送了不支持的消息类型
[2025-11-27 20:48:21,301.301] ERROR    [MainThread|MainProcess] API (logger.py:error:134) | NapCatAPIError: 消息体无法解析, 请检查是否发送了不支持的消息类型
[2025-11-27 20:48:21,312.312] ERROR    [MainThread|MainProcess] API (logger.py:error:134) | NapCatAPIError: 消息体无法解析, 请检查是否发送了不支持的消息类型
[2025-11-27 20:48:21,353.353] ERROR    [MainThread|MainProcess] API (logger.py:error:134) | NapCatAPIError: 消息体无法解析, 请检查是否发送了不支持的消息类型
[2025-11-27 20:48:21,355.355] ERROR    [MainThread|MainProcess] API (logger.py:error:134) | NapCatAPIError: 消息体无法解析, 请检查是否发送了不支持的消息类型
[2025-11-27 20:48:21,357.357] ERROR    [MainThread|MainProcess] API (logger.py:error:134) | NapCatAPIError: 消息体无法解析, 请检查是否发送了不支持的消息类型
[2025-11-27 20:48:21,363.363] ERROR    [MainThread|MainProcess] API (logger.py:error:134) | NapCatAPIError: 消息体无法解析, 请检查是否发送了不支持的消息类型
[2025-11-27 20:48:21,366.366] ERROR    [MainThread|MainProcess] API (logger.py:error:134) | NapCatAPIError: 消息体无法解析, 请检查是否发送了不支持的消息类型
[2025-11-27 20:48:21,368.368] ERROR    [MainThread|MainProcess] API (logger.py:error:134) | NapCatAPIError: 消息体无法解析, 请检查是否发送了不支持的消息类型
[2025-11-27 20:48:33,077.077] INFO     [MainThread|MainProcess] root (main.py:on_group_message:40) | GroupMessageEvent(sub_type=normal, message_id=117851482, message=[Image(file="A78E90EF21EB94CC18FC5D2C87997692.jpg", url="https://multimedia.nt.qq.com.cn/download?appid=1407&fileid=EhRsqXpFTsJXfbDTV8DlV0CJ3e-nXRj4nAQg_wooiaP78K6SkQMyBHByb2RQgL2jAVoQWE7oOAxCJXhvmkcBOi0RFnoCBVyCAQJuag&rkey=CAMSMJNoIbcR6Jy_z6rRemsG-8A5qg5CrZkS4s88pCDgD-D8aHegtQaRqFGJxKlxchKm-Q", file_size="69240", summary="[动画表情]", sub_type=1)], sender=GroupSender({"user_id":"3362240349", "nickname":"鸢尾落華", "card":"ⓘ 该群聊涉嫌玩中二已被解散", "role":"member"}), group_id=577713202)
[2025-11-27 20:48:33,125.125] ERROR    [MainThread|MainProcess] API (logger.py:error:134) | NapCatAPIError: 消息体无法解析, 请检查是否发送了不支持的消息类型
[2025-11-27 20:48:33,133.133] ERROR    [MainThread|MainProcess] API (logger.py:error:134) | NapCatAPIError: 消息体无法解析, 请检查是否发送了不支持的消息类型
[2025-11-27 20:48:33,138.138] ERROR    [MainThread|MainProcess] API (logger.py:error:134) | NapCatAPIError: 消息体无法解析, 请检查是否发送了不支持的消息类型
[2025-11-27 20:48:33,160.160] ERROR    [MainThread|MainProcess] API (logger.py:error:134) | NapCatAPIError: 消息体无法解析, 请检查是否发送了不支持的消息类型
[2025-11-27 20:48:33,172.172] ERROR    [MainThread|MainProcess] API (logger.py:error:134) | NapCatAPIError: 消息体无法解析, 请检查是否发送了不支持的消息类型
[2025-11-27 20:48:33,175.175] ERROR    [MainThread|MainProcess] API (logger.py:error:134) | NapCatAPIError: 消息体无法解析, 请检查是否发送了不支持的消息类型
[2025-11-27 20:48:33,178.178] ERROR    [MainThread|MainProcess] API (logger.py:error:134) | NapCatAPIError: 消息体无法解析, 请检查是否发送了不支持的消息类型
[2025-11-27 20:48:33,181.181] ERROR    [MainThread|MainProcess] API (logger.py:error:134) | NapCatAPIError: 消息体无法解析, 请检查是否发送了不支持的消息类型
[2025-11-27 20:48:33,185.185] ERROR    [MainThread|MainProcess] API (logger.py:error:134) | NapCatAPIError: 消息体无法解析, 请检查是否发送了不支持的消息类型
[2025-11-27 20:48:33,187.187] ERROR    [MainThread|MainProcess] API (logger.py:error:134) | NapCatAPIError: 消息体无法解析, 请检查是否发送了不支持的消息类型
[2025-11-27 20:48:33,754.754] INFO     [MainThread|MainProcess] root (main.py:on_group_message:40) | GroupMessageEvent(sub_type=normal, message_id=1016158983, message=[Text(text="大神啊")], sender=GroupSender({"user_id":"1923215523", "nickname":"-浅橙-", "card":"", "role":"member"}), group_id=621893711)
[2025-11-27 20:48:33,764.764] ERROR    [MainThread|MainProcess] API (logger.py:error:134) | NapCatAPIError: 消息体无法解析, 请检查是否发送了不支持的消息类型
[2025-11-27 20:48:33,794.794] ERROR    [MainThread|MainProcess] API (logger.py:error:134) | NapCatAPIError: 消息体无法解析, 请检查是否发送了不支持的消息类型
[2025-11-27 20:48:33,805.805] ERROR    [MainThread|MainProcess] API (logger.py:error:134) | NapCatAPIError: 消息体无法解析, 请检查是否发送了不支持的消息类型
[2025-11-27 20:48:33,812.812] ERROR    [MainThread|MainProcess] API (logger.py:error:134) | NapCatAPIError: 消息体无法解析, 请检查是否发送了不支持的消息类型
[2025-11-27 20:48:33,814.814] ERROR    [MainThread|MainProcess] API (logger.py:error:134) | NapCatAPIError: 消息体无法解析, 请检查是否发送了不支持的消息类型
[2025-11-27 20:48:33,841.841] ERROR    [MainThread|MainProcess] API (logger.py:error:134) | NapCatAPIError: 消息体无法解析, 请检查是否发送了不支持的消息类型
[2025-11-27 20:48:33,854.854] ERROR    [MainThread|MainProcess] API (logger.py:error:134) | NapCatAPIError: 消息体无法解析, 请检查是否发送了不支持的消息类型
[2025-11-27 20:48:33,864.864] ERROR    [MainThread|MainProcess] API (logger.py:error:134) | NapCatAPIError: 消息体无法解析, 请检查是否发送了不支持的消息类型
[2025-11-27 20:48:33,868.868] ERROR    [MainThread|MainProcess] API (logger.py:error:134) | NapCatAPIError: 消息体无法解析, 请检查是否发送了不支持的消息类型
[2025-11-27 20:48:33,871.871] ERROR    [MainThread|MainProcess] API (logger.py:error:134) | NapCatAPIError: 消息体无法解析, 请检查是否发送了不支持的消息类型
[2025-11-27 20:48:54,021.021] INFO     [MainThread|MainProcess] root (main.py:on_group_message:40) | GroupMessageEvent(sub_type=normal, message_id=1650115681, message=[Reply(id="1424045559"), Text(text="别飞了")], sender=GroupSender({"user_id":"3337806907", "nickname":"猫猫不可以rua", "card":"", "role":"member"}), group_id=577713202)
[2025-11-27 20:48:54,026.026] ERROR    [MainThread|MainProcess] API (logger.py:error:134) | NapCatAPIError: 消息体无法解析, 请检查是否发送了不支持的消息类型
[2025-11-27 20:48:54,030.030] ERROR    [MainThread|MainProcess] API (logger.py:error:134) | NapCatAPIError: 消息体无法解析, 请检查是否发送了不支持的消息类型
[2025-11-27 20:48:54,042.042] ERROR    [MainThread|MainProcess] API (logger.py:error:134) | NapCatAPIError: 消息体无法解析, 请检查是否发送了不支持的消息类型
[2025-11-27 20:48:54,046.046] ERROR    [MainThread|MainProcess] API (logger.py:error:134) | NapCatAPIError: 消息体无法解析, 请检查是否发送了不支持的消息类型
[2025-11-27 20:48:54,048.048] ERROR    [MainThread|MainProcess] API (logger.py:error:134) | NapCatAPIError: 消息体无法解析, 请检查是否发送了不支持的消息类型
[2025-11-27 20:48:54,068.068] ERROR    [MainThread|MainProcess] API (logger.py:error:134) | NapCatAPIError: 消息体无法解析, 请检查是否发送了不支持的消息类型
[2025-11-27 20:48:54,070.070] ERROR    [MainThread|MainProcess] API (logger.py:error:134) | NapCatAPIError: 消息体无法解析, 请检查是否发送了不支持的消息类型
[2025-11-27 20:48:54,072.072] ERROR    [MainThread|MainProcess] API (logger.py:error:134) | NapCatAPIError: 消息体无法解析, 请检查是否发送了不支持的消息类型
[2025-11-27 20:48:54,077.077] ERROR    [MainThread|MainProcess] API (logger.py:error:134) | NapCatAPIError: 消息体无法解析, 请检查是否发送了不支持的消息类型
[2025-11-27 20:48:54,080.080] ERROR    [MainThread|MainProcess] API (logger.py:error:134) | NapCatAPIError: 消息体无法解析, 请检查是否发送了不支持的消息类型
[2025-11-27 20:48:59,037.037] INFO     [MainThread|MainProcess] root (main.py:on_group_message:40) | GroupMessageEvent(sub_type=normal, message_id=366000408, message=[Text(text="大神啊")], sender=GroupSender({"user_id":"1431311795", "nickname":"不是，哥们", "card":"带着你的库鸣原养吃大份去吧", "role":"member"}), group_id=621893711)
[2025-11-27 20:48:59,058.058] ERROR    [MainThread|MainProcess] API (logger.py:error:134) | NapCatAPIError: 消息体无法解析, 请检查是否发送了不支持的消息类型
[2025-11-27 20:48:59,085.085] ERROR    [MainThread|MainProcess] API (logger.py:error:134) | NapCatAPIError: 消息体无法解析, 请检查是否发送了不支持的消息类型
[2025-11-27 20:48:59,092.092] ERROR    [MainThread|MainProcess] API (logger.py:error:134) | NapCatAPIError: 消息体无法解析, 请检查是否发送了不支持的消息类型
[2025-11-27 20:48:59,138.138] ERROR    [MainThread|MainProcess] API (logger.py:error:134) | NapCatAPIError: 消息体无法解析, 请检查是否发送了不支持的消息类型
[2025-11-27 20:48:59,179.179] ERROR    [MainThread|MainProcess] API (logger.py:error:134) | NapCatAPIError: 消息体无法解析, 请检查是否发送了不支持的消息类型
[2025-11-27 20:48:59,212.212] ERROR    [MainThread|MainProcess] API (logger.py:error:134) | NapCatAPIError: 消息体无法解析, 请检查是否发送了不支持的消息类型
[2025-11-27 20:48:59,217.217] ERROR    [MainThread|MainProcess] API (logger.py:error:134) | NapCatAPIError: 消息体无法解析, 请检查是否发送了不支持的消息类型
[2025-11-27 20:48:59,220.220] ERROR    [MainThread|MainProcess] API (logger.py:error:134) | NapCatAPIError: 消息体无法解析, 请检查是否发送了不支持的消息类型
[2025-11-27 20:48:59,223.223] ERROR    [MainThread|MainProcess] API (logger.py:error:134) | NapCatAPIError: 消息体无法解析, 请检查是否发送了不支持的消息类型
[2025-11-27 20:48:59,229.229] ERROR    [MainThread|MainProcess] API (logger.py:error:134) | NapCatAPIError: 消息体无法解析, 请检查是否发送了不支持的消息类型
[2025-11-27 20:49:16,592.592] INFO     [MainThread|MainProcess] root (main.py:on_group_message:40) | GroupMessageEvent(sub_type=normal, message_id=1631746354, message=[Image(file="2B196BD43BA6D28DC6821C6FB4B0AF69.jpg", url="https://multimedia.nt.qq.com.cn/download?appid=1407&fileid=EhQJAQ8bSVSNdd0GT-ne3XAWuORYlhie1wEg_woo7qn6ha-SkQMyBHByb2RQgL2jAVoQAfpSjFhLpxqUuMj3muPVanoCGcuCAQJneg&rkey=CAMSMJNoIbcR6Jy_z6rRemsG-8A5qg5CrZkS4s88pCDgD-D8aHegtQaRqFGJxKlxchKm-Q", file_size="27550", summary="[动画表情]", sub_type=1)], sender=GroupSender({"user_id":"2161252115", "nickname":"星鸿", "card":"", "role":"admin"}), group_id=621893711)
[2025-11-27 20:49:16,598.598] ERROR    [MainThread|MainProcess] API (logger.py:error:134) | NapCatAPIError: 消息体无法解析, 请检查是否发送了不支持的消息类型
[2025-11-27 20:49:16,601.601] ERROR    [MainThread|MainProcess] API (logger.py:error:134) | NapCatAPIError: 消息体无法解析, 请检查是否发送了不支持的消息类型
[2025-11-27 20:49:16,616.616] ERROR    [MainThread|MainProcess] API (logger.py:error:134) | NapCatAPIError: 消息体无法解析, 请检查是否发送了不支持的消息类型
[2025-11-27 20:49:16,618.618] ERROR    [MainThread|MainProcess] API (logger.py:error:134) | NapCatAPIError: 消息体无法解析, 请检查是否发送了不支持的消息类型
[2025-11-27 20:49:16,621.621] ERROR    [MainThread|MainProcess] API (logger.py:error:134) | NapCatAPIError: 消息体无法解析, 请检查是否发送了不支持的消息类型
[2025-11-27 20:49:16,623.623] ERROR    [MainThread|MainProcess] API (logger.py:error:134) | NapCatAPIError: 消息体无法解析, 请检查是否发送了不支持的消息类型
[2025-11-27 20:49:16,625.625] ERROR    [MainThread|MainProcess] API (logger.py:error:134) | NapCatAPIError: 消息体无法解析, 请检查是否发送了不支持的消息类型
[2025-11-27 20:49:16,627.627] ERROR    [MainThread|MainProcess] API (logger.py:error:134) | NapCatAPIError: 消息体无法解析, 请检查是否发送了不支持的消息类型
[2025-11-27 20:49:16,631.631] ERROR    [MainThread|MainProcess] API (logger.py:error:134) | NapCatAPIError: 消息体无法解析, 请检查是否发送了不支持的消息类型
[2025-11-27 20:49:16,633.633] ERROR    [MainThread|MainProcess] API (logger.py:error:134) | NapCatAPIError: 消息体无法解析, 请检查是否发送了不支持的消息类型
[2025-11-27 20:49:27,263.263] INFO     [MainThread|MainProcess] root (main.py:on_group_message:40) | GroupMessageEvent(sub_type=normal, message_id=949275392, message=[Text(text="用什么写网站")], sender=GroupSender({"user_id":"1095216448", "nickname":"冰如猫", "card":"AAA.专业JavaScript史山批发小李", "role":"member"}), group_id=621893711)
[2025-11-27 20:49:27,283.283] ERROR    [MainThread|MainProcess] API (logger.py:error:134) | NapCatAPIError: 消息体无法解析, 请检查是否发送了不支持的消息类型
[2025-11-27 20:49:27,294.294] ERROR    [MainThread|MainProcess] API (logger.py:error:134) | NapCatAPIError: 消息体无法解析, 请检查是否发送了不支持的消息类型
[2025-11-27 20:49:27,299.299] ERROR    [MainThread|MainProcess] API (logger.py:error:134) | NapCatAPIError: 消息体无法解析, 请检查是否发送了不支持的消息类型
[2025-11-27 20:49:27,305.305] ERROR    [MainThread|MainProcess] API (logger.py:error:134) | NapCatAPIError: 消息体无法解析, 请检查是否发送了不支持的消息类型
[2025-11-27 20:49:27,308.308] ERROR    [MainThread|MainProcess] API (logger.py:error:134) | NapCatAPIError: 消息体无法解析, 请检查是否发送了不支持的消息类型
[2025-11-27 20:49:27,311.311] ERROR    [MainThread|MainProcess] API (logger.py:error:134) | NapCatAPIError: 消息体无法解析, 请检查是否发送了不支持的消息类型
[2025-11-27 20:49:27,314.314] ERROR    [MainThread|MainProcess] API (logger.py:error:134) | NapCatAPIError: 消息体无法解析, 请检查是否发送了不支持的消息类型
[2025-11-27 20:49:27,318.318] ERROR    [MainThread|MainProcess] API (logger.py:error:134) | NapCatAPIError: 消息体无法解析, 请检查是否发送了不支持的消息类型
[2025-11-27 20:49:27,322.322] ERROR    [MainThread|MainProcess] API (logger.py:error:134) | NapCatAPIError: 消息体无法解析, 请检查是否发送了不支持的消息类型
[2025-11-27 20:49:27,342.342] ERROR    [MainThread|MainProcess] API (logger.py:error:134) | NapCatAPIError: 消息体无法解析, 请检查是否发送了不支持的消息类型
[2025-11-27 20:49:31,434.434] INFO     [MainThread|MainProcess] root (main.py:on_group_message:40) | GroupMessageEvent(sub_type=normal, message_id=456391617, message=[Text(text="vue还是什么")], sender=GroupSender({"user_id":"1095216448", "nickname":"冰如猫", "card":"AAA.专业JavaScript史山批发小李", "role":"member"}), group_id=621893711)
[2025-11-27 20:49:31,456.456] ERROR    [MainThread|MainProcess] API (logger.py:error:134) | NapCatAPIError: 消息体无法解析, 请检查是否发送了不支持的消息类型
[2025-11-27 20:49:31,464.464] ERROR    [MainThread|MainProcess] API (logger.py:error:134) | NapCatAPIError: 消息体无法解析, 请检查是否发送了不支持的消息类型
[2025-11-27 20:49:31,468.468] ERROR    [MainThread|MainProcess] API (logger.py:error:134) | NapCatAPIError: 消息体无法解析, 请检查是否发送了不支持的消息类型
[2025-11-27 20:49:31,472.472] ERROR    [MainThread|MainProcess] API (logger.py:error:134) | NapCatAPIError: 消息体无法解析, 请检查是否发送了不支持的消息类型
[2025-11-27 20:49:31,475.475] ERROR    [MainThread|MainProcess] API (logger.py:error:134) | NapCatAPIError: 消息体无法解析, 请检查是否发送了不支持的消息类型
[2025-11-27 20:49:31,480.480] ERROR    [MainThread|MainProcess] API (logger.py:error:134) | NapCatAPIError: 消息体无法解析, 请检查是否发送了不支持的消息类型
[2025-11-27 20:49:31,482.482] ERROR    [MainThread|MainProcess] API (logger.py:error:134) | NapCatAPIError: 消息体无法解析, 请检查是否发送了不支持的消息类型
[2025-11-27 20:49:31,485.485] ERROR    [MainThread|MainProcess] API (logger.py:error:134) | NapCatAPIError: 消息体无法解析, 请检查是否发送了不支持的消息类型
[2025-11-27 20:49:31,493.493] ERROR    [MainThread|MainProcess] API (logger.py:error:134) | NapCatAPIError: 消息体无法解析, 请检查是否发送了不支持的消息类型
[2025-11-27 20:49:31,501.501] ERROR    [MainThread|MainProcess] API (logger.py:error:134) | NapCatAPIError: 消息体无法解析, 请检查是否发送了不支持的消息类型
[2025-11-27 20:49:35,853.853] INFO     [MainThread|MainProcess] root (main.py:on_group_message:40) | GroupMessageEvent(sub_type=normal, message_id=2058881379, message=[Text(text="原生？")], sender=GroupSender({"user_id":"1095216448", "nickname":"冰如猫", "card":"AAA.专业JavaScript史山批发小李", "role":"member"}), group_id=621893711)
[2025-11-27 20:49:35,915.915] ERROR    [MainThread|MainProcess] API (logger.py:error:134) | NapCatAPIError: 消息体无法解析, 请检查是否发送了不支持的消息类型
[2025-11-27 20:49:35,919.919] ERROR    [MainThread|MainProcess] API (logger.py:error:134) | NapCatAPIError: 消息体无法解析, 请检查是否发送了不支持的消息类型
[2025-11-27 20:49:35,928.928] ERROR    [MainThread|MainProcess] API (logger.py:error:134) | NapCatAPIError: 消息体无法解析, 请检查是否发送了不支持的消息类型
[2025-11-27 20:49:35,934.934] ERROR    [MainThread|MainProcess] API (logger.py:error:134) | NapCatAPIError: 消息体无法解析, 请检查是否发送了不支持的消息类型
[2025-11-27 20:49:35,957.957] ERROR    [MainThread|MainProcess] API (logger.py:error:134) | NapCatAPIError: 消息体无法解析, 请检查是否发送了不支持的消息类型
[2025-11-27 20:49:35,965.965] ERROR    [MainThread|MainProcess] API (logger.py:error:134) | NapCatAPIError: 消息体无法解析, 请检查是否发送了不支持的消息类型
[2025-11-27 20:49:35,967.967] ERROR    [MainThread|MainProcess] API (logger.py:error:134) | NapCatAPIError: 消息体无法解析, 请检查是否发送了不支持的消息类型
[2025-11-27 20:49:35,975.975] ERROR    [MainThread|MainProcess] API (logger.py:error:134) | NapCatAPIError: 消息体无法解析, 请检查是否发送了不支持的消息类型
[2025-11-27 20:49:35,978.978] ERROR    [MainThread|MainProcess] API (logger.py:error:134) | NapCatAPIError: 消息体无法解析, 请检查是否发送了不支持的消息类型
[2025-11-27 20:49:35,981.981] ERROR    [MainThread|MainProcess] API (logger.py:error:134) | NapCatAPIError: 消息体无法解析, 请检查是否发送了不支持的消息类型
[2025-11-27 20:49:37,787.787] INFO     [MainThread|MainProcess] root (main.py:on_group_message:40) | GroupMessageEvent(sub_type=normal, message_id=534364013, message=[Reply(id="949275392"), At(qq="1095216448"), Text(text=" nodejs")], sender=GroupSender({"user_id":"2161252115", "nickname":"星鸿", "card":"", "role":"admin"}), group_id=621893711)
[2025-11-27 20:49:37,794.794] ERROR    [MainThread|MainProcess] API (logger.py:error:134) | NapCatAPIError: 消息体无法解析, 请检查是否发送了不支持的消息类型
[2025-11-27 20:49:37,808.808] ERROR    [MainThread|MainProcess] API (logger.py:error:134) | NapCatAPIError: 消息体无法解析, 请检查是否发送了不支持的消息类型
[2025-11-27 20:49:37,828.828] ERROR    [MainThread|MainProcess] API (logger.py:error:134) | NapCatAPIError: 消息体无法解析, 请检查是否发送了不支持的消息类型
[2025-11-27 20:49:37,832.832] ERROR    [MainThread|MainProcess] API (logger.py:error:134) | NapCatAPIError: 消息体无法解析, 请检查是否发送了不支持的消息类型
[2025-11-27 20:49:37,834.834] ERROR    [MainThread|MainProcess] API (logger.py:error:134) | NapCatAPIError: 消息体无法解析, 请检查是否发送了不支持的消息类型
[2025-11-27 20:49:37,842.842] ERROR    [MainThread|MainProcess] API (logger.py:error:134) | NapCatAPIError: 消息体无法解析, 请检查是否发送了不支持的消息类型
[2025-11-27 20:49:37,862.862] ERROR    [MainThread|MainProcess] API (logger.py:error:134) | NapCatAPIError: 消息体无法解析, 请检查是否发送了不支持的消息类型
[2025-11-27 20:49:37,866.866] ERROR    [MainThread|MainProcess] API (logger.py:error:134) | NapCatAPIError: 消息体无法解析, 请检查是否发送了不支持的消息类型
[2025-11-27 20:49:37,869.869] ERROR    [MainThread|MainProcess] API (logger.py:error:134) | NapCatAPIError: 消息体无法解析, 请检查是否发送了不支持的消息类型
[2025-11-27 20:49:37,874.874] ERROR    [MainThread|MainProcess] API (logger.py:error:134) | NapCatAPIError: 消息体无法解析, 请检查是否发送了不支持的消息类型
[2025-11-27 20:49:47,245.245] INFO     [MainThread|MainProcess] root (main.py:on_group_message:40) | GroupMessageEvent(sub_type=normal, message_id=1942793452, message=[Reply(id="534364013"), At(qq="2161252115"), Text(text=" 听君一席话，如听一席话")], sender=GroupSender({"user_id":"1095216448", "nickname":"冰如猫", "card":"AAA.专业JavaScript史山批发小李", "role":"member"}), group_id=621893711)
[2025-11-27 20:49:47,253.253] ERROR    [MainThread|MainProcess] API (logger.py:error:134) | NapCatAPIError: 消息体无法解析, 请检查是否发送了不支持的消息类型
[2025-11-27 20:49:47,263.263] ERROR    [MainThread|MainProcess] API (logger.py:error:134) | NapCatAPIError: 消息体无法解析, 请检查是否发送了不支持的消息类型
[2025-11-27 20:49:47,270.270] ERROR    [MainThread|MainProcess] API (logger.py:error:134) | NapCatAPIError: 消息体无法解析, 请检查是否发送了不支持的消息类型
[2025-11-27 20:49:47,273.273] ERROR    [MainThread|MainProcess] API (logger.py:error:134) | NapCatAPIError: 消息体无法解析, 请检查是否发送了不支持的消息类型
[2025-11-27 20:49:47,276.276] ERROR    [MainThread|MainProcess] API (logger.py:error:134) | NapCatAPIError: 消息体无法解析, 请检查是否发送了不支持的消息类型
[2025-11-27 20:49:47,280.280] ERROR    [MainThread|MainProcess] API (logger.py:error:134) | NapCatAPIError: 消息体无法解析, 请检查是否发送了不支持的消息类型
[2025-11-27 20:49:47,284.284] ERROR    [MainThread|MainProcess] API (logger.py:error:134) | NapCatAPIError: 消息体无法解析, 请检查是否发送了不支持的消息类型
[2025-11-27 20:49:47,287.287] ERROR    [MainThread|MainProcess] API (logger.py:error:134) | NapCatAPIError: 消息体无法解析, 请检查是否发送了不支持的消息类型
[2025-11-27 20:49:47,291.291] ERROR    [MainThread|MainProcess] API (logger.py:error:134) | NapCatAPIError: 消息体无法解析, 请检查是否发送了不支持的消息类型
[2025-11-27 20:49:47,295.295] ERROR    [MainThread|MainProcess] API (logger.py:error:134) | NapCatAPIError: 消息体无法解析, 请检查是否发送了不支持的消息类型
[2025-11-27 20:49:53,903.903] INFO     [MainThread|MainProcess] root (main.py:on_group_message:40) | GroupMessageEvent(sub_type=normal, message_id=1382489954, message=[Reply(id="741438203"), At(qq="3362240349"), Text(text=" ")], sender=GroupSender({"user_id":"3356418629", "nickname":"xInheart", "card":"", "role":"member"}), group_id=577713202)
[2025-11-27 20:49:53,911.911] ERROR    [MainThread|MainProcess] API (logger.py:error:134) | NapCatAPIError: 消息体无法解析, 请检查是否发送了不支持的消息类型
[2025-11-27 20:49:53,925.925] ERROR    [MainThread|MainProcess] API (logger.py:error:134) | NapCatAPIError: 消息体无法解析, 请检查是否发送了不支持的消息类型
[2025-11-27 20:49:53,929.929] ERROR    [MainThread|MainProcess] API (logger.py:error:134) | NapCatAPIError: 消息体无法解析, 请检查是否发送了不支持的消息类型
[2025-11-27 20:49:53,933.933] ERROR    [MainThread|MainProcess] API (logger.py:error:134) | NapCatAPIError: 消息体无法解析, 请检查是否发送了不支持的消息类型
[2025-11-27 20:49:53,936.936] ERROR    [MainThread|MainProcess] API (logger.py:error:134) | NapCatAPIError: 消息体无法解析, 请检查是否发送了不支持的消息类型
[2025-11-27 20:49:53,939.939] ERROR    [MainThread|MainProcess] API (logger.py:error:134) | NapCatAPIError: 消息体无法解析, 请检查是否发送了不支持的消息类型
[2025-11-27 20:49:53,944.944] ERROR    [MainThread|MainProcess] API (logger.py:error:134) | NapCatAPIError: 消息体无法解析, 请检查是否发送了不支持的消息类型
[2025-11-27 20:49:53,947.947] ERROR    [MainThread|MainProcess] API (logger.py:error:134) | NapCatAPIError: 消息体无法解析, 请检查是否发送了不支持的消息类型
[2025-11-27 20:49:53,950.950] ERROR    [MainThread|MainProcess] API (logger.py:error:134) | NapCatAPIError: 消息体无法解析, 请检查是否发送了不支持的消息类型
[2025-11-27 20:49:53,953.953] ERROR    [MainThread|MainProcess] API (logger.py:error:134) | NapCatAPIError: 消息体无法解析, 请检查是否发送了不支持的消息类型
[2025-11-27 20:49:54,422.422] INFO     [MainThread|MainProcess] root (main.py:on_group_message:40) | GroupMessageEvent(sub_type=normal, message_id=1302828821, message=[Text(text="哇")], sender=GroupSender({"user_id":"1095216448", "nickname":"冰如猫", "card":"AAA.专业JavaScript史山批发小李", "role":"member"}), group_id=621893711)
[2025-11-27 20:49:54,428.428] ERROR    [MainThread|MainProcess] API (logger.py:error:134) | NapCatAPIError: 消息体无法解析, 请检查是否发送了不支持的消息类型
[2025-11-27 20:49:54,431.431] ERROR    [MainThread|MainProcess] API (logger.py:error:134) | NapCatAPIError: 消息体无法解析, 请检查是否发送了不支持的消息类型
[2025-11-27 20:49:54,445.445] ERROR    [MainThread|MainProcess] API (logger.py:error:134) | NapCatAPIError: 消息体无法解析, 请检查是否发送了不支持的消息类型
[2025-11-27 20:49:54,448.448] ERROR    [MainThread|MainProcess] API (logger.py:error:134) | NapCatAPIError: 消息体无法解析, 请检查是否发送了不支持的消息类型
[2025-11-27 20:49:54,450.450] ERROR    [MainThread|MainProcess] API (logger.py:error:134) | NapCatAPIError: 消息体无法解析, 请检查是否发送了不支持的消息类型
[2025-11-27 20:49:54,452.452] ERROR    [MainThread|MainProcess] API (logger.py:error:134) | NapCatAPIError: 消息体无法解析, 请检查是否发送了不支持的消息类型
[2025-11-27 20:49:54,454.454] ERROR    [MainThread|MainProcess] API (logger.py:error:134) | NapCatAPIError: 消息体无法解析, 请检查是否发送了不支持的消息类型
[2025-11-27 20:49:54,457.457] ERROR    [MainThread|MainProcess] API (logger.py:error:134) | NapCatAPIError: 消息体无法解析, 请检查是否发送了不支持的消息类型
[2025-11-27 20:49:54,460.460] ERROR    [MainThread|MainProcess] API (logger.py:error:134) | NapCatAPIError: 消息体无法解析, 请检查是否发送了不支持的消息类型
[2025-11-27 20:49:54,462.462] ERROR    [MainThread|MainProcess] API (logger.py:error:134) | NapCatAPIError: 消息体无法解析, 请检查是否发送了不支持的消息类型
[2025-11-27 20:49:58,445.445] INFO     [MainThread|MainProcess] root (main.py:on_group_message:40) | GroupMessageEvent(sub_type=normal, message_id=1794412517, message=[Text(text="这不比我强多了")], sender=GroupSender({"user_id":"3356418629", "nickname":"xInheart", "card":"", "role":"member"}), group_id=577713202)
[2025-11-27 20:49:58,452.452] ERROR    [MainThread|MainProcess] API (logger.py:error:134) | NapCatAPIError: 消息体无法解析, 请检查是否发送了不支持的消息类型
[2025-11-27 20:49:58,465.465] ERROR    [MainThread|MainProcess] API (logger.py:error:134) | NapCatAPIError: 消息体无法解析, 请检查是否发送了不支持的消息类型
[2025-11-27 20:49:58,468.468] ERROR    [MainThread|MainProcess] API (logger.py:error:134) | NapCatAPIError: 消息体无法解析, 请检查是否发送了不支持的消息类型
[2025-11-27 20:49:58,471.471] ERROR    [MainThread|MainProcess] API (logger.py:error:134) | NapCatAPIError: 消息体无法解析, 请检查是否发送了不支持的消息类型
[2025-11-27 20:49:58,473.473] ERROR    [MainThread|MainProcess] API (logger.py:error:134) | NapCatAPIError: 消息体无法解析, 请检查是否发送了不支持的消息类型
[2025-11-27 20:49:58,476.476] ERROR    [MainThread|MainProcess] API (logger.py:error:134) | NapCatAPIError: 消息体无法解析, 请检查是否发送了不支持的消息类型
[2025-11-27 20:49:58,478.478] ERROR    [MainThread|MainProcess] API (logger.py:error:134) | NapCatAPIError: 消息体无法解析, 请检查是否发送了不支持的消息类型
[2025-11-27 20:49:58,481.481] ERROR    [MainThread|MainProcess] API (logger.py:error:134) | NapCatAPIError: 消息体无法解析, 请检查是否发送了不支持的消息类型
[2025-11-27 20:49:58,483.483] ERROR    [MainThread|MainProcess] API (logger.py:error:134) | NapCatAPIError: 消息体无法解析, 请检查是否发送了不支持的消息类型
[2025-11-27 20:49:58,486.486] ERROR    [MainThread|MainProcess] API (logger.py:error:134) | NapCatAPIError: 消息体无法解析, 请检查是否发送了不支持的消息类型
[2025-11-27 20:49:59,314.314] INFO     [MainThread|MainProcess] root (main.py:on_group_message:40) | GroupMessageEvent(sub_type=normal, message_id=1132687511, message=[Text(text="宝宝你太棒了")], sender=GroupSender({"user_id":"1095216448", "nickname":"冰如猫", "card":"AAA.专业JavaScript史山批发小李", "role":"member"}), group_id=621893711)
[2025-11-27 20:49:59,331.331] ERROR    [MainThread|MainProcess] API (logger.py:error:134) | NapCatAPIError: 消息体无法解析, 请检查是否发送了不支持的消息类型
[2025-11-27 20:49:59,338.338] ERROR    [MainThread|MainProcess] API (logger.py:error:134) | NapCatAPIError: 消息体无法解析, 请检查是否发送了不支持的消息类型
[2025-11-27 20:49:59,341.341] ERROR    [MainThread|MainProcess] API (logger.py:error:134) | NapCatAPIError: 消息体无法解析, 请检查是否发送了不支持的消息类型
[2025-11-27 20:49:59,357.357] ERROR    [MainThread|MainProcess] API (logger.py:error:134) | NapCatAPIError: 消息体无法解析, 请检查是否发送了不支持的消息类型
[2025-11-27 20:49:59,359.359] ERROR    [MainThread|MainProcess] API (logger.py:error:134) | NapCatAPIError: 消息体无法解析, 请检查是否发送了不支持的消息类型
[2025-11-27 20:49:59,365.365] ERROR    [MainThread|MainProcess] API (logger.py:error:134) | NapCatAPIError: 消息体无法解析, 请检查是否发送了不支持的消息类型
[2025-11-27 20:49:59,367.367] ERROR    [MainThread|MainProcess] API (logger.py:error:134) | NapCatAPIError: 消息体无法解析, 请检查是否发送了不支持的消息类型
[2025-11-27 20:49:59,369.369] ERROR    [MainThread|MainProcess] API (logger.py:error:134) | NapCatAPIError: 消息体无法解析, 请检查是否发送了不支持的消息类型
[2025-11-27 20:49:59,371.371] ERROR    [MainThread|MainProcess] API (logger.py:error:134) | NapCatAPIError: 消息体无法解析, 请检查是否发送了不支持的消息类型
[2025-11-27 20:49:59,374.374] ERROR    [MainThread|MainProcess] API (logger.py:error:134) | NapCatAPIError: 消息体无法解析, 请检查是否发送了不支持的消息类型
[2025-11-27 20:50:07,691.691] INFO     [MainThread|MainProcess] root (main.py:on_group_message:40) | GroupMessageEvent(sub_type=normal, message_id=301127753, message=[Face(id="424", faceText="[表情]"), Face(id="424", faceText="[表情]")], sender=GroupSender({"user_id":"3356418629", "nickname":"xInheart", "card":"", "role":"member"}), group_id=577713202)
[2025-11-27 20:50:07,787.787] ERROR    [MainThread|MainProcess] API (logger.py:error:134) | NapCatAPIError: 消息体无法解析, 请检查是否发送了不支持的消息类型
[2025-11-27 20:50:07,792.792] ERROR    [MainThread|MainProcess] API (logger.py:error:134) | NapCatAPIError: 消息体无法解析, 请检查是否发送了不支持的消息类型
[2025-11-27 20:50:07,818.818] ERROR    [MainThread|MainProcess] API (logger.py:error:134) | NapCatAPIError: 消息体无法解析, 请检查是否发送了不支持的消息类型
[2025-11-27 20:50:07,892.892] ERROR    [MainThread|MainProcess] API (logger.py:error:134) | NapCatAPIError: 消息体无法解析, 请检查是否发送了不支持的消息类型
[2025-11-27 20:50:07,900.900] ERROR    [MainThread|MainProcess] API (logger.py:error:134) | NapCatAPIError: 消息体无法解析, 请检查是否发送了不支持的消息类型
[2025-11-27 20:50:07,903.903] ERROR    [MainThread|MainProcess] API (logger.py:error:134) | NapCatAPIError: 消息体无法解析, 请检查是否发送了不支持的消息类型
[2025-11-27 20:50:07,924.924] ERROR    [MainThread|MainProcess] API (logger.py:error:134) | NapCatAPIError: 消息体无法解析, 请检查是否发送了不支持的消息类型
[2025-11-27 20:50:07,927.927] ERROR    [MainThread|MainProcess] API (logger.py:error:134) | NapCatAPIError: 消息体无法解析, 请检查是否发送了不支持的消息类型
[2025-11-27 20:50:07,930.930] ERROR    [MainThread|MainProcess] API (logger.py:error:134) | NapCatAPIError: 消息体无法解析, 请检查是否发送了不支持的消息类型
[2025-11-27 20:50:07,932.932] ERROR    [MainThread|MainProcess] API (logger.py:error:134) | NapCatAPIError: 消息体无法解析, 请检查是否发送了不支持的消息类型
[2025-11-27 20:50:42,923.923] INFO     [MainThread|MainProcess] root (main.py:on_group_message:40) | GroupMessageEvent(sub_type=normal, message_id=1072321968, message=[Text(text="可能后端API是用nodejs写的")], sender=GroupSender({"user_id":"3499144051", "nickname":"voyage200 🥤", "card":"", "role":"member"}), group_id=621893711)
[2025-11-27 20:50:42,928.928] ERROR    [MainThread|MainProcess] API (logger.py:error:134) | NapCatAPIError: 消息体无法解析, 请检查是否发送了不支持的消息类型
[2025-11-27 20:50:42,968.968] ERROR    [MainThread|MainProcess] API (logger.py:error:134) | NapCatAPIError: 消息体无法解析, 请检查是否发送了不支持的消息类型
[2025-11-27 20:50:43,006.006] ERROR    [MainThread|MainProcess] API (logger.py:error:134) | NapCatAPIError: 消息体无法解析, 请检查是否发送了不支持的消息类型
[2025-11-27 20:50:43,026.026] ERROR    [MainThread|MainProcess] API (logger.py:error:134) | NapCatAPIError: 消息体无法解析, 请检查是否发送了不支持的消息类型
[2025-11-27 20:50:43,029.029] ERROR    [MainThread|MainProcess] API (logger.py:error:134) | NapCatAPIError: 消息体无法解析, 请检查是否发送了不支持的消息类型
[2025-11-27 20:50:43,035.035] ERROR    [MainThread|MainProcess] API (logger.py:error:134) | NapCatAPIError: 消息体无法解析, 请检查是否发送了不支持的消息类型
[2025-11-27 20:50:43,037.037] ERROR    [MainThread|MainProcess] API (logger.py:error:134) | NapCatAPIError: 消息体无法解析, 请检查是否发送了不支持的消息类型
[2025-11-27 20:50:43,040.040] ERROR    [MainThread|MainProcess] API (logger.py:error:134) | NapCatAPIError: 消息体无法解析, 请检查是否发送了不支持的消息类型
[2025-11-27 20:50:43,042.042] ERROR    [MainThread|MainProcess] API (logger.py:error:134) | NapCatAPIError: 消息体无法解析, 请检查是否发送了不支持的消息类型
[2025-11-27 20:50:43,048.048] ERROR    [MainThread|MainProcess] API (logger.py:error:134) | NapCatAPIError: 消息体无法解析, 请检查是否发送了不支持的消息类型
[2025-11-27 20:50:52,552.552] INFO     [MainThread|MainProcess] root (main.py:on_group_message:40) | GroupMessageEvent(sub_type=normal, message_id=2123352658, message=[Text(text="哦")], sender=GroupSender({"user_id":"1095216448", "nickname":"冰如猫", "card":"AAA.专业JavaScript史山批发小李", "role":"member"}), group_id=621893711)
[2025-11-27 20:50:52,574.574] ERROR    [MainThread|MainProcess] API (logger.py:error:134) | NapCatAPIError: 消息体无法解析, 请检查是否发送了不支持的消息类型
[2025-11-27 20:50:52,588.588] ERROR    [MainThread|MainProcess] API (logger.py:error:134) | NapCatAPIError: 消息体无法解析, 请检查是否发送了不支持的消息类型
[2025-11-27 20:50:52,594.594] ERROR    [MainThread|MainProcess] API (logger.py:error:134) | NapCatAPIError: 消息体无法解析, 请检查是否发送了不支持的消息类型
[2025-11-27 20:50:52,598.598] ERROR    [MainThread|MainProcess] API (logger.py:error:134) | NapCatAPIError: 消息体无法解析, 请检查是否发送了不支持的消息类型
[2025-11-27 20:50:52,603.603] ERROR    [MainThread|MainProcess] API (logger.py:error:134) | NapCatAPIError: 消息体无法解析, 请检查是否发送了不支持的消息类型
[2025-11-27 20:50:52,608.608] ERROR    [MainThread|MainProcess] API (logger.py:error:134) | NapCatAPIError: 消息体无法解析, 请检查是否发送了不支持的消息类型
[2025-11-27 20:50:52,610.610] ERROR    [MainThread|MainProcess] API (logger.py:error:134) | NapCatAPIError: 消息体无法解析, 请检查是否发送了不支持的消息类型
[2025-11-27 20:50:52,614.614] ERROR    [MainThread|MainProcess] API (logger.py:error:134) | NapCatAPIError: 消息体无法解析, 请检查是否发送了不支持的消息类型
[2025-11-27 20:50:52,627.627] ERROR    [MainThread|MainProcess] API (logger.py:error:134) | NapCatAPIError: 消息体无法解析, 请检查是否发送了不支持的消息类型
[2025-11-27 20:50:52,646.646] ERROR    [MainThread|MainProcess] API (logger.py:error:134) | NapCatAPIError: 消息体无法解析, 请检查是否发送了不支持的消息类型
[2025-11-27 20:51:06,576.576] INFO     [MainThread|MainProcess] root (main.py:on_group_message:40) | GroupMessageEvent(sub_type=normal, message_id=700394828, message=[Text(text="我问的是网站")], sender=GroupSender({"user_id":"1095216448", "nickname":"冰如猫", "card":"AAA.专业JavaScript史山批发小李", "role":"member"}), group_id=621893711)
[2025-11-27 20:51:06,599.599] ERROR    [MainThread|MainProcess] API (logger.py:error:134) | NapCatAPIError: 消息体无法解析, 请检查是否发送了不支持的消息类型
[2025-11-27 20:51:06,616.616] ERROR    [MainThread|MainProcess] API (logger.py:error:134) | NapCatAPIError: 消息体无法解析, 请检查是否发送了不支持的消息类型
[2025-11-27 20:51:06,632.632] ERROR    [MainThread|MainProcess] API (logger.py:error:134) | NapCatAPIError: 消息体无法解析, 请检查是否发送了不支持的消息类型
[2025-11-27 20:51:06,644.644] ERROR    [MainThread|MainProcess] API (logger.py:error:134) | NapCatAPIError: 消息体无法解析, 请检查是否发送了不支持的消息类型
[2025-11-27 20:51:06,660.660] ERROR    [MainThread|MainProcess] API (logger.py:error:134) | NapCatAPIError: 消息体无法解析, 请检查是否发送了不支持的消息类型
[2025-11-27 20:51:06,663.663] ERROR    [MainThread|MainProcess] API (logger.py:error:134) | NapCatAPIError: 消息体无法解析, 请检查是否发送了不支持的消息类型
[2025-11-27 20:51:06,672.672] ERROR    [MainThread|MainProcess] API (logger.py:error:134) | NapCatAPIError: 消息体无法解析, 请检查是否发送了不支持的消息类型
[2025-11-27 20:51:06,676.676] ERROR    [MainThread|MainProcess] API (logger.py:error:134) | NapCatAPIError: 消息体无法解析, 请检查是否发送了不支持的消息类型
[2025-11-27 20:51:06,679.679] ERROR    [MainThread|MainProcess] API (logger.py:error:134) | NapCatAPIError: 消息体无法解析, 请检查是否发送了不支持的消息类型
[2025-11-27 20:51:06,687.687] ERROR    [MainThread|MainProcess] API (logger.py:error:134) | NapCatAPIError: 消息体无法解析, 请检查是否发送了不支持的消息类型
[2025-11-27 20:51:07,079.079] INFO     [MainThread|MainProcess] root (main.py:on_group_message:40) | GroupMessageEvent(sub_type=normal, message_id=1893341525, message=[Text(text="何意味")], sender=GroupSender({"user_id":"2716692964", "nickname":"反初音未来", "card":"AAA屎山批发反初音未来", "role":"admin"}), group_id=621893711)
[2025-11-27 20:51:07,084.084] ERROR    [MainThread|MainProcess] API (logger.py:error:134) | NapCatAPIError: 消息体无法解析, 请检查是否发送了不支持的消息类型
[2025-11-27 20:51:07,088.088] ERROR    [MainThread|MainProcess] API (logger.py:error:134) | NapCatAPIError: 消息体无法解析, 请检查是否发送了不支持的消息类型
[2025-11-27 20:51:07,091.091] ERROR    [MainThread|MainProcess] API (logger.py:error:134) | NapCatAPIError: 消息体无法解析, 请检查是否发送了不支持的消息类型
[2025-11-27 20:51:07,099.099] ERROR    [MainThread|MainProcess] API (logger.py:error:134) | NapCatAPIError: 消息体无法解析, 请检查是否发送了不支持的消息类型
[2025-11-27 20:51:07,102.102] ERROR    [MainThread|MainProcess] API (logger.py:error:134) | NapCatAPIError: 消息体无法解析, 请检查是否发送了不支持的消息类型
[2025-11-27 20:51:07,105.105] ERROR    [MainThread|MainProcess] API (logger.py:error:134) | NapCatAPIError: 消息体无法解析, 请检查是否发送了不支持的消息类型
[2025-11-27 20:51:07,107.107] ERROR    [MainThread|MainProcess] API (logger.py:error:134) | NapCatAPIError: 消息体无法解析, 请检查是否发送了不支持的消息类型
[2025-11-27 20:51:07,109.109] ERROR    [MainThread|MainProcess] API (logger.py:error:134) | NapCatAPIError: 消息体无法解析, 请检查是否发送了不支持的消息类型
[2025-11-27 20:51:07,112.112] ERROR    [MainThread|MainProcess] API (logger.py:error:134) | NapCatAPIError: 消息体无法解析, 请检查是否发送了不支持的消息类型
[2025-11-27 20:51:07,114.114] ERROR    [MainThread|MainProcess] API (logger.py:error:134) | NapCatAPIError: 消息体无法解析, 请检查是否发送了不支持的消息类型
[2025-11-27 20:51:29,521.521] INFO     [MainThread|MainProcess] root (main.py:on_group_message:40) | GroupMessageEvent(sub_type=normal, message_id=1116527561, message=[Text(text="意味何")], sender=GroupSender({"user_id":"1095216448", "nickname":"冰如猫", "card":"AAA.专业JavaScript史山批发小李", "role":"member"}), group_id=621893711)
[2025-11-27 20:51:29,536.536] ERROR    [MainThread|MainProcess] API (logger.py:error:134) | NapCatAPIError: 消息体无法解析, 请检查是否发送了不支持的消息类型
[2025-11-27 20:51:29,544.544] ERROR    [MainThread|MainProcess] API (logger.py:error:134) | NapCatAPIError: 消息体无法解析, 请检查是否发送了不支持的消息类型
[2025-11-27 20:51:29,547.547] ERROR    [MainThread|MainProcess] API (logger.py:error:134) | NapCatAPIError: 消息体无法解析, 请检查是否发送了不支持的消息类型
[2025-11-27 20:51:29,552.552] ERROR    [MainThread|MainProcess] API (logger.py:error:134) | NapCatAPIError: 消息体无法解析, 请检查是否发送了不支持的消息类型
[2025-11-27 20:51:29,554.554] ERROR    [MainThread|MainProcess] API (logger.py:error:134) | NapCatAPIError: 消息体无法解析, 请检查是否发送了不支持的消息类型
[2025-11-27 20:51:29,557.557] ERROR    [MainThread|MainProcess] API (logger.py:error:134) | NapCatAPIError: 消息体无法解析, 请检查是否发送了不支持的消息类型
[2025-11-27 20:51:29,559.559] ERROR    [MainThread|MainProcess] API (logger.py:error:134) | NapCatAPIError: 消息体无法解析, 请检查是否发送了不支持的消息类型
[2025-11-27 20:51:29,561.561] ERROR    [MainThread|MainProcess] API (logger.py:error:134) | NapCatAPIError: 消息体无法解析, 请检查是否发送了不支持的消息类型
[2025-11-27 20:51:29,562.562] ERROR    [MainThread|MainProcess] API (logger.py:error:134) | NapCatAPIError: 消息体无法解析, 请检查是否发送了不支持的消息类型
[2025-11-27 20:51:29,576.576] ERROR    [MainThread|MainProcess] API (logger.py:error:134) | NapCatAPIError: 消息体无法解析, 请检查是否发送了不支持的消息类型
[2025-11-27 20:53:08,867.867] INFO     [MainThread|MainProcess] root (main.py:on_group_message:40) | GroupMessageEvent(sub_type=normal, message_id=84323057, message=[Reply(id="700394828"), At(qq="1095216448"), Text(text=" 网站运行只需要nodejs环境")], sender=GroupSender({"user_id":"2161252115", "nickname":"星鸿", "card":"", "role":"admin"}), group_id=621893711)
[2025-11-27 20:53:08,874.874] ERROR    [MainThread|MainProcess] API (logger.py:error:134) | NapCatAPIError: 消息体无法解析, 请检查是否发送了不支持的消息类型
[2025-11-27 20:53:08,887.887] ERROR    [MainThread|MainProcess] API (logger.py:error:134) | NapCatAPIError: 消息体无法解析, 请检查是否发送了不支持的消息类型
[2025-11-27 20:53:08,900.900] ERROR    [MainThread|MainProcess] API (logger.py:error:134) | NapCatAPIError: 消息体无法解析, 请检查是否发送了不支持的消息类型
[2025-11-27 20:53:08,908.908] ERROR    [MainThread|MainProcess] API (logger.py:error:134) | NapCatAPIError: 消息体无法解析, 请检查是否发送了不支持的消息类型
[2025-11-27 20:53:08,912.912] ERROR    [MainThread|MainProcess] API (logger.py:error:134) | NapCatAPIError: 消息体无法解析, 请检查是否发送了不支持的消息类型
[2025-11-27 20:53:08,944.944] ERROR    [MainThread|MainProcess] API (logger.py:error:134) | NapCatAPIError: 消息体无法解析, 请检查是否发送了不支持的消息类型
[2025-11-27 20:53:09,006.006] ERROR    [MainThread|MainProcess] API (logger.py:error:134) | NapCatAPIError: 消息体无法解析, 请检查是否发送了不支持的消息类型
[2025-11-27 20:53:09,015.015] ERROR    [MainThread|MainProcess] API (logger.py:error:134) | NapCatAPIError: 消息体无法解析, 请检查是否发送了不支持的消息类型
[2025-11-27 20:53:09,019.019] ERROR    [MainThread|MainProcess] API (logger.py:error:134) | NapCatAPIError: 消息体无法解析, 请检查是否发送了不支持的消息类型
[2025-11-27 20:53:09,021.021] ERROR    [MainThread|MainProcess] API (logger.py:error:134) | NapCatAPIError: 消息体无法解析, 请检查是否发送了不支持的消息类型
[2025-11-27 20:53:47,074.074] INFO     [MainThread|MainProcess] root (main.py:on_group_message:40) | GroupMessageEvent(sub_type=normal, message_id=1255246757, message=[Reply(id="84323057"), At(qq="2161252115"), Text(text=" 我问你什么框架")], sender=GroupSender({"user_id":"1095216448", "nickname":"冰如猫", "card":"AAA.专业JavaScript史山批发小李", "role":"member"}), group_id=621893711)
[2025-11-27 20:53:47,079.079] ERROR    [MainThread|MainProcess] API (logger.py:error:134) | NapCatAPIError: 消息体无法解析, 请检查是否发送了不支持的消息类型
[2025-11-27 20:53:47,093.093] ERROR    [MainThread|MainProcess] API (logger.py:error:134) | NapCatAPIError: 消息体无法解析, 请检查是否发送了不支持的消息类型
[2025-11-27 20:53:47,096.096] ERROR    [MainThread|MainProcess] API (logger.py:error:134) | NapCatAPIError: 消息体无法解析, 请检查是否发送了不支持的消息类型
[2025-11-27 20:53:47,099.099] ERROR    [MainThread|MainProcess] API (logger.py:error:134) | NapCatAPIError: 消息体无法解析, 请检查是否发送了不支持的消息类型
[2025-11-27 20:53:47,101.101] ERROR    [MainThread|MainProcess] API (logger.py:error:134) | NapCatAPIError: 消息体无法解析, 请检查是否发送了不支持的消息类型
[2025-11-27 20:53:47,103.103] ERROR    [MainThread|MainProcess] API (logger.py:error:134) | NapCatAPIError: 消息体无法解析, 请检查是否发送了不支持的消息类型
[2025-11-27 20:53:47,105.105] ERROR    [MainThread|MainProcess] API (logger.py:error:134) | NapCatAPIError: 消息体无法解析, 请检查是否发送了不支持的消息类型
[2025-11-27 20:53:47,108.108] ERROR    [MainThread|MainProcess] API (logger.py:error:134) | NapCatAPIError: 消息体无法解析, 请检查是否发送了不支持的消息类型
[2025-11-27 20:53:47,111.111] ERROR    [MainThread|MainProcess] API (logger.py:error:134) | NapCatAPIError: 消息体无法解析, 请检查是否发送了不支持的消息类型
[2025-11-27 20:53:47,113.113] ERROR    [MainThread|MainProcess] API (logger.py:error:134) | NapCatAPIError: 消息体无法解析, 请检查是否发送了不支持的消息类型
[2025-11-27 20:53:52,932.932] INFO     [MainThread|MainProcess] root (main.py:on_group_message:40) | GroupMessageEvent(sub_type=normal, message_id=70970254, message=[Text(text="原生还是什么")], sender=GroupSender({"user_id":"1095216448", "nickname":"冰如猫", "card":"AAA.专业JavaScript史山批发小李", "role":"member"}), group_id=621893711)
[2025-11-27 20:53:52,956.956] ERROR    [MainThread|MainProcess] API (logger.py:error:134) | NapCatAPIError: 消息体无法解析, 请检查是否发送了不支持的消息类型
[2025-11-27 20:53:52,976.976] ERROR    [MainThread|MainProcess] API (logger.py:error:134) | NapCatAPIError: 消息体无法解析, 请检查是否发送了不支持的消息类型
[2025-11-27 20:53:52,990.990] ERROR    [MainThread|MainProcess] API (logger.py:error:134) | NapCatAPIError: 消息体无法解析, 请检查是否发送了不支持的消息类型
[2025-11-27 20:53:53,017.017] ERROR    [MainThread|MainProcess] API (logger.py:error:134) | NapCatAPIError: 消息体无法解析, 请检查是否发送了不支持的消息类型
[2025-11-27 20:53:53,026.026] ERROR    [MainThread|MainProcess] API (logger.py:error:134) | NapCatAPIError: 消息体无法解析, 请检查是否发送了不支持的消息类型
[2025-11-27 20:53:53,030.030] ERROR    [MainThread|MainProcess] API (logger.py:error:134) | NapCatAPIError: 消息体无法解析, 请检查是否发送了不支持的消息类型
[2025-11-27 20:53:53,033.033] ERROR    [MainThread|MainProcess] API (logger.py:error:134) | NapCatAPIError: 消息体无法解析, 请检查是否发送了不支持的消息类型
[2025-11-27 20:53:53,037.037] ERROR    [MainThread|MainProcess] API (logger.py:error:134) | NapCatAPIError: 消息体无法解析, 请检查是否发送了不支持的消息类型
[2025-11-27 20:53:53,042.042] ERROR    [MainThread|MainProcess] API (logger.py:error:134) | NapCatAPIError: 消息体无法解析, 请检查是否发送了不支持的消息类型
[2025-11-27 20:53:53,045.045] ERROR    [MainThread|MainProcess] API (logger.py:error:134) | NapCatAPIError: 消息体无法解析, 请检查是否发送了不支持的消息类型
[2025-11-27 20:54:10,188.188] INFO     [MainThread|MainProcess] root (main.py:on_group_message:40) | GroupMessageEvent(sub_type=normal, message_id=1058308005, message=[Text(text="目前没用")], sender=GroupSender({"user_id":"2161252115", "nickname":"星鸿", "card":"", "role":"admin"}), group_id=621893711)
[2025-11-27 20:54:10,191.191] ERROR    [MainThread|MainProcess] API (logger.py:error:134) | NapCatAPIError: 消息体无法解析, 请检查是否发送了不支持的消息类型
[2025-11-27 20:54:10,221.221] ERROR    [MainThread|MainProcess] API (logger.py:error:134) | NapCatAPIError: 消息体无法解析, 请检查是否发送了不支持的消息类型
[2025-11-27 20:54:10,237.237] ERROR    [MainThread|MainProcess] API (logger.py:error:134) | NapCatAPIError: 消息体无法解析, 请检查是否发送了不支持的消息类型
[2025-11-27 20:54:10,257.257] ERROR    [MainThread|MainProcess] API (logger.py:error:134) | NapCatAPIError: 消息体无法解析, 请检查是否发送了不支持的消息类型
[2025-11-27 20:54:10,265.265] ERROR    [MainThread|MainProcess] API (logger.py:error:134) | NapCatAPIError: 消息体无法解析, 请检查是否发送了不支持的消息类型
[2025-11-27 20:54:10,268.268] ERROR    [MainThread|MainProcess] API (logger.py:error:134) | NapCatAPIError: 消息体无法解析, 请检查是否发送了不支持的消息类型
[2025-11-27 20:54:10,271.271] ERROR    [MainThread|MainProcess] API (logger.py:error:134) | NapCatAPIError: 消息体无法解析, 请检查是否发送了不支持的消息类型
[2025-11-27 20:54:10,274.274] ERROR    [MainThread|MainProcess] API (logger.py:error:134) | NapCatAPIError: 消息体无法解析, 请检查是否发送了不支持的消息类型
[2025-11-27 20:54:10,278.278] ERROR    [MainThread|MainProcess] API (logger.py:error:134) | NapCatAPIError: 消息体无法解析, 请检查是否发送了不支持的消息类型
[2025-11-27 20:54:10,282.282] ERROR    [MainThread|MainProcess] API (logger.py:error:134) | NapCatAPIError: 消息体无法解析, 请检查是否发送了不支持的消息类型
[2025-11-27 20:54:21,534.534] INFO     [MainThread|MainProcess] root (main.py:on_group_message:40) | GroupMessageEvent(sub_type=normal, message_id=1868623929, message=[Text(text="那就是原生呗")], sender=GroupSender({"user_id":"1095216448", "nickname":"冰如猫", "card":"AAA.专业JavaScript史山批发小李", "role":"member"}), group_id=621893711)
[2025-11-27 20:54:21,545.545] ERROR    [MainThread|MainProcess] API (logger.py:error:134) | NapCatAPIError: 消息体无法解析, 请检查是否发送了不支持的消息类型
[2025-11-27 20:54:21,563.563] ERROR    [MainThread|MainProcess] API (logger.py:error:134) | NapCatAPIError: 消息体无法解析, 请检查是否发送了不支持的消息类型
[2025-11-27 20:54:21,566.566] ERROR    [MainThread|MainProcess] API (logger.py:error:134) | NapCatAPIError: 消息体无法解析, 请检查是否发送了不支持的消息类型
[2025-11-27 20:54:21,570.570] ERROR    [MainThread|MainProcess] API (logger.py:error:134) | NapCatAPIError: 消息体无法解析, 请检查是否发送了不支持的消息类型
[2025-11-27 20:54:21,578.578] ERROR    [MainThread|MainProcess] API (logger.py:error:134) | NapCatAPIError: 消息体无法解析, 请检查是否发送了不支持的消息类型
[2025-11-27 20:54:21,581.581] ERROR    [MainThread|MainProcess] API (logger.py:error:134) | NapCatAPIError: 消息体无法解析, 请检查是否发送了不支持的消息类型
[2025-11-27 20:54:21,584.584] ERROR    [MainThread|MainProcess] API (logger.py:error:134) | NapCatAPIError: 消息体无法解析, 请检查是否发送了不支持的消息类型
[2025-11-27 20:54:21,593.593] ERROR    [MainThread|MainProcess] API (logger.py:error:134) | NapCatAPIError: 消息体无法解析, 请检查是否发送了不支持的消息类型
[2025-11-27 20:54:21,625.625] ERROR    [MainThread|MainProcess] API (logger.py:error:134) | NapCatAPIError: 消息体无法解析, 请检查是否发送了不支持的消息类型
[2025-11-27 20:54:21,629.629] ERROR    [MainThread|MainProcess] API (logger.py:error:134) | NapCatAPIError: 消息体无法解析, 请检查是否发送了不支持的消息类型
[2025-11-27 20:54:32,929.929] INFO     [MainThread|MainProcess] root (main.py:on_group_message:40) | GroupMessageEvent(sub_type=normal, message_id=156786072, message=[Text(text="用vue吧")], sender=GroupSender({"user_id":"1095216448", "nickname":"冰如猫", "card":"AAA.专业JavaScript史山批发小李", "role":"member"}), group_id=621893711)
[2025-11-27 20:54:32,949.949] ERROR    [MainThread|MainProcess] API (logger.py:error:134) | NapCatAPIError: 消息体无法解析, 请检查是否发送了不支持的消息类型
[2025-11-27 20:54:32,967.967] ERROR    [MainThread|MainProcess] API (logger.py:error:134) | NapCatAPIError: 消息体无法解析, 请检查是否发送了不支持的消息类型
[2025-11-27 20:54:32,971.971] ERROR    [MainThread|MainProcess] API (logger.py:error:134) | NapCatAPIError: 消息体无法解析, 请检查是否发送了不支持的消息类型
[2025-11-27 20:54:32,975.975] ERROR    [MainThread|MainProcess] API (logger.py:error:134) | NapCatAPIError: 消息体无法解析, 请检查是否发送了不支持的消息类型
[2025-11-27 20:54:32,985.985] ERROR    [MainThread|MainProcess] API (logger.py:error:134) | NapCatAPIError: 消息体无法解析, 请检查是否发送了不支持的消息类型
[2025-11-27 20:54:32,988.988] ERROR    [MainThread|MainProcess] API (logger.py:error:134) | NapCatAPIError: 消息体无法解析, 请检查是否发送了不支持的消息类型
[2025-11-27 20:54:33,015.015] ERROR    [MainThread|MainProcess] API (logger.py:error:134) | NapCatAPIError: 消息体无法解析, 请检查是否发送了不支持的消息类型
[2025-11-27 20:54:33,023.023] ERROR    [MainThread|MainProcess] API (logger.py:error:134) | NapCatAPIError: 消息体无法解析, 请检查是否发送了不支持的消息类型
[2025-11-27 20:54:33,027.027] ERROR    [MainThread|MainProcess] API (logger.py:error:134) | NapCatAPIError: 消息体无法解析, 请检查是否发送了不支持的消息类型
[2025-11-27 20:54:33,032.032] ERROR    [MainThread|MainProcess] API (logger.py:error:134) | NapCatAPIError: 消息体无法解析, 请检查是否发送了不支持的消息类型
[2025-11-27 20:54:50,460.460] INFO     [MainThread|MainProcess] root (main.py:on_group_message:40) | GroupMessageEvent(sub_type=normal, message_id=1711319050, message=[Text(text="原生写起来太麻烦了")], sender=GroupSender({"user_id":"1095216448", "nickname":"冰如猫", "card":"AAA.专业JavaScript史山批发小李", "role":"member"}), group_id=621893711)
[2025-11-27 20:54:50,483.483] ERROR    [MainThread|MainProcess] API (logger.py:error:134) | NapCatAPIError: 消息体无法解析, 请检查是否发送了不支持的消息类型
[2025-11-27 20:54:50,494.494] ERROR    [MainThread|MainProcess] API (logger.py:error:134) | NapCatAPIError: 消息体无法解析, 请检查是否发送了不支持的消息类型
[2025-11-27 20:54:50,511.511] ERROR    [MainThread|MainProcess] API (logger.py:error:134) | NapCatAPIError: 消息体无法解析, 请检查是否发送了不支持的消息类型
[2025-11-27 20:54:50,604.604] ERROR    [MainThread|MainProcess] API (logger.py:error:134) | NapCatAPIError: 消息体无法解析, 请检查是否发送了不支持的消息类型
[2025-11-27 20:54:50,609.609] ERROR    [MainThread|MainProcess] API (logger.py:error:134) | NapCatAPIError: 消息体无法解析, 请检查是否发送了不支持的消息类型
[2025-11-27 20:54:50,650.650] ERROR    [MainThread|MainProcess] API (logger.py:error:134) | NapCatAPIError: 消息体无法解析, 请检查是否发送了不支持的消息类型
[2025-11-27 20:54:50,660.660] ERROR    [MainThread|MainProcess] API (logger.py:error:134) | NapCatAPIError: 消息体无法解析, 请检查是否发送了不支持的消息类型
[2025-11-27 20:54:50,687.687] ERROR    [MainThread|MainProcess] API (logger.py:error:134) | NapCatAPIError: 消息体无法解析, 请检查是否发送了不支持的消息类型
[2025-11-27 20:54:50,693.693] ERROR    [MainThread|MainProcess] API (logger.py:error:134) | NapCatAPIError: 消息体无法解析, 请检查是否发送了不支持的消息类型
[2025-11-27 20:54:50,697.697] ERROR    [MainThread|MainProcess] API (logger.py:error:134) | NapCatAPIError: 消息体无法解析, 请检查是否发送了不支持的消息类型
[2025-11-27 20:55:44,280.280] INFO     [MainThread|MainProcess] root (main.py:on_group_message:40) | GroupMessageEvent(sub_type=normal, message_id=417226208, message=[Reply(id="1868623929"), At(qq="1095216448"), Text(text=" 不确定会用到啥，看后续具体要实现啥再说（")], sender=GroupSender({"user_id":"2161252115", "nickname":"星鸿", "card":"", "role":"admin"}), group_id=621893711)
[2025-11-27 20:55:44,293.293] ERROR    [MainThread|MainProcess] API (logger.py:error:134) | NapCatAPIError: 消息体无法解析, 请检查是否发送了不支持的消息类型
[2025-11-27 20:55:45,275.275] ERROR    [MainThread|MainProcess] API (logger.py:error:134) | NapCatAPIError: 消息体无法解析, 请检查是否发送了不支持的消息类型
[2025-11-27 20:55:45,281.281] ERROR    [MainThread|MainProcess] API (logger.py:error:134) | NapCatAPIError: 消息体无法解析, 请检查是否发送了不支持的消息类型
[2025-11-27 20:55:45,296.296] ERROR    [MainThread|MainProcess] API (logger.py:error:134) | NapCatAPIError: 消息体无法解析, 请检查是否发送了不支持的消息类型
[2025-11-27 20:55:45,298.298] ERROR    [MainThread|MainProcess] API (logger.py:error:134) | NapCatAPIError: 消息体无法解析, 请检查是否发送了不支持的消息类型
[2025-11-27 20:55:45,303.303] ERROR    [MainThread|MainProcess] API (logger.py:error:134) | NapCatAPIError: 消息体无法解析, 请检查是否发送了不支持的消息类型
[2025-11-27 20:55:45,306.306] ERROR    [MainThread|MainProcess] API (logger.py:error:134) | NapCatAPIError: 消息体无法解析, 请检查是否发送了不支持的消息类型
[2025-11-27 20:55:45,308.308] ERROR    [MainThread|MainProcess] API (logger.py:error:134) | NapCatAPIError: 消息体无法解析, 请检查是否发送了不支持的消息类型
[2025-11-27 20:55:45,312.312] ERROR    [MainThread|MainProcess] API (logger.py:error:134) | NapCatAPIError: 消息体无法解析, 请检查是否发送了不支持的消息类型
[2025-11-27 20:56:03,549.549] INFO     [MainThread|MainProcess] root (main.py:on_group_message:40) | GroupMessageEvent(sub_type=normal, message_id=37065077, message=[Text(text="这么说吧")], sender=GroupSender({"user_id":"1095216448", "nickname":"冰如猫", "card":"AAA.专业JavaScript史山批发小李", "role":"member"}), group_id=621893711)
[2025-11-27 20:56:03,562.562] ERROR    [MainThread|MainProcess] API (logger.py:error:134) | NapCatAPIError: 消息体无法解析, 请检查是否发送了不支持的消息类型
[2025-11-27 20:56:03,572.572] ERROR    [MainThread|MainProcess] API (logger.py:error:134) | NapCatAPIError: 消息体无法解析, 请检查是否发送了不支持的消息类型
[2025-11-27 20:56:03,582.582] ERROR    [MainThread|MainProcess] API (logger.py:error:134) | NapCatAPIError: 消息体无法解析, 请检查是否发送了不支持的消息类型
[2025-11-27 20:56:03,591.591] ERROR    [MainThread|MainProcess] API (logger.py:error:134) | NapCatAPIError: 消息体无法解析, 请检查是否发送了不支持的消息类型
[2025-11-27 20:56:03,594.594] ERROR    [MainThread|MainProcess] API (logger.py:error:134) | NapCatAPIError: 消息体无法解析, 请检查是否发送了不支持的消息类型
[2025-11-27 20:56:03,597.597] ERROR    [MainThread|MainProcess] API (logger.py:error:134) | NapCatAPIError: 消息体无法解析, 请检查是否发送了不支持的消息类型
[2025-11-27 20:56:03,599.599] ERROR    [MainThread|MainProcess] API (logger.py:error:134) | NapCatAPIError: 消息体无法解析, 请检查是否发送了不支持的消息类型
[2025-11-27 20:56:03,620.620] ERROR    [MainThread|MainProcess] API (logger.py:error:134) | NapCatAPIError: 消息体无法解析, 请检查是否发送了不支持的消息类型
[2025-11-27 20:56:03,642.642] ERROR    [MainThread|MainProcess] API (logger.py:error:134) | NapCatAPIError: 消息体无法解析, 请检查是否发送了不支持的消息类型
[2025-11-27 20:56:03,648.648] ERROR    [MainThread|MainProcess] API (logger.py:error:134) | NapCatAPIError: 消息体无法解析, 请检查是否发送了不支持的消息类型
[2025-11-27 20:56:03,969.969] INFO     [MainThread|MainProcess] root (main.py:on_group_message:40) | GroupMessageEvent(sub_type=normal, message_id=1628988262, message=[Text(text="api后端其实是C#")], sender=GroupSender({"user_id":"2161252115", "nickname":"星鸿", "card":"", "role":"admin"}), group_id=621893711)
[2025-11-27 20:56:03,977.977] ERROR    [MainThread|MainProcess] API (logger.py:error:134) | NapCatAPIError: 消息体无法解析, 请检查是否发送了不支持的消息类型
[2025-11-27 20:56:03,982.982] ERROR    [MainThread|MainProcess] API (logger.py:error:134) | NapCatAPIError: 消息体无法解析, 请检查是否发送了不支持的消息类型
[2025-11-27 20:56:03,986.986] ERROR    [MainThread|MainProcess] API (logger.py:error:134) | NapCatAPIError: 消息体无法解析, 请检查是否发送了不支持的消息类型
[2025-11-27 20:56:03,992.992] ERROR    [MainThread|MainProcess] API (logger.py:error:134) | NapCatAPIError: 消息体无法解析, 请检查是否发送了不支持的消息类型
[2025-11-27 20:56:03,997.997] ERROR    [MainThread|MainProcess] API (logger.py:error:134) | NapCatAPIError: 消息体无法解析, 请检查是否发送了不支持的消息类型
[2025-11-27 20:56:04,004.004] ERROR    [MainThread|MainProcess] API (logger.py:error:134) | NapCatAPIError: 消息体无法解析, 请检查是否发送了不支持的消息类型
[2025-11-27 20:56:04,012.012] ERROR    [MainThread|MainProcess] API (logger.py:error:134) | NapCatAPIError: 消息体无法解析, 请检查是否发送了不支持的消息类型
[2025-11-27 20:56:04,018.018] ERROR    [MainThread|MainProcess] API (logger.py:error:134) | NapCatAPIError: 消息体无法解析, 请检查是否发送了不支持的消息类型
[2025-11-27 20:56:04,023.023] ERROR    [MainThread|MainProcess] API (logger.py:error:134) | NapCatAPIError: 消息体无法解析, 请检查是否发送了不支持的消息类型
[2025-11-27 20:56:04,027.027] ERROR    [MainThread|MainProcess] API (logger.py:error:134) | NapCatAPIError: 消息体无法解析, 请检查是否发送了不支持的消息类型
[2025-11-27 20:56:08,289.289] INFO     [MainThread|MainProcess] root (main.py:on_group_message:40) | GroupMessageEvent(sub_type=normal, message_id=380598633, message=[Text(text="？")], sender=GroupSender({"user_id":"1095216448", "nickname":"冰如猫", "card":"AAA.专业JavaScript史山批发小李", "role":"member"}), group_id=621893711)
[2025-11-27 20:56:08,295.295] ERROR    [MainThread|MainProcess] API (logger.py:error:134) | NapCatAPIError: 消息体无法解析, 请检查是否发送了不支持的消息类型
[2025-11-27 20:56:08,300.300] ERROR    [MainThread|MainProcess] API (logger.py:error:134) | NapCatAPIError: 消息体无法解析, 请检查是否发送了不支持的消息类型
[2025-11-27 20:56:08,302.302] ERROR    [MainThread|MainProcess] API (logger.py:error:134) | NapCatAPIError: 消息体无法解析, 请检查是否发送了不支持的消息类型
[2025-11-27 20:56:08,305.305] ERROR    [MainThread|MainProcess] API (logger.py:error:134) | NapCatAPIError: 消息体无法解析, 请检查是否发送了不支持的消息类型
[2025-11-27 20:56:08,307.307] ERROR    [MainThread|MainProcess] API (logger.py:error:134) | NapCatAPIError: 消息体无法解析, 请检查是否发送了不支持的消息类型
[2025-11-27 20:56:08,310.310] ERROR    [MainThread|MainProcess] API (logger.py:error:134) | NapCatAPIError: 消息体无法解析, 请检查是否发送了不支持的消息类型
[2025-11-27 20:56:08,328.328] ERROR    [MainThread|MainProcess] API (logger.py:error:134) | NapCatAPIError: 消息体无法解析, 请检查是否发送了不支持的消息类型
[2025-11-27 20:56:08,333.333] ERROR    [MainThread|MainProcess] API (logger.py:error:134) | NapCatAPIError: 消息体无法解析, 请检查是否发送了不支持的消息类型
[2025-11-27 20:56:08,338.338] ERROR    [MainThread|MainProcess] API (logger.py:error:134) | NapCatAPIError: 消息体无法解析, 请检查是否发送了不支持的消息类型
[2025-11-27 20:56:08,341.341] ERROR    [MainThread|MainProcess] API (logger.py:error:134) | NapCatAPIError: 消息体无法解析, 请检查是否发送了不支持的消息类型
[2025-11-27 20:56:17,190.190] INFO     [MainThread|MainProcess] root (main.py:on_group_message:40) | GroupMessageEvent(sub_type=normal, message_id=1694634816, message=[Text(text="用的phizone")], sender=GroupSender({"user_id":"2161252115", "nickname":"星鸿", "card":"", "role":"admin"}), group_id=621893711)
[2025-11-27 20:56:17,195.195] ERROR    [MainThread|MainProcess] API (logger.py:error:134) | NapCatAPIError: 消息体无法解析, 请检查是否发送了不支持的消息类型
[2025-11-27 20:56:17,216.216] ERROR    [MainThread|MainProcess] API (logger.py:error:134) | NapCatAPIError: 消息体无法解析, 请检查是否发送了不支持的消息类型
[2025-11-27 20:56:17,234.234] ERROR    [MainThread|MainProcess] API (logger.py:error:134) | NapCatAPIError: 消息体无法解析, 请检查是否发送了不支持的消息类型
[2025-11-27 20:56:17,243.243] ERROR    [MainThread|MainProcess] API (logger.py:error:134) | NapCatAPIError: 消息体无法解析, 请检查是否发送了不支持的消息类型
[2025-11-27 20:56:17,345.345] ERROR    [MainThread|MainProcess] API (logger.py:error:134) | NapCatAPIError: 消息体无法解析, 请检查是否发送了不支持的消息类型
[2025-11-27 20:56:17,361.361] ERROR    [MainThread|MainProcess] API (logger.py:error:134) | NapCatAPIError: 消息体无法解析, 请检查是否发送了不支持的消息类型
[2025-11-27 20:56:17,363.363] ERROR    [MainThread|MainProcess] API (logger.py:error:134) | NapCatAPIError: 消息体无法解析, 请检查是否发送了不支持的消息类型
[2025-11-27 20:56:17,365.365] ERROR    [MainThread|MainProcess] API (logger.py:error:134) | NapCatAPIError: 消息体无法解析, 请检查是否发送了不支持的消息类型
[2025-11-27 20:56:17,368.368] ERROR    [MainThread|MainProcess] API (logger.py:error:134) | NapCatAPIError: 消息体无法解析, 请检查是否发送了不支持的消息类型
[2025-11-27 20:56:17,371.371] ERROR    [MainThread|MainProcess] API (logger.py:error:134) | NapCatAPIError: 消息体无法解析, 请检查是否发送了不支持的消息类型
[2025-11-27 20:56:18,833.833] INFO     [MainThread|MainProcess] root (main.py:on_group_message:40) | GroupMessageEvent(sub_type=normal, message_id=975656074, message=[Text(text="oo")], sender=GroupSender({"user_id":"3499144051", "nickname":"voyage200 🥤", "card":"", "role":"member"}), group_id=621893711)
[2025-11-27 20:56:18,836.836] ERROR    [MainThread|MainProcess] API (logger.py:error:134) | NapCatAPIError: 消息体无法解析, 请检查是否发送了不支持的消息类型
[2025-11-27 20:56:18,883.883] ERROR    [MainThread|MainProcess] API (logger.py:error:134) | NapCatAPIError: 消息体无法解析, 请检查是否发送了不支持的消息类型
[2025-11-27 20:56:18,886.886] ERROR    [MainThread|MainProcess] API (logger.py:error:134) | NapCatAPIError: 消息体无法解析, 请检查是否发送了不支持的消息类型
[2025-11-27 20:56:18,895.895] ERROR    [MainThread|MainProcess] API (logger.py:error:134) | NapCatAPIError: 消息体无法解析, 请检查是否发送了不支持的消息类型
[2025-11-27 20:56:18,905.905] ERROR    [MainThread|MainProcess] API (logger.py:error:134) | NapCatAPIError: 消息体无法解析, 请检查是否发送了不支持的消息类型
[2025-11-27 20:56:18,915.915] ERROR    [MainThread|MainProcess] API (logger.py:error:134) | NapCatAPIError: 消息体无法解析, 请检查是否发送了不支持的消息类型
[2025-11-27 20:56:18,917.917] ERROR    [MainThread|MainProcess] API (logger.py:error:134) | NapCatAPIError: 消息体无法解析, 请检查是否发送了不支持的消息类型
[2025-11-27 20:56:18,937.937] ERROR    [MainThread|MainProcess] API (logger.py:error:134) | NapCatAPIError: 消息体无法解析, 请检查是否发送了不支持的消息类型
[2025-11-27 20:56:18,942.942] ERROR    [MainThread|MainProcess] API (logger.py:error:134) | NapCatAPIError: 消息体无法解析, 请检查是否发送了不支持的消息类型
[2025-11-27 20:56:18,946.946] ERROR    [MainThread|MainProcess] API (logger.py:error:134) | NapCatAPIError: 消息体无法解析, 请检查是否发送了不支持的消息类型
[2025-11-27 20:56:28,521.521] INFO     [MainThread|MainProcess] root (main.py:on_group_message:40) | GroupMessageEvent(sub_type=normal, message_id=1759082782, message=[Text(text="我加了milthm谱面支持")], sender=GroupSender({"user_id":"2161252115", "nickname":"星鸿", "card":"", "role":"admin"}), group_id=621893711)
[2025-11-27 20:56:28,544.544] ERROR    [MainThread|MainProcess] API (logger.py:error:134) | NapCatAPIError: 消息体无法解析, 请检查是否发送了不支持的消息类型
[2025-11-27 20:56:28,551.551] ERROR    [MainThread|MainProcess] API (logger.py:error:134) | NapCatAPIError: 消息体无法解析, 请检查是否发送了不支持的消息类型
[2025-11-27 20:56:28,554.554] ERROR    [MainThread|MainProcess] API (logger.py:error:134) | NapCatAPIError: 消息体无法解析, 请检查是否发送了不支持的消息类型
[2025-11-27 20:56:28,557.557] ERROR    [MainThread|MainProcess] API (logger.py:error:134) | NapCatAPIError: 消息体无法解析, 请检查是否发送了不支持的消息类型
[2025-11-27 20:56:28,562.562] ERROR    [MainThread|MainProcess] API (logger.py:error:134) | NapCatAPIError: 消息体无法解析, 请检查是否发送了不支持的消息类型
[2025-11-27 20:56:28,565.565] ERROR    [MainThread|MainProcess] API (logger.py:error:134) | NapCatAPIError: 消息体无法解析, 请检查是否发送了不支持的消息类型
[2025-11-27 20:56:28,568.568] ERROR    [MainThread|MainProcess] API (logger.py:error:134) | NapCatAPIError: 消息体无法解析, 请检查是否发送了不支持的消息类型
[2025-11-27 20:56:28,571.571] ERROR    [MainThread|MainProcess] API (logger.py:error:134) | NapCatAPIError: 消息体无法解析, 请检查是否发送了不支持的消息类型
[2025-11-27 20:56:28,574.574] ERROR    [MainThread|MainProcess] API (logger.py:error:134) | NapCatAPIError: 消息体无法解析, 请检查是否发送了不支持的消息类型
[2025-11-27 20:56:28,581.581] ERROR    [MainThread|MainProcess] API (logger.py:error:134) | NapCatAPIError: 消息体无法解析, 请检查是否发送了不支持的消息类型
[2025-11-27 20:56:43,621.621] INFO     [MainThread|MainProcess] root (main.py:on_group_message:40) | GroupMessageEvent(sub_type=normal, message_id=1453751590, message=[Text(text="你网页是做单页面还是多页面")], sender=GroupSender({"user_id":"1095216448", "nickname":"冰如猫", "card":"AAA.专业JavaScript史山批发小李", "role":"member"}), group_id=621893711)
[2025-11-27 20:56:43,652.652] ERROR    [MainThread|MainProcess] API (logger.py:error:134) | NapCatAPIError: 消息体无法解析, 请检查是否发送了不支持的消息类型
[2025-11-27 20:56:43,656.656] ERROR    [MainThread|MainProcess] API (logger.py:error:134) | NapCatAPIError: 消息体无法解析, 请检查是否发送了不支持的消息类型
[2025-11-27 20:56:43,660.660] ERROR    [MainThread|MainProcess] API (logger.py:error:134) | NapCatAPIError: 消息体无法解析, 请检查是否发送了不支持的消息类型
[2025-11-27 20:56:43,664.664] ERROR    [MainThread|MainProcess] API (logger.py:error:134) | NapCatAPIError: 消息体无法解析, 请检查是否发送了不支持的消息类型
[2025-11-27 20:56:43,667.667] ERROR    [MainThread|MainProcess] API (logger.py:error:134) | NapCatAPIError: 消息体无法解析, 请检查是否发送了不支持的消息类型
[2025-11-27 20:56:43,670.670] ERROR    [MainThread|MainProcess] API (logger.py:error:134) | NapCatAPIError: 消息体无法解析, 请检查是否发送了不支持的消息类型
[2025-11-27 20:56:43,672.672] ERROR    [MainThread|MainProcess] API (logger.py:error:134) | NapCatAPIError: 消息体无法解析, 请检查是否发送了不支持的消息类型
[2025-11-27 20:56:43,701.701] ERROR    [MainThread|MainProcess] API (logger.py:error:134) | NapCatAPIError: 消息体无法解析, 请检查是否发送了不支持的消息类型
[2025-11-27 20:56:43,716.716] ERROR    [MainThread|MainProcess] API (logger.py:error:134) | NapCatAPIError: 消息体无法解析, 请检查是否发送了不支持的消息类型
[2025-11-27 20:56:43,728.728] ERROR    [MainThread|MainProcess] API (logger.py:error:134) | NapCatAPIError: 消息体无法解析, 请检查是否发送了不支持的消息类型
[2025-11-27 20:56:53,447.447] INFO     [MainThread|MainProcess] root (main.py:on_group_message:40) | GroupMessageEvent(sub_type=normal, message_id=1998097129, message=[Reply(id="1453751590"), At(qq="1095216448"), Text(text=" 多页面")], sender=GroupSender({"user_id":"2161252115", "nickname":"星鸿", "card":"", "role":"admin"}), group_id=621893711)
[2025-11-27 20:56:53,455.455] ERROR    [MainThread|MainProcess] API (logger.py:error:134) | NapCatAPIError: 消息体无法解析, 请检查是否发送了不支持的消息类型
[2025-11-27 20:56:53,460.460] ERROR    [MainThread|MainProcess] API (logger.py:error:134) | NapCatAPIError: 消息体无法解析, 请检查是否发送了不支持的消息类型
[2025-11-27 20:56:53,472.472] ERROR    [MainThread|MainProcess] API (logger.py:error:134) | NapCatAPIError: 消息体无法解析, 请检查是否发送了不支持的消息类型
[2025-11-27 20:56:53,482.482] ERROR    [MainThread|MainProcess] API (logger.py:error:134) | NapCatAPIError: 消息体无法解析, 请检查是否发送了不支持的消息类型
[2025-11-27 20:56:53,492.492] ERROR    [MainThread|MainProcess] API (logger.py:error:134) | NapCatAPIError: 消息体无法解析, 请检查是否发送了不支持的消息类型
[2025-11-27 20:56:53,496.496] ERROR    [MainThread|MainProcess] API (logger.py:error:134) | NapCatAPIError: 消息体无法解析, 请检查是否发送了不支持的消息类型
[2025-11-27 20:56:53,504.504] ERROR    [MainThread|MainProcess] API (logger.py:error:134) | NapCatAPIError: 消息体无法解析, 请检查是否发送了不支持的消息类型
[2025-11-27 20:56:53,575.575] ERROR    [MainThread|MainProcess] API (logger.py:error:134) | NapCatAPIError: 消息体无法解析, 请检查是否发送了不支持的消息类型
[2025-11-27 20:56:53,599.599] ERROR    [MainThread|MainProcess] API (logger.py:error:134) | NapCatAPIError: 消息体无法解析, 请检查是否发送了不支持的消息类型
[2025-11-27 20:56:53,605.605] ERROR    [MainThread|MainProcess] API (logger.py:error:134) | NapCatAPIError: 消息体无法解析, 请检查是否发送了不支持的消息类型
[2025-11-27 20:56:59,841.841] INFO     [MainThread|MainProcess] root (main.py:on_group_message:40) | GroupMessageEvent(sub_type=normal, message_id=785865043, message=[Text(text="vue吧")], sender=GroupSender({"user_id":"1095216448", "nickname":"冰如猫", "card":"AAA.专业JavaScript史山批发小李", "role":"member"}), group_id=621893711)
[2025-11-27 20:56:59,865.865] ERROR    [MainThread|MainProcess] API (logger.py:error:134) | NapCatAPIError: 消息体无法解析, 请检查是否发送了不支持的消息类型
[2025-11-27 20:56:59,869.869] ERROR    [MainThread|MainProcess] API (logger.py:error:134) | NapCatAPIError: 消息体无法解析, 请检查是否发送了不支持的消息类型
[2025-11-27 20:56:59,875.875] ERROR    [MainThread|MainProcess] API (logger.py:error:134) | NapCatAPIError: 消息体无法解析, 请检查是否发送了不支持的消息类型
[2025-11-27 20:56:59,880.880] ERROR    [MainThread|MainProcess] API (logger.py:error:134) | NapCatAPIError: 消息体无法解析, 请检查是否发送了不支持的消息类型
[2025-11-27 20:56:59,883.883] ERROR    [MainThread|MainProcess] API (logger.py:error:134) | NapCatAPIError: 消息体无法解析, 请检查是否发送了不支持的消息类型
[2025-11-27 20:56:59,886.886] ERROR    [MainThread|MainProcess] API (logger.py:error:134) | NapCatAPIError: 消息体无法解析, 请检查是否发送了不支持的消息类型
[2025-11-27 20:56:59,889.889] ERROR    [MainThread|MainProcess] API (logger.py:error:134) | NapCatAPIError: 消息体无法解析, 请检查是否发送了不支持的消息类型
[2025-11-27 20:56:59,892.892] ERROR    [MainThread|MainProcess] API (logger.py:error:134) | NapCatAPIError: 消息体无法解析, 请检查是否发送了不支持的消息类型
[2025-11-27 20:56:59,897.897] ERROR    [MainThread|MainProcess] API (logger.py:error:134) | NapCatAPIError: 消息体无法解析, 请检查是否发送了不支持的消息类型
[2025-11-27 20:56:59,899.899] ERROR    [MainThread|MainProcess] API (logger.py:error:134) | NapCatAPIError: 消息体无法解析, 请检查是否发送了不支持的消息类型
[2025-11-27 20:57:05,984.984] INFO     [MainThread|MainProcess] root (main.py:on_group_message:40) | GroupMessageEvent(sub_type=normal, message_id=363710359, message=[Text(text="原生累死你")], sender=GroupSender({"user_id":"1095216448", "nickname":"冰如猫", "card":"AAA.专业JavaScript史山批发小李", "role":"member"}), group_id=621893711)
[2025-11-27 20:57:06,032.032] ERROR    [MainThread|MainProcess] API (logger.py:error:134) | NapCatAPIError: 消息体无法解析, 请检查是否发送了不支持的消息类型
[2025-11-27 20:57:06,053.053] ERROR    [MainThread|MainProcess] API (logger.py:error:134) | NapCatAPIError: 消息体无法解析, 请检查是否发送了不支持的消息类型
[2025-11-27 20:57:06,059.059] ERROR    [MainThread|MainProcess] API (logger.py:error:134) | NapCatAPIError: 消息体无法解析, 请检查是否发送了不支持的消息类型
[2025-11-27 20:57:06,070.070] ERROR    [MainThread|MainProcess] API (logger.py:error:134) | NapCatAPIError: 消息体无法解析, 请检查是否发送了不支持的消息类型
[2025-11-27 20:57:06,076.076] ERROR    [MainThread|MainProcess] API (logger.py:error:134) | NapCatAPIError: 消息体无法解析, 请检查是否发送了不支持的消息类型
[2025-11-27 20:57:06,131.131] ERROR    [MainThread|MainProcess] API (logger.py:error:134) | NapCatAPIError: 消息体无法解析, 请检查是否发送了不支持的消息类型
[2025-11-27 20:57:06,139.139] ERROR    [MainThread|MainProcess] API (logger.py:error:134) | NapCatAPIError: 消息体无法解析, 请检查是否发送了不支持的消息类型
[2025-11-27 20:57:06,144.144] ERROR    [MainThread|MainProcess] API (logger.py:error:134) | NapCatAPIError: 消息体无法解析, 请检查是否发送了不支持的消息类型
[2025-11-27 20:57:06,147.147] ERROR    [MainThread|MainProcess] API (logger.py:error:134) | NapCatAPIError: 消息体无法解析, 请检查是否发送了不支持的消息类型
[2025-11-27 20:57:06,149.149] ERROR    [MainThread|MainProcess] API (logger.py:error:134) | NapCatAPIError: 消息体无法解析, 请检查是否发送了不支持的消息类型
[2025-11-27 20:57:10,027.027] INFO     [MainThread|MainProcess] root (main.py:on_group_message:40) | GroupMessageEvent(sub_type=normal, message_id=1688492540, message=[Image(file="572AD269880546124CE70CB16EAE2C34.jpg", url="https://multimedia.nt.qq.com.cn/download?appid=1407&fileid=EhQEoaHCDVC-YwB9TofVpG_WMf5qhBjXnQ0g_woopunD57CSkQMyBHByb2RQgL2jAVoQ7KJsFxAU905bjfALYI0G6noC0YKCAQJneg&rkey=CAMSMJNoIbcR6Jy_z6rRemsG-8A5qg5CrZkS4s88pCDgD-D8aHegtQaRqFGJxKlxchKm-Q", file_size="216791", summary="[动画表情]", sub_type=1)], sender=GroupSender({"user_id":"2716692964", "nickname":"反初音未来", "card":"AAA屎山批发反初音未来", "role":"admin"}), group_id=621893711)
[2025-11-27 20:57:10,048.048] ERROR    [MainThread|MainProcess] API (logger.py:error:134) | NapCatAPIError: 消息体无法解析, 请检查是否发送了不支持的消息类型
[2025-11-27 20:57:10,078.078] ERROR    [MainThread|MainProcess] API (logger.py:error:134) | NapCatAPIError: 消息体无法解析, 请检查是否发送了不支持的消息类型
[2025-11-27 20:57:10,082.082] ERROR    [MainThread|MainProcess] API (logger.py:error:134) | NapCatAPIError: 消息体无法解析, 请检查是否发送了不支持的消息类型
[2025-11-27 20:57:10,126.126] ERROR    [MainThread|MainProcess] API (logger.py:error:134) | NapCatAPIError: 消息体无法解析, 请检查是否发送了不支持的消息类型
[2025-11-27 20:57:10,146.146] ERROR    [MainThread|MainProcess] API (logger.py:error:134) | NapCatAPIError: 消息体无法解析, 请检查是否发送了不支持的消息类型
[2025-11-27 20:57:10,149.149] ERROR    [MainThread|MainProcess] API (logger.py:error:134) | NapCatAPIError: 消息体无法解析, 请检查是否发送了不支持的消息类型
[2025-11-27 20:57:10,156.156] ERROR    [MainThread|MainProcess] API (logger.py:error:134) | NapCatAPIError: 消息体无法解析, 请检查是否发送了不支持的消息类型
[2025-11-27 20:57:10,157.157] ERROR    [MainThread|MainProcess] API (logger.py:error:134) | NapCatAPIError: 消息体无法解析, 请检查是否发送了不支持的消息类型
[2025-11-27 20:57:10,160.160] ERROR    [MainThread|MainProcess] API (logger.py:error:134) | NapCatAPIError: 消息体无法解析, 请检查是否发送了不支持的消息类型
[2025-11-27 20:57:10,189.189] ERROR    [MainThread|MainProcess] API (logger.py:error:134) | NapCatAPIError: 消息体无法解析, 请检查是否发送了不支持的消息类型
[2025-11-27 20:57:25,869.869] INFO     [MainThread|MainProcess] root (main.py:on_group_message:40) | GroupMessageEvent(sub_type=normal, message_id=89334133, message=[Text(text="这一点应该所有人都知道的！")], sender=GroupSender({"user_id":"2716692964", "nickname":"反初音未来", "card":"AAA屎山批发反初音未来", "role":"admin"}), group_id=621893711)
[2025-11-27 20:57:25,890.890] ERROR    [MainThread|MainProcess] API (logger.py:error:134) | NapCatAPIError: 消息体无法解析, 请检查是否发送了不支持的消息类型
[2025-11-27 20:57:25,917.917] ERROR    [MainThread|MainProcess] API (logger.py:error:134) | NapCatAPIError: 消息体无法解析, 请检查是否发送了不支持的消息类型
[2025-11-27 20:57:25,921.921] ERROR    [MainThread|MainProcess] API (logger.py:error:134) | NapCatAPIError: 消息体无法解析, 请检查是否发送了不支持的消息类型
[2025-11-27 20:57:25,925.925] ERROR    [MainThread|MainProcess] API (logger.py:error:134) | NapCatAPIError: 消息体无法解析, 请检查是否发送了不支持的消息类型
[2025-11-27 20:57:25,928.928] ERROR    [MainThread|MainProcess] API (logger.py:error:134) | NapCatAPIError: 消息体无法解析, 请检查是否发送了不支持的消息类型
[2025-11-27 20:57:25,934.934] ERROR    [MainThread|MainProcess] API (logger.py:error:134) | NapCatAPIError: 消息体无法解析, 请检查是否发送了不支持的消息类型
[2025-11-27 20:57:25,955.955] ERROR    [MainThread|MainProcess] API (logger.py:error:134) | NapCatAPIError: 消息体无法解析, 请检查是否发送了不支持的消息类型
[2025-11-27 20:57:25,965.965] ERROR    [MainThread|MainProcess] API (logger.py:error:134) | NapCatAPIError: 消息体无法解析, 请检查是否发送了不支持的消息类型
[2025-11-27 20:57:25,974.974] ERROR    [MainThread|MainProcess] API (logger.py:error:134) | NapCatAPIError: 消息体无法解析, 请检查是否发送了不支持的消息类型
[2025-11-27 20:57:25,977.977] ERROR    [MainThread|MainProcess] API (logger.py:error:134) | NapCatAPIError: 消息体无法解析, 请检查是否发送了不支持的消息类型
[2025-11-27 20:57:42,867.867] INFO     [MainThread|MainProcess] root (main.py:on_group_message:40) | GroupMessageEvent(sub_type=normal, message_id=1040789474, message=[Reply(id="1688492540"), Text(text="镜像")], sender=GroupSender({"user_id":"1095216448", "nickname":"冰如猫", "card":"AAA.专业JavaScript史山批发小李", "role":"member"}), group_id=621893711)
[2025-11-27 20:57:42,875.875] ERROR    [MainThread|MainProcess] API (logger.py:error:134) | NapCatAPIError: 消息体无法解析, 请检查是否发送了不支持的消息类型
[2025-11-27 20:57:42,888.888] ERROR    [MainThread|MainProcess] API (logger.py:error:134) | NapCatAPIError: 消息体无法解析, 请检查是否发送了不支持的消息类型
[2025-11-27 20:57:42,890.890] ERROR    [MainThread|MainProcess] API (logger.py:error:134) | NapCatAPIError: 消息体无法解析, 请检查是否发送了不支持的消息类型
[2025-11-27 20:57:42,893.893] ERROR    [MainThread|MainProcess] API (logger.py:error:134) | NapCatAPIError: 消息体无法解析, 请检查是否发送了不支持的消息类型
[2025-11-27 20:57:42,908.908] ERROR    [MainThread|MainProcess] API (logger.py:error:134) | NapCatAPIError: 消息体无法解析, 请检查是否发送了不支持的消息类型
[2025-11-27 20:57:42,910.910] ERROR    [MainThread|MainProcess] API (logger.py:error:134) | NapCatAPIError: 消息体无法解析, 请检查是否发送了不支持的消息类型
[2025-11-27 20:57:42,912.912] ERROR    [MainThread|MainProcess] API (logger.py:error:134) | NapCatAPIError: 消息体无法解析, 请检查是否发送了不支持的消息类型
[2025-11-27 20:57:42,915.915] ERROR    [MainThread|MainProcess] API (logger.py:error:134) | NapCatAPIError: 消息体无法解析, 请检查是否发送了不支持的消息类型
[2025-11-27 20:57:42,917.917] ERROR    [MainThread|MainProcess] API (logger.py:error:134) | NapCatAPIError: 消息体无法解析, 请检查是否发送了不支持的消息类型
[2025-11-27 20:57:42,963.963] ERROR    [MainThread|MainProcess] API (logger.py:error:134) | NapCatAPIError: 消息体无法解析, 请检查是否发送了不支持的消息类型
[2025-11-27 20:57:49,430.430] INFO     [MainThread|MainProcess] root (main.py:on_group_message:40) | GroupMessageEvent(sub_type=normal, message_id=1838906783, message=[Reply(id="785865043"), Text(text="ok"), At(qq="1095216448"), Text(text=" ")], sender=GroupSender({"user_id":"2161252115", "nickname":"星鸿", "card":"", "role":"admin"}), group_id=621893711)
[2025-11-27 20:57:49,433.433] ERROR    [MainThread|MainProcess] API (logger.py:error:134) | NapCatAPIError: 消息体无法解析, 请检查是否发送了不支持的消息类型
[2025-11-27 20:57:49,439.439] ERROR    [MainThread|MainProcess] API (logger.py:error:134) | NapCatAPIError: 消息体无法解析, 请检查是否发送了不支持的消息类型
[2025-11-27 20:57:49,455.455] ERROR    [MainThread|MainProcess] API (logger.py:error:134) | NapCatAPIError: 消息体无法解析, 请检查是否发送了不支持的消息类型
[2025-11-27 20:57:49,459.459] ERROR    [MainThread|MainProcess] API (logger.py:error:134) | NapCatAPIError: 消息体无法解析, 请检查是否发送了不支持的消息类型
[2025-11-27 20:57:49,462.462] ERROR    [MainThread|MainProcess] API (logger.py:error:134) | NapCatAPIError: 消息体无法解析, 请检查是否发送了不支持的消息类型
[2025-11-27 20:57:49,464.464] ERROR    [MainThread|MainProcess] API (logger.py:error:134) | NapCatAPIError: 消息体无法解析, 请检查是否发送了不支持的消息类型
[2025-11-27 20:57:49,469.469] ERROR    [MainThread|MainProcess] API (logger.py:error:134) | NapCatAPIError: 消息体无法解析, 请检查是否发送了不支持的消息类型
[2025-11-27 20:57:49,474.474] ERROR    [MainThread|MainProcess] API (logger.py:error:134) | NapCatAPIError: 消息体无法解析, 请检查是否发送了不支持的消息类型
[2025-11-27 20:57:49,478.478] ERROR    [MainThread|MainProcess] API (logger.py:error:134) | NapCatAPIError: 消息体无法解析, 请检查是否发送了不支持的消息类型
[2025-11-27 20:57:49,482.482] ERROR    [MainThread|MainProcess] API (logger.py:error:134) | NapCatAPIError: 消息体无法解析, 请检查是否发送了不支持的消息类型
[2025-11-27 20:59:15,096.096] INFO     [MainThread|MainProcess] root (main.py:on_group_message:40) | GroupMessageEvent(sub_type=normal, message_id=543650727, message=[Image(file="C78E8B8546C793CDA75E31AD7A82181D.jpg", url="https://multimedia.nt.qq.com.cn/download?appid=1407&fileid=EhTAGVyJpV8Sy7Zp09klpdD3LqD5QhjVhhcg_wooyaXlorGSkQMyBHByb2RQgL2jAVoQRLuGh_yBgU97C6cp2j9hUHoCCLqCAQJuag&rkey=CAMSMJNoIbcR6Jy_z6rRemsG-8A5qg5CrZkS4s88pCDgD-D8aHegtQaRqFGJxKlxchKm-Q", file_size="377685", summary="", sub_type=0)], sender=GroupSender({"user_id":"1137679848", "nickname":"LPI", "card":"", "role":"member"}), group_id=621893711)
[2025-11-27 20:59:15,103.103] ERROR    [MainThread|MainProcess] API (logger.py:error:134) | NapCatAPIError: 消息体无法解析, 请检查是否发送了不支持的消息类型
[2025-11-27 20:59:15,122.122] ERROR    [MainThread|MainProcess] API (logger.py:error:134) | NapCatAPIError: 消息体无法解析, 请检查是否发送了不支持的消息类型
[2025-11-27 20:59:15,127.127] ERROR    [MainThread|MainProcess] API (logger.py:error:134) | NapCatAPIError: 消息体无法解析, 请检查是否发送了不支持的消息类型
[2025-11-27 20:59:15,130.130] ERROR    [MainThread|MainProcess] API (logger.py:error:134) | NapCatAPIError: 消息体无法解析, 请检查是否发送了不支持的消息类型
[2025-11-27 20:59:15,133.133] ERROR    [MainThread|MainProcess] API (logger.py:error:134) | NapCatAPIError: 消息体无法解析, 请检查是否发送了不支持的消息类型
[2025-11-27 20:59:15,141.141] ERROR    [MainThread|MainProcess] API (logger.py:error:134) | NapCatAPIError: 消息体无法解析, 请检查是否发送了不支持的消息类型
[2025-11-27 20:59:15,143.143] ERROR    [MainThread|MainProcess] API (logger.py:error:134) | NapCatAPIError: 消息体无法解析, 请检查是否发送了不支持的消息类型
[2025-11-27 20:59:15,147.147] ERROR    [MainThread|MainProcess] API (logger.py:error:134) | NapCatAPIError: 消息体无法解析, 请检查是否发送了不支持的消息类型
[2025-11-27 20:59:15,151.151] ERROR    [MainThread|MainProcess] API (logger.py:error:134) | NapCatAPIError: 消息体无法解析, 请检查是否发送了不支持的消息类型
[2025-11-27 20:59:15,221.221] ERROR    [MainThread|MainProcess] API (logger.py:error:134) | NapCatAPIError: 消息体无法解析, 请检查是否发送了不支持的消息类型
[2025-11-27 20:59:55,937.937] INFO     [MainThread|MainProcess] root (main.py:on_group_message:40) | GroupMessageEvent(sub_type=normal, message_id=1128946307, message=[Text(text="你是12.97吗")], sender=GroupSender({"user_id":"1923215523", "nickname":"-浅橙-", "card":"", "role":"member"}), group_id=621893711)
[2025-11-27 20:59:55,949.949] ERROR    [MainThread|MainProcess] API (logger.py:error:134) | NapCatAPIError: 消息体无法解析, 请检查是否发送了不支持的消息类型
[2025-11-27 20:59:55,971.971] ERROR    [MainThread|MainProcess] API (logger.py:error:134) | NapCatAPIError: 消息体无法解析, 请检查是否发送了不支持的消息类型
[2025-11-27 20:59:55,993.993] ERROR    [MainThread|MainProcess] API (logger.py:error:134) | NapCatAPIError: 消息体无法解析, 请检查是否发送了不支持的消息类型
[2025-11-27 20:59:56,021.021] ERROR    [MainThread|MainProcess] API (logger.py:error:134) | NapCatAPIError: 消息体无法解析, 请检查是否发送了不支持的消息类型
[2025-11-27 20:59:56,046.046] ERROR    [MainThread|MainProcess] API (logger.py:error:134) | NapCatAPIError: 消息体无法解析, 请检查是否发送了不支持的消息类型
[2025-11-27 20:59:56,049.049] ERROR    [MainThread|MainProcess] API (logger.py:error:134) | NapCatAPIError: 消息体无法解析, 请检查是否发送了不支持的消息类型
[2025-11-27 20:59:56,051.051] ERROR    [MainThread|MainProcess] API (logger.py:error:134) | NapCatAPIError: 消息体无法解析, 请检查是否发送了不支持的消息类型
[2025-11-27 20:59:56,054.054] ERROR    [MainThread|MainProcess] API (logger.py:error:134) | NapCatAPIError: 消息体无法解析, 请检查是否发送了不支持的消息类型
[2025-11-27 20:59:56,079.079] ERROR    [MainThread|MainProcess] API (logger.py:error:134) | NapCatAPIError: 消息体无法解析, 请检查是否发送了不支持的消息类型
[2025-11-27 20:59:56,125.125] ERROR    [MainThread|MainProcess] API (logger.py:error:134) | NapCatAPIError: 消息体无法解析, 请检查是否发送了不支持的消息类型
[2025-11-27 21:01:32,172.172] INFO     [MainThread|MainProcess] root (main.py:on_group_message:40) | GroupMessageEvent(sub_type=normal, message_id=676289570, message=[Text(text="宿星是不是升了")], sender=GroupSender({"user_id":"3337806907", "nickname":"猫猫不可以rua", "card":"", "role":"member"}), group_id=577713202)
[2025-11-27 21:01:32,195.195] ERROR    [MainThread|MainProcess] API (logger.py:error:134) | NapCatAPIError: 消息体无法解析, 请检查是否发送了不支持的消息类型
[2025-11-27 21:01:32,203.203] ERROR    [MainThread|MainProcess] API (logger.py:error:134) | NapCatAPIError: 消息体无法解析, 请检查是否发送了不支持的消息类型
[2025-11-27 21:01:32,207.207] ERROR    [MainThread|MainProcess] API (logger.py:error:134) | NapCatAPIError: 消息体无法解析, 请检查是否发送了不支持的消息类型
[2025-11-27 21:01:32,211.211] ERROR    [MainThread|MainProcess] API (logger.py:error:134) | NapCatAPIError: 消息体无法解析, 请检查是否发送了不支持的消息类型
[2025-11-27 21:01:32,214.214] ERROR    [MainThread|MainProcess] API (logger.py:error:134) | NapCatAPIError: 消息体无法解析, 请检查是否发送了不支持的消息类型
[2025-11-27 21:01:32,218.218] ERROR    [MainThread|MainProcess] API (logger.py:error:134) | NapCatAPIError: 消息体无法解析, 请检查是否发送了不支持的消息类型
[2025-11-27 21:01:32,222.222] ERROR    [MainThread|MainProcess] API (logger.py:error:134) | NapCatAPIError: 消息体无法解析, 请检查是否发送了不支持的消息类型
[2025-11-27 21:01:32,225.225] ERROR    [MainThread|MainProcess] API (logger.py:error:134) | NapCatAPIError: 消息体无法解析, 请检查是否发送了不支持的消息类型
[2025-11-27 21:01:32,265.265] ERROR    [MainThread|MainProcess] API (logger.py:error:134) | NapCatAPIError: 消息体无法解析, 请检查是否发送了不支持的消息类型
[2025-11-27 21:01:32,307.307] ERROR    [MainThread|MainProcess] API (logger.py:error:134) | NapCatAPIError: 消息体无法解析, 请检查是否发送了不支持的消息类型
[2025-11-27 21:01:39,917.917] INFO     [MainThread|MainProcess] root (main.py:on_group_message:40) | GroupMessageEvent(sub_type=normal, message_id=884944530, message=[Text(text="对")], sender=GroupSender({"user_id":"3088837161", "nickname":"🌸🌸", "card":"AAA2085批发师傅", "role":"admin"}), group_id=577713202)
[2025-11-27 21:01:39,941.941] ERROR    [MainThread|MainProcess] API (logger.py:error:134) | NapCatAPIError: 消息体无法解析, 请检查是否发送了不支持的消息类型
[2025-11-27 21:01:39,951.951] ERROR    [MainThread|MainProcess] API (logger.py:error:134) | NapCatAPIError: 消息体无法解析, 请检查是否发送了不支持的消息类型
[2025-11-27 21:01:39,962.962] ERROR    [MainThread|MainProcess] API (logger.py:error:134) | NapCatAPIError: 消息体无法解析, 请检查是否发送了不支持的消息类型
[2025-11-27 21:01:39,968.968] ERROR    [MainThread|MainProcess] API (logger.py:error:134) | NapCatAPIError: 消息体无法解析, 请检查是否发送了不支持的消息类型
[2025-11-27 21:01:39,973.973] ERROR    [MainThread|MainProcess] API (logger.py:error:134) | NapCatAPIError: 消息体无法解析, 请检查是否发送了不支持的消息类型
[2025-11-27 21:01:40,052.052] ERROR    [MainThread|MainProcess] API (logger.py:error:134) | NapCatAPIError: 消息体无法解析, 请检查是否发送了不支持的消息类型
[2025-11-27 21:01:40,063.063] INFO     [MainThread|MainProcess] root (main.py:on_group_message:40) | GroupMessageEvent(sub_type=normal, message_id=736202100, message=[Text(text="我看日服是15点5")], sender=GroupSender({"user_id":"3337806907", "nickname":"猫猫不可以rua", "card":"", "role":"member"}), group_id=577713202)
[2025-11-27 21:01:40,068.068] ERROR    [MainThread|MainProcess] API (logger.py:error:134) | NapCatAPIError: 消息体无法解析, 请检查是否发送了不支持的消息类型
[2025-11-27 21:01:40,073.073] ERROR    [MainThread|MainProcess] API (logger.py:error:134) | NapCatAPIError: 消息体无法解析, 请检查是否发送了不支持的消息类型
[2025-11-27 21:01:40,075.075] ERROR    [MainThread|MainProcess] API (logger.py:error:134) | NapCatAPIError: 消息体无法解析, 请检查是否发送了不支持的消息类型
[2025-11-27 21:01:40,087.087] ERROR    [MainThread|MainProcess] API (logger.py:error:134) | NapCatAPIError: 消息体无法解析, 请检查是否发送了不支持的消息类型
[2025-11-27 21:01:40,099.099] ERROR    [MainThread|MainProcess] API (logger.py:error:134) | NapCatAPIError: 消息体无法解析, 请检查是否发送了不支持的消息类型
[2025-11-27 21:01:40,104.104] ERROR    [MainThread|MainProcess] API (logger.py:error:134) | NapCatAPIError: 消息体无法解析, 请检查是否发送了不支持的消息类型
[2025-11-27 21:01:40,122.122] ERROR    [MainThread|MainProcess] API (logger.py:error:134) | NapCatAPIError: 消息体无法解析, 请检查是否发送了不支持的消息类型
[2025-11-27 21:01:40,126.126] ERROR    [MainThread|MainProcess] API (logger.py:error:134) | NapCatAPIError: 消息体无法解析, 请检查是否发送了不支持的消息类型
[2025-11-27 21:01:40,133.133] ERROR    [MainThread|MainProcess] API (logger.py:error:134) | NapCatAPIError: 消息体无法解析, 请检查是否发送了不支持的消息类型
[2025-11-27 21:01:40,138.138] ERROR    [MainThread|MainProcess] API (logger.py:error:134) | NapCatAPIError: 消息体无法解析, 请检查是否发送了不支持的消息类型
[2025-11-27 21:01:40,144.144] ERROR    [MainThread|MainProcess] API (logger.py:error:134) | NapCatAPIError: 消息体无法解析, 请检查是否发送了不支持的消息类型
[2025-11-27 21:01:40,150.150] ERROR    [MainThread|MainProcess] API (logger.py:error:134) | NapCatAPIError: 消息体无法解析, 请检查是否发送了不支持的消息类型
[2025-11-27 21:01:40,153.153] ERROR    [MainThread|MainProcess] API (logger.py:error:134) | NapCatAPIError: 消息体无法解析, 请检查是否发送了不支持的消息类型
[2025-11-27 21:01:40,155.155] ERROR    [MainThread|MainProcess] API (logger.py:error:134) | NapCatAPIError: 消息体无法解析, 请检查是否发送了不支持的消息类型
[2025-11-27 21:01:44,936.936] INFO     [MainThread|MainProcess] root (main.py:on_group_message:40) | GroupMessageEvent(sub_type=normal, message_id=806828245, message=[Text(text="国是15点4")], sender=GroupSender({"user_id":"3337806907", "nickname":"猫猫不可以rua", "card":"", "role":"member"}), group_id=577713202)
[2025-11-27 21:01:44,942.942] ERROR    [MainThread|MainProcess] API (logger.py:error:134) | NapCatAPIError: 消息体无法解析, 请检查是否发送了不支持的消息类型
[2025-11-27 21:01:44,956.956] ERROR    [MainThread|MainProcess] API (logger.py:error:134) | NapCatAPIError: 消息体无法解析, 请检查是否发送了不支持的消息类型
[2025-11-27 21:01:44,958.958] ERROR    [MainThread|MainProcess] API (logger.py:error:134) | NapCatAPIError: 消息体无法解析, 请检查是否发送了不支持的消息类型
[2025-11-27 21:01:44,961.961] ERROR    [MainThread|MainProcess] API (logger.py:error:134) | NapCatAPIError: 消息体无法解析, 请检查是否发送了不支持的消息类型
[2025-11-27 21:01:44,963.963] ERROR    [MainThread|MainProcess] API (logger.py:error:134) | NapCatAPIError: 消息体无法解析, 请检查是否发送了不支持的消息类型
[2025-11-27 21:01:44,965.965] ERROR    [MainThread|MainProcess] API (logger.py:error:134) | NapCatAPIError: 消息体无法解析, 请检查是否发送了不支持的消息类型
[2025-11-27 21:01:44,968.968] ERROR    [MainThread|MainProcess] API (logger.py:error:134) | NapCatAPIError: 消息体无法解析, 请检查是否发送了不支持的消息类型
[2025-11-27 21:01:44,970.970] ERROR    [MainThread|MainProcess] API (logger.py:error:134) | NapCatAPIError: 消息体无法解析, 请检查是否发送了不支持的消息类型
[2025-11-27 21:01:44,973.973] ERROR    [MainThread|MainProcess] API (logger.py:error:134) | NapCatAPIError: 消息体无法解析, 请检查是否发送了不支持的消息类型
[2025-11-27 21:01:44,976.976] ERROR    [MainThread|MainProcess] API (logger.py:error:134) | NapCatAPIError: 消息体无法解析, 请检查是否发送了不支持的消息类型
[2025-11-27 21:19:39,672.672] INFO     [MainThread|MainProcess] root (main.py:on_group_message:40) | GroupMessageEvent(sub_type=normal, message_id=1933868788, message=[Reply(id="1794412517"), Text(text="强在哪？")], sender=GroupSender({"user_id":"3362240349", "nickname":"鸢尾落華", "card":"ⓘ 该群聊涉嫌玩中二已被解散", "role":"member"}), group_id=577713202)
[2025-11-27 21:19:39,680.680] ERROR    [MainThread|MainProcess] API (logger.py:error:134) | NapCatAPIError: 消息体无法解析, 请检查是否发送了不支持的消息类型
[2025-11-27 21:19:39,694.694] ERROR    [MainThread|MainProcess] API (logger.py:error:134) | NapCatAPIError: 消息体无法解析, 请检查是否发送了不支持的消息类型
[2025-11-27 21:19:39,703.703] ERROR    [MainThread|MainProcess] API (logger.py:error:134) | NapCatAPIError: 消息体无法解析, 请检查是否发送了不支持的消息类型
[2025-11-27 21:19:39,707.707] ERROR    [MainThread|MainProcess] API (logger.py:error:134) | NapCatAPIError: 消息体无法解析, 请检查是否发送了不支持的消息类型
[2025-11-27 21:19:39,712.712] ERROR    [MainThread|MainProcess] API (logger.py:error:134) | NapCatAPIError: 消息体无法解析, 请检查是否发送了不支持的消息类型
[2025-11-27 21:19:39,716.716] ERROR    [MainThread|MainProcess] API (logger.py:error:134) | NapCatAPIError: 消息体无法解析, 请检查是否发送了不支持的消息类型
[2025-11-27 21:19:39,719.719] ERROR    [MainThread|MainProcess] API (logger.py:error:134) | NapCatAPIError: 消息体无法解析, 请检查是否发送了不支持的消息类型
[2025-11-27 21:19:39,759.759] ERROR    [MainThread|MainProcess] API (logger.py:error:134) | NapCatAPIError: 消息体无法解析, 请检查是否发送了不支持的消息类型
[2025-11-27 21:19:39,793.793] ERROR    [MainThread|MainProcess] API (logger.py:error:134) | NapCatAPIError: 消息体无法解析, 请检查是否发送了不支持的消息类型
[2025-11-27 21:19:39,799.799] ERROR    [MainThread|MainProcess] API (logger.py:error:134) | NapCatAPIError: 消息体无法解析, 请检查是否发送了不支持的消息类型
[2025-11-27 21:19:54,387.387] INFO     [MainThread|MainProcess] root (main.py:on_group_message:40) | GroupMessageEvent(sub_type=normal, message_id=1810630566, message=[Image(file="97E5585BBA281124C7149F4DAE3EA17A.jpg", url="https://multimedia.nt.qq.com.cn/download?appid=1407&fileid=EhSUHP-Dqxd3erARRvzaYYrpfpO7ixiWkwMg_woorpD-8bWSkQMyBHByb2RQgL2jAVoQ0pw81IetapouVfLBYHa35noC4y-CAQJuag&rkey=CAISMDRNbLjbjgTQSR_gDORYKvxlO44zAucv6fieEpsrt8FFRaAK7xfnPzLXQpXRDVGbmA", file_size="51606", summary="[动画表情]", sub_type=1)], sender=GroupSender({"user_id":"3362240349", "nickname":"鸢尾落華", "card":"ⓘ 该群聊涉嫌玩中二已被解散", "role":"member"}), group_id=577713202)
[2025-11-27 21:19:54,404.404] ERROR    [MainThread|MainProcess] API (logger.py:error:134) | NapCatAPIError: 消息体无法解析, 请检查是否发送了不支持的消息类型
[2025-11-27 21:19:54,410.410] ERROR    [MainThread|MainProcess] API (logger.py:error:134) | NapCatAPIError: 消息体无法解析, 请检查是否发送了不支持的消息类型
[2025-11-27 21:19:54,412.412] ERROR    [MainThread|MainProcess] API (logger.py:error:134) | NapCatAPIError: 消息体无法解析, 请检查是否发送了不支持的消息类型
[2025-11-27 21:19:54,415.415] ERROR    [MainThread|MainProcess] API (logger.py:error:134) | NapCatAPIError: 消息体无法解析, 请检查是否发送了不支持的消息类型
[2025-11-27 21:19:54,434.434] ERROR    [MainThread|MainProcess] API (logger.py:error:134) | NapCatAPIError: 消息体无法解析, 请检查是否发送了不支持的消息类型
[2025-11-27 21:19:54,436.436] ERROR    [MainThread|MainProcess] API (logger.py:error:134) | NapCatAPIError: 消息体无法解析, 请检查是否发送了不支持的消息类型
[2025-11-27 21:19:54,438.438] ERROR    [MainThread|MainProcess] API (logger.py:error:134) | NapCatAPIError: 消息体无法解析, 请检查是否发送了不支持的消息类型
[2025-11-27 21:19:54,442.442] ERROR    [MainThread|MainProcess] API (logger.py:error:134) | NapCatAPIError: 消息体无法解析, 请检查是否发送了不支持的消息类型
[2025-11-27 21:19:54,445.445] ERROR    [MainThread|MainProcess] API (logger.py:error:134) | NapCatAPIError: 消息体无法解析, 请检查是否发送了不支持的消息类型
[2025-11-27 21:19:54,455.455] ERROR    [MainThread|MainProcess] API (logger.py:error:134) | NapCatAPIError: 消息体无法解析, 请检查是否发送了不支持的消息类型
[2025-11-27 21:20:32,673.673] INFO     [MainThread|MainProcess] root (main.py:on_group_message:40) | GroupMessageEvent(sub_type=normal, message_id=1780846014, message=[Reply(id="1424045559"), Text(text="教我")], sender=GroupSender({"user_id":"2267926518", "nickname":"Mr.C", "card":"", "role":"admin"}), group_id=577713202)
[2025-11-27 21:20:32,680.680] ERROR    [MainThread|MainProcess] API (logger.py:error:134) | NapCatAPIError: 消息体无法解析, 请检查是否发送了不支持的消息类型
[2025-11-27 21:20:32,693.693] ERROR    [MainThread|MainProcess] API (logger.py:error:134) | NapCatAPIError: 消息体无法解析, 请检查是否发送了不支持的消息类型
[2025-11-27 21:20:32,695.695] ERROR    [MainThread|MainProcess] API (logger.py:error:134) | NapCatAPIError: 消息体无法解析, 请检查是否发送了不支持的消息类型
[2025-11-27 21:20:32,698.698] ERROR    [MainThread|MainProcess] API (logger.py:error:134) | NapCatAPIError: 消息体无法解析, 请检查是否发送了不支持的消息类型
[2025-11-27 21:20:32,700.700] ERROR    [MainThread|MainProcess] API (logger.py:error:134) | NapCatAPIError: 消息体无法解析, 请检查是否发送了不支持的消息类型
[2025-11-27 21:20:32,702.702] ERROR    [MainThread|MainProcess] API (logger.py:error:134) | NapCatAPIError: 消息体无法解析, 请检查是否发送了不支持的消息类型
[2025-11-27 21:20:32,705.705] ERROR    [MainThread|MainProcess] API (logger.py:error:134) | NapCatAPIError: 消息体无法解析, 请检查是否发送了不支持的消息类型
[2025-11-27 21:20:32,707.707] ERROR    [MainThread|MainProcess] API (logger.py:error:134) | NapCatAPIError: 消息体无法解析, 请检查是否发送了不支持的消息类型
[2025-11-27 21:20:32,711.711] ERROR    [MainThread|MainProcess] API (logger.py:error:134) | NapCatAPIError: 消息体无法解析, 请检查是否发送了不支持的消息类型
[2025-11-27 21:20:32,713.713] ERROR    [MainThread|MainProcess] API (logger.py:error:134) | NapCatAPIError: 消息体无法解析, 请检查是否发送了不支持的消息类型
[2025-11-27 21:22:35,805.805] INFO     [MainThread|MainProcess] root (main.py:on_group_message:40) | GroupMessageEvent(sub_type=normal, message_id=2060166091, message=[Image(file="69984813A7FF9F0F04BD63905FB05A3A.jpg", url="https://multimedia.nt.qq.com.cn/download?appid=1407&fileid=EhTIkGsAcJwIz-2eiH845I1f0XeC2BiWoAEg_woo8eGMv7aSkQMyBHByb2RQgL2jAVoQDikVY3GZsXtUwuCoLRXDlHoC49SCAQJuag&rkey=CAISMDRNbLjbjgTQSR_gDORYKvxlO44zAucv6fieEpsrt8FFRaAK7xfnPzLXQpXRDVGbmA", file_size="20502", summary="[动画表情]", sub_type=1)], sender=GroupSender({"user_id":"3362240349", "nickname":"鸢尾落華", "card":"ⓘ 该群聊涉嫌玩中二已被解散", "role":"member"}), group_id=577713202)
[2025-11-27 21:22:35,817.817] ERROR    [MainThread|MainProcess] API (logger.py:error:134) | NapCatAPIError: 消息体无法解析, 请检查是否发送了不支持的消息类型
[2025-11-27 21:22:35,850.850] ERROR    [MainThread|MainProcess] API (logger.py:error:134) | NapCatAPIError: 消息体无法解析, 请检查是否发送了不支持的消息类型
[2025-11-27 21:22:35,858.858] ERROR    [MainThread|MainProcess] API (logger.py:error:134) | NapCatAPIError: 消息体无法解析, 请检查是否发送了不支持的消息类型
[2025-11-27 21:22:35,913.913] ERROR    [MainThread|MainProcess] API (logger.py:error:134) | NapCatAPIError: 消息体无法解析, 请检查是否发送了不支持的消息类型
[2025-11-27 21:22:35,920.920] ERROR    [MainThread|MainProcess] API (logger.py:error:134) | NapCatAPIError: 消息体无法解析, 请检查是否发送了不支持的消息类型
[2025-11-27 21:22:36,017.017] ERROR    [MainThread|MainProcess] API (logger.py:error:134) | NapCatAPIError: 消息体无法解析, 请检查是否发送了不支持的消息类型
[2025-11-27 21:22:36,085.085] ERROR    [MainThread|MainProcess] API (logger.py:error:134) | NapCatAPIError: 消息体无法解析, 请检查是否发送了不支持的消息类型
[2025-11-27 21:22:36,090.090] ERROR    [MainThread|MainProcess] API (logger.py:error:134) | NapCatAPIError: 消息体无法解析, 请检查是否发送了不支持的消息类型
[2025-11-27 21:22:36,099.099] ERROR    [MainThread|MainProcess] API (logger.py:error:134) | NapCatAPIError: 消息体无法解析, 请检查是否发送了不支持的消息类型
[2025-11-27 21:22:36,102.102] ERROR    [MainThread|MainProcess] API (logger.py:error:134) | NapCatAPIError: 消息体无法解析, 请检查是否发送了不支持的消息类型
[2025-11-27 21:35:23,957.957] INFO     [MainThread|MainProcess] root (main.py:on_group_message:40) | GroupMessageEvent(sub_type=normal, message_id=1537367105, message=[Text(text="对了问个问题")], sender=GroupSender({"user_id":"2267926518", "nickname":"Mr.C", "card":"", "role":"admin"}), group_id=577713202)
[2025-11-27 21:35:23,968.968] ERROR    [MainThread|MainProcess] API (logger.py:error:134) | NapCatAPIError: 消息体无法解析, 请检查是否发送了不支持的消息类型
[2025-11-27 21:35:24,010.010] ERROR    [MainThread|MainProcess] API (logger.py:error:134) | NapCatAPIError: 消息体无法解析, 请检查是否发送了不支持的消息类型
[2025-11-27 21:35:24,113.113] ERROR    [MainThread|MainProcess] API (logger.py:error:134) | NapCatAPIError: 消息体无法解析, 请检查是否发送了不支持的消息类型
[2025-11-27 21:35:24,128.128] ERROR    [MainThread|MainProcess] API (logger.py:error:134) | NapCatAPIError: 消息体无法解析, 请检查是否发送了不支持的消息类型
[2025-11-27 21:35:24,132.132] ERROR    [MainThread|MainProcess] API (logger.py:error:134) | NapCatAPIError: 消息体无法解析, 请检查是否发送了不支持的消息类型
[2025-11-27 21:35:24,139.139] ERROR    [MainThread|MainProcess] API (logger.py:error:134) | NapCatAPIError: 消息体无法解析, 请检查是否发送了不支持的消息类型
[2025-11-27 21:35:24,141.141] ERROR    [MainThread|MainProcess] API (logger.py:error:134) | NapCatAPIError: 消息体无法解析, 请检查是否发送了不支持的消息类型
[2025-11-27 21:35:24,143.143] ERROR    [MainThread|MainProcess] API (logger.py:error:134) | NapCatAPIError: 消息体无法解析, 请检查是否发送了不支持的消息类型
[2025-11-27 21:35:24,154.154] ERROR    [MainThread|MainProcess] API (logger.py:error:134) | NapCatAPIError: 消息体无法解析, 请检查是否发送了不支持的消息类型
[2025-11-27 21:35:24,157.157] ERROR    [MainThread|MainProcess] API (logger.py:error:134) | NapCatAPIError: 消息体无法解析, 请检查是否发送了不支持的消息类型
[2025-11-27 21:35:31,091.091] INFO     [MainThread|MainProcess] root (main.py:on_group_message:40) | GroupMessageEvent(sub_type=normal, message_id=1343128635, message=[Text(text="samba master 佐藤=Lime吗（")], sender=GroupSender({"user_id":"2267926518", "nickname":"Mr.C", "card":"", "role":"admin"}), group_id=577713202)
[2025-11-27 21:35:31,110.110] ERROR    [MainThread|MainProcess] API (logger.py:error:134) | NapCatAPIError: 消息体无法解析, 请检查是否发送了不支持的消息类型
[2025-11-27 21:35:31,808.808] ERROR    [MainThread|MainProcess] API (logger.py:error:134) | NapCatAPIError: 消息体无法解析, 请检查是否发送了不支持的消息类型
[2025-11-27 21:35:31,813.813] ERROR    [MainThread|MainProcess] API (logger.py:error:134) | NapCatAPIError: 消息体无法解析, 请检查是否发送了不支持的消息类型
[2025-11-27 21:35:31,835.835] ERROR    [MainThread|MainProcess] API (logger.py:error:134) | NapCatAPIError: 消息体无法解析, 请检查是否发送了不支持的消息类型
[2025-11-27 21:35:31,837.837] ERROR    [MainThread|MainProcess] API (logger.py:error:134) | NapCatAPIError: 消息体无法解析, 请检查是否发送了不支持的消息类型
[2025-11-27 21:35:31,840.840] ERROR    [MainThread|MainProcess] API (logger.py:error:134) | NapCatAPIError: 消息体无法解析, 请检查是否发送了不支持的消息类型
[2025-11-27 21:35:31,842.842] ERROR    [MainThread|MainProcess] API (logger.py:error:134) | NapCatAPIError: 消息体无法解析, 请检查是否发送了不支持的消息类型
[2025-11-27 21:35:31,844.844] ERROR    [MainThread|MainProcess] API (logger.py:error:134) | NapCatAPIError: 消息体无法解析, 请检查是否发送了不支持的消息类型
[2025-11-27 21:35:31,847.847] ERROR    [MainThread|MainProcess] API (logger.py:error:134) | NapCatAPIError: 消息体无法解析, 请检查是否发送了不支持的消息类型
[2025-11-27 21:43:19,184.184] INFO     [MainThread|MainProcess] root (main.py:on_group_message:40) | GroupMessageEvent(sub_type=normal, message_id=981133111, message=[Reply(id="1424045559"), At(qq="3362240349"), Text(text=" 教我")], sender=GroupSender({"user_id":"3863313466", "nickname":"RB", "card":"似乎有着能够变得幸福的隐藏指令", "role":"owner"}), group_id=577713202)
[2025-11-27 21:43:19,188.188] ERROR    [MainThread|MainProcess] API (logger.py:error:134) | NapCatAPIError: 消息体无法解析, 请检查是否发送了不支持的消息类型
[2025-11-27 21:43:19,192.192] ERROR    [MainThread|MainProcess] API (logger.py:error:134) | NapCatAPIError: 消息体无法解析, 请检查是否发送了不支持的消息类型
[2025-11-27 21:43:19,206.206] ERROR    [MainThread|MainProcess] API (logger.py:error:134) | NapCatAPIError: 消息体无法解析, 请检查是否发送了不支持的消息类型
[2025-11-27 21:43:19,216.216] ERROR    [MainThread|MainProcess] API (logger.py:error:134) | NapCatAPIError: 消息体无法解析, 请检查是否发送了不支持的消息类型
[2025-11-27 21:43:19,220.220] ERROR    [MainThread|MainProcess] API (logger.py:error:134) | NapCatAPIError: 消息体无法解析, 请检查是否发送了不支持的消息类型
[2025-11-27 21:43:19,223.223] ERROR    [MainThread|MainProcess] API (logger.py:error:134) | NapCatAPIError: 消息体无法解析, 请检查是否发送了不支持的消息类型
[2025-11-27 21:43:19,234.234] ERROR    [MainThread|MainProcess] API (logger.py:error:134) | NapCatAPIError: 消息体无法解析, 请检查是否发送了不支持的消息类型
[2025-11-27 21:43:19,323.323] ERROR    [MainThread|MainProcess] API (logger.py:error:134) | NapCatAPIError: 消息体无法解析, 请检查是否发送了不支持的消息类型
[2025-11-27 21:43:19,331.331] ERROR    [MainThread|MainProcess] API (logger.py:error:134) | NapCatAPIError: 消息体无法解析, 请检查是否发送了不支持的消息类型
[2025-11-27 21:43:19,333.333] ERROR    [MainThread|MainProcess] API (logger.py:error:134) | NapCatAPIError: 消息体无法解析, 请检查是否发送了不支持的消息类型
[2025-11-27 21:49:00,726.726] INFO     [MainThread|MainProcess] root (main.py:on_group_message:40) | GroupMessageEvent(sub_type=normal, message_id=1828850396, message=[Reply(id="1424045559"), At(qq="3362240349"), Text(text=" 你不许适应")], sender=GroupSender({"user_id":"3560799034", "nickname":"飙车酱RacingChan", "card":"", "role":"member"}), group_id=577713202)
[2025-11-27 21:49:00,742.742] ERROR    [MainThread|MainProcess] API (logger.py:error:134) | NapCatAPIError: 消息体无法解析, 请检查是否发送了不支持的消息类型
[2025-11-27 21:49:00,747.747] ERROR    [MainThread|MainProcess] API (logger.py:error:134) | NapCatAPIError: 消息体无法解析, 请检查是否发送了不支持的消息类型
[2025-11-27 21:49:00,750.750] ERROR    [MainThread|MainProcess] API (logger.py:error:134) | NapCatAPIError: 消息体无法解析, 请检查是否发送了不支持的消息类型
[2025-11-27 21:49:00,752.752] ERROR    [MainThread|MainProcess] API (logger.py:error:134) | NapCatAPIError: 消息体无法解析, 请检查是否发送了不支持的消息类型
[2025-11-27 21:49:00,755.755] ERROR    [MainThread|MainProcess] API (logger.py:error:134) | NapCatAPIError: 消息体无法解析, 请检查是否发送了不支持的消息类型
[2025-11-27 21:49:00,757.757] ERROR    [MainThread|MainProcess] API (logger.py:error:134) | NapCatAPIError: 消息体无法解析, 请检查是否发送了不支持的消息类型
[2025-11-27 21:49:00,759.759] ERROR    [MainThread|MainProcess] API (logger.py:error:134) | NapCatAPIError: 消息体无法解析, 请检查是否发送了不支持的消息类型
[2025-11-27 21:49:00,763.763] ERROR    [MainThread|MainProcess] API (logger.py:error:134) | NapCatAPIError: 消息体无法解析, 请检查是否发送了不支持的消息类型
[2025-11-27 21:49:00,766.766] ERROR    [MainThread|MainProcess] API (logger.py:error:134) | NapCatAPIError: 消息体无法解析, 请检查是否发送了不支持的消息类型
[2025-11-27 21:49:00,768.768] ERROR    [MainThread|MainProcess] API (logger.py:error:134) | NapCatAPIError: 消息体无法解析, 请检查是否发送了不支持的消息类型
[2025-11-27 21:49:04,986.986] INFO     [MainThread|MainProcess] root (main.py:on_group_message:40) | GroupMessageEvent(sub_type=normal, message_id=1246307061, message=[Text(text="😡")], sender=GroupSender({"user_id":"3560799034", "nickname":"飙车酱RacingChan", "card":"", "role":"member"}), group_id=577713202)
[2025-11-27 21:49:04,996.996] ERROR    [MainThread|MainProcess] API (logger.py:error:134) | NapCatAPIError: 消息体无法解析, 请检查是否发送了不支持的消息类型
[2025-11-27 21:49:05,007.007] ERROR    [MainThread|MainProcess] API (logger.py:error:134) | NapCatAPIError: 消息体无法解析, 请检查是否发送了不支持的消息类型
[2025-11-27 21:49:05,016.016] ERROR    [MainThread|MainProcess] API (logger.py:error:134) | NapCatAPIError: 消息体无法解析, 请检查是否发送了不支持的消息类型
[2025-11-27 21:49:05,020.020] ERROR    [MainThread|MainProcess] API (logger.py:error:134) | NapCatAPIError: 消息体无法解析, 请检查是否发送了不支持的消息类型
[2025-11-27 21:49:05,029.029] ERROR    [MainThread|MainProcess] API (logger.py:error:134) | NapCatAPIError: 消息体无法解析, 请检查是否发送了不支持的消息类型
[2025-11-27 21:49:05,037.037] ERROR    [MainThread|MainProcess] API (logger.py:error:134) | NapCatAPIError: 消息体无法解析, 请检查是否发送了不支持的消息类型
[2025-11-27 21:49:05,049.049] ERROR    [MainThread|MainProcess] API (logger.py:error:134) | NapCatAPIError: 消息体无法解析, 请检查是否发送了不支持的消息类型
[2025-11-27 21:49:05,102.102] ERROR    [MainThread|MainProcess] API (logger.py:error:134) | NapCatAPIError: 消息体无法解析, 请检查是否发送了不支持的消息类型
[2025-11-27 21:49:05,173.173] ERROR    [MainThread|MainProcess] API (logger.py:error:134) | NapCatAPIError: 消息体无法解析, 请检查是否发送了不支持的消息类型
[2025-11-27 21:49:05,176.176] ERROR    [MainThread|MainProcess] API (logger.py:error:134) | NapCatAPIError: 消息体无法解析, 请检查是否发送了不支持的消息类型
[2025-11-27 22:01:18,050.050] INFO     [MainThread|MainProcess] root (main.py:on_group_message:40) | GroupMessageEvent(sub_type=normal, message_id=1726711862, message=[Image(file="97E5585BBA281124C7149F4DAE3EA17A.jpg", url="https://multimedia.nt.qq.com.cn/download?appid=1407&fileid=EhSUHP-Dqxd3erARRvzaYYrpfpO7ixiWkwMg_wootfGwkr-SkQMyBHByb2RQgL2jAVoQ-FMvuoA8d3wsNsFsGk3OK3oCTG2CAQJuag&rkey=CAISMDRNbLjbjgTQSR_gDORYKvxlO44zAucv6fieEpsrt8FFRaAK7xfnPzLXQpXRDVGbmA", file_size="51606", summary="[动画表情]", sub_type=1)], sender=GroupSender({"user_id":"3362240349", "nickname":"鸢尾落華", "card":"ⓘ 该群聊涉嫌玩中二已被解散", "role":"member"}), group_id=577713202)
[2025-11-27 22:01:18,057.057] ERROR    [MainThread|MainProcess] API (logger.py:error:134) | NapCatAPIError: 消息体无法解析, 请检查是否发送了不支持的消息类型
[2025-11-27 22:01:18,085.085] ERROR    [MainThread|MainProcess] API (logger.py:error:134) | NapCatAPIError: 消息体无法解析, 请检查是否发送了不支持的消息类型
[2025-11-27 22:01:18,204.204] ERROR    [MainThread|MainProcess] API (logger.py:error:134) | NapCatAPIError: 消息体无法解析, 请检查是否发送了不支持的消息类型
[2025-11-27 22:01:18,247.247] ERROR    [MainThread|MainProcess] API (logger.py:error:134) | NapCatAPIError: 消息体无法解析, 请检查是否发送了不支持的消息类型
[2025-11-27 22:01:18,251.251] INFO     [MainThread|MainProcess] root (main.py:on_group_message:40) | GroupMessageEvent(sub_type=normal, message_id=454820988, message=[Image(file="69984813A7FF9F0F04BD63905FB05A3A.jpg", url="https://multimedia.nt.qq.com.cn/download?appid=1407&fileid=EhTIkGsAcJwIz-2eiH845I1f0XeC2BiWoAEg_woohMm1kr-SkQMyBHByb2RQgL2jAVoQbXhG2h82wVimeK3YY2lmGHoCXUyCAQJuag&rkey=CAISMDRNbLjbjgTQSR_gDORYKvxlO44zAucv6fieEpsrt8FFRaAK7xfnPzLXQpXRDVGbmA", file_size="20502", summary="[动画表情]", sub_type=1)], sender=GroupSender({"user_id":"3362240349", "nickname":"鸢尾落華", "card":"ⓘ 该群聊涉嫌玩中二已被解散", "role":"member"}), group_id=577713202)
[2025-11-27 22:01:18,276.276] ERROR    [MainThread|MainProcess] API (logger.py:error:134) | NapCatAPIError: 消息体无法解析, 请检查是否发送了不支持的消息类型
[2025-11-27 22:01:18,276.276] ERROR    [MainThread|MainProcess] API (logger.py:error:134) | NapCatAPIError: 消息体无法解析, 请检查是否发送了不支持的消息类型
[2025-11-27 22:01:18,282.282] ERROR    [MainThread|MainProcess] API (logger.py:error:134) | NapCatAPIError: 消息体无法解析, 请检查是否发送了不支持的消息类型
[2025-11-27 22:01:18,283.283] ERROR    [MainThread|MainProcess] API (logger.py:error:134) | NapCatAPIError: 消息体无法解析, 请检查是否发送了不支持的消息类型
[2025-11-27 22:01:18,285.285] ERROR    [MainThread|MainProcess] API (logger.py:error:134) | NapCatAPIError: 消息体无法解析, 请检查是否发送了不支持的消息类型
[2025-11-27 22:01:18,287.287] ERROR    [MainThread|MainProcess] API (logger.py:error:134) | NapCatAPIError: 消息体无法解析, 请检查是否发送了不支持的消息类型
[2025-11-27 22:01:18,289.289] ERROR    [MainThread|MainProcess] API (logger.py:error:134) | NapCatAPIError: 消息体无法解析, 请检查是否发送了不支持的消息类型
[2025-11-27 22:01:18,290.290] ERROR    [MainThread|MainProcess] API (logger.py:error:134) | NapCatAPIError: 消息体无法解析, 请检查是否发送了不支持的消息类型
[2025-11-27 22:01:18,292.292] ERROR    [MainThread|MainProcess] API (logger.py:error:134) | NapCatAPIError: 消息体无法解析, 请检查是否发送了不支持的消息类型
[2025-11-27 22:01:18,293.293] ERROR    [MainThread|MainProcess] API (logger.py:error:134) | NapCatAPIError: 消息体无法解析, 请检查是否发送了不支持的消息类型
[2025-11-27 22:01:18,294.294] ERROR    [MainThread|MainProcess] API (logger.py:error:134) | NapCatAPIError: 消息体无法解析, 请检查是否发送了不支持的消息类型
[2025-11-27 22:01:18,295.295] ERROR    [MainThread|MainProcess] API (logger.py:error:134) | NapCatAPIError: 消息体无法解析, 请检查是否发送了不支持的消息类型
[2025-11-27 22:01:18,316.316] ERROR    [MainThread|MainProcess] API (logger.py:error:134) | NapCatAPIError: 消息体无法解析, 请检查是否发送了不支持的消息类型
[2025-11-27 22:01:18,318.318] ERROR    [MainThread|MainProcess] API (logger.py:error:134) | NapCatAPIError: 消息体无法解析, 请检查是否发送了不支持的消息类型
[2025-11-27 22:01:18,321.321] ERROR    [MainThread|MainProcess] API (logger.py:error:134) | NapCatAPIError: 消息体无法解析, 请检查是否发送了不支持的消息类型
[2025-11-27 22:01:18,323.323] ERROR    [MainThread|MainProcess] API (logger.py:error:134) | NapCatAPIError: 消息体无法解析, 请检查是否发送了不支持的消息类型
[2025-11-27 22:01:18,627.627] INFO     [MainThread|MainProcess] root (main.py:on_group_message:40) | GroupMessageEvent(sub_type=normal, message_id=2031838101, message=[Image(file="26120F862C0C22D3A601DED53C066667.jpg", url="https://multimedia.nt.qq.com.cn/download?appid=1407&fileid=EhQyT5BfjJ6Nc8xpH-GFOfDi7tq9KRjqlAEg_woospfNkr-SkQMyBHByb2RQgL2jAVoQhouABbebHk1z3KRdMXHOF3oCHgGCAQJuag&rkey=CAISMDRNbLjbjgTQSR_gDORYKvxlO44zAucv6fieEpsrt8FFRaAK7xfnPzLXQpXRDVGbmA", file_size="19050", summary="[动画表情]", sub_type=1)], sender=GroupSender({"user_id":"3362240349", "nickname":"鸢尾落華", "card":"ⓘ 该群聊涉嫌玩中二已被解散", "role":"member"}), group_id=577713202)
[2025-11-27 22:01:18,630.630] ERROR    [MainThread|MainProcess] API (logger.py:error:134) | NapCatAPIError: 消息体无法解析, 请检查是否发送了不支持的消息类型
[2025-11-27 22:01:18,632.632] ERROR    [MainThread|MainProcess] API (logger.py:error:134) | NapCatAPIError: 消息体无法解析, 请检查是否发送了不支持的消息类型
[2025-11-27 22:01:18,634.634] ERROR    [MainThread|MainProcess] API (logger.py:error:134) | NapCatAPIError: 消息体无法解析, 请检查是否发送了不支持的消息类型
[2025-11-27 22:01:18,637.637] ERROR    [MainThread|MainProcess] API (logger.py:error:134) | NapCatAPIError: 消息体无法解析, 请检查是否发送了不支持的消息类型
[2025-11-27 22:01:18,644.644] ERROR    [MainThread|MainProcess] API (logger.py:error:134) | NapCatAPIError: 消息体无法解析, 请检查是否发送了不支持的消息类型
[2025-11-27 22:01:18,646.646] ERROR    [MainThread|MainProcess] API (logger.py:error:134) | NapCatAPIError: 消息体无法解析, 请检查是否发送了不支持的消息类型
[2025-11-27 22:01:18,647.647] ERROR    [MainThread|MainProcess] API (logger.py:error:134) | NapCatAPIError: 消息体无法解析, 请检查是否发送了不支持的消息类型
[2025-11-27 22:01:18,649.649] ERROR    [MainThread|MainProcess] API (logger.py:error:134) | NapCatAPIError: 消息体无法解析, 请检查是否发送了不支持的消息类型
[2025-11-27 22:01:18,651.651] ERROR    [MainThread|MainProcess] API (logger.py:error:134) | NapCatAPIError: 消息体无法解析, 请检查是否发送了不支持的消息类型
[2025-11-27 22:01:18,654.654] ERROR    [MainThread|MainProcess] API (logger.py:error:134) | NapCatAPIError: 消息体无法解析, 请检查是否发送了不支持的消息类型
[2025-11-27 22:01:30,104.104] INFO     [MainThread|MainProcess] root (main.py:on_group_message:40) | GroupMessageEvent(sub_type=normal, message_id=1035355653, message=[Text(text="不都比我强")], sender=GroupSender({"user_id":"3362240349", "nickname":"鸢尾落華", "card":"ⓘ 该群聊涉嫌玩中二已被解散", "role":"member"}), group_id=577713202)
[2025-11-27 22:01:30,120.120] ERROR    [MainThread|MainProcess] API (logger.py:error:134) | NapCatAPIError: 消息体无法解析, 请检查是否发送了不支持的消息类型
[2025-11-27 22:01:30,187.187] ERROR    [MainThread|MainProcess] API (logger.py:error:134) | NapCatAPIError: 消息体无法解析, 请检查是否发送了不支持的消息类型
[2025-11-27 22:01:30,202.202] ERROR    [MainThread|MainProcess] API (logger.py:error:134) | NapCatAPIError: 消息体无法解析, 请检查是否发送了不支持的消息类型
[2025-11-27 22:01:30,281.281] ERROR    [MainThread|MainProcess] API (logger.py:error:134) | NapCatAPIError: 消息体无法解析, 请检查是否发送了不支持的消息类型
[2025-11-27 22:01:30,296.296] ERROR    [MainThread|MainProcess] API (logger.py:error:134) | NapCatAPIError: 消息体无法解析, 请检查是否发送了不支持的消息类型
[2025-11-27 22:01:30,304.304] ERROR    [MainThread|MainProcess] API (logger.py:error:134) | NapCatAPIError: 消息体无法解析, 请检查是否发送了不支持的消息类型
[2025-11-27 22:01:30,307.307] ERROR    [MainThread|MainProcess] API (logger.py:error:134) | NapCatAPIError: 消息体无法解析, 请检查是否发送了不支持的消息类型
[2025-11-27 22:01:30,310.310] ERROR    [MainThread|MainProcess] API (logger.py:error:134) | NapCatAPIError: 消息体无法解析, 请检查是否发送了不支持的消息类型
[2025-11-27 22:01:30,319.319] ERROR    [MainThread|MainProcess] API (logger.py:error:134) | NapCatAPIError: 消息体无法解析, 请检查是否发送了不支持的消息类型
[2025-11-27 22:01:30,322.322] ERROR    [MainThread|MainProcess] API (logger.py:error:134) | NapCatAPIError: 消息体无法解析, 请检查是否发送了不支持的消息类型
[2025-11-27 22:05:25,422.422] INFO     [MainThread|MainProcess] root (main.py:on_group_message:40) | GroupMessageEvent(sub_type=normal, message_id=841240909, message=[Image(file="7F044C384CB2DD27A8F9C71B3271182B.png", url="https://multimedia.nt.qq.com.cn/download?appid=1407&fileid=EhQiTb4_u-tgFQ2vOuTknvRnlra-PRjA7ygg_woo7b_bh8CSkQMyBHByb2RQgL2jAVoQTkQPPqxnpHYHPq7UDq6-rHoCgoqCAQJuag&rkey=CAISMDRNbLjbjgTQSR_gDORYKvxlO44zAucv6fieEpsrt8FFRaAK7xfnPzLXQpXRDVGbmA", file_size="669632", summary="", sub_type=0), Text(text="开头硬控我8秒钟")], sender=GroupSender({"user_id":"113764782", "nickname":"超级练习册", "card":"", "role":"member"}), group_id=621893711)
[2025-11-27 22:05:25,432.432] ERROR    [MainThread|MainProcess] API (logger.py:error:134) | NapCatAPIError: 消息体无法解析, 请检查是否发送了不支持的消息类型
[2025-11-27 22:05:25,472.472] ERROR    [MainThread|MainProcess] API (logger.py:error:134) | NapCatAPIError: 消息体无法解析, 请检查是否发送了不支持的消息类型
[2025-11-27 22:05:25,509.509] ERROR    [MainThread|MainProcess] API (logger.py:error:134) | NapCatAPIError: 消息体无法解析, 请检查是否发送了不支持的消息类型
[2025-11-27 22:05:25,561.561] ERROR    [MainThread|MainProcess] API (logger.py:error:134) | NapCatAPIError: 消息体无法解析, 请检查是否发送了不支持的消息类型
[2025-11-27 22:05:25,568.568] ERROR    [MainThread|MainProcess] API (logger.py:error:134) | NapCatAPIError: 消息体无法解析, 请检查是否发送了不支持的消息类型
[2025-11-27 22:05:25,572.572] ERROR    [MainThread|MainProcess] API (logger.py:error:134) | NapCatAPIError: 消息体无法解析, 请检查是否发送了不支持的消息类型
[2025-11-27 22:05:25,575.575] ERROR    [MainThread|MainProcess] API (logger.py:error:134) | NapCatAPIError: 消息体无法解析, 请检查是否发送了不支持的消息类型
[2025-11-27 22:05:25,578.578] ERROR    [MainThread|MainProcess] API (logger.py:error:134) | NapCatAPIError: 消息体无法解析, 请检查是否发送了不支持的消息类型
[2025-11-27 22:05:25,580.580] ERROR    [MainThread|MainProcess] API (logger.py:error:134) | NapCatAPIError: 消息体无法解析, 请检查是否发送了不支持的消息类型
[2025-11-27 22:05:25,583.583] ERROR    [MainThread|MainProcess] API (logger.py:error:134) | NapCatAPIError: 消息体无法解析, 请检查是否发送了不支持的消息类型
[2025-11-27 22:06:53,685.685] INFO     [MainThread|MainProcess] root (main.py:on_group_message:40) | GroupMessageEvent(sub_type=normal, message_id=1701362737, message=[Text(text="1")], sender=GroupSender({"user_id":"2585690555", "nickname":"__Infinitive__", "card":"", "role":"admin"}), group_id=1061413302)
[2025-11-27 22:06:54,345.345] ERROR    [MainThread|MainProcess] API (logger.py:error:134) | NapCatAPIError: 消息体无法解析, 请检查是否发送了不支持的消息类型
[2025-11-27 22:06:54,356.356] ERROR    [MainThread|MainProcess] API (logger.py:error:134) | NapCatAPIError: 消息体无法解析, 请检查是否发送了不支持的消息类型
[2025-11-27 22:06:54,366.366] ERROR    [MainThread|MainProcess] API (logger.py:error:134) | NapCatAPIError: 消息体无法解析, 请检查是否发送了不支持的消息类型
[2025-11-27 22:06:54,369.369] ERROR    [MainThread|MainProcess] API (logger.py:error:134) | NapCatAPIError: 消息体无法解析, 请检查是否发送了不支持的消息类型
[2025-11-27 22:06:54,372.372] ERROR    [MainThread|MainProcess] API (logger.py:error:134) | NapCatAPIError: 消息体无法解析, 请检查是否发送了不支持的消息类型
[2025-11-27 22:06:54,374.374] ERROR    [MainThread|MainProcess] API (logger.py:error:134) | NapCatAPIError: 消息体无法解析, 请检查是否发送了不支持的消息类型
[2025-11-27 22:06:54,376.376] ERROR    [MainThread|MainProcess] API (logger.py:error:134) | NapCatAPIError: 消息体无法解析, 请检查是否发送了不支持的消息类型
[2025-11-27 22:06:54,382.382] ERROR    [MainThread|MainProcess] API (logger.py:error:134) | NapCatAPIError: 消息体无法解析, 请检查是否发送了不支持的消息类型
[2025-11-27 22:06:54,384.384] ERROR    [MainThread|MainProcess] API (logger.py:error:134) | NapCatAPIError: 消息体无法解析, 请检查是否发送了不支持的消息类型
[2025-11-27 22:07:05,701.701] INFO     [MainThread|MainProcess] root (main.py:on_group_message:40) | GroupMessageEvent(sub_type=normal, message_id=527363965, message=[At(qq="1095216448"), Text(text=" 代码我看看")], sender=GroupSender({"user_id":"2585690555", "nickname":"__Infinitive__", "card":"", "role":"admin"}), group_id=1061413302)
[2025-11-27 22:07:05,712.712] ERROR    [MainThread|MainProcess] API (logger.py:error:134) | NapCatAPIError: 消息体无法解析, 请检查是否发送了不支持的消息类型
[2025-11-27 22:07:05,725.725] ERROR    [MainThread|MainProcess] API (logger.py:error:134) | NapCatAPIError: 消息体无法解析, 请检查是否发送了不支持的消息类型
[2025-11-27 22:07:05,727.727] ERROR    [MainThread|MainProcess] API (logger.py:error:134) | NapCatAPIError: 消息体无法解析, 请检查是否发送了不支持的消息类型
[2025-11-27 22:07:05,730.730] ERROR    [MainThread|MainProcess] API (logger.py:error:134) | NapCatAPIError: 消息体无法解析, 请检查是否发送了不支持的消息类型
[2025-11-27 22:07:05,743.743] ERROR    [MainThread|MainProcess] API (logger.py:error:134) | NapCatAPIError: 消息体无法解析, 请检查是否发送了不支持的消息类型
[2025-11-27 22:07:05,746.746] ERROR    [MainThread|MainProcess] API (logger.py:error:134) | NapCatAPIError: 消息体无法解析, 请检查是否发送了不支持的消息类型
[2025-11-27 22:07:05,748.748] ERROR    [MainThread|MainProcess] API (logger.py:error:134) | NapCatAPIError: 消息体无法解析, 请检查是否发送了不支持的消息类型
[2025-11-27 22:07:05,750.750] ERROR    [MainThread|MainProcess] API (logger.py:error:134) | NapCatAPIError: 消息体无法解析, 请检查是否发送了不支持的消息类型
[2025-11-27 22:07:05,752.752] ERROR    [MainThread|MainProcess] API (logger.py:error:134) | NapCatAPIError: 消息体无法解析, 请检查是否发送了不支持的消息类型
[2025-11-27 22:07:05,754.754] ERROR    [MainThread|MainProcess] API (logger.py:error:134) | NapCatAPIError: 消息体无法解析, 请检查是否发送了不支持的消息类型
[2025-11-27 22:08:48,607.607] INFO     [MainThread|MainProcess] root (main.py:on_group_message:40) | GroupMessageEvent(sub_type=normal, message_id=1857475843, message=[Reply(id="1035355653"), At(qq="3362240349"), Text(text=" 除了我")], sender=GroupSender({"user_id":"3560799034", "nickname":"飙车酱RacingChan", "card":"", "role":"member"}), group_id=577713202)
[2025-11-27 22:08:48,615.615] ERROR    [MainThread|MainProcess] API (logger.py:error:134) | NapCatAPIError: 消息体无法解析, 请检查是否发送了不支持的消息类型
[2025-11-27 22:08:48,630.630] ERROR    [MainThread|MainProcess] API (logger.py:error:134) | NapCatAPIError: 消息体无法解析, 请检查是否发送了不支持的消息类型
[2025-11-27 22:08:48,633.633] ERROR    [MainThread|MainProcess] API (logger.py:error:134) | NapCatAPIError: 消息体无法解析, 请检查是否发送了不支持的消息类型
[2025-11-27 22:08:48,635.635] ERROR    [MainThread|MainProcess] API (logger.py:error:134) | NapCatAPIError: 消息体无法解析, 请检查是否发送了不支持的消息类型
[2025-11-27 22:08:48,637.637] ERROR    [MainThread|MainProcess] API (logger.py:error:134) | NapCatAPIError: 消息体无法解析, 请检查是否发送了不支持的消息类型
[2025-11-27 22:08:48,640.640] ERROR    [MainThread|MainProcess] API (logger.py:error:134) | NapCatAPIError: 消息体无法解析, 请检查是否发送了不支持的消息类型
[2025-11-27 22:08:48,643.643] ERROR    [MainThread|MainProcess] API (logger.py:error:134) | NapCatAPIError: 消息体无法解析, 请检查是否发送了不支持的消息类型
[2025-11-27 22:08:48,645.645] ERROR    [MainThread|MainProcess] API (logger.py:error:134) | NapCatAPIError: 消息体无法解析, 请检查是否发送了不支持的消息类型
[2025-11-27 22:08:48,649.649] ERROR    [MainThread|MainProcess] API (logger.py:error:134) | NapCatAPIError: 消息体无法解析, 请检查是否发送了不支持的消息类型
[2025-11-27 22:08:48,651.651] ERROR    [MainThread|MainProcess] API (logger.py:error:134) | NapCatAPIError: 消息体无法解析, 请检查是否发送了不支持的消息类型
[2025-11-27 22:10:35,425.425] INFO     [MainThread|MainProcess] root (main.py:on_group_message:40) | GroupMessageEvent(sub_type=normal, message_id=1182631203, message=[Reply(id="527363965"), At(qq="2585690555"), Text(text=" 什么")], sender=GroupSender({"user_id":"1095216448", "nickname":"冰如猫", "card":"AAA.专业JavaScript史山批发小李", "role":"member"}), group_id=1061413302)
[2025-11-27 22:10:35,428.428] ERROR    [MainThread|MainProcess] API (logger.py:error:134) | NapCatAPIError: 消息体无法解析, 请检查是否发送了不支持的消息类型
[2025-11-27 22:10:35,433.433] ERROR    [MainThread|MainProcess] API (logger.py:error:134) | NapCatAPIError: 消息体无法解析, 请检查是否发送了不支持的消息类型
[2025-11-27 22:10:35,447.447] ERROR    [MainThread|MainProcess] API (logger.py:error:134) | NapCatAPIError: 消息体无法解析, 请检查是否发送了不支持的消息类型
[2025-11-27 22:10:35,450.450] ERROR    [MainThread|MainProcess] API (logger.py:error:134) | NapCatAPIError: 消息体无法解析, 请检查是否发送了不支持的消息类型
[2025-11-27 22:10:35,458.458] ERROR    [MainThread|MainProcess] API (logger.py:error:134) | NapCatAPIError: 消息体无法解析, 请检查是否发送了不支持的消息类型
[2025-11-27 22:10:35,467.467] ERROR    [MainThread|MainProcess] API (logger.py:error:134) | NapCatAPIError: 消息体无法解析, 请检查是否发送了不支持的消息类型
[2025-11-27 22:10:35,472.472] ERROR    [MainThread|MainProcess] API (logger.py:error:134) | NapCatAPIError: 消息体无法解析, 请检查是否发送了不支持的消息类型
[2025-11-27 22:10:35,502.502] ERROR    [MainThread|MainProcess] API (logger.py:error:134) | NapCatAPIError: 消息体无法解析, 请检查是否发送了不支持的消息类型
[2025-11-27 22:10:35,550.550] ERROR    [MainThread|MainProcess] API (logger.py:error:134) | NapCatAPIError: 消息体无法解析, 请检查是否发送了不支持的消息类型
[2025-11-27 22:10:35,578.578] ERROR    [MainThread|MainProcess] API (logger.py:error:134) | NapCatAPIError: 消息体无法解析, 请检查是否发送了不支持的消息类型
[2025-11-27 22:10:37,969.969] INFO     [MainThread|MainProcess] root (main.py:on_group_message:40) | GroupMessageEvent(sub_type=normal, message_id=874879180, message=[Text(text="什么都没")], sender=GroupSender({"user_id":"1095216448", "nickname":"冰如猫", "card":"AAA.专业JavaScript史山批发小李", "role":"member"}), group_id=1061413302)
[2025-11-27 22:10:38,000.000] ERROR    [MainThread|MainProcess] API (logger.py:error:134) | NapCatAPIError: 消息体无法解析, 请检查是否发送了不支持的消息类型
[2025-11-27 22:10:38,005.005] ERROR    [MainThread|MainProcess] API (logger.py:error:134) | NapCatAPIError: 消息体无法解析, 请检查是否发送了不支持的消息类型
[2025-11-27 22:10:38,008.008] ERROR    [MainThread|MainProcess] API (logger.py:error:134) | NapCatAPIError: 消息体无法解析, 请检查是否发送了不支持的消息类型
[2025-11-27 22:10:38,015.015] ERROR    [MainThread|MainProcess] API (logger.py:error:134) | NapCatAPIError: 消息体无法解析, 请检查是否发送了不支持的消息类型
[2025-11-27 22:10:38,018.018] ERROR    [MainThread|MainProcess] API (logger.py:error:134) | NapCatAPIError: 消息体无法解析, 请检查是否发送了不支持的消息类型
[2025-11-27 22:10:38,022.022] ERROR    [MainThread|MainProcess] API (logger.py:error:134) | NapCatAPIError: 消息体无法解析, 请检查是否发送了不支持的消息类型
[2025-11-27 22:10:38,070.070] ERROR    [MainThread|MainProcess] API (logger.py:error:134) | NapCatAPIError: 消息体无法解析, 请检查是否发送了不支持的消息类型
[2025-11-27 22:10:38,090.090] ERROR    [MainThread|MainProcess] API (logger.py:error:134) | NapCatAPIError: 消息体无法解析, 请检查是否发送了不支持的消息类型
[2025-11-27 22:10:38,097.097] ERROR    [MainThread|MainProcess] API (logger.py:error:134) | NapCatAPIError: 消息体无法解析, 请检查是否发送了不支持的消息类型
[2025-11-27 22:10:38,103.103] ERROR    [MainThread|MainProcess] API (logger.py:error:134) | NapCatAPIError: 消息体无法解析, 请检查是否发送了不支持的消息类型
[2025-11-27 22:10:39,357.357] INFO     [MainThread|MainProcess] root (main.py:on_notice:73) | NoticeEvent(group_id=1061413302, user_id=1095216448, message_id=874879180, notice_type=group_recall, operator_id=1095216448)
[2025-11-27 22:10:39,357.357] ERROR    [MainThread|MainProcess] asyncio (base_events.py:default_exception_handler:1758) | Task exception was never retrieved
future: <Task finished name='Task-4523' coro=<on_notice() done, defined at d:\1code\qqbot\main.py:70> exception=KeyError('Invalid key: sub_type.')>
Traceback (most recent call last):
  File "d:\1code\qqbot\main.py", line 83, in on_notice
    if notice["sub_type"] == "poke" and str(notice["target_id"]) == BOT_QQ:
  File "D:\1code\python3.10\lib\site-packages\ncatbot\core\event\event_data.py", line 22, in __getitem__
    raise KeyError(f"Invalid key: {key}.")
KeyError: 'Invalid key: sub_type.'
[2025-11-27 22:10:43,643.643] INFO     [MainThread|MainProcess] root (main.py:on_group_message:40) | GroupMessageEvent(sub_type=normal, message_id=35098554, message=[Text(text="什么代码")], sender=GroupSender({"user_id":"1095216448", "nickname":"冰如猫", "card":"AAA.专业JavaScript史山批发小李", "role":"member"}), group_id=1061413302)
[2025-11-27 22:10:43,668.668] ERROR    [MainThread|MainProcess] API (logger.py:error:134) | NapCatAPIError: 消息体无法解析, 请检查是否发送了不支持的消息类型
[2025-11-27 22:10:43,696.696] ERROR    [MainThread|MainProcess] API (logger.py:error:134) | NapCatAPIError: 消息体无法解析, 请检查是否发送了不支持的消息类型
[2025-11-27 22:10:43,707.707] ERROR    [MainThread|MainProcess] API (logger.py:error:134) | NapCatAPIError: 消息体无法解析, 请检查是否发送了不支持的消息类型
[2025-11-27 22:10:43,747.747] ERROR    [MainThread|MainProcess] API (logger.py:error:134) | NapCatAPIError: 消息体无法解析, 请检查是否发送了不支持的消息类型
[2025-11-27 22:10:43,756.756] ERROR    [MainThread|MainProcess] API (logger.py:error:134) | NapCatAPIError: 消息体无法解析, 请检查是否发送了不支持的消息类型
[2025-11-27 22:10:43,763.763] ERROR    [MainThread|MainProcess] API (logger.py:error:134) | NapCatAPIError: 消息体无法解析, 请检查是否发送了不支持的消息类型
[2025-11-27 22:10:43,766.766] ERROR    [MainThread|MainProcess] API (logger.py:error:134) | NapCatAPIError: 消息体无法解析, 请检查是否发送了不支持的消息类型
[2025-11-27 22:10:43,769.769] ERROR    [MainThread|MainProcess] API (logger.py:error:134) | NapCatAPIError: 消息体无法解析, 请检查是否发送了不支持的消息类型
[2025-11-27 22:10:43,775.775] ERROR    [MainThread|MainProcess] API (logger.py:error:134) | NapCatAPIError: 消息体无法解析, 请检查是否发送了不支持的消息类型
[2025-11-27 22:10:43,778.778] ERROR    [MainThread|MainProcess] API (logger.py:error:134) | NapCatAPIError: 消息体无法解析, 请检查是否发送了不支持的消息类型
[2025-11-27 22:10:47,323.323] INFO     [MainThread|MainProcess] root (main.py:on_group_message:40) | GroupMessageEvent(sub_type=normal, message_id=1825797680, message=[Text(text="bot的")], sender=GroupSender({"user_id":"2585690555", "nickname":"__Infinitive__", "card":"", "role":"admin"}), group_id=1061413302)
[2025-11-27 22:10:47,329.329] ERROR    [MainThread|MainProcess] API (logger.py:error:134) | NapCatAPIError: 消息体无法解析, 请检查是否发送了不支持的消息类型
[2025-11-27 22:10:47,344.344] ERROR    [MainThread|MainProcess] API (logger.py:error:134) | NapCatAPIError: 消息体无法解析, 请检查是否发送了不支持的消息类型
[2025-11-27 22:10:47,347.347] ERROR    [MainThread|MainProcess] API (logger.py:error:134) | NapCatAPIError: 消息体无法解析, 请检查是否发送了不支持的消息类型
[2025-11-27 22:10:47,350.350] ERROR    [MainThread|MainProcess] API (logger.py:error:134) | NapCatAPIError: 消息体无法解析, 请检查是否发送了不支持的消息类型
[2025-11-27 22:10:47,352.352] ERROR    [MainThread|MainProcess] API (logger.py:error:134) | NapCatAPIError: 消息体无法解析, 请检查是否发送了不支持的消息类型
[2025-11-27 22:10:47,354.354] ERROR    [MainThread|MainProcess] API (logger.py:error:134) | NapCatAPIError: 消息体无法解析, 请检查是否发送了不支持的消息类型
[2025-11-27 22:10:47,357.357] ERROR    [MainThread|MainProcess] API (logger.py:error:134) | NapCatAPIError: 消息体无法解析, 请检查是否发送了不支持的消息类型
[2025-11-27 22:10:47,359.359] ERROR    [MainThread|MainProcess] API (logger.py:error:134) | NapCatAPIError: 消息体无法解析, 请检查是否发送了不支持的消息类型
[2025-11-27 22:10:47,362.362] ERROR    [MainThread|MainProcess] API (logger.py:error:134) | NapCatAPIError: 消息体无法解析, 请检查是否发送了不支持的消息类型
[2025-11-27 22:10:47,364.364] ERROR    [MainThread|MainProcess] API (logger.py:error:134) | NapCatAPIError: 消息体无法解析, 请检查是否发送了不支持的消息类型
[2025-11-27 22:10:53,229.229] INFO     [MainThread|MainProcess] root (main.py:on_group_message:40) | GroupMessageEvent(sub_type=normal, message_id=768050317, message=[Text(text="哦哦")], sender=GroupSender({"user_id":"1095216448", "nickname":"冰如猫", "card":"AAA.专业JavaScript史山批发小李", "role":"member"}), group_id=1061413302)
[2025-11-27 22:10:53,255.255] ERROR    [MainThread|MainProcess] API (logger.py:error:134) | NapCatAPIError: 消息体无法解析, 请检查是否发送了不支持的消息类型
[2025-11-27 22:10:53,274.274] ERROR    [MainThread|MainProcess] API (logger.py:error:134) | NapCatAPIError: 消息体无法解析, 请检查是否发送了不支持的消息类型
[2025-11-27 22:10:53,289.289] ERROR    [MainThread|MainProcess] API (logger.py:error:134) | NapCatAPIError: 消息体无法解析, 请检查是否发送了不支持的消息类型
[2025-11-27 22:10:53,293.293] ERROR    [MainThread|MainProcess] API (logger.py:error:134) | NapCatAPIError: 消息体无法解析, 请检查是否发送了不支持的消息类型
[2025-11-27 22:10:53,315.315] ERROR    [MainThread|MainProcess] API (logger.py:error:134) | NapCatAPIError: 消息体无法解析, 请检查是否发送了不支持的消息类型
[2025-11-27 22:10:53,327.327] ERROR    [MainThread|MainProcess] API (logger.py:error:134) | NapCatAPIError: 消息体无法解析, 请检查是否发送了不支持的消息类型
[2025-11-27 22:10:53,331.331] ERROR    [MainThread|MainProcess] API (logger.py:error:134) | NapCatAPIError: 消息体无法解析, 请检查是否发送了不支持的消息类型
[2025-11-27 22:10:53,334.334] ERROR    [MainThread|MainProcess] API (logger.py:error:134) | NapCatAPIError: 消息体无法解析, 请检查是否发送了不支持的消息类型
[2025-11-27 22:10:53,336.336] ERROR    [MainThread|MainProcess] API (logger.py:error:134) | NapCatAPIError: 消息体无法解析, 请检查是否发送了不支持的消息类型
[2025-11-27 22:10:53,338.338] ERROR    [MainThread|MainProcess] API (logger.py:error:134) | NapCatAPIError: 消息体无法解析, 请检查是否发送了不支持的消息类型
[2025-11-27 22:10:56,158.158] INFO     [MainThread|MainProcess] root (main.py:on_group_message:40) | GroupMessageEvent(sub_type=normal, message_id=1730946164, message=[Text(text="你等一下")], sender=GroupSender({"user_id":"1095216448", "nickname":"冰如猫", "card":"AAA.专业JavaScript史山批发小李", "role":"member"}), group_id=1061413302)
[2025-11-27 22:10:56,215.215] ERROR    [MainThread|MainProcess] API (logger.py:error:134) | NapCatAPIError: 消息体无法解析, 请检查是否发送了不支持的消息类型
[2025-11-27 22:10:56,236.236] ERROR    [MainThread|MainProcess] API (logger.py:error:134) | NapCatAPIError: 消息体无法解析, 请检查是否发送了不支持的消息类型
[2025-11-27 22:10:56,238.238] ERROR    [MainThread|MainProcess] API (logger.py:error:134) | NapCatAPIError: 消息体无法解析, 请检查是否发送了不支持的消息类型
[2025-11-27 22:10:56,249.249] ERROR    [MainThread|MainProcess] API (logger.py:error:134) | NapCatAPIError: 消息体无法解析, 请检查是否发送了不支持的消息类型
[2025-11-27 22:10:56,272.272] ERROR    [MainThread|MainProcess] API (logger.py:error:134) | NapCatAPIError: 消息体无法解析, 请检查是否发送了不支持的消息类型
[2025-11-27 22:10:56,275.275] ERROR    [MainThread|MainProcess] API (logger.py:error:134) | NapCatAPIError: 消息体无法解析, 请检查是否发送了不支持的消息类型
[2025-11-27 22:10:56,279.279] ERROR    [MainThread|MainProcess] API (logger.py:error:134) | NapCatAPIError: 消息体无法解析, 请检查是否发送了不支持的消息类型
[2025-11-27 22:10:56,284.284] ERROR    [MainThread|MainProcess] API (logger.py:error:134) | NapCatAPIError: 消息体无法解析, 请检查是否发送了不支持的消息类型
[2025-11-27 22:10:56,287.287] ERROR    [MainThread|MainProcess] API (logger.py:error:134) | NapCatAPIError: 消息体无法解析, 请检查是否发送了不支持的消息类型
[2025-11-27 22:10:56,290.290] ERROR    [MainThread|MainProcess] API (logger.py:error:134) | NapCatAPIError: 消息体无法解析, 请检查是否发送了不支持的消息类型
[2025-11-27 22:11:01,541.541] INFO     [MainThread|MainProcess] root (main.py:on_group_message:40) | GroupMessageEvent(sub_type=normal, message_id=1207886756, message=[Text(text="我传一下GitHub")], sender=GroupSender({"user_id":"1095216448", "nickname":"冰如猫", "card":"AAA.专业JavaScript史山批发小李", "role":"member"}), group_id=1061413302)
[2025-11-27 22:11:01,546.546] ERROR    [MainThread|MainProcess] API (logger.py:error:134) | NapCatAPIError: 消息体无法解析, 请检查是否发送了不支持的消息类型
[2025-11-27 22:11:01,579.579] ERROR    [MainThread|MainProcess] API (logger.py:error:134) | NapCatAPIError: 消息体无法解析, 请检查是否发送了不支持的消息类型
[2025-11-27 22:11:01,586.586] ERROR    [MainThread|MainProcess] API (logger.py:error:134) | NapCatAPIError: 消息体无法解析, 请检查是否发送了不支持的消息类型
[2025-11-27 22:11:01,589.589] ERROR    [MainThread|MainProcess] API (logger.py:error:134) | NapCatAPIError: 消息体无法解析, 请检查是否发送了不支持的消息类型
[2025-11-27 22:11:01,592.592] ERROR    [MainThread|MainProcess] API (logger.py:error:134) | NapCatAPIError: 消息体无法解析, 请检查是否发送了不支持的消息类型
[2025-11-27 22:11:01,596.596] ERROR    [MainThread|MainProcess] API (logger.py:error:134) | NapCatAPIError: 消息体无法解析, 请检查是否发送了不支持的消息类型
[2025-11-27 22:11:01,602.602] ERROR    [MainThread|MainProcess] API (logger.py:error:134) | NapCatAPIError: 消息体无法解析, 请检查是否发送了不支持的消息类型
[2025-11-27 22:11:01,623.623] ERROR    [MainThread|MainProcess] API (logger.py:error:134) | NapCatAPIError: 消息体无法解析, 请检查是否发送了不支持的消息类型
[2025-11-27 22:11:01,632.632] ERROR    [MainThread|MainProcess] API (logger.py:error:134) | NapCatAPIError: 消息体无法解析, 请检查是否发送了不支持的消息类型
[2025-11-27 22:11:01,638.638] ERROR    [MainThread|MainProcess] API (logger.py:error:134) | NapCatAPIError: 消息体无法解析, 请检查是否发送了不支持的消息类型
[2025-11-27 22:11:08,464.464] INFO     [MainThread|MainProcess] root (main.py:on_group_message:40) | GroupMessageEvent(sub_type=normal, message_id=646473291, message=[Text(text="你自己fork吧")], sender=GroupSender({"user_id":"1095216448", "nickname":"冰如猫", "card":"AAA.专业JavaScript史山批发小李", "role":"member"}), group_id=1061413302)
[2025-11-27 22:11:08,470.470] ERROR    [MainThread|MainProcess] API (logger.py:error:134) | NapCatAPIError: 消息体无法解析, 请检查是否发送了不支持的消息类型
[2025-11-27 22:11:08,485.485] ERROR    [MainThread|MainProcess] API (logger.py:error:134) | NapCatAPIError: 消息体无法解析, 请检查是否发送了不支持的消息类型
[2025-11-27 22:11:08,487.487] ERROR    [MainThread|MainProcess] API (logger.py:error:134) | NapCatAPIError: 消息体无法解析, 请检查是否发送了不支持的消息类型
[2025-11-27 22:11:08,490.490] ERROR    [MainThread|MainProcess] API (logger.py:error:134) | NapCatAPIError: 消息体无法解析, 请检查是否发送了不支持的消息类型
[2025-11-27 22:11:08,493.493] ERROR    [MainThread|MainProcess] API (logger.py:error:134) | NapCatAPIError: 消息体无法解析, 请检查是否发送了不支持的消息类型
[2025-11-27 22:11:08,495.495] ERROR    [MainThread|MainProcess] API (logger.py:error:134) | NapCatAPIError: 消息体无法解析, 请检查是否发送了不支持的消息类型
[2025-11-27 22:11:08,497.497] ERROR    [MainThread|MainProcess] API (logger.py:error:134) | NapCatAPIError: 消息体无法解析, 请检查是否发送了不支持的消息类型
[2025-11-27 22:11:08,500.500] ERROR    [MainThread|MainProcess] API (logger.py:error:134) | NapCatAPIError: 消息体无法解析, 请检查是否发送了不支持的消息类型
[2025-11-27 22:11:08,504.504] ERROR    [MainThread|MainProcess] API (logger.py:error:134) | NapCatAPIError: 消息体无法解析, 请检查是否发送了不支持的消息类型
[2025-11-27 22:11:08,506.506] ERROR    [MainThread|MainProcess] API (logger.py:error:134) | NapCatAPIError: 消息体无法解析, 请检查是否发送了不支持的消息类型
