[2025-07-30 00:00:15,028.028] DEBUG    [MainThread|MainProcess] websockets.client (protocol.py:read_frame:1177) | < TEXT '{"time":1753804815,"self_id":703263936,"post_ty...true},"interval":30000}' [148 bytes]
[2025-07-30 00:00:15,028.028] DEBUG    [MainThread|MainProcess] Logger (connect.py:on_message:43) | {'time': 1753804815, 'self_id': 703263936, 'post_type': 'meta_event', 'meta_event_type': 'heartbeat', 'status': {'online': True, 'good': True}, 'interval': 30000}
[2025-07-30 00:00:45,032.032] DEBUG    [MainThread|MainProcess] websockets.client (protocol.py:read_frame:1177) | < TEXT '{"time":1753804845,"self_id":703263936,"post_ty...true},"interval":30000}' [148 bytes]
[2025-07-30 00:00:45,032.032] DEBUG    [MainThread|MainProcess] Logger (connect.py:on_message:43) | {'time': 1753804845, 'self_id': 703263936, 'post_type': 'meta_event', 'meta_event_type': 'heartbeat', 'status': {'online': True, 'good': True}, 'interval': 30000}
[2025-07-30 00:01:15,043.043] DEBUG    [MainThread|MainProcess] websockets.client (protocol.py:read_frame:1177) | < TEXT '{"time":1753804875,"self_id":703263936,"post_ty...true},"interval":30000}' [148 bytes]
[2025-07-30 00:01:15,043.043] DEBUG    [MainThread|MainProcess] Logger (connect.py:on_message:43) | {'time': 1753804875, 'self_id': 703263936, 'post_type': 'meta_event', 'meta_event_type': 'heartbeat', 'status': {'online': True, 'good': True}, 'interval': 30000}
[2025-07-30 00:01:45,057.057] DEBUG    [MainThread|MainProcess] websockets.client (protocol.py:read_frame:1177) | < TEXT '{"time":1753804905,"self_id":703263936,"post_ty...true},"interval":30000}' [148 bytes]
[2025-07-30 00:01:45,057.057] DEBUG    [MainThread|MainProcess] Logger (connect.py:on_message:43) | {'time': 1753804905, 'self_id': 703263936, 'post_type': 'meta_event', 'meta_event_type': 'heartbeat', 'status': {'online': True, 'good': True}, 'interval': 30000}
[2025-07-30 00:02:15,070.070] DEBUG    [MainThread|MainProcess] websockets.client (protocol.py:read_frame:1177) | < TEXT '{"time":1753804935,"self_id":703263936,"post_ty...true},"interval":30000}' [148 bytes]
[2025-07-30 00:02:15,070.070] DEBUG    [MainThread|MainProcess] Logger (connect.py:on_message:43) | {'time': 1753804935, 'self_id': 703263936, 'post_type': 'meta_event', 'meta_event_type': 'heartbeat', 'status': {'online': True, 'good': True}, 'interval': 30000}
[2025-07-30 00:02:45,071.071] DEBUG    [MainThread|MainProcess] websockets.client (protocol.py:read_frame:1177) | < TEXT '{"time":1753804965,"self_id":703263936,"post_ty...true},"interval":30000}' [148 bytes]
[2025-07-30 00:02:45,071.071] DEBUG    [MainThread|MainProcess] Logger (connect.py:on_message:43) | {'time': 1753804965, 'self_id': 703263936, 'post_type': 'meta_event', 'meta_event_type': 'heartbeat', 'status': {'online': True, 'good': True}, 'interval': 30000}
[2025-07-30 00:03:15,081.081] DEBUG    [MainThread|MainProcess] websockets.client (protocol.py:read_frame:1177) | < TEXT '{"time":1753804995,"self_id":703263936,"post_ty...true},"interval":30000}' [148 bytes]
[2025-07-30 00:03:15,081.081] DEBUG    [MainThread|MainProcess] Logger (connect.py:on_message:43) | {'time': 1753804995, 'self_id': 703263936, 'post_type': 'meta_event', 'meta_event_type': 'heartbeat', 'status': {'online': True, 'good': True}, 'interval': 30000}
[2025-07-30 00:03:45,095.095] DEBUG    [MainThread|MainProcess] websockets.client (protocol.py:read_frame:1177) | < TEXT '{"time":1753805025,"self_id":703263936,"post_ty...true},"interval":30000}' [148 bytes]
[2025-07-30 00:03:45,095.095] DEBUG    [MainThread|MainProcess] Logger (connect.py:on_message:43) | {'time': 1753805025, 'self_id': 703263936, 'post_type': 'meta_event', 'meta_event_type': 'heartbeat', 'status': {'online': True, 'good': True}, 'interval': 30000}
[2025-07-30 00:04:15,108.108] DEBUG    [MainThread|MainProcess] websockets.client (protocol.py:read_frame:1177) | < TEXT '{"time":1753805055,"self_id":703263936,"post_ty...true},"interval":30000}' [148 bytes]
[2025-07-30 00:04:15,108.108] DEBUG    [MainThread|MainProcess] Logger (connect.py:on_message:43) | {'time': 1753805055, 'self_id': 703263936, 'post_type': 'meta_event', 'meta_event_type': 'heartbeat', 'status': {'online': True, 'good': True}, 'interval': 30000}
[2025-07-30 00:04:45,111.111] DEBUG    [MainThread|MainProcess] websockets.client (protocol.py:read_frame:1177) | < TEXT '{"time":1753805085,"self_id":703263936,"post_ty...true},"interval":30000}' [148 bytes]
[2025-07-30 00:04:45,111.111] DEBUG    [MainThread|MainProcess] Logger (connect.py:on_message:43) | {'time': 1753805085, 'self_id': 703263936, 'post_type': 'meta_event', 'meta_event_type': 'heartbeat', 'status': {'online': True, 'good': True}, 'interval': 30000}
[2025-07-30 00:05:15,123.123] DEBUG    [MainThread|MainProcess] websockets.client (protocol.py:read_frame:1177) | < TEXT '{"time":1753805115,"self_id":703263936,"post_ty...true},"interval":30000}' [148 bytes]
[2025-07-30 00:05:15,123.123] DEBUG    [MainThread|MainProcess] Logger (connect.py:on_message:43) | {'time': 1753805115, 'self_id': 703263936, 'post_type': 'meta_event', 'meta_event_type': 'heartbeat', 'status': {'online': True, 'good': True}, 'interval': 30000}
[2025-07-30 00:05:45,136.136] DEBUG    [MainThread|MainProcess] websockets.client (protocol.py:read_frame:1177) | < TEXT '{"time":1753805145,"self_id":703263936,"post_ty...true},"interval":30000}' [148 bytes]
[2025-07-30 00:05:45,136.136] DEBUG    [MainThread|MainProcess] Logger (connect.py:on_message:43) | {'time': 1753805145, 'self_id': 703263936, 'post_type': 'meta_event', 'meta_event_type': 'heartbeat', 'status': {'online': True, 'good': True}, 'interval': 30000}
[2025-07-30 00:05:52,604.604] DEBUG    [MainThread|MainProcess] websockets.client (protocol.py:read_frame:1177) | < TEXT '{"self_id":703263936,"user_id":1095216448,"time...","group_id":912458345}' [560 bytes]
[2025-07-30 00:05:52,604.604] DEBUG    [MainThread|MainProcess] Logger (client.py:handle_group_event:67) | {'group_id': '912458345', 'user_id': '1095216448', 'message_type': 'group', 'sub_type': 'normal', 'font': '14', 'sender': "{'user_id': 1095216448, 'nickname': '冰如猫', 'card': ''}", 'message_id': '770518214', 'message_seq': '770518214', 'real_id': '770518214', 'message': "[{'type': 'reply', 'data': {'id': '1160617377'}}, {'type': 'at', 'data': {'qq': '2716692964'}}, {'type': 'text', 'data': {'text': ' 不支持'}}]", 'message_format': 'array'}
[2025-07-30 00:05:52,604.604] INFO     [MainThread|MainProcess] Logger (main.py:on_group_message:34) | {'group_id': '912458345', 'user_id': '1095216448', 'message_type': 'group', 'sub_type': 'normal', 'font': '14', 'sender': "{'user_id': 1095216448, 'nickname': '冰如猫', 'card': ''}", 'message_id': '770518214', 'message_seq': '770518214', 'real_id': '770518214', 'message': "[{'type': 'reply', 'data': {'id': '1160617377'}}, {'type': 'at', 'data': {'qq': '2716692964'}}, {'type': 'text', 'data': {'text': ' 不支持'}}]", 'message_format': 'array'}
[2025-07-30 00:06:03,822.822] DEBUG    [MainThread|MainProcess] websockets.client (protocol.py:read_frame:1177) | < TEXT '{"self_id":703263936,"user_id":1095216448,"time...","group_id":912458345}' [461 bytes]
[2025-07-30 00:06:03,822.822] DEBUG    [MainThread|MainProcess] Logger (client.py:handle_group_event:67) | {'group_id': '912458345', 'user_id': '1095216448', 'message_type': 'group', 'sub_type': 'normal', 'font': '14', 'sender': "{'user_id': 1095216448, 'nickname': '冰如猫', 'card': ''}", 'message_id': '1170165919', 'message_seq': '1170165919', 'real_id': '1170165919', 'message': "[{'type': 'text', 'data': {'text': '别名要收集太麻烦'}}]", 'message_format': 'array'}
[2025-07-30 00:06:03,822.822] INFO     [MainThread|MainProcess] Logger (main.py:on_group_message:34) | {'group_id': '912458345', 'user_id': '1095216448', 'message_type': 'group', 'sub_type': 'normal', 'font': '14', 'sender': "{'user_id': 1095216448, 'nickname': '冰如猫', 'card': ''}", 'message_id': '1170165919', 'message_seq': '1170165919', 'real_id': '1170165919', 'message': "[{'type': 'text', 'data': {'text': '别名要收集太麻烦'}}]", 'message_format': 'array'}
[2025-07-30 00:06:15,150.150] DEBUG    [MainThread|MainProcess] websockets.client (protocol.py:read_frame:1177) | < TEXT '{"time":1753805175,"self_id":703263936,"post_ty...true},"interval":30000}' [148 bytes]
[2025-07-30 00:06:15,150.150] DEBUG    [MainThread|MainProcess] Logger (connect.py:on_message:43) | {'time': 1753805175, 'self_id': 703263936, 'post_type': 'meta_event', 'meta_event_type': 'heartbeat', 'status': {'online': True, 'good': True}, 'interval': 30000}
[2025-07-30 00:06:45,151.151] DEBUG    [MainThread|MainProcess] websockets.client (protocol.py:read_frame:1177) | < TEXT '{"time":1753805205,"self_id":703263936,"post_ty...true},"interval":30000}' [148 bytes]
[2025-07-30 00:06:45,151.151] DEBUG    [MainThread|MainProcess] Logger (connect.py:on_message:43) | {'time': 1753805205, 'self_id': 703263936, 'post_type': 'meta_event', 'meta_event_type': 'heartbeat', 'status': {'online': True, 'good': True}, 'interval': 30000}
[2025-07-30 00:07:15,163.163] DEBUG    [MainThread|MainProcess] websockets.client (protocol.py:read_frame:1177) | < TEXT '{"time":1753805235,"self_id":703263936,"post_ty...true},"interval":30000}' [148 bytes]
[2025-07-30 00:07:15,163.163] DEBUG    [MainThread|MainProcess] Logger (connect.py:on_message:43) | {'time': 1753805235, 'self_id': 703263936, 'post_type': 'meta_event', 'meta_event_type': 'heartbeat', 'status': {'online': True, 'good': True}, 'interval': 30000}
[2025-07-30 00:07:45,177.177] DEBUG    [MainThread|MainProcess] websockets.client (protocol.py:read_frame:1177) | < TEXT '{"time":1753805265,"self_id":703263936,"post_ty...true},"interval":30000}' [148 bytes]
[2025-07-30 00:07:45,177.177] DEBUG    [MainThread|MainProcess] Logger (connect.py:on_message:43) | {'time': 1753805265, 'self_id': 703263936, 'post_type': 'meta_event', 'meta_event_type': 'heartbeat', 'status': {'online': True, 'good': True}, 'interval': 30000}
[2025-07-30 00:07:54,035.035] DEBUG    [MainThread|MainProcess] websockets.client (protocol.py:read_frame:1177) | < TEXT '{"self_id":703263936,"user_id":1095216448,"time...","group_id":465281893}' [444 bytes]
[2025-07-30 00:07:54,035.035] DEBUG    [MainThread|MainProcess] Logger (client.py:handle_group_event:67) | {'group_id': '465281893', 'user_id': '1095216448', 'message_type': 'group', 'sub_type': 'normal', 'font': '14', 'sender': "{'user_id': 1095216448, 'nickname': '冰如猫', 'card': '冰の猫'}", 'message_id': '673358140', 'message_seq': '673358140', 'real_id': '673358140', 'message': "[{'type': 'text', 'data': {'text': '搜歌 LAMIA'}}]", 'message_format': 'array'}
[2025-07-30 00:07:54,035.035] INFO     [MainThread|MainProcess] Logger (main.py:on_group_message:34) | {'group_id': '465281893', 'user_id': '1095216448', 'message_type': 'group', 'sub_type': 'normal', 'font': '14', 'sender': "{'user_id': 1095216448, 'nickname': '冰如猫', 'card': '冰の猫'}", 'message_id': '673358140', 'message_seq': '673358140', 'real_id': '673358140', 'message': "[{'type': 'text', 'data': {'text': '搜歌 LAMIA'}}]", 'message_format': 'array'}
[2025-07-30 00:07:54,051.051] DEBUG    [MainThread|MainProcess] urllib3.connectionpool (connectionpool.py:_new_conn:1022) | Starting new HTTPS connection (1): chunithm.sega.jp:443
[2025-07-30 00:07:55,020.020] DEBUG    [MainThread|MainProcess] urllib3.connectionpool (connectionpool.py:_make_request:475) | https://chunithm.sega.jp:443 "GET /storage/json/music.json HTTP/1.1" 200 None
[2025-07-30 00:07:55,785.785] DEBUG    [MainThread|MainProcess] httpcore.connection (_trace.py:trace:47) | connect_tcp.started host='new.chunithm-net.com' port=443 local_address=None timeout=5.0 socket_options=None
[2025-07-30 00:07:56,285.285] DEBUG    [MainThread|MainProcess] httpcore.connection (_trace.py:trace:47) | connect_tcp.complete return_value=<httpcore._backends.sync.SyncStream object at 0x000001B351C94FD0>
[2025-07-30 00:07:56,285.285] DEBUG    [MainThread|MainProcess] httpcore.connection (_trace.py:trace:47) | start_tls.started ssl_context=<ssl.SSLContext object at 0x000001B351BC9440> server_hostname='new.chunithm-net.com' timeout=5.0
[2025-07-30 00:07:56,457.457] DEBUG    [MainThread|MainProcess] httpcore.connection (_trace.py:trace:47) | start_tls.complete return_value=<httpcore._backends.sync.SyncStream object at 0x000001B351C94340>
[2025-07-30 00:07:56,457.457] DEBUG    [MainThread|MainProcess] httpcore.http11 (_trace.py:trace:47) | send_request_headers.started request=<Request [b'GET']>
[2025-07-30 00:07:56,457.457] DEBUG    [MainThread|MainProcess] httpcore.http11 (_trace.py:trace:47) | send_request_headers.complete
[2025-07-30 00:07:56,457.457] DEBUG    [MainThread|MainProcess] httpcore.http11 (_trace.py:trace:47) | send_request_body.started request=<Request [b'GET']>
[2025-07-30 00:07:56,457.457] DEBUG    [MainThread|MainProcess] httpcore.http11 (_trace.py:trace:47) | send_request_body.complete
[2025-07-30 00:07:56,457.457] DEBUG    [MainThread|MainProcess] httpcore.http11 (_trace.py:trace:47) | receive_response_headers.started request=<Request [b'GET']>
[2025-07-30 00:07:56,519.519] DEBUG    [MainThread|MainProcess] httpcore.http11 (_trace.py:trace:47) | receive_response_headers.complete return_value=(b'HTTP/1.1', 200, b'OK', [(b'server', b'nginx'), (b'date', b'Tue, 29 Jul 2025 16:07:55 GMT'), (b'content-type', b'image/jpeg'), (b'content-length', b'29641'), (b'last-modified', b'Wed, 07 Feb 2024 19:04:11 GMT'), (b'expires', b'Wed, 30 Jul 2025 16:07:55 GMT'), (b'cache-control', b'max-age=86400'), (b'x-xss-protection', b'1; mode=block'), (b'strict-transport-security', b'max-age=31536000; includeSubDomains'), (b'x-frame-options', b'SAMEORIGIN'), (b'x-content-type-options', b'nosniff'), (b'accept-ranges', b'bytes'), (b'pragma', b'no-cache'), (b'cache-control', b'private, max-age-0, no-cache, no-store')])
[2025-07-30 00:07:56,519.519] INFO     [MainThread|MainProcess] httpx (_client.py:_send_single_request:1025) | HTTP Request: GET https://new.chunithm-net.com/chuni-mobile/html/mobile/img/a47535dc3b60837d.jpg "HTTP/1.1 200 OK"
[2025-07-30 00:07:56,519.519] DEBUG    [MainThread|MainProcess] httpcore.http11 (_trace.py:trace:47) | receive_response_body.started request=<Request [b'GET']>
[2025-07-30 00:07:56,582.582] DEBUG    [MainThread|MainProcess] httpcore.http11 (_trace.py:trace:47) | receive_response_body.complete
[2025-07-30 00:07:56,582.582] DEBUG    [MainThread|MainProcess] httpcore.http11 (_trace.py:trace:47) | response_closed.started
[2025-07-30 00:07:56,582.582] DEBUG    [MainThread|MainProcess] httpcore.http11 (_trace.py:trace:47) | response_closed.complete
[2025-07-30 00:07:56,598.598] DEBUG    [MainThread|MainProcess] httpcore.connection (_trace.py:trace:47) | close.started
[2025-07-30 00:07:56,598.598] DEBUG    [MainThread|MainProcess] httpcore.connection (_trace.py:trace:47) | close.complete
[2025-07-30 00:07:56,598.598] DEBUG    [MainThread|MainProcess] websockets.client (protocol.py:__init__:256) | = connection is CONNECTING
[2025-07-30 00:07:56,598.598] DEBUG    [MainThread|MainProcess] websockets.client (client.py:write_http_request:114) | > GET /api HTTP/1.1
[2025-07-30 00:07:56,598.598] DEBUG    [MainThread|MainProcess] websockets.client (client.py:write_http_request:116) | > Host: localhost:8082
[2025-07-30 00:07:56,598.598] DEBUG    [MainThread|MainProcess] websockets.client (client.py:write_http_request:116) | > Upgrade: websocket
[2025-07-30 00:07:56,598.598] DEBUG    [MainThread|MainProcess] websockets.client (client.py:write_http_request:116) | > Connection: Upgrade
[2025-07-30 00:07:56,598.598] DEBUG    [MainThread|MainProcess] websockets.client (client.py:write_http_request:116) | > Sec-WebSocket-Key: 6TCxxpe/00dv8bZXC7WBMQ==
[2025-07-30 00:07:56,598.598] DEBUG    [MainThread|MainProcess] websockets.client (client.py:write_http_request:116) | > Sec-WebSocket-Version: 13
[2025-07-30 00:07:56,598.598] DEBUG    [MainThread|MainProcess] websockets.client (client.py:write_http_request:116) | > Sec-WebSocket-Extensions: permessage-deflate; client_max_window_bits
[2025-07-30 00:07:56,598.598] DEBUG    [MainThread|MainProcess] websockets.client (client.py:write_http_request:116) | > Content-Type: application/json
[2025-07-30 00:07:56,598.598] DEBUG    [MainThread|MainProcess] websockets.client (client.py:write_http_request:116) | > Authorization: Bearer chcat13201145
[2025-07-30 00:07:56,598.598] DEBUG    [MainThread|MainProcess] websockets.client (client.py:write_http_request:116) | > User-Agent: Python/3.10 websockets/10.4
[2025-07-30 00:07:56,613.613] DEBUG    [MainThread|MainProcess] websockets.client (client.py:read_http_response:147) | < HTTP/1.1 101 Switching Protocols
[2025-07-30 00:07:56,613.613] DEBUG    [MainThread|MainProcess] websockets.client (client.py:read_http_response:149) | < Upgrade: websocket
[2025-07-30 00:07:56,613.613] DEBUG    [MainThread|MainProcess] websockets.client (client.py:read_http_response:149) | < Connection: Upgrade
[2025-07-30 00:07:56,613.613] DEBUG    [MainThread|MainProcess] websockets.client (client.py:read_http_response:149) | < Sec-WebSocket-Accept: wlm6a1Yvuhb+z7KfCY91aqsQbe0=
[2025-07-30 00:07:56,613.613] DEBUG    [MainThread|MainProcess] websockets.client (protocol.py:connection_open:357) | = connection is OPEN
[2025-07-30 00:07:56,613.613] DEBUG    [MainThread|MainProcess] websockets.client (protocol.py:write_frame_sync:1183) | > TEXT '{"action": "send_group_msg", "params": {"group_...]}, "echo": 1753805276}' [39927 bytes]
[2025-07-30 00:07:57,535.535] DEBUG    [MainThread|MainProcess] websockets.client (protocol.py:read_frame:1177) | < TEXT '{"status":"ok","retcode":0,"data":{"message_id"...":"","echo":1753805276}' [104 bytes]
[2025-07-30 00:07:57,535.535] DEBUG    [MainThread|MainProcess] websockets.client (protocol.py:write_close_frame:1232) | = connection is CLOSING
[2025-07-30 00:07:57,535.535] DEBUG    [MainThread|MainProcess] websockets.client (protocol.py:write_frame_sync:1183) | > CLOSE 1000 (OK) [2 bytes]
[2025-07-30 00:07:57,535.535] DEBUG    [MainThread|MainProcess] websockets.client (protocol.py:read_frame:1177) | < CLOSE 1000 (OK) [2 bytes]
[2025-07-30 00:07:57,535.535] DEBUG    [MainThread|MainProcess] websockets.client (protocol.py:connection_lost:1514) | = connection is CLOSED
[2025-07-30 00:07:57,535.535] DEBUG    [MainThread|MainProcess] Logger (api.py:check_and_log:32) | {'status': 'ok', 'retcode': 0, 'data': {'message_id': 2116477207}, 'message': '', 'wording': '', 'echo': 1753805276}
[2025-07-30 00:08:15,190.190] DEBUG    [MainThread|MainProcess] websockets.client (protocol.py:read_frame:1177) | < TEXT '{"time":1753805295,"self_id":703263936,"post_ty...true},"interval":30000}' [148 bytes]
[2025-07-30 00:08:15,190.190] DEBUG    [MainThread|MainProcess] Logger (connect.py:on_message:43) | {'time': 1753805295, 'self_id': 703263936, 'post_type': 'meta_event', 'meta_event_type': 'heartbeat', 'status': {'online': True, 'good': True}, 'interval': 30000}
[2025-07-30 00:08:16,971.971] DEBUG    [MainThread|MainProcess] websockets.client (protocol.py:read_frame:1177) | < TEXT '{"self_id":703263936,"user_id":3754906890,"time...","group_id":465281893}' [437 bytes]
[2025-07-30 00:08:16,971.971] DEBUG    [MainThread|MainProcess] Logger (client.py:handle_group_event:67) | {'group_id': '465281893', 'user_id': '3754906890', 'message_type': 'group', 'sub_type': 'normal', 'font': '14', 'sender': "{'user_id': 3754906890, 'nickname': 'CramYing', 'card': '某知名的CY'}", 'message_id': '936206057', 'message_seq': '936206057', 'real_id': '936206057', 'message': "[{'type': 'text', 'data': {'text': '？？'}}]", 'message_format': 'array'}
[2025-07-30 00:08:16,971.971] INFO     [MainThread|MainProcess] Logger (main.py:on_group_message:34) | {'group_id': '465281893', 'user_id': '3754906890', 'message_type': 'group', 'sub_type': 'normal', 'font': '14', 'sender': "{'user_id': 3754906890, 'nickname': 'CramYing', 'card': '某知名的CY'}", 'message_id': '936206057', 'message_seq': '936206057', 'real_id': '936206057', 'message': "[{'type': 'text', 'data': {'text': '？？'}}]", 'message_format': 'array'}
[2025-07-30 00:08:29,674.674] DEBUG    [MainThread|MainProcess] websockets.client (protocol.py:read_frame:1177) | < TEXT '{"self_id":703263936,"user_id":1095216448,"time...","group_id":465281893}' [479 bytes]
[2025-07-30 00:08:29,674.674] DEBUG    [MainThread|MainProcess] Logger (client.py:handle_group_event:67) | {'group_id': '465281893', 'user_id': '1095216448', 'message_type': 'group', 'sub_type': 'normal', 'font': '14', 'sender': "{'user_id': 1095216448, 'nickname': '冰如猫', 'card': '冰の猫'}", 'message_id': '1692913725', 'message_seq': '1692913725', 'real_id': '1692913725', 'message': "[{'type': 'text', 'data': {'text': '搜歌 きゅうくらりん'}}]", 'message_format': 'array'}
[2025-07-30 00:08:29,674.674] INFO     [MainThread|MainProcess] Logger (main.py:on_group_message:34) | {'group_id': '465281893', 'user_id': '1095216448', 'message_type': 'group', 'sub_type': 'normal', 'font': '14', 'sender': "{'user_id': 1095216448, 'nickname': '冰如猫', 'card': '冰の猫'}", 'message_id': '1692913725', 'message_seq': '1692913725', 'real_id': '1692913725', 'message': "[{'type': 'text', 'data': {'text': '搜歌 きゅうくらりん'}}]", 'message_format': 'array'}
[2025-07-30 00:08:29,690.690] DEBUG    [MainThread|MainProcess] urllib3.connectionpool (connectionpool.py:_new_conn:1022) | Starting new HTTPS connection (1): chunithm.sega.jp:443
[2025-07-30 00:08:30,393.393] DEBUG    [MainThread|MainProcess] urllib3.connectionpool (connectionpool.py:_make_request:475) | https://chunithm.sega.jp:443 "GET /storage/json/music.json HTTP/1.1" 200 None
[2025-07-30 00:08:31,174.174] DEBUG    [MainThread|MainProcess] httpcore.connection (_trace.py:trace:47) | connect_tcp.started host='new.chunithm-net.com' port=443 local_address=None timeout=5.0 socket_options=None
[2025-07-30 00:08:31,268.268] DEBUG    [MainThread|MainProcess] httpcore.connection (_trace.py:trace:47) | connect_tcp.complete return_value=<httpcore._backends.sync.SyncStream object at 0x000001B351C95A80>
[2025-07-30 00:08:31,268.268] DEBUG    [MainThread|MainProcess] httpcore.connection (_trace.py:trace:47) | start_tls.started ssl_context=<ssl.SSLContext object at 0x000001B351BC9440> server_hostname='new.chunithm-net.com' timeout=5.0
[2025-07-30 00:08:31,409.409] DEBUG    [MainThread|MainProcess] httpcore.connection (_trace.py:trace:47) | start_tls.complete return_value=<httpcore._backends.sync.SyncStream object at 0x000001B351C95960>
[2025-07-30 00:08:31,409.409] DEBUG    [MainThread|MainProcess] httpcore.http11 (_trace.py:trace:47) | send_request_headers.started request=<Request [b'GET']>
[2025-07-30 00:08:31,409.409] DEBUG    [MainThread|MainProcess] httpcore.http11 (_trace.py:trace:47) | send_request_headers.complete
[2025-07-30 00:08:31,409.409] DEBUG    [MainThread|MainProcess] httpcore.http11 (_trace.py:trace:47) | send_request_body.started request=<Request [b'GET']>
[2025-07-30 00:08:31,409.409] DEBUG    [MainThread|MainProcess] httpcore.http11 (_trace.py:trace:47) | send_request_body.complete
[2025-07-30 00:08:31,409.409] DEBUG    [MainThread|MainProcess] httpcore.http11 (_trace.py:trace:47) | receive_response_headers.started request=<Request [b'GET']>
[2025-07-30 00:08:31,471.471] DEBUG    [MainThread|MainProcess] httpcore.http11 (_trace.py:trace:47) | receive_response_headers.complete return_value=(b'HTTP/1.1', 200, b'OK', [(b'server', b'nginx'), (b'date', b'Tue, 29 Jul 2025 16:08:30 GMT'), (b'content-type', b'image/jpeg'), (b'content-length', b'12978'), (b'last-modified', b'Wed, 07 Feb 2024 19:04:16 GMT'), (b'expires', b'Wed, 30 Jul 2025 16:08:30 GMT'), (b'cache-control', b'max-age=86400'), (b'x-xss-protection', b'1; mode=block'), (b'strict-transport-security', b'max-age=31536000; includeSubDomains'), (b'x-frame-options', b'SAMEORIGIN'), (b'x-content-type-options', b'nosniff'), (b'accept-ranges', b'bytes'), (b'pragma', b'no-cache'), (b'cache-control', b'private, max-age-0, no-cache, no-store')])
[2025-07-30 00:08:31,471.471] INFO     [MainThread|MainProcess] httpx (_client.py:_send_single_request:1025) | HTTP Request: GET https://new.chunithm-net.com/chuni-mobile/html/mobile/img/4288ca332c1db6eb.jpg "HTTP/1.1 200 OK"
[2025-07-30 00:08:31,471.471] DEBUG    [MainThread|MainProcess] httpcore.http11 (_trace.py:trace:47) | receive_response_body.started request=<Request [b'GET']>
[2025-07-30 00:08:31,549.549] DEBUG    [MainThread|MainProcess] httpcore.http11 (_trace.py:trace:47) | receive_response_body.complete
[2025-07-30 00:08:31,549.549] DEBUG    [MainThread|MainProcess] httpcore.http11 (_trace.py:trace:47) | response_closed.started
[2025-07-30 00:08:31,549.549] DEBUG    [MainThread|MainProcess] httpcore.http11 (_trace.py:trace:47) | response_closed.complete
[2025-07-30 00:08:31,549.549] DEBUG    [MainThread|MainProcess] httpcore.connection (_trace.py:trace:47) | close.started
[2025-07-30 00:08:31,549.549] DEBUG    [MainThread|MainProcess] httpcore.connection (_trace.py:trace:47) | close.complete
[2025-07-30 00:08:31,549.549] DEBUG    [MainThread|MainProcess] websockets.client (protocol.py:__init__:256) | = connection is CONNECTING
[2025-07-30 00:08:31,549.549] DEBUG    [MainThread|MainProcess] websockets.client (client.py:write_http_request:114) | > GET /api HTTP/1.1
[2025-07-30 00:08:31,549.549] DEBUG    [MainThread|MainProcess] websockets.client (client.py:write_http_request:116) | > Host: localhost:8082
[2025-07-30 00:08:31,549.549] DEBUG    [MainThread|MainProcess] websockets.client (client.py:write_http_request:116) | > Upgrade: websocket
[2025-07-30 00:08:31,549.549] DEBUG    [MainThread|MainProcess] websockets.client (client.py:write_http_request:116) | > Connection: Upgrade
[2025-07-30 00:08:31,549.549] DEBUG    [MainThread|MainProcess] websockets.client (client.py:write_http_request:116) | > Sec-WebSocket-Key: lTs6pRduPzdbxd1iJu4glw==
[2025-07-30 00:08:31,549.549] DEBUG    [MainThread|MainProcess] websockets.client (client.py:write_http_request:116) | > Sec-WebSocket-Version: 13
[2025-07-30 00:08:31,549.549] DEBUG    [MainThread|MainProcess] websockets.client (client.py:write_http_request:116) | > Sec-WebSocket-Extensions: permessage-deflate; client_max_window_bits
[2025-07-30 00:08:31,549.549] DEBUG    [MainThread|MainProcess] websockets.client (client.py:write_http_request:116) | > Content-Type: application/json
[2025-07-30 00:08:31,549.549] DEBUG    [MainThread|MainProcess] websockets.client (client.py:write_http_request:116) | > Authorization: Bearer chcat13201145
[2025-07-30 00:08:31,549.549] DEBUG    [MainThread|MainProcess] websockets.client (client.py:write_http_request:116) | > User-Agent: Python/3.10 websockets/10.4
[2025-07-30 00:08:31,565.565] DEBUG    [MainThread|MainProcess] websockets.client (client.py:read_http_response:147) | < HTTP/1.1 101 Switching Protocols
[2025-07-30 00:08:31,565.565] DEBUG    [MainThread|MainProcess] websockets.client (client.py:read_http_response:149) | < Upgrade: websocket
[2025-07-30 00:08:31,565.565] DEBUG    [MainThread|MainProcess] websockets.client (client.py:read_http_response:149) | < Connection: Upgrade
[2025-07-30 00:08:31,565.565] DEBUG    [MainThread|MainProcess] websockets.client (client.py:read_http_response:149) | < Sec-WebSocket-Accept: Pj4CRy5MUVDve2y2T0LSRh5bHkI=
[2025-07-30 00:08:31,565.565] DEBUG    [MainThread|MainProcess] websockets.client (protocol.py:connection_open:357) | = connection is OPEN
[2025-07-30 00:08:31,565.565] DEBUG    [MainThread|MainProcess] websockets.client (protocol.py:write_frame_sync:1183) | > TEXT '{"action": "send_group_msg", "params": {"group_...]}, "echo": 1753805311}' [17729 bytes]
[2025-07-30 00:08:32,533.533] DEBUG    [MainThread|MainProcess] websockets.client (protocol.py:read_frame:1177) | < TEXT '{"status":"ok","retcode":0,"data":{"message_id"...":"","echo":1753805311}' [104 bytes]
[2025-07-30 00:08:32,533.533] DEBUG    [MainThread|MainProcess] websockets.client (protocol.py:write_close_frame:1232) | = connection is CLOSING
[2025-07-30 00:08:32,533.533] DEBUG    [MainThread|MainProcess] websockets.client (protocol.py:write_frame_sync:1183) | > CLOSE 1000 (OK) [2 bytes]
[2025-07-30 00:08:32,533.533] DEBUG    [MainThread|MainProcess] websockets.client (protocol.py:read_frame:1177) | < CLOSE 1000 (OK) [2 bytes]
[2025-07-30 00:08:32,533.533] DEBUG    [MainThread|MainProcess] websockets.client (protocol.py:connection_lost:1514) | = connection is CLOSED
[2025-07-30 00:08:32,533.533] DEBUG    [MainThread|MainProcess] Logger (api.py:check_and_log:32) | {'status': 'ok', 'retcode': 0, 'data': {'message_id': 1920286188}, 'message': '', 'wording': '', 'echo': 1753805311}
[2025-07-30 00:08:45,204.204] DEBUG    [MainThread|MainProcess] websockets.client (protocol.py:read_frame:1177) | < TEXT '{"time":1753805325,"self_id":703263936,"post_ty...true},"interval":30000}' [148 bytes]
[2025-07-30 00:08:45,204.204] DEBUG    [MainThread|MainProcess] Logger (connect.py:on_message:43) | {'time': 1753805325, 'self_id': 703263936, 'post_type': 'meta_event', 'meta_event_type': 'heartbeat', 'status': {'online': True, 'good': True}, 'interval': 30000}
[2025-07-30 00:09:15,215.215] DEBUG    [MainThread|MainProcess] websockets.client (protocol.py:read_frame:1177) | < TEXT '{"time":1753805355,"self_id":703263936,"post_ty...true},"interval":30000}' [148 bytes]
[2025-07-30 00:09:15,215.215] DEBUG    [MainThread|MainProcess] Logger (connect.py:on_message:43) | {'time': 1753805355, 'self_id': 703263936, 'post_type': 'meta_event', 'meta_event_type': 'heartbeat', 'status': {'online': True, 'good': True}, 'interval': 30000}
[2025-07-30 00:09:45,228.228] DEBUG    [MainThread|MainProcess] websockets.client (protocol.py:read_frame:1177) | < TEXT '{"time":1753805385,"self_id":703263936,"post_ty...true},"interval":30000}' [148 bytes]
[2025-07-30 00:09:45,228.228] DEBUG    [MainThread|MainProcess] Logger (connect.py:on_message:43) | {'time': 1753805385, 'self_id': 703263936, 'post_type': 'meta_event', 'meta_event_type': 'heartbeat', 'status': {'online': True, 'good': True}, 'interval': 30000}
[2025-07-30 00:09:53,040.040] DEBUG    [MainThread|MainProcess] websockets.client (protocol.py:read_frame:1177) | < TEXT '{"self_id":703263936,"user_id":2124251686,"time...","group_id":912458345}' [539 bytes]
[2025-07-30 00:09:53,040.040] DEBUG    [MainThread|MainProcess] Logger (client.py:handle_group_event:67) | {'group_id': '912458345', 'user_id': '2124251686', 'message_type': 'group', 'sub_type': 'normal', 'font': '14', 'sender': "{'user_id': 2124251686, 'nickname': 'Bychuhan', 'card': ''}", 'message_id': '282570630', 'message_seq': '282570630', 'real_id': '282570630', 'message': "[{'type': 'reply', 'data': {'id': '770518214'}}, {'type': 'at', 'data': {'qq': '1095216448'}}, {'type': 'text', 'data': {'text': ' '}}]", 'message_format': 'array'}
[2025-07-30 00:09:53,040.040] INFO     [MainThread|MainProcess] Logger (main.py:on_group_message:34) | {'group_id': '912458345', 'user_id': '2124251686', 'message_type': 'group', 'sub_type': 'normal', 'font': '14', 'sender': "{'user_id': 2124251686, 'nickname': 'Bychuhan', 'card': ''}", 'message_id': '282570630', 'message_seq': '282570630', 'real_id': '282570630', 'message': "[{'type': 'reply', 'data': {'id': '770518214'}}, {'type': 'at', 'data': {'qq': '1095216448'}}, {'type': 'text', 'data': {'text': ' '}}]", 'message_format': 'array'}
[2025-07-30 00:10:03,524.524] DEBUG    [MainThread|MainProcess] websockets.client (protocol.py:read_frame:1177) | < TEXT '{"self_id":703263936,"user_id":2124251686,"time...","group_id":912458345}' [452 bytes]
[2025-07-30 00:10:03,524.524] DEBUG    [MainThread|MainProcess] Logger (client.py:handle_group_event:67) | {'group_id': '912458345', 'user_id': '2124251686', 'message_type': 'group', 'sub_type': 'normal', 'font': '14', 'sender': "{'user_id': 2124251686, 'nickname': 'Bychuhan', 'card': ''}", 'message_id': '115436569', 'message_seq': '115436569', 'real_id': '115436569', 'message': "[{'type': 'text', 'data': {'text': '能不能加一个。'}}]", 'message_format': 'array'}
[2025-07-30 00:10:03,524.524] INFO     [MainThread|MainProcess] Logger (main.py:on_group_message:34) | {'group_id': '912458345', 'user_id': '2124251686', 'message_type': 'group', 'sub_type': 'normal', 'font': '14', 'sender': "{'user_id': 2124251686, 'nickname': 'Bychuhan', 'card': ''}", 'message_id': '115436569', 'message_seq': '115436569', 'real_id': '115436569', 'message': "[{'type': 'text', 'data': {'text': '能不能加一个。'}}]", 'message_format': 'array'}
[2025-07-30 00:10:06,961.961] DEBUG    [MainThread|MainProcess] websockets.client (protocol.py:read_frame:1177) | < TEXT '{"self_id":703263936,"user_id":2124251686,"time...","group_id":912458345}' [440 bytes]
[2025-07-30 00:10:06,961.961] DEBUG    [MainThread|MainProcess] Logger (client.py:handle_group_event:67) | {'group_id': '912458345', 'user_id': '2124251686', 'message_type': 'group', 'sub_type': 'normal', 'font': '14', 'sender': "{'user_id': 2124251686, 'nickname': 'Bychuhan', 'card': ''}", 'message_id': '372708589', 'message_seq': '372708589', 'real_id': '372708589', 'message': "[{'type': 'text', 'data': {'text': '关键词搜索'}}]", 'message_format': 'array'}
[2025-07-30 00:10:06,961.961] INFO     [MainThread|MainProcess] Logger (main.py:on_group_message:34) | {'group_id': '912458345', 'user_id': '2124251686', 'message_type': 'group', 'sub_type': 'normal', 'font': '14', 'sender': "{'user_id': 2124251686, 'nickname': 'Bychuhan', 'card': ''}", 'message_id': '372708589', 'message_seq': '372708589', 'real_id': '372708589', 'message': "[{'type': 'text', 'data': {'text': '关键词搜索'}}]", 'message_format': 'array'}
[2025-07-30 00:10:15,241.241] DEBUG    [MainThread|MainProcess] websockets.client (protocol.py:read_frame:1177) | < TEXT '{"time":1753805415,"self_id":703263936,"post_ty...true},"interval":30000}' [148 bytes]
[2025-07-30 00:10:15,241.241] DEBUG    [MainThread|MainProcess] Logger (connect.py:on_message:43) | {'time': 1753805415, 'self_id': 703263936, 'post_type': 'meta_event', 'meta_event_type': 'heartbeat', 'status': {'online': True, 'good': True}, 'interval': 30000}
[2025-07-30 00:10:31,147.147] DEBUG    [MainThread|MainProcess] websockets.client (protocol.py:read_frame:1177) | < TEXT '{"self_id":703263936,"user_id":1095216448,"time...","group_id":912458345}' [577 bytes]
[2025-07-30 00:10:31,147.147] DEBUG    [MainThread|MainProcess] Logger (client.py:handle_group_event:67) | {'group_id': '912458345', 'user_id': '1095216448', 'message_type': 'group', 'sub_type': 'normal', 'font': '14', 'sender': "{'user_id': 1095216448, 'nickname': '冰如猫', 'card': ''}", 'message_id': '1100233674', 'message_seq': '1100233674', 'real_id': '1100233674', 'message': "[{'type': 'reply', 'data': {'id': '372708589'}}, {'type': 'at', 'data': {'qq': '2124251686'}}, {'type': 'text', 'data': {'text': ' 那就直接in呗'}}]", 'message_format': 'array'}
[2025-07-30 00:10:31,147.147] INFO     [MainThread|MainProcess] Logger (main.py:on_group_message:34) | {'group_id': '912458345', 'user_id': '1095216448', 'message_type': 'group', 'sub_type': 'normal', 'font': '14', 'sender': "{'user_id': 1095216448, 'nickname': '冰如猫', 'card': ''}", 'message_id': '1100233674', 'message_seq': '1100233674', 'real_id': '1100233674', 'message': "[{'type': 'reply', 'data': {'id': '372708589'}}, {'type': 'at', 'data': {'qq': '2124251686'}}, {'type': 'text', 'data': {'text': ' 那就直接in呗'}}]", 'message_format': 'array'}
[2025-07-30 00:10:45,251.251] DEBUG    [MainThread|MainProcess] websockets.client (protocol.py:read_frame:1177) | < TEXT '{"time":1753805445,"self_id":703263936,"post_ty...true},"interval":30000}' [148 bytes]
[2025-07-30 00:10:45,251.251] DEBUG    [MainThread|MainProcess] Logger (connect.py:on_message:43) | {'time': 1753805445, 'self_id': 703263936, 'post_type': 'meta_event', 'meta_event_type': 'heartbeat', 'status': {'online': True, 'good': True}, 'interval': 30000}
[2025-07-30 00:10:59,703.703] DEBUG    [MainThread|MainProcess] websockets.client (protocol.py:read_frame:1177) | < TEXT '{"self_id":703263936,"user_id":2124251686,"time...","group_id":912458345}' [440 bytes]
[2025-07-30 00:10:59,703.703] DEBUG    [MainThread|MainProcess] Logger (client.py:handle_group_event:67) | {'group_id': '912458345', 'user_id': '2124251686', 'message_type': 'group', 'sub_type': 'normal', 'font': '14', 'sender': "{'user_id': 2124251686, 'nickname': 'Bychuhan', 'card': ''}", 'message_id': '365385034', 'message_seq': '365385034', 'real_id': '365385034', 'message': "[{'type': 'text', 'data': {'text': '多个关键词'}}]", 'message_format': 'array'}
[2025-07-30 00:10:59,703.703] INFO     [MainThread|MainProcess] Logger (main.py:on_group_message:34) | {'group_id': '912458345', 'user_id': '2124251686', 'message_type': 'group', 'sub_type': 'normal', 'font': '14', 'sender': "{'user_id': 2124251686, 'nickname': 'Bychuhan', 'card': ''}", 'message_id': '365385034', 'message_seq': '365385034', 'real_id': '365385034', 'message': "[{'type': 'text', 'data': {'text': '多个关键词'}}]", 'message_format': 'array'}
[2025-07-30 00:11:04,047.047] DEBUG    [MainThread|MainProcess] websockets.client (protocol.py:read_frame:1177) | < TEXT '{"self_id":703263936,"user_id":2124251686,"time...","group_id":912458345}' [437 bytes]
[2025-07-30 00:11:04,047.047] DEBUG    [MainThread|MainProcess] Logger (client.py:handle_group_event:67) | {'group_id': '912458345', 'user_id': '2124251686', 'message_type': 'group', 'sub_type': 'normal', 'font': '14', 'sender': "{'user_id': 2124251686, 'nickname': 'Bychuhan', 'card': ''}", 'message_id': '1985525000', 'message_seq': '1985525000', 'real_id': '1985525000', 'message': "[{'type': 'text', 'data': {'text': '空格分割'}}]", 'message_format': 'array'}
[2025-07-30 00:11:04,047.047] INFO     [MainThread|MainProcess] Logger (main.py:on_group_message:34) | {'group_id': '912458345', 'user_id': '2124251686', 'message_type': 'group', 'sub_type': 'normal', 'font': '14', 'sender': "{'user_id': 2124251686, 'nickname': 'Bychuhan', 'card': ''}", 'message_id': '1985525000', 'message_seq': '1985525000', 'real_id': '1985525000', 'message': "[{'type': 'text', 'data': {'text': '空格分割'}}]", 'message_format': 'array'}
[2025-07-30 00:11:05,390.390] DEBUG    [MainThread|MainProcess] websockets.client (protocol.py:read_frame:1177) | < TEXT '{"time":1753805465,"self_id":703263936,"post_ty...：“好软啊”","type":"nor"}]}' [552 bytes]
[2025-07-30 00:11:05,390.390] DEBUG    [MainThread|MainProcess] Logger (client.py:handle_notice_event:94) | {'time': 1753805465, 'self_id': 703263936, 'post_type': 'notice', 'notice_type': 'notify', 'sub_type': 'poke', 'target_id': 1095216448, 'user_id': 2124251686, 'group_id': 912458345, 'raw_info': [{'col': '1', 'nm': '', 'type': 'qq', 'uid': 'u_HgcnvaaGLpmSDShG0u5LXg'}, {'jp': 'https://zb.vip.qq.com/v2/pages/nudgeMall?_wv=2&actionId=0', 'src': 'http://tianquan.gtimg.cn/nudgeaction/item/0/expression.jpg', 'type': 'img'}, {'txt': '戳了戳', 'type': 'nor'}, {'col': '1', 'nm': '', 'tp': '0', 'type': 'qq', 'uid': 'u_bnn5kCyrsMgfcchTTpTf9g'}, {'txt': '的毛，说：“好软啊”', 'type': 'nor'}]}
[2025-07-30 00:11:05,390.390] INFO     [MainThread|MainProcess] Logger (main.py:on_notice:63) | {'time': 1753805465, 'self_id': 703263936, 'post_type': 'notice', 'notice_type': 'notify', 'sub_type': 'poke', 'target_id': 1095216448, 'user_id': 2124251686, 'group_id': 912458345, 'raw_info': [{'col': '1', 'nm': '', 'type': 'qq', 'uid': 'u_HgcnvaaGLpmSDShG0u5LXg'}, {'jp': 'https://zb.vip.qq.com/v2/pages/nudgeMall?_wv=2&actionId=0', 'src': 'http://tianquan.gtimg.cn/nudgeaction/item/0/expression.jpg', 'type': 'img'}, {'txt': '戳了戳', 'type': 'nor'}, {'col': '1', 'nm': '', 'tp': '0', 'type': 'qq', 'uid': 'u_bnn5kCyrsMgfcchTTpTf9g'}, {'txt': '的毛，说：“好软啊”', 'type': 'nor'}]}
[2025-07-30 00:11:05,765.765] DEBUG    [MainThread|MainProcess] websockets.client (protocol.py:read_frame:1177) | < TEXT '{"time":1753805465,"self_id":703263936,"post_ty...：“好软啊”","type":"nor"}]}' [552 bytes]
[2025-07-30 00:11:05,765.765] DEBUG    [MainThread|MainProcess] Logger (client.py:handle_notice_event:94) | {'time': 1753805465, 'self_id': 703263936, 'post_type': 'notice', 'notice_type': 'notify', 'sub_type': 'poke', 'target_id': 1095216448, 'user_id': 2124251686, 'group_id': 912458345, 'raw_info': [{'col': '1', 'nm': '', 'type': 'qq', 'uid': 'u_HgcnvaaGLpmSDShG0u5LXg'}, {'jp': 'https://zb.vip.qq.com/v2/pages/nudgeMall?_wv=2&actionId=0', 'src': 'http://tianquan.gtimg.cn/nudgeaction/item/0/expression.jpg', 'type': 'img'}, {'txt': '戳了戳', 'type': 'nor'}, {'col': '1', 'nm': '', 'tp': '0', 'type': 'qq', 'uid': 'u_bnn5kCyrsMgfcchTTpTf9g'}, {'txt': '的毛，说：“好软啊”', 'type': 'nor'}]}
[2025-07-30 00:11:05,765.765] INFO     [MainThread|MainProcess] Logger (main.py:on_notice:63) | {'time': 1753805465, 'self_id': 703263936, 'post_type': 'notice', 'notice_type': 'notify', 'sub_type': 'poke', 'target_id': 1095216448, 'user_id': 2124251686, 'group_id': 912458345, 'raw_info': [{'col': '1', 'nm': '', 'type': 'qq', 'uid': 'u_HgcnvaaGLpmSDShG0u5LXg'}, {'jp': 'https://zb.vip.qq.com/v2/pages/nudgeMall?_wv=2&actionId=0', 'src': 'http://tianquan.gtimg.cn/nudgeaction/item/0/expression.jpg', 'type': 'img'}, {'txt': '戳了戳', 'type': 'nor'}, {'col': '1', 'nm': '', 'tp': '0', 'type': 'qq', 'uid': 'u_bnn5kCyrsMgfcchTTpTf9g'}, {'txt': '的毛，说：“好软啊”', 'type': 'nor'}]}
[2025-07-30 00:11:07,109.109] DEBUG    [MainThread|MainProcess] websockets.client (protocol.py:read_frame:1177) | < TEXT '{"self_id":703263936,"user_id":1095216448,"time...","group_id":912458345}' [419 bytes]
[2025-07-30 00:11:07,109.109] DEBUG    [MainThread|MainProcess] Logger (client.py:handle_group_event:67) | {'group_id': '912458345', 'user_id': '1095216448', 'message_type': 'group', 'sub_type': 'normal', 'font': '14', 'sender': "{'user_id': 1095216448, 'nickname': '冰如猫', 'card': ''}", 'message_id': '1785975122', 'message_seq': '1785975122', 'real_id': '1785975122', 'message': "[{'type': 'text', 'data': {'text': '？'}}]", 'message_format': 'array'}
[2025-07-30 00:11:07,109.109] INFO     [MainThread|MainProcess] Logger (main.py:on_group_message:34) | {'group_id': '912458345', 'user_id': '1095216448', 'message_type': 'group', 'sub_type': 'normal', 'font': '14', 'sender': "{'user_id': 1095216448, 'nickname': '冰如猫', 'card': ''}", 'message_id': '1785975122', 'message_seq': '1785975122', 'real_id': '1785975122', 'message': "[{'type': 'text', 'data': {'text': '？'}}]", 'message_format': 'array'}
[2025-07-30 00:11:15,264.264] DEBUG    [MainThread|MainProcess] websockets.client (protocol.py:read_frame:1177) | < TEXT '{"time":1753805475,"self_id":703263936,"post_ty...true},"interval":30000}' [148 bytes]
[2025-07-30 00:11:15,264.264] DEBUG    [MainThread|MainProcess] Logger (connect.py:on_message:43) | {'time': 1753805475, 'self_id': 703263936, 'post_type': 'meta_event', 'meta_event_type': 'heartbeat', 'status': {'online': True, 'good': True}, 'interval': 30000}
[2025-07-30 00:11:18,467.467] DEBUG    [MainThread|MainProcess] websockets.client (protocol.py:read_frame:1177) | < TEXT '{"self_id":703263936,"user_id":1095216448,"time...","group_id":912458345}' [437 bytes]
[2025-07-30 00:11:18,467.467] DEBUG    [MainThread|MainProcess] Logger (client.py:handle_group_event:67) | {'group_id': '912458345', 'user_id': '1095216448', 'message_type': 'group', 'sub_type': 'normal', 'font': '14', 'sender': "{'user_id': 1095216448, 'nickname': '冰如猫', 'card': ''}", 'message_id': '1581319747', 'message_seq': '1581319747', 'real_id': '1581319747', 'message': "[{'type': 'text', 'data': {'text': '累死我啊'}}]", 'message_format': 'array'}
[2025-07-30 00:11:18,467.467] INFO     [MainThread|MainProcess] Logger (main.py:on_group_message:34) | {'group_id': '912458345', 'user_id': '1095216448', 'message_type': 'group', 'sub_type': 'normal', 'font': '14', 'sender': "{'user_id': 1095216448, 'nickname': '冰如猫', 'card': ''}", 'message_id': '1581319747', 'message_seq': '1581319747', 'real_id': '1581319747', 'message': "[{'type': 'text', 'data': {'text': '累死我啊'}}]", 'message_format': 'array'}
[2025-07-30 00:11:23,842.842] DEBUG    [MainThread|MainProcess] websockets.client (protocol.py:read_frame:1177) | < TEXT '{"self_id":703263936,"user_id":2124251686,"time...","group_id":912458345}' [1104 bytes]
[2025-07-30 00:11:23,842.842] DEBUG    [MainThread|MainProcess] Logger (client.py:handle_group_event:67) | {'group_id': '912458345', 'user_id': '2124251686', 'message_type': 'group', 'sub_type': 'normal', 'font': '14', 'sender': "{'user_id': 2124251686, 'nickname': 'Bychuhan', 'card': ''}", 'message_id': '1180194873', 'message_seq': '1180194873', 'real_id': '1180194873', 'message': "[{'type': 'image', 'data': {'summary': '[动画表情]', 'file': 'E196A352147DCB5A76F76F69A85AF78B.png', 'sub_type': 1, 'url': 'https://multimedia.nt.qq.com.cn/download?appid=1407&fileid=EhRjpa_2rWJYc5wLPLWvkZQ_S7vq6hjcwCIg_wooi5SgxrrijgMyBHByb2RQgL2jAVoQXasAsHyUcr6-fLTV7_dcJnoCf64&rkey=CAQSMI1grpYbmr5GofAy7MgsAzwPjl7vLGm_X6ldt0ELjcYrckMo8iQ0orVoqyfFpqRzoQ', 'file_size': '565340'}}]", 'message_format': 'array'}
[2025-07-30 00:11:23,842.842] INFO     [MainThread|MainProcess] Logger (main.py:on_group_message:34) | {'group_id': '912458345', 'user_id': '2124251686', 'message_type': 'group', 'sub_type': 'normal', 'font': '14', 'sender': "{'user_id': 2124251686, 'nickname': 'Bychuhan', 'card': ''}", 'message_id': '1180194873', 'message_seq': '1180194873', 'real_id': '1180194873', 'message': "[{'type': 'image', 'data': {'summary': '[动画表情]', 'file': 'E196A352147DCB5A76F76F69A85AF78B.png', 'sub_type': 1, 'url': 'https://multimedia.nt.qq.com.cn/download?appid=1407&fileid=EhRjpa_2rWJYc5wLPLWvkZQ_S7vq6hjcwCIg_wooi5SgxrrijgMyBHByb2RQgL2jAVoQXasAsHyUcr6-fLTV7_dcJnoCf64&rkey=CAQSMI1grpYbmr5GofAy7MgsAzwPjl7vLGm_X6ldt0ELjcYrckMo8iQ0orVoqyfFpqRzoQ', 'file_size': '565340'}}]", 'message_format': 'array'}
[2025-07-30 00:11:45,270.270] DEBUG    [MainThread|MainProcess] websockets.client (protocol.py:read_frame:1177) | < TEXT '{"time":1753805505,"self_id":703263936,"post_ty...true},"interval":30000}' [148 bytes]
[2025-07-30 00:11:45,270.270] DEBUG    [MainThread|MainProcess] Logger (connect.py:on_message:43) | {'time': 1753805505, 'self_id': 703263936, 'post_type': 'meta_event', 'meta_event_type': 'heartbeat', 'status': {'online': True, 'good': True}, 'interval': 30000}
[2025-07-30 00:11:45,582.582] DEBUG    [MainThread|MainProcess] websockets.client (protocol.py:read_frame:1177) | < TEXT '{"self_id":703263936,"user_id":2124251686,"time...","group_id":912458345}' [467 bytes]
[2025-07-30 00:11:45,582.582] DEBUG    [MainThread|MainProcess] Logger (client.py:handle_group_event:67) | {'group_id': '912458345', 'user_id': '2124251686', 'message_type': 'group', 'sub_type': 'normal', 'font': '14', 'sender': "{'user_id': 2124251686, 'nickname': 'Bychuhan', 'card': ''}", 'message_id': '1282480928', 'message_seq': '1282480928', 'real_id': '1282480928', 'message': "[{'type': 'text', 'data': {'text': '你直接.split然后遍历'}}]", 'message_format': 'array'}
[2025-07-30 00:11:45,582.582] INFO     [MainThread|MainProcess] Logger (main.py:on_group_message:34) | {'group_id': '912458345', 'user_id': '2124251686', 'message_type': 'group', 'sub_type': 'normal', 'font': '14', 'sender': "{'user_id': 2124251686, 'nickname': 'Bychuhan', 'card': ''}", 'message_id': '1282480928', 'message_seq': '1282480928', 'real_id': '1282480928', 'message': "[{'type': 'text', 'data': {'text': '你直接.split然后遍历'}}]", 'message_format': 'array'}
[2025-07-30 00:11:58,738.738] DEBUG    [MainThread|MainProcess] websockets.client (protocol.py:read_frame:1177) | < TEXT '{"self_id":703263936,"user_id":1095216448,"time...","group_id":912458345}' [590 bytes]
[2025-07-30 00:11:58,738.738] DEBUG    [MainThread|MainProcess] Logger (client.py:handle_group_event:67) | {'group_id': '912458345', 'user_id': '1095216448', 'message_type': 'group', 'sub_type': 'normal', 'font': '14', 'sender': "{'user_id': 1095216448, 'nickname': '冰如猫', 'card': ''}", 'message_id': '129596939', 'message_seq': '129596939', 'real_id': '129596939', 'message': "[{'type': 'reply', 'data': {'id': '1180194873'}}, {'type': 'at', 'data': {'qq': '2124251686'}}, {'type': 'text', 'data': {'text': ' 第一眼看成香蕉了'}}]", 'message_format': 'array'}
[2025-07-30 00:11:58,738.738] INFO     [MainThread|MainProcess] Logger (main.py:on_group_message:34) | {'group_id': '912458345', 'user_id': '1095216448', 'message_type': 'group', 'sub_type': 'normal', 'font': '14', 'sender': "{'user_id': 1095216448, 'nickname': '冰如猫', 'card': ''}", 'message_id': '129596939', 'message_seq': '129596939', 'real_id': '129596939', 'message': "[{'type': 'reply', 'data': {'id': '1180194873'}}, {'type': 'at', 'data': {'qq': '2124251686'}}, {'type': 'text', 'data': {'text': ' 第一眼看成香蕉了'}}]", 'message_format': 'array'}
[2025-07-30 00:12:15,033.033] DEBUG    [MainThread|MainProcess] websockets.client (protocol.py:read_frame:1177) | < TEXT '{"self_id":703263936,"user_id":1095216448,"time...","group_id":912458345}' [437 bytes]
[2025-07-30 00:12:15,033.033] DEBUG    [MainThread|MainProcess] Logger (client.py:handle_group_event:67) | {'group_id': '912458345', 'user_id': '1095216448', 'message_type': 'group', 'sub_type': 'normal', 'font': '14', 'sender': "{'user_id': 1095216448, 'nickname': '冰如猫', 'card': ''}", 'message_id': '1872322002', 'message_seq': '1872322002', 'real_id': '1872322002', 'message': "[{'type': 'text', 'data': {'text': '明天再说'}}]", 'message_format': 'array'}
[2025-07-30 00:12:15,033.033] INFO     [MainThread|MainProcess] Logger (main.py:on_group_message:34) | {'group_id': '912458345', 'user_id': '1095216448', 'message_type': 'group', 'sub_type': 'normal', 'font': '14', 'sender': "{'user_id': 1095216448, 'nickname': '冰如猫', 'card': ''}", 'message_id': '1872322002', 'message_seq': '1872322002', 'real_id': '1872322002', 'message': "[{'type': 'text', 'data': {'text': '明天再说'}}]", 'message_format': 'array'}
[2025-07-30 00:12:15,283.283] DEBUG    [MainThread|MainProcess] websockets.client (protocol.py:read_frame:1177) | < TEXT '{"time":1753805535,"self_id":703263936,"post_ty...true},"interval":30000}' [148 bytes]
[2025-07-30 00:12:15,283.283] DEBUG    [MainThread|MainProcess] Logger (connect.py:on_message:43) | {'time': 1753805535, 'self_id': 703263936, 'post_type': 'meta_event', 'meta_event_type': 'heartbeat', 'status': {'online': True, 'good': True}, 'interval': 30000}
[2025-07-30 00:12:21,986.986] DEBUG    [MainThread|MainProcess] websockets.client (protocol.py:read_frame:1177) | < TEXT '{"self_id":703263936,"user_id":1095216448,"time...","group_id":912458345}' [455 bytes]
[2025-07-30 00:12:21,986.986] DEBUG    [MainThread|MainProcess] Logger (client.py:handle_group_event:67) | {'group_id': '912458345', 'user_id': '1095216448', 'message_type': 'group', 'sub_type': 'normal', 'font': '14', 'sender': "{'user_id': 1095216448, 'nickname': '冰如猫', 'card': ''}", 'message_id': '52408508', 'message_seq': '52408508', 'real_id': '52408508', 'message': "[{'type': 'text', 'data': {'text': '我眼睛已经上火了'}}]", 'message_format': 'array'}
[2025-07-30 00:12:21,986.986] INFO     [MainThread|MainProcess] Logger (main.py:on_group_message:34) | {'group_id': '912458345', 'user_id': '1095216448', 'message_type': 'group', 'sub_type': 'normal', 'font': '14', 'sender': "{'user_id': 1095216448, 'nickname': '冰如猫', 'card': ''}", 'message_id': '52408508', 'message_seq': '52408508', 'real_id': '52408508', 'message': "[{'type': 'text', 'data': {'text': '我眼睛已经上火了'}}]", 'message_format': 'array'}
[2025-07-30 00:12:29,112.112] DEBUG    [MainThread|MainProcess] websockets.client (protocol.py:read_frame:1177) | < TEXT '{"self_id":703263936,"user_id":1095216448,"time...","group_id":912458345}' [419 bytes]
[2025-07-30 00:12:29,112.112] DEBUG    [MainThread|MainProcess] Logger (client.py:handle_group_event:67) | {'group_id': '912458345', 'user_id': '1095216448', 'message_type': 'group', 'sub_type': 'normal', 'font': '14', 'sender': "{'user_id': 1095216448, 'nickname': '冰如猫', 'card': ''}", 'message_id': '1562166635', 'message_seq': '1562166635', 'real_id': '1562166635', 'message': "[{'type': 'text', 'data': {'text': '疼'}}]", 'message_format': 'array'}
[2025-07-30 00:12:29,112.112] INFO     [MainThread|MainProcess] Logger (main.py:on_group_message:34) | {'group_id': '912458345', 'user_id': '1095216448', 'message_type': 'group', 'sub_type': 'normal', 'font': '14', 'sender': "{'user_id': 1095216448, 'nickname': '冰如猫', 'card': ''}", 'message_id': '1562166635', 'message_seq': '1562166635', 'real_id': '1562166635', 'message': "[{'type': 'text', 'data': {'text': '疼'}}]", 'message_format': 'array'}
[2025-07-30 00:12:45,298.298] DEBUG    [MainThread|MainProcess] websockets.client (protocol.py:read_frame:1177) | < TEXT '{"time":1753805565,"self_id":703263936,"post_ty...true},"interval":30000}' [148 bytes]
[2025-07-30 00:12:45,298.298] DEBUG    [MainThread|MainProcess] Logger (connect.py:on_message:43) | {'time': 1753805565, 'self_id': 703263936, 'post_type': 'meta_event', 'meta_event_type': 'heartbeat', 'status': {'online': True, 'good': True}, 'interval': 30000}
[2025-07-30 00:13:15,312.312] DEBUG    [MainThread|MainProcess] websockets.client (protocol.py:read_frame:1177) | < TEXT '{"time":1753805595,"self_id":703263936,"post_ty...true},"interval":30000}' [148 bytes]
[2025-07-30 00:13:15,312.312] DEBUG    [MainThread|MainProcess] Logger (connect.py:on_message:43) | {'time': 1753805595, 'self_id': 703263936, 'post_type': 'meta_event', 'meta_event_type': 'heartbeat', 'status': {'online': True, 'good': True}, 'interval': 30000}
[2025-07-30 00:13:45,312.312] DEBUG    [MainThread|MainProcess] websockets.client (protocol.py:read_frame:1177) | < TEXT '{"time":1753805625,"self_id":703263936,"post_ty...true},"interval":30000}' [148 bytes]
[2025-07-30 00:13:45,312.312] DEBUG    [MainThread|MainProcess] Logger (connect.py:on_message:43) | {'time': 1753805625, 'self_id': 703263936, 'post_type': 'meta_event', 'meta_event_type': 'heartbeat', 'status': {'online': True, 'good': True}, 'interval': 30000}
[2025-07-30 00:14:15,326.326] DEBUG    [MainThread|MainProcess] websockets.client (protocol.py:read_frame:1177) | < TEXT '{"time":1753805655,"self_id":703263936,"post_ty...true},"interval":30000}' [148 bytes]
[2025-07-30 00:14:15,326.326] DEBUG    [MainThread|MainProcess] Logger (connect.py:on_message:43) | {'time': 1753805655, 'self_id': 703263936, 'post_type': 'meta_event', 'meta_event_type': 'heartbeat', 'status': {'online': True, 'good': True}, 'interval': 30000}
[2025-07-30 00:14:45,326.326] DEBUG    [MainThread|MainProcess] websockets.client (protocol.py:read_frame:1177) | < TEXT '{"time":1753805685,"self_id":703263936,"post_ty...true},"interval":30000}' [148 bytes]
[2025-07-30 00:14:45,326.326] DEBUG    [MainThread|MainProcess] Logger (connect.py:on_message:43) | {'time': 1753805685, 'self_id': 703263936, 'post_type': 'meta_event', 'meta_event_type': 'heartbeat', 'status': {'online': True, 'good': True}, 'interval': 30000}
[2025-07-30 00:15:15,340.340] DEBUG    [MainThread|MainProcess] websockets.client (protocol.py:read_frame:1177) | < TEXT '{"time":1753805715,"self_id":703263936,"post_ty...true},"interval":30000}' [148 bytes]
[2025-07-30 00:15:15,340.340] DEBUG    [MainThread|MainProcess] Logger (connect.py:on_message:43) | {'time': 1753805715, 'self_id': 703263936, 'post_type': 'meta_event', 'meta_event_type': 'heartbeat', 'status': {'online': True, 'good': True}, 'interval': 30000}
[2025-07-30 00:15:45,353.353] DEBUG    [MainThread|MainProcess] websockets.client (protocol.py:read_frame:1177) | < TEXT '{"time":1753805745,"self_id":703263936,"post_ty...true},"interval":30000}' [148 bytes]
[2025-07-30 00:15:45,353.353] DEBUG    [MainThread|MainProcess] Logger (connect.py:on_message:43) | {'time': 1753805745, 'self_id': 703263936, 'post_type': 'meta_event', 'meta_event_type': 'heartbeat', 'status': {'online': True, 'good': True}, 'interval': 30000}
[2025-07-30 00:16:15,366.366] DEBUG    [MainThread|MainProcess] websockets.client (protocol.py:read_frame:1177) | < TEXT '{"time":1753805775,"self_id":703263936,"post_ty...true},"interval":30000}' [148 bytes]
[2025-07-30 00:16:15,366.366] DEBUG    [MainThread|MainProcess] Logger (connect.py:on_message:43) | {'time': 1753805775, 'self_id': 703263936, 'post_type': 'meta_event', 'meta_event_type': 'heartbeat', 'status': {'online': True, 'good': True}, 'interval': 30000}
[2025-07-30 00:16:45,378.378] DEBUG    [MainThread|MainProcess] websockets.client (protocol.py:read_frame:1177) | < TEXT '{"time":1753805805,"self_id":703263936,"post_ty...true},"interval":30000}' [148 bytes]
[2025-07-30 00:16:45,378.378] DEBUG    [MainThread|MainProcess] Logger (connect.py:on_message:43) | {'time': 1753805805, 'self_id': 703263936, 'post_type': 'meta_event', 'meta_event_type': 'heartbeat', 'status': {'online': True, 'good': True}, 'interval': 30000}
[2025-07-30 00:17:15,391.391] DEBUG    [MainThread|MainProcess] websockets.client (protocol.py:read_frame:1177) | < TEXT '{"time":1753805835,"self_id":703263936,"post_ty...true},"interval":30000}' [148 bytes]
[2025-07-30 00:17:15,391.391] DEBUG    [MainThread|MainProcess] Logger (connect.py:on_message:43) | {'time': 1753805835, 'self_id': 703263936, 'post_type': 'meta_event', 'meta_event_type': 'heartbeat', 'status': {'online': True, 'good': True}, 'interval': 30000}
[2025-07-30 00:17:45,392.392] DEBUG    [MainThread|MainProcess] websockets.client (protocol.py:read_frame:1177) | < TEXT '{"time":1753805865,"self_id":703263936,"post_ty...true},"interval":30000}' [148 bytes]
[2025-07-30 00:17:45,392.392] DEBUG    [MainThread|MainProcess] Logger (connect.py:on_message:43) | {'time': 1753805865, 'self_id': 703263936, 'post_type': 'meta_event', 'meta_event_type': 'heartbeat', 'status': {'online': True, 'good': True}, 'interval': 30000}
[2025-07-30 00:18:15,405.405] DEBUG    [MainThread|MainProcess] websockets.client (protocol.py:read_frame:1177) | < TEXT '{"time":1753805895,"self_id":703263936,"post_ty...true},"interval":30000}' [148 bytes]
[2025-07-30 00:18:15,405.405] DEBUG    [MainThread|MainProcess] Logger (connect.py:on_message:43) | {'time': 1753805895, 'self_id': 703263936, 'post_type': 'meta_event', 'meta_event_type': 'heartbeat', 'status': {'online': True, 'good': True}, 'interval': 30000}
[2025-07-30 00:18:45,420.420] DEBUG    [MainThread|MainProcess] websockets.client (protocol.py:read_frame:1177) | < TEXT '{"time":1753805925,"self_id":703263936,"post_ty...true},"interval":30000}' [148 bytes]
[2025-07-30 00:18:45,420.420] DEBUG    [MainThread|MainProcess] Logger (connect.py:on_message:43) | {'time': 1753805925, 'self_id': 703263936, 'post_type': 'meta_event', 'meta_event_type': 'heartbeat', 'status': {'online': True, 'good': True}, 'interval': 30000}
[2025-07-30 00:19:15,449.449] DEBUG    [MainThread|MainProcess] websockets.client (protocol.py:read_frame:1177) | < TEXT '{"time":1753805955,"self_id":703263936,"post_ty...true},"interval":30000}' [148 bytes]
[2025-07-30 00:19:15,449.449] DEBUG    [MainThread|MainProcess] Logger (connect.py:on_message:43) | {'time': 1753805955, 'self_id': 703263936, 'post_type': 'meta_event', 'meta_event_type': 'heartbeat', 'status': {'online': True, 'good': True}, 'interval': 30000}
[2025-07-30 00:19:45,461.461] DEBUG    [MainThread|MainProcess] websockets.client (protocol.py:read_frame:1177) | < TEXT '{"time":1753805985,"self_id":703263936,"post_ty...true},"interval":30000}' [148 bytes]
[2025-07-30 00:19:45,461.461] DEBUG    [MainThread|MainProcess] Logger (connect.py:on_message:43) | {'time': 1753805985, 'self_id': 703263936, 'post_type': 'meta_event', 'meta_event_type': 'heartbeat', 'status': {'online': True, 'good': True}, 'interval': 30000}
[2025-07-30 00:20:15,475.475] DEBUG    [MainThread|MainProcess] websockets.client (protocol.py:read_frame:1177) | < TEXT '{"time":1753806015,"self_id":703263936,"post_ty...true},"interval":30000}' [148 bytes]
[2025-07-30 00:20:15,475.475] DEBUG    [MainThread|MainProcess] Logger (connect.py:on_message:43) | {'time': 1753806015, 'self_id': 703263936, 'post_type': 'meta_event', 'meta_event_type': 'heartbeat', 'status': {'online': True, 'good': True}, 'interval': 30000}
[2025-07-30 00:20:45,487.487] DEBUG    [MainThread|MainProcess] websockets.client (protocol.py:read_frame:1177) | < TEXT '{"time":1753806045,"self_id":703263936,"post_ty...true},"interval":30000}' [148 bytes]
[2025-07-30 00:20:45,487.487] DEBUG    [MainThread|MainProcess] Logger (connect.py:on_message:43) | {'time': 1753806045, 'self_id': 703263936, 'post_type': 'meta_event', 'meta_event_type': 'heartbeat', 'status': {'online': True, 'good': True}, 'interval': 30000}
[2025-07-30 00:21:15,500.500] DEBUG    [MainThread|MainProcess] websockets.client (protocol.py:read_frame:1177) | < TEXT '{"time":1753806075,"self_id":703263936,"post_ty...true},"interval":30000}' [148 bytes]
[2025-07-30 00:21:15,500.500] DEBUG    [MainThread|MainProcess] Logger (connect.py:on_message:43) | {'time': 1753806075, 'self_id': 703263936, 'post_type': 'meta_event', 'meta_event_type': 'heartbeat', 'status': {'online': True, 'good': True}, 'interval': 30000}
[2025-07-30 00:21:45,502.502] DEBUG    [MainThread|MainProcess] websockets.client (protocol.py:read_frame:1177) | < TEXT '{"time":1753806105,"self_id":703263936,"post_ty...true},"interval":30000}' [148 bytes]
[2025-07-30 00:21:45,502.502] DEBUG    [MainThread|MainProcess] Logger (connect.py:on_message:43) | {'time': 1753806105, 'self_id': 703263936, 'post_type': 'meta_event', 'meta_event_type': 'heartbeat', 'status': {'online': True, 'good': True}, 'interval': 30000}
[2025-07-30 00:22:15,515.515] DEBUG    [MainThread|MainProcess] websockets.client (protocol.py:read_frame:1177) | < TEXT '{"time":1753806135,"self_id":703263936,"post_ty...true},"interval":30000}' [148 bytes]
[2025-07-30 00:22:15,515.515] DEBUG    [MainThread|MainProcess] Logger (connect.py:on_message:43) | {'time': 1753806135, 'self_id': 703263936, 'post_type': 'meta_event', 'meta_event_type': 'heartbeat', 'status': {'online': True, 'good': True}, 'interval': 30000}
[2025-07-30 00:22:45,525.525] DEBUG    [MainThread|MainProcess] websockets.client (protocol.py:read_frame:1177) | < TEXT '{"time":1753806165,"self_id":703263936,"post_ty...true},"interval":30000}' [148 bytes]
[2025-07-30 00:22:45,525.525] DEBUG    [MainThread|MainProcess] Logger (connect.py:on_message:43) | {'time': 1753806165, 'self_id': 703263936, 'post_type': 'meta_event', 'meta_event_type': 'heartbeat', 'status': {'online': True, 'good': True}, 'interval': 30000}
[2025-07-30 00:23:15,534.534] DEBUG    [MainThread|MainProcess] websockets.client (protocol.py:read_frame:1177) | < TEXT '{"time":1753806195,"self_id":703263936,"post_ty...true},"interval":30000}' [148 bytes]
[2025-07-30 00:23:15,534.534] DEBUG    [MainThread|MainProcess] Logger (connect.py:on_message:43) | {'time': 1753806195, 'self_id': 703263936, 'post_type': 'meta_event', 'meta_event_type': 'heartbeat', 'status': {'online': True, 'good': True}, 'interval': 30000}
[2025-07-30 00:23:45,545.545] DEBUG    [MainThread|MainProcess] websockets.client (protocol.py:read_frame:1177) | < TEXT '{"time":1753806225,"self_id":703263936,"post_ty...true},"interval":30000}' [148 bytes]
[2025-07-30 00:23:45,545.545] DEBUG    [MainThread|MainProcess] Logger (connect.py:on_message:43) | {'time': 1753806225, 'self_id': 703263936, 'post_type': 'meta_event', 'meta_event_type': 'heartbeat', 'status': {'online': True, 'good': True}, 'interval': 30000}
[2025-07-30 00:24:15,558.558] DEBUG    [MainThread|MainProcess] websockets.client (protocol.py:read_frame:1177) | < TEXT '{"time":1753806255,"self_id":703263936,"post_ty...true},"interval":30000}' [148 bytes]
[2025-07-30 00:24:15,558.558] DEBUG    [MainThread|MainProcess] Logger (connect.py:on_message:43) | {'time': 1753806255, 'self_id': 703263936, 'post_type': 'meta_event', 'meta_event_type': 'heartbeat', 'status': {'online': True, 'good': True}, 'interval': 30000}
[2025-07-30 00:24:45,569.569] DEBUG    [MainThread|MainProcess] websockets.client (protocol.py:read_frame:1177) | < TEXT '{"time":1753806285,"self_id":703263936,"post_ty...true},"interval":30000}' [148 bytes]
[2025-07-30 00:24:45,569.569] DEBUG    [MainThread|MainProcess] Logger (connect.py:on_message:43) | {'time': 1753806285, 'self_id': 703263936, 'post_type': 'meta_event', 'meta_event_type': 'heartbeat', 'status': {'online': True, 'good': True}, 'interval': 30000}
[2025-07-30 00:25:15,581.581] DEBUG    [MainThread|MainProcess] websockets.client (protocol.py:read_frame:1177) | < TEXT '{"time":1753806315,"self_id":703263936,"post_ty...true},"interval":30000}' [148 bytes]
[2025-07-30 00:25:15,581.581] DEBUG    [MainThread|MainProcess] Logger (connect.py:on_message:43) | {'time': 1753806315, 'self_id': 703263936, 'post_type': 'meta_event', 'meta_event_type': 'heartbeat', 'status': {'online': True, 'good': True}, 'interval': 30000}
[2025-07-30 00:25:45,594.594] DEBUG    [MainThread|MainProcess] websockets.client (protocol.py:read_frame:1177) | < TEXT '{"time":1753806345,"self_id":703263936,"post_ty...true},"interval":30000}' [148 bytes]
[2025-07-30 00:25:45,594.594] DEBUG    [MainThread|MainProcess] Logger (connect.py:on_message:43) | {'time': 1753806345, 'self_id': 703263936, 'post_type': 'meta_event', 'meta_event_type': 'heartbeat', 'status': {'online': True, 'good': True}, 'interval': 30000}
[2025-07-30 00:26:15,608.608] DEBUG    [MainThread|MainProcess] websockets.client (protocol.py:read_frame:1177) | < TEXT '{"time":1753806375,"self_id":703263936,"post_ty...true},"interval":30000}' [148 bytes]
[2025-07-30 00:26:15,608.608] DEBUG    [MainThread|MainProcess] Logger (connect.py:on_message:43) | {'time': 1753806375, 'self_id': 703263936, 'post_type': 'meta_event', 'meta_event_type': 'heartbeat', 'status': {'online': True, 'good': True}, 'interval': 30000}
[2025-07-30 00:26:45,611.611] DEBUG    [MainThread|MainProcess] websockets.client (protocol.py:read_frame:1177) | < TEXT '{"time":1753806405,"self_id":703263936,"post_ty...true},"interval":30000}' [148 bytes]
[2025-07-30 00:26:45,611.611] DEBUG    [MainThread|MainProcess] Logger (connect.py:on_message:43) | {'time': 1753806405, 'self_id': 703263936, 'post_type': 'meta_event', 'meta_event_type': 'heartbeat', 'status': {'online': True, 'good': True}, 'interval': 30000}
[2025-07-30 00:27:15,621.621] DEBUG    [MainThread|MainProcess] websockets.client (protocol.py:read_frame:1177) | < TEXT '{"time":1753806435,"self_id":703263936,"post_ty...true},"interval":30000}' [148 bytes]
[2025-07-30 00:27:15,621.621] DEBUG    [MainThread|MainProcess] Logger (connect.py:on_message:43) | {'time': 1753806435, 'self_id': 703263936, 'post_type': 'meta_event', 'meta_event_type': 'heartbeat', 'status': {'online': True, 'good': True}, 'interval': 30000}
[2025-07-30 00:27:45,634.634] DEBUG    [MainThread|MainProcess] websockets.client (protocol.py:read_frame:1177) | < TEXT '{"time":1753806465,"self_id":703263936,"post_ty...true},"interval":30000}' [148 bytes]
[2025-07-30 00:27:45,634.634] DEBUG    [MainThread|MainProcess] Logger (connect.py:on_message:43) | {'time': 1753806465, 'self_id': 703263936, 'post_type': 'meta_event', 'meta_event_type': 'heartbeat', 'status': {'online': True, 'good': True}, 'interval': 30000}
[2025-07-30 00:28:15,648.648] DEBUG    [MainThread|MainProcess] websockets.client (protocol.py:read_frame:1177) | < TEXT '{"time":1753806495,"self_id":703263936,"post_ty...true},"interval":30000}' [148 bytes]
[2025-07-30 00:28:15,648.648] DEBUG    [MainThread|MainProcess] Logger (connect.py:on_message:43) | {'time': 1753806495, 'self_id': 703263936, 'post_type': 'meta_event', 'meta_event_type': 'heartbeat', 'status': {'online': True, 'good': True}, 'interval': 30000}
[2025-07-30 00:28:45,650.650] DEBUG    [MainThread|MainProcess] websockets.client (protocol.py:read_frame:1177) | < TEXT '{"time":1753806525,"self_id":703263936,"post_ty...true},"interval":30000}' [148 bytes]
[2025-07-30 00:28:45,650.650] DEBUG    [MainThread|MainProcess] Logger (connect.py:on_message:43) | {'time': 1753806525, 'self_id': 703263936, 'post_type': 'meta_event', 'meta_event_type': 'heartbeat', 'status': {'online': True, 'good': True}, 'interval': 30000}
[2025-07-30 00:29:15,658.658] DEBUG    [MainThread|MainProcess] websockets.client (protocol.py:read_frame:1177) | < TEXT '{"time":1753806555,"self_id":703263936,"post_ty...true},"interval":30000}' [148 bytes]
[2025-07-30 00:29:15,658.658] DEBUG    [MainThread|MainProcess] Logger (connect.py:on_message:43) | {'time': 1753806555, 'self_id': 703263936, 'post_type': 'meta_event', 'meta_event_type': 'heartbeat', 'status': {'online': True, 'good': True}, 'interval': 30000}
[2025-07-30 00:29:45,661.661] DEBUG    [MainThread|MainProcess] websockets.client (protocol.py:read_frame:1177) | < TEXT '{"time":1753806585,"self_id":703263936,"post_ty...true},"interval":30000}' [148 bytes]
[2025-07-30 00:29:45,661.661] DEBUG    [MainThread|MainProcess] Logger (connect.py:on_message:43) | {'time': 1753806585, 'self_id': 703263936, 'post_type': 'meta_event', 'meta_event_type': 'heartbeat', 'status': {'online': True, 'good': True}, 'interval': 30000}
[2025-07-30 00:30:15,675.675] DEBUG    [MainThread|MainProcess] websockets.client (protocol.py:read_frame:1177) | < TEXT '{"time":1753806615,"self_id":703263936,"post_ty...true},"interval":30000}' [148 bytes]
[2025-07-30 00:30:15,675.675] DEBUG    [MainThread|MainProcess] Logger (connect.py:on_message:43) | {'time': 1753806615, 'self_id': 703263936, 'post_type': 'meta_event', 'meta_event_type': 'heartbeat', 'status': {'online': True, 'good': True}, 'interval': 30000}
[2025-07-30 00:30:45,689.689] DEBUG    [MainThread|MainProcess] websockets.client (protocol.py:read_frame:1177) | < TEXT '{"time":1753806645,"self_id":703263936,"post_ty...true},"interval":30000}' [148 bytes]
[2025-07-30 00:30:45,689.689] DEBUG    [MainThread|MainProcess] Logger (connect.py:on_message:43) | {'time': 1753806645, 'self_id': 703263936, 'post_type': 'meta_event', 'meta_event_type': 'heartbeat', 'status': {'online': True, 'good': True}, 'interval': 30000}
[2025-07-30 00:31:15,699.699] DEBUG    [MainThread|MainProcess] websockets.client (protocol.py:read_frame:1177) | < TEXT '{"time":1753806675,"self_id":703263936,"post_ty...true},"interval":30000}' [148 bytes]
[2025-07-30 00:31:15,699.699] DEBUG    [MainThread|MainProcess] Logger (connect.py:on_message:43) | {'time': 1753806675, 'self_id': 703263936, 'post_type': 'meta_event', 'meta_event_type': 'heartbeat', 'status': {'online': True, 'good': True}, 'interval': 30000}
[2025-07-30 00:31:45,712.712] DEBUG    [MainThread|MainProcess] websockets.client (protocol.py:read_frame:1177) | < TEXT '{"time":1753806705,"self_id":703263936,"post_ty...true},"interval":30000}' [148 bytes]
[2025-07-30 00:31:45,712.712] DEBUG    [MainThread|MainProcess] Logger (connect.py:on_message:43) | {'time': 1753806705, 'self_id': 703263936, 'post_type': 'meta_event', 'meta_event_type': 'heartbeat', 'status': {'online': True, 'good': True}, 'interval': 30000}
[2025-07-30 00:32:15,726.726] DEBUG    [MainThread|MainProcess] websockets.client (protocol.py:read_frame:1177) | < TEXT '{"time":1753806735,"self_id":703263936,"post_ty...true},"interval":30000}' [148 bytes]
[2025-07-30 00:32:15,726.726] DEBUG    [MainThread|MainProcess] Logger (connect.py:on_message:43) | {'time': 1753806735, 'self_id': 703263936, 'post_type': 'meta_event', 'meta_event_type': 'heartbeat', 'status': {'online': True, 'good': True}, 'interval': 30000}
[2025-07-30 00:32:45,731.731] DEBUG    [MainThread|MainProcess] websockets.client (protocol.py:read_frame:1177) | < TEXT '{"time":1753806765,"self_id":703263936,"post_ty...true},"interval":30000}' [148 bytes]
[2025-07-30 00:32:45,731.731] DEBUG    [MainThread|MainProcess] Logger (connect.py:on_message:43) | {'time': 1753806765, 'self_id': 703263936, 'post_type': 'meta_event', 'meta_event_type': 'heartbeat', 'status': {'online': True, 'good': True}, 'interval': 30000}
[2025-07-30 00:33:15,741.741] DEBUG    [MainThread|MainProcess] websockets.client (protocol.py:read_frame:1177) | < TEXT '{"time":1753806795,"self_id":703263936,"post_ty...true},"interval":30000}' [148 bytes]
[2025-07-30 00:33:15,741.741] DEBUG    [MainThread|MainProcess] Logger (connect.py:on_message:43) | {'time': 1753806795, 'self_id': 703263936, 'post_type': 'meta_event', 'meta_event_type': 'heartbeat', 'status': {'online': True, 'good': True}, 'interval': 30000}
[2025-07-30 00:33:45,755.755] DEBUG    [MainThread|MainProcess] websockets.client (protocol.py:read_frame:1177) | < TEXT '{"time":1753806825,"self_id":703263936,"post_ty...true},"interval":30000}' [148 bytes]
[2025-07-30 00:33:45,755.755] DEBUG    [MainThread|MainProcess] Logger (connect.py:on_message:43) | {'time': 1753806825, 'self_id': 703263936, 'post_type': 'meta_event', 'meta_event_type': 'heartbeat', 'status': {'online': True, 'good': True}, 'interval': 30000}
[2025-07-30 00:34:15,768.768] DEBUG    [MainThread|MainProcess] websockets.client (protocol.py:read_frame:1177) | < TEXT '{"time":1753806855,"self_id":703263936,"post_ty...true},"interval":30000}' [148 bytes]
[2025-07-30 00:34:15,768.768] DEBUG    [MainThread|MainProcess] Logger (connect.py:on_message:43) | {'time': 1753806855, 'self_id': 703263936, 'post_type': 'meta_event', 'meta_event_type': 'heartbeat', 'status': {'online': True, 'good': True}, 'interval': 30000}
[2025-07-30 00:34:45,770.770] DEBUG    [MainThread|MainProcess] websockets.client (protocol.py:read_frame:1177) | < TEXT '{"time":1753806885,"self_id":703263936,"post_ty...true},"interval":30000}' [148 bytes]
[2025-07-30 00:34:45,770.770] DEBUG    [MainThread|MainProcess] Logger (connect.py:on_message:43) | {'time': 1753806885, 'self_id': 703263936, 'post_type': 'meta_event', 'meta_event_type': 'heartbeat', 'status': {'online': True, 'good': True}, 'interval': 30000}
[2025-07-30 00:35:15,781.781] DEBUG    [MainThread|MainProcess] websockets.client (protocol.py:read_frame:1177) | < TEXT '{"time":1753806915,"self_id":703263936,"post_ty...true},"interval":30000}' [148 bytes]
[2025-07-30 00:35:15,781.781] DEBUG    [MainThread|MainProcess] Logger (connect.py:on_message:43) | {'time': 1753806915, 'self_id': 703263936, 'post_type': 'meta_event', 'meta_event_type': 'heartbeat', 'status': {'online': True, 'good': True}, 'interval': 30000}
[2025-07-30 00:35:45,794.794] DEBUG    [MainThread|MainProcess] websockets.client (protocol.py:read_frame:1177) | < TEXT '{"time":1753806945,"self_id":703263936,"post_ty...true},"interval":30000}' [148 bytes]
[2025-07-30 00:35:45,794.794] DEBUG    [MainThread|MainProcess] Logger (connect.py:on_message:43) | {'time': 1753806945, 'self_id': 703263936, 'post_type': 'meta_event', 'meta_event_type': 'heartbeat', 'status': {'online': True, 'good': True}, 'interval': 30000}
[2025-07-30 00:36:15,808.808] DEBUG    [MainThread|MainProcess] websockets.client (protocol.py:read_frame:1177) | < TEXT '{"time":1753806975,"self_id":703263936,"post_ty...true},"interval":30000}' [148 bytes]
[2025-07-30 00:36:15,808.808] DEBUG    [MainThread|MainProcess] Logger (connect.py:on_message:43) | {'time': 1753806975, 'self_id': 703263936, 'post_type': 'meta_event', 'meta_event_type': 'heartbeat', 'status': {'online': True, 'good': True}, 'interval': 30000}
[2025-07-30 00:36:45,809.809] DEBUG    [MainThread|MainProcess] websockets.client (protocol.py:read_frame:1177) | < TEXT '{"time":1753807005,"self_id":703263936,"post_ty...true},"interval":30000}' [148 bytes]
[2025-07-30 00:36:45,809.809] DEBUG    [MainThread|MainProcess] Logger (connect.py:on_message:43) | {'time': 1753807005, 'self_id': 703263936, 'post_type': 'meta_event', 'meta_event_type': 'heartbeat', 'status': {'online': True, 'good': True}, 'interval': 30000}
[2025-07-30 00:37:15,818.818] DEBUG    [MainThread|MainProcess] websockets.client (protocol.py:read_frame:1177) | < TEXT '{"time":1753807035,"self_id":703263936,"post_ty...true},"interval":30000}' [148 bytes]
[2025-07-30 00:37:15,818.818] DEBUG    [MainThread|MainProcess] Logger (connect.py:on_message:43) | {'time': 1753807035, 'self_id': 703263936, 'post_type': 'meta_event', 'meta_event_type': 'heartbeat', 'status': {'online': True, 'good': True}, 'interval': 30000}
[2025-07-30 00:37:45,831.831] DEBUG    [MainThread|MainProcess] websockets.client (protocol.py:read_frame:1177) | < TEXT '{"time":1753807065,"self_id":703263936,"post_ty...true},"interval":30000}' [148 bytes]
[2025-07-30 00:37:45,831.831] DEBUG    [MainThread|MainProcess] Logger (connect.py:on_message:43) | {'time': 1753807065, 'self_id': 703263936, 'post_type': 'meta_event', 'meta_event_type': 'heartbeat', 'status': {'online': True, 'good': True}, 'interval': 30000}
[2025-07-30 00:38:15,845.845] DEBUG    [MainThread|MainProcess] websockets.client (protocol.py:read_frame:1177) | < TEXT '{"time":1753807095,"self_id":703263936,"post_ty...true},"interval":30000}' [148 bytes]
[2025-07-30 00:38:15,845.845] DEBUG    [MainThread|MainProcess] Logger (connect.py:on_message:43) | {'time': 1753807095, 'self_id': 703263936, 'post_type': 'meta_event', 'meta_event_type': 'heartbeat', 'status': {'online': True, 'good': True}, 'interval': 30000}
[2025-07-30 00:38:45,849.849] DEBUG    [MainThread|MainProcess] websockets.client (protocol.py:read_frame:1177) | < TEXT '{"time":1753807125,"self_id":703263936,"post_ty...true},"interval":30000}' [148 bytes]
[2025-07-30 00:38:45,849.849] DEBUG    [MainThread|MainProcess] Logger (connect.py:on_message:43) | {'time': 1753807125, 'self_id': 703263936, 'post_type': 'meta_event', 'meta_event_type': 'heartbeat', 'status': {'online': True, 'good': True}, 'interval': 30000}
[2025-07-30 00:39:15,859.859] DEBUG    [MainThread|MainProcess] websockets.client (protocol.py:read_frame:1177) | < TEXT '{"time":1753807155,"self_id":703263936,"post_ty...true},"interval":30000}' [148 bytes]
[2025-07-30 00:39:15,859.859] DEBUG    [MainThread|MainProcess] Logger (connect.py:on_message:43) | {'time': 1753807155, 'self_id': 703263936, 'post_type': 'meta_event', 'meta_event_type': 'heartbeat', 'status': {'online': True, 'good': True}, 'interval': 30000}
[2025-07-30 00:39:45,873.873] DEBUG    [MainThread|MainProcess] websockets.client (protocol.py:read_frame:1177) | < TEXT '{"time":1753807185,"self_id":703263936,"post_ty...true},"interval":30000}' [148 bytes]
[2025-07-30 00:39:45,873.873] DEBUG    [MainThread|MainProcess] Logger (connect.py:on_message:43) | {'time': 1753807185, 'self_id': 703263936, 'post_type': 'meta_event', 'meta_event_type': 'heartbeat', 'status': {'online': True, 'good': True}, 'interval': 30000}
[2025-07-30 00:40:15,886.886] DEBUG    [MainThread|MainProcess] websockets.client (protocol.py:read_frame:1177) | < TEXT '{"time":1753807215,"self_id":703263936,"post_ty...true},"interval":30000}' [148 bytes]
[2025-07-30 00:40:15,886.886] DEBUG    [MainThread|MainProcess] Logger (connect.py:on_message:43) | {'time': 1753807215, 'self_id': 703263936, 'post_type': 'meta_event', 'meta_event_type': 'heartbeat', 'status': {'online': True, 'good': True}, 'interval': 30000}
[2025-07-30 00:40:45,888.888] DEBUG    [MainThread|MainProcess] websockets.client (protocol.py:read_frame:1177) | < TEXT '{"time":1753807245,"self_id":703263936,"post_ty...true},"interval":30000}' [148 bytes]
[2025-07-30 00:40:45,888.888] DEBUG    [MainThread|MainProcess] Logger (connect.py:on_message:43) | {'time': 1753807245, 'self_id': 703263936, 'post_type': 'meta_event', 'meta_event_type': 'heartbeat', 'status': {'online': True, 'good': True}, 'interval': 30000}
[2025-07-30 00:41:15,898.898] DEBUG    [MainThread|MainProcess] websockets.client (protocol.py:read_frame:1177) | < TEXT '{"time":1753807275,"self_id":703263936,"post_ty...true},"interval":30000}' [148 bytes]
[2025-07-30 00:41:15,898.898] DEBUG    [MainThread|MainProcess] Logger (connect.py:on_message:43) | {'time': 1753807275, 'self_id': 703263936, 'post_type': 'meta_event', 'meta_event_type': 'heartbeat', 'status': {'online': True, 'good': True}, 'interval': 30000}
[2025-07-30 00:41:45,912.912] DEBUG    [MainThread|MainProcess] websockets.client (protocol.py:read_frame:1177) | < TEXT '{"time":1753807305,"self_id":703263936,"post_ty...true},"interval":30000}' [148 bytes]
[2025-07-30 00:41:45,912.912] DEBUG    [MainThread|MainProcess] Logger (connect.py:on_message:43) | {'time': 1753807305, 'self_id': 703263936, 'post_type': 'meta_event', 'meta_event_type': 'heartbeat', 'status': {'online': True, 'good': True}, 'interval': 30000}
[2025-07-30 00:42:04,082.082] DEBUG    [MainThread|MainProcess] websockets.client (protocol.py:read_frame:1177) | < TEXT '{"self_id":703263936,"user_id":1095216448,"time..."target_id":1095216448}' [455 bytes]
[2025-07-30 00:42:04,082.082] DEBUG    [MainThread|MainProcess] Logger (client.py:handle_private_event:83) | {'message_id': '2060456068', 'user_id': '1095216448', 'message_seq': '2060456068', 'real_id': '2060456068', 'sender': "{'user_id': 1095216448, 'nickname': '冰如猫', 'card': ''}", 'raw_message': '[CQ:forward,id=7532545091651810052]', 'font': '14', 'sub_type': 'friend', 'message': "[{'type': 'forward', 'data': {'id': '7532545091651810052'}}]", 'message_format': 'array', 'target_id': '1095216448', 'message_type': 'private'}
[2025-07-30 00:42:15,925.925] DEBUG    [MainThread|MainProcess] websockets.client (protocol.py:read_frame:1177) | < TEXT '{"time":1753807335,"self_id":703263936,"post_ty...true},"interval":30000}' [148 bytes]
[2025-07-30 00:42:15,925.925] DEBUG    [MainThread|MainProcess] Logger (connect.py:on_message:43) | {'time': 1753807335, 'self_id': 703263936, 'post_type': 'meta_event', 'meta_event_type': 'heartbeat', 'status': {'online': True, 'good': True}, 'interval': 30000}
[2025-07-30 00:42:45,930.930] DEBUG    [MainThread|MainProcess] websockets.client (protocol.py:read_frame:1177) | < TEXT '{"time":1753807365,"self_id":703263936,"post_ty...true},"interval":30000}' [148 bytes]
[2025-07-30 00:42:45,930.930] DEBUG    [MainThread|MainProcess] Logger (connect.py:on_message:43) | {'time': 1753807365, 'self_id': 703263936, 'post_type': 'meta_event', 'meta_event_type': 'heartbeat', 'status': {'online': True, 'good': True}, 'interval': 30000}
[2025-07-30 00:43:15,940.940] DEBUG    [MainThread|MainProcess] websockets.client (protocol.py:read_frame:1177) | < TEXT '{"time":1753807395,"self_id":703263936,"post_ty...true},"interval":30000}' [148 bytes]
[2025-07-30 00:43:15,940.940] DEBUG    [MainThread|MainProcess] Logger (connect.py:on_message:43) | {'time': 1753807395, 'self_id': 703263936, 'post_type': 'meta_event', 'meta_event_type': 'heartbeat', 'status': {'online': True, 'good': True}, 'interval': 30000}
[2025-07-30 00:43:45,953.953] DEBUG    [MainThread|MainProcess] websockets.client (protocol.py:read_frame:1177) | < TEXT '{"time":1753807425,"self_id":703263936,"post_ty...true},"interval":30000}' [148 bytes]
[2025-07-30 00:43:45,953.953] DEBUG    [MainThread|MainProcess] Logger (connect.py:on_message:43) | {'time': 1753807425, 'self_id': 703263936, 'post_type': 'meta_event', 'meta_event_type': 'heartbeat', 'status': {'online': True, 'good': True}, 'interval': 30000}
[2025-07-30 00:44:15,966.966] DEBUG    [MainThread|MainProcess] websockets.client (protocol.py:read_frame:1177) | < TEXT '{"time":1753807455,"self_id":703263936,"post_ty...true},"interval":30000}' [148 bytes]
[2025-07-30 00:44:15,966.966] DEBUG    [MainThread|MainProcess] Logger (connect.py:on_message:43) | {'time': 1753807455, 'self_id': 703263936, 'post_type': 'meta_event', 'meta_event_type': 'heartbeat', 'status': {'online': True, 'good': True}, 'interval': 30000}
[2025-07-30 00:44:45,968.968] DEBUG    [MainThread|MainProcess] websockets.client (protocol.py:read_frame:1177) | < TEXT '{"time":1753807485,"self_id":703263936,"post_ty...true},"interval":30000}' [148 bytes]
[2025-07-30 00:44:45,968.968] DEBUG    [MainThread|MainProcess] Logger (connect.py:on_message:43) | {'time': 1753807485, 'self_id': 703263936, 'post_type': 'meta_event', 'meta_event_type': 'heartbeat', 'status': {'online': True, 'good': True}, 'interval': 30000}
[2025-07-30 00:45:15,979.979] DEBUG    [MainThread|MainProcess] websockets.client (protocol.py:read_frame:1177) | < TEXT '{"time":1753807515,"self_id":703263936,"post_ty...true},"interval":30000}' [148 bytes]
[2025-07-30 00:45:15,979.979] DEBUG    [MainThread|MainProcess] Logger (connect.py:on_message:43) | {'time': 1753807515, 'self_id': 703263936, 'post_type': 'meta_event', 'meta_event_type': 'heartbeat', 'status': {'online': True, 'good': True}, 'interval': 30000}
[2025-07-30 00:45:45,992.992] DEBUG    [MainThread|MainProcess] websockets.client (protocol.py:read_frame:1177) | < TEXT '{"time":1753807545,"self_id":703263936,"post_ty...true},"interval":30000}' [148 bytes]
[2025-07-30 00:45:45,992.992] DEBUG    [MainThread|MainProcess] Logger (connect.py:on_message:43) | {'time': 1753807545, 'self_id': 703263936, 'post_type': 'meta_event', 'meta_event_type': 'heartbeat', 'status': {'online': True, 'good': True}, 'interval': 30000}
[2025-07-30 00:46:16,006.006] DEBUG    [MainThread|MainProcess] websockets.client (protocol.py:read_frame:1177) | < TEXT '{"time":1753807576,"self_id":703263936,"post_ty...true},"interval":30000}' [148 bytes]
[2025-07-30 00:46:16,006.006] DEBUG    [MainThread|MainProcess] Logger (connect.py:on_message:43) | {'time': 1753807576, 'self_id': 703263936, 'post_type': 'meta_event', 'meta_event_type': 'heartbeat', 'status': {'online': True, 'good': True}, 'interval': 30000}
[2025-07-30 00:46:46,007.007] DEBUG    [MainThread|MainProcess] websockets.client (protocol.py:read_frame:1177) | < TEXT '{"time":1753807606,"self_id":703263936,"post_ty...true},"interval":30000}' [148 bytes]
[2025-07-30 00:46:46,007.007] DEBUG    [MainThread|MainProcess] Logger (connect.py:on_message:43) | {'time': 1753807606, 'self_id': 703263936, 'post_type': 'meta_event', 'meta_event_type': 'heartbeat', 'status': {'online': True, 'good': True}, 'interval': 30000}
[2025-07-30 00:47:16,015.015] DEBUG    [MainThread|MainProcess] websockets.client (protocol.py:read_frame:1177) | < TEXT '{"time":1753807636,"self_id":703263936,"post_ty...true},"interval":30000}' [148 bytes]
[2025-07-30 00:47:16,015.015] DEBUG    [MainThread|MainProcess] Logger (connect.py:on_message:43) | {'time': 1753807636, 'self_id': 703263936, 'post_type': 'meta_event', 'meta_event_type': 'heartbeat', 'status': {'online': True, 'good': True}, 'interval': 30000}
[2025-07-30 00:47:46,028.028] DEBUG    [MainThread|MainProcess] websockets.client (protocol.py:read_frame:1177) | < TEXT '{"time":1753807666,"self_id":703263936,"post_ty...true},"interval":30000}' [148 bytes]
[2025-07-30 00:47:46,028.028] DEBUG    [MainThread|MainProcess] Logger (connect.py:on_message:43) | {'time': 1753807666, 'self_id': 703263936, 'post_type': 'meta_event', 'meta_event_type': 'heartbeat', 'status': {'online': True, 'good': True}, 'interval': 30000}
[2025-07-30 00:48:16,042.042] DEBUG    [MainThread|MainProcess] websockets.client (protocol.py:read_frame:1177) | < TEXT '{"time":1753807696,"self_id":703263936,"post_ty...true},"interval":30000}' [148 bytes]
[2025-07-30 00:48:16,042.042] DEBUG    [MainThread|MainProcess] Logger (connect.py:on_message:43) | {'time': 1753807696, 'self_id': 703263936, 'post_type': 'meta_event', 'meta_event_type': 'heartbeat', 'status': {'online': True, 'good': True}, 'interval': 30000}
[2025-07-30 00:48:46,046.046] DEBUG    [MainThread|MainProcess] websockets.client (protocol.py:read_frame:1177) | < TEXT '{"time":1753807726,"self_id":703263936,"post_ty...true},"interval":30000}' [148 bytes]
[2025-07-30 00:48:46,046.046] DEBUG    [MainThread|MainProcess] Logger (connect.py:on_message:43) | {'time': 1753807726, 'self_id': 703263936, 'post_type': 'meta_event', 'meta_event_type': 'heartbeat', 'status': {'online': True, 'good': True}, 'interval': 30000}
[2025-07-30 00:49:16,053.053] DEBUG    [MainThread|MainProcess] websockets.client (protocol.py:read_frame:1177) | < TEXT '{"time":1753807756,"self_id":703263936,"post_ty...true},"interval":30000}' [148 bytes]
[2025-07-30 00:49:16,053.053] DEBUG    [MainThread|MainProcess] Logger (connect.py:on_message:43) | {'time': 1753807756, 'self_id': 703263936, 'post_type': 'meta_event', 'meta_event_type': 'heartbeat', 'status': {'online': True, 'good': True}, 'interval': 30000}
[2025-07-30 00:49:46,066.066] DEBUG    [MainThread|MainProcess] websockets.client (protocol.py:read_frame:1177) | < TEXT '{"time":1753807786,"self_id":703263936,"post_ty...true},"interval":30000}' [148 bytes]
[2025-07-30 00:49:46,066.066] DEBUG    [MainThread|MainProcess] Logger (connect.py:on_message:43) | {'time': 1753807786, 'self_id': 703263936, 'post_type': 'meta_event', 'meta_event_type': 'heartbeat', 'status': {'online': True, 'good': True}, 'interval': 30000}
[2025-07-30 00:50:16,080.080] DEBUG    [MainThread|MainProcess] websockets.client (protocol.py:read_frame:1177) | < TEXT '{"time":1753807816,"self_id":703263936,"post_ty...true},"interval":30000}' [148 bytes]
[2025-07-30 00:50:16,080.080] DEBUG    [MainThread|MainProcess] Logger (connect.py:on_message:43) | {'time': 1753807816, 'self_id': 703263936, 'post_type': 'meta_event', 'meta_event_type': 'heartbeat', 'status': {'online': True, 'good': True}, 'interval': 30000}
[2025-07-30 00:50:46,086.086] DEBUG    [MainThread|MainProcess] websockets.client (protocol.py:read_frame:1177) | < TEXT '{"time":1753807846,"self_id":703263936,"post_ty...true},"interval":30000}' [148 bytes]
[2025-07-30 00:50:46,086.086] DEBUG    [MainThread|MainProcess] Logger (connect.py:on_message:43) | {'time': 1753807846, 'self_id': 703263936, 'post_type': 'meta_event', 'meta_event_type': 'heartbeat', 'status': {'online': True, 'good': True}, 'interval': 30000}
[2025-07-30 00:51:16,093.093] DEBUG    [MainThread|MainProcess] websockets.client (protocol.py:read_frame:1177) | < TEXT '{"time":1753807876,"self_id":703263936,"post_ty...true},"interval":30000}' [148 bytes]
[2025-07-30 00:51:16,093.093] DEBUG    [MainThread|MainProcess] Logger (connect.py:on_message:43) | {'time': 1753807876, 'self_id': 703263936, 'post_type': 'meta_event', 'meta_event_type': 'heartbeat', 'status': {'online': True, 'good': True}, 'interval': 30000}
[2025-07-30 00:51:46,107.107] DEBUG    [MainThread|MainProcess] websockets.client (protocol.py:read_frame:1177) | < TEXT '{"time":1753807906,"self_id":703263936,"post_ty...true},"interval":30000}' [148 bytes]
[2025-07-30 00:51:46,107.107] DEBUG    [MainThread|MainProcess] Logger (connect.py:on_message:43) | {'time': 1753807906, 'self_id': 703263936, 'post_type': 'meta_event', 'meta_event_type': 'heartbeat', 'status': {'online': True, 'good': True}, 'interval': 30000}
[2025-07-30 00:52:16,120.120] DEBUG    [MainThread|MainProcess] websockets.client (protocol.py:read_frame:1177) | < TEXT '{"time":1753807936,"self_id":703263936,"post_ty...true},"interval":30000}' [148 bytes]
[2025-07-30 00:52:16,120.120] DEBUG    [MainThread|MainProcess] Logger (connect.py:on_message:43) | {'time': 1753807936, 'self_id': 703263936, 'post_type': 'meta_event', 'meta_event_type': 'heartbeat', 'status': {'online': True, 'good': True}, 'interval': 30000}
[2025-07-30 00:52:46,129.129] DEBUG    [MainThread|MainProcess] websockets.client (protocol.py:read_frame:1177) | < TEXT '{"time":1753807966,"self_id":703263936,"post_ty...true},"interval":30000}' [148 bytes]
[2025-07-30 00:52:46,129.129] DEBUG    [MainThread|MainProcess] Logger (connect.py:on_message:43) | {'time': 1753807966, 'self_id': 703263936, 'post_type': 'meta_event', 'meta_event_type': 'heartbeat', 'status': {'online': True, 'good': True}, 'interval': 30000}
[2025-07-30 00:53:16,126.126] DEBUG    [MainThread|MainProcess] websockets.client (protocol.py:read_frame:1177) | < TEXT '{"time":1753807996,"self_id":703263936,"post_ty...true},"interval":30000}' [148 bytes]
[2025-07-30 00:53:16,126.126] DEBUG    [MainThread|MainProcess] Logger (connect.py:on_message:43) | {'time': 1753807996, 'self_id': 703263936, 'post_type': 'meta_event', 'meta_event_type': 'heartbeat', 'status': {'online': True, 'good': True}, 'interval': 30000}
[2025-07-30 00:53:46,140.140] DEBUG    [MainThread|MainProcess] websockets.client (protocol.py:read_frame:1177) | < TEXT '{"time":1753808026,"self_id":703263936,"post_ty...true},"interval":30000}' [148 bytes]
[2025-07-30 00:53:46,140.140] DEBUG    [MainThread|MainProcess] Logger (connect.py:on_message:43) | {'time': 1753808026, 'self_id': 703263936, 'post_type': 'meta_event', 'meta_event_type': 'heartbeat', 'status': {'online': True, 'good': True}, 'interval': 30000}
[2025-07-30 00:54:16,153.153] DEBUG    [MainThread|MainProcess] websockets.client (protocol.py:read_frame:1177) | < TEXT '{"time":1753808056,"self_id":703263936,"post_ty...true},"interval":30000}' [148 bytes]
[2025-07-30 00:54:16,153.153] DEBUG    [MainThread|MainProcess] Logger (connect.py:on_message:43) | {'time': 1753808056, 'self_id': 703263936, 'post_type': 'meta_event', 'meta_event_type': 'heartbeat', 'status': {'online': True, 'good': True}, 'interval': 30000}
[2025-07-30 00:54:46,167.167] DEBUG    [MainThread|MainProcess] websockets.client (protocol.py:read_frame:1177) | < TEXT '{"time":1753808086,"self_id":703263936,"post_ty...true},"interval":30000}' [148 bytes]
[2025-07-30 00:54:46,167.167] DEBUG    [MainThread|MainProcess] Logger (connect.py:on_message:43) | {'time': 1753808086, 'self_id': 703263936, 'post_type': 'meta_event', 'meta_event_type': 'heartbeat', 'status': {'online': True, 'good': True}, 'interval': 30000}
[2025-07-30 00:55:16,176.176] DEBUG    [MainThread|MainProcess] websockets.client (protocol.py:read_frame:1177) | < TEXT '{"time":1753808116,"self_id":703263936,"post_ty...true},"interval":30000}' [148 bytes]
[2025-07-30 00:55:16,176.176] DEBUG    [MainThread|MainProcess] Logger (connect.py:on_message:43) | {'time': 1753808116, 'self_id': 703263936, 'post_type': 'meta_event', 'meta_event_type': 'heartbeat', 'status': {'online': True, 'good': True}, 'interval': 30000}
[2025-07-30 00:55:46,189.189] DEBUG    [MainThread|MainProcess] websockets.client (protocol.py:read_frame:1177) | < TEXT '{"time":1753808146,"self_id":703263936,"post_ty...true},"interval":30000}' [148 bytes]
[2025-07-30 00:55:46,189.189] DEBUG    [MainThread|MainProcess] Logger (connect.py:on_message:43) | {'time': 1753808146, 'self_id': 703263936, 'post_type': 'meta_event', 'meta_event_type': 'heartbeat', 'status': {'online': True, 'good': True}, 'interval': 30000}
[2025-07-30 00:56:16,203.203] DEBUG    [MainThread|MainProcess] websockets.client (protocol.py:read_frame:1177) | < TEXT '{"time":1753808176,"self_id":703263936,"post_ty...true},"interval":30000}' [148 bytes]
[2025-07-30 00:56:16,203.203] DEBUG    [MainThread|MainProcess] Logger (connect.py:on_message:43) | {'time': 1753808176, 'self_id': 703263936, 'post_type': 'meta_event', 'meta_event_type': 'heartbeat', 'status': {'online': True, 'good': True}, 'interval': 30000}
[2025-07-30 00:56:46,205.205] DEBUG    [MainThread|MainProcess] websockets.client (protocol.py:read_frame:1177) | < TEXT '{"time":1753808206,"self_id":703263936,"post_ty...true},"interval":30000}' [148 bytes]
[2025-07-30 00:56:46,205.205] DEBUG    [MainThread|MainProcess] Logger (connect.py:on_message:43) | {'time': 1753808206, 'self_id': 703263936, 'post_type': 'meta_event', 'meta_event_type': 'heartbeat', 'status': {'online': True, 'good': True}, 'interval': 30000}
[2025-07-30 00:57:16,213.213] DEBUG    [MainThread|MainProcess] websockets.client (protocol.py:read_frame:1177) | < TEXT '{"time":1753808236,"self_id":703263936,"post_ty...true},"interval":30000}' [148 bytes]
[2025-07-30 00:57:16,213.213] DEBUG    [MainThread|MainProcess] Logger (connect.py:on_message:43) | {'time': 1753808236, 'self_id': 703263936, 'post_type': 'meta_event', 'meta_event_type': 'heartbeat', 'status': {'online': True, 'good': True}, 'interval': 30000}
[2025-07-30 00:57:46,226.226] DEBUG    [MainThread|MainProcess] websockets.client (protocol.py:read_frame:1177) | < TEXT '{"time":1753808266,"self_id":703263936,"post_ty...true},"interval":30000}' [148 bytes]
[2025-07-30 00:57:46,226.226] DEBUG    [MainThread|MainProcess] Logger (connect.py:on_message:43) | {'time': 1753808266, 'self_id': 703263936, 'post_type': 'meta_event', 'meta_event_type': 'heartbeat', 'status': {'online': True, 'good': True}, 'interval': 30000}
[2025-07-30 00:58:16,240.240] DEBUG    [MainThread|MainProcess] websockets.client (protocol.py:read_frame:1177) | < TEXT '{"time":1753808296,"self_id":703263936,"post_ty...true},"interval":30000}' [148 bytes]
[2025-07-30 00:58:16,240.240] DEBUG    [MainThread|MainProcess] Logger (connect.py:on_message:43) | {'time': 1753808296, 'self_id': 703263936, 'post_type': 'meta_event', 'meta_event_type': 'heartbeat', 'status': {'online': True, 'good': True}, 'interval': 30000}
[2025-07-30 00:58:46,252.252] DEBUG    [MainThread|MainProcess] websockets.client (protocol.py:read_frame:1177) | < TEXT '{"time":1753808326,"self_id":703263936,"post_ty...true},"interval":30000}' [148 bytes]
[2025-07-30 00:58:46,252.252] DEBUG    [MainThread|MainProcess] Logger (connect.py:on_message:43) | {'time': 1753808326, 'self_id': 703263936, 'post_type': 'meta_event', 'meta_event_type': 'heartbeat', 'status': {'online': True, 'good': True}, 'interval': 30000}
[2025-07-30 00:59:16,262.262] DEBUG    [MainThread|MainProcess] websockets.client (protocol.py:read_frame:1177) | < TEXT '{"time":1753808356,"self_id":703263936,"post_ty...true},"interval":30000}' [148 bytes]
[2025-07-30 00:59:16,262.262] DEBUG    [MainThread|MainProcess] Logger (connect.py:on_message:43) | {'time': 1753808356, 'self_id': 703263936, 'post_type': 'meta_event', 'meta_event_type': 'heartbeat', 'status': {'online': True, 'good': True}, 'interval': 30000}
[2025-07-30 00:59:46,275.275] DEBUG    [MainThread|MainProcess] websockets.client (protocol.py:read_frame:1177) | < TEXT '{"time":1753808386,"self_id":703263936,"post_ty...true},"interval":30000}' [148 bytes]
[2025-07-30 00:59:46,275.275] DEBUG    [MainThread|MainProcess] Logger (connect.py:on_message:43) | {'time': 1753808386, 'self_id': 703263936, 'post_type': 'meta_event', 'meta_event_type': 'heartbeat', 'status': {'online': True, 'good': True}, 'interval': 30000}
[2025-07-30 01:00:16,289.289] DEBUG    [MainThread|MainProcess] websockets.client (protocol.py:read_frame:1177) | < TEXT '{"time":1753808416,"self_id":703263936,"post_ty...true},"interval":30000}' [148 bytes]
[2025-07-30 01:00:16,289.289] DEBUG    [MainThread|MainProcess] Logger (connect.py:on_message:43) | {'time': 1753808416, 'self_id': 703263936, 'post_type': 'meta_event', 'meta_event_type': 'heartbeat', 'status': {'online': True, 'good': True}, 'interval': 30000}
[2025-07-30 01:00:46,300.300] DEBUG    [MainThread|MainProcess] websockets.client (protocol.py:read_frame:1177) | < TEXT '{"time":1753808446,"self_id":703263936,"post_ty...true},"interval":30000}' [148 bytes]
[2025-07-30 01:00:46,300.300] DEBUG    [MainThread|MainProcess] Logger (connect.py:on_message:43) | {'time': 1753808446, 'self_id': 703263936, 'post_type': 'meta_event', 'meta_event_type': 'heartbeat', 'status': {'online': True, 'good': True}, 'interval': 30000}
[2025-07-30 01:01:16,310.310] DEBUG    [MainThread|MainProcess] websockets.client (protocol.py:read_frame:1177) | < TEXT '{"time":1753808476,"self_id":703263936,"post_ty...true},"interval":30000}' [148 bytes]
[2025-07-30 01:01:16,310.310] DEBUG    [MainThread|MainProcess] Logger (connect.py:on_message:43) | {'time': 1753808476, 'self_id': 703263936, 'post_type': 'meta_event', 'meta_event_type': 'heartbeat', 'status': {'online': True, 'good': True}, 'interval': 30000}
[2025-07-30 01:01:46,311.311] DEBUG    [MainThread|MainProcess] websockets.client (protocol.py:read_frame:1177) | < TEXT '{"time":1753808506,"self_id":703263936,"post_ty...true},"interval":30000}' [148 bytes]
[2025-07-30 01:01:46,311.311] DEBUG    [MainThread|MainProcess] Logger (connect.py:on_message:43) | {'time': 1753808506, 'self_id': 703263936, 'post_type': 'meta_event', 'meta_event_type': 'heartbeat', 'status': {'online': True, 'good': True}, 'interval': 30000}
[2025-07-30 01:02:16,324.324] DEBUG    [MainThread|MainProcess] websockets.client (protocol.py:read_frame:1177) | < TEXT '{"time":1753808536,"self_id":703263936,"post_ty...true},"interval":30000}' [148 bytes]
[2025-07-30 01:02:16,324.324] DEBUG    [MainThread|MainProcess] Logger (connect.py:on_message:43) | {'time': 1753808536, 'self_id': 703263936, 'post_type': 'meta_event', 'meta_event_type': 'heartbeat', 'status': {'online': True, 'good': True}, 'interval': 30000}
[2025-07-30 01:02:46,329.329] DEBUG    [MainThread|MainProcess] websockets.client (protocol.py:read_frame:1177) | < TEXT '{"time":1753808566,"self_id":703263936,"post_ty...true},"interval":30000}' [148 bytes]
[2025-07-30 01:02:46,329.329] DEBUG    [MainThread|MainProcess] Logger (connect.py:on_message:43) | {'time': 1753808566, 'self_id': 703263936, 'post_type': 'meta_event', 'meta_event_type': 'heartbeat', 'status': {'online': True, 'good': True}, 'interval': 30000}
[2025-07-30 01:03:16,366.366] DEBUG    [MainThread|MainProcess] websockets.client (protocol.py:read_frame:1177) | < TEXT '{"time":1753808596,"self_id":703263936,"post_ty...true},"interval":30000}' [148 bytes]
[2025-07-30 01:03:16,366.366] DEBUG    [MainThread|MainProcess] Logger (connect.py:on_message:43) | {'time': 1753808596, 'self_id': 703263936, 'post_type': 'meta_event', 'meta_event_type': 'heartbeat', 'status': {'online': True, 'good': True}, 'interval': 30000}
[2025-07-30 01:03:46,384.384] DEBUG    [MainThread|MainProcess] websockets.client (protocol.py:read_frame:1177) | < TEXT '{"time":1753808626,"self_id":703263936,"post_ty...true},"interval":30000}' [148 bytes]
[2025-07-30 01:03:46,384.384] DEBUG    [MainThread|MainProcess] Logger (connect.py:on_message:43) | {'time': 1753808626, 'self_id': 703263936, 'post_type': 'meta_event', 'meta_event_type': 'heartbeat', 'status': {'online': True, 'good': True}, 'interval': 30000}
[2025-07-30 01:04:16,397.397] DEBUG    [MainThread|MainProcess] websockets.client (protocol.py:read_frame:1177) | < TEXT '{"time":1753808656,"self_id":703263936,"post_ty...true},"interval":30000}' [148 bytes]
[2025-07-30 01:04:16,397.397] DEBUG    [MainThread|MainProcess] Logger (connect.py:on_message:43) | {'time': 1753808656, 'self_id': 703263936, 'post_type': 'meta_event', 'meta_event_type': 'heartbeat', 'status': {'online': True, 'good': True}, 'interval': 30000}
[2025-07-30 01:04:46,397.397] DEBUG    [MainThread|MainProcess] websockets.client (protocol.py:read_frame:1177) | < TEXT '{"time":1753808686,"self_id":703263936,"post_ty...true},"interval":30000}' [148 bytes]
[2025-07-30 01:04:46,397.397] DEBUG    [MainThread|MainProcess] Logger (connect.py:on_message:43) | {'time': 1753808686, 'self_id': 703263936, 'post_type': 'meta_event', 'meta_event_type': 'heartbeat', 'status': {'online': True, 'good': True}, 'interval': 30000}
[2025-07-30 01:05:16,409.409] DEBUG    [MainThread|MainProcess] websockets.client (protocol.py:read_frame:1177) | < TEXT '{"time":1753808716,"self_id":703263936,"post_ty...true},"interval":30000}' [148 bytes]
[2025-07-30 01:05:16,409.409] DEBUG    [MainThread|MainProcess] Logger (connect.py:on_message:43) | {'time': 1753808716, 'self_id': 703263936, 'post_type': 'meta_event', 'meta_event_type': 'heartbeat', 'status': {'online': True, 'good': True}, 'interval': 30000}
[2025-07-30 01:05:46,422.422] DEBUG    [MainThread|MainProcess] websockets.client (protocol.py:read_frame:1177) | < TEXT '{"time":1753808746,"self_id":703263936,"post_ty...true},"interval":30000}' [148 bytes]
[2025-07-30 01:05:46,422.422] DEBUG    [MainThread|MainProcess] Logger (connect.py:on_message:43) | {'time': 1753808746, 'self_id': 703263936, 'post_type': 'meta_event', 'meta_event_type': 'heartbeat', 'status': {'online': True, 'good': True}, 'interval': 30000}
[2025-07-30 01:06:16,436.436] DEBUG    [MainThread|MainProcess] websockets.client (protocol.py:read_frame:1177) | < TEXT '{"time":1753808776,"self_id":703263936,"post_ty...true},"interval":30000}' [148 bytes]
[2025-07-30 01:06:16,436.436] DEBUG    [MainThread|MainProcess] Logger (connect.py:on_message:43) | {'time': 1753808776, 'self_id': 703263936, 'post_type': 'meta_event', 'meta_event_type': 'heartbeat', 'status': {'online': True, 'good': True}, 'interval': 30000}
[2025-07-30 01:06:46,454.454] DEBUG    [MainThread|MainProcess] websockets.client (protocol.py:read_frame:1177) | < TEXT '{"time":1753808806,"self_id":703263936,"post_ty...true},"interval":30000}' [148 bytes]
[2025-07-30 01:06:46,454.454] DEBUG    [MainThread|MainProcess] Logger (connect.py:on_message:43) | {'time': 1753808806, 'self_id': 703263936, 'post_type': 'meta_event', 'meta_event_type': 'heartbeat', 'status': {'online': True, 'good': True}, 'interval': 30000}
[2025-07-30 01:07:16,463.463] DEBUG    [MainThread|MainProcess] websockets.client (protocol.py:read_frame:1177) | < TEXT '{"time":1753808836,"self_id":703263936,"post_ty...true},"interval":30000}' [148 bytes]
[2025-07-30 01:07:16,463.463] DEBUG    [MainThread|MainProcess] Logger (connect.py:on_message:43) | {'time': 1753808836, 'self_id': 703263936, 'post_type': 'meta_event', 'meta_event_type': 'heartbeat', 'status': {'online': True, 'good': True}, 'interval': 30000}
[2025-07-30 01:07:46,477.477] DEBUG    [MainThread|MainProcess] websockets.client (protocol.py:read_frame:1177) | < TEXT '{"time":1753808866,"self_id":703263936,"post_ty...true},"interval":30000}' [148 bytes]
[2025-07-30 01:07:46,477.477] DEBUG    [MainThread|MainProcess] Logger (connect.py:on_message:43) | {'time': 1753808866, 'self_id': 703263936, 'post_type': 'meta_event', 'meta_event_type': 'heartbeat', 'status': {'online': True, 'good': True}, 'interval': 30000}
[2025-07-30 01:08:16,490.490] DEBUG    [MainThread|MainProcess] websockets.client (protocol.py:read_frame:1177) | < TEXT '{"time":1753808896,"self_id":703263936,"post_ty...true},"interval":30000}' [148 bytes]
[2025-07-30 01:08:16,490.490] DEBUG    [MainThread|MainProcess] Logger (connect.py:on_message:43) | {'time': 1753808896, 'self_id': 703263936, 'post_type': 'meta_event', 'meta_event_type': 'heartbeat', 'status': {'online': True, 'good': True}, 'interval': 30000}
[2025-07-30 01:08:46,506.506] DEBUG    [MainThread|MainProcess] websockets.client (protocol.py:read_frame:1177) | < TEXT '{"time":1753808926,"self_id":703263936,"post_ty...true},"interval":30000}' [148 bytes]
[2025-07-30 01:08:46,506.506] DEBUG    [MainThread|MainProcess] Logger (connect.py:on_message:43) | {'time': 1753808926, 'self_id': 703263936, 'post_type': 'meta_event', 'meta_event_type': 'heartbeat', 'status': {'online': True, 'good': True}, 'interval': 30000}
[2025-07-30 01:09:16,516.516] DEBUG    [MainThread|MainProcess] websockets.client (protocol.py:read_frame:1177) | < TEXT '{"time":1753808956,"self_id":703263936,"post_ty...true},"interval":30000}' [148 bytes]
[2025-07-30 01:09:16,516.516] DEBUG    [MainThread|MainProcess] Logger (connect.py:on_message:43) | {'time': 1753808956, 'self_id': 703263936, 'post_type': 'meta_event', 'meta_event_type': 'heartbeat', 'status': {'online': True, 'good': True}, 'interval': 30000}
[2025-07-30 01:09:46,530.530] DEBUG    [MainThread|MainProcess] websockets.client (protocol.py:read_frame:1177) | < TEXT '{"time":1753808986,"self_id":703263936,"post_ty...true},"interval":30000}' [148 bytes]
[2025-07-30 01:09:46,530.530] DEBUG    [MainThread|MainProcess] Logger (connect.py:on_message:43) | {'time': 1753808986, 'self_id': 703263936, 'post_type': 'meta_event', 'meta_event_type': 'heartbeat', 'status': {'online': True, 'good': True}, 'interval': 30000}
[2025-07-30 01:10:16,543.543] DEBUG    [MainThread|MainProcess] websockets.client (protocol.py:read_frame:1177) | < TEXT '{"time":1753809016,"self_id":703263936,"post_ty...true},"interval":30000}' [148 bytes]
[2025-07-30 01:10:16,543.543] DEBUG    [MainThread|MainProcess] Logger (connect.py:on_message:43) | {'time': 1753809016, 'self_id': 703263936, 'post_type': 'meta_event', 'meta_event_type': 'heartbeat', 'status': {'online': True, 'good': True}, 'interval': 30000}
[2025-07-30 01:10:46,550.550] DEBUG    [MainThread|MainProcess] websockets.client (protocol.py:read_frame:1177) | < TEXT '{"time":1753809046,"self_id":703263936,"post_ty...true},"interval":30000}' [148 bytes]
[2025-07-30 01:10:46,550.550] DEBUG    [MainThread|MainProcess] Logger (connect.py:on_message:43) | {'time': 1753809046, 'self_id': 703263936, 'post_type': 'meta_event', 'meta_event_type': 'heartbeat', 'status': {'online': True, 'good': True}, 'interval': 30000}
[2025-07-30 01:11:16,564.564] DEBUG    [MainThread|MainProcess] websockets.client (protocol.py:read_frame:1177) | < TEXT '{"time":1753809076,"self_id":703263936,"post_ty...true},"interval":30000}' [148 bytes]
[2025-07-30 01:11:16,564.564] DEBUG    [MainThread|MainProcess] Logger (connect.py:on_message:43) | {'time': 1753809076, 'self_id': 703263936, 'post_type': 'meta_event', 'meta_event_type': 'heartbeat', 'status': {'online': True, 'good': True}, 'interval': 30000}
[2025-07-30 01:11:46,571.571] DEBUG    [MainThread|MainProcess] websockets.client (protocol.py:read_frame:1177) | < TEXT '{"time":1753809106,"self_id":703263936,"post_ty...true},"interval":30000}' [148 bytes]
[2025-07-30 01:11:46,571.571] DEBUG    [MainThread|MainProcess] Logger (connect.py:on_message:43) | {'time': 1753809106, 'self_id': 703263936, 'post_type': 'meta_event', 'meta_event_type': 'heartbeat', 'status': {'online': True, 'good': True}, 'interval': 30000}
[2025-07-30 01:12:16,585.585] DEBUG    [MainThread|MainProcess] websockets.client (protocol.py:read_frame:1177) | < TEXT '{"time":1753809136,"self_id":703263936,"post_ty...true},"interval":30000}' [148 bytes]
[2025-07-30 01:12:16,585.585] DEBUG    [MainThread|MainProcess] Logger (connect.py:on_message:43) | {'time': 1753809136, 'self_id': 703263936, 'post_type': 'meta_event', 'meta_event_type': 'heartbeat', 'status': {'online': True, 'good': True}, 'interval': 30000}
[2025-07-30 01:12:46,587.587] DEBUG    [MainThread|MainProcess] websockets.client (protocol.py:read_frame:1177) | < TEXT '{"time":1753809166,"self_id":703263936,"post_ty...true},"interval":30000}' [148 bytes]
[2025-07-30 01:12:46,587.587] DEBUG    [MainThread|MainProcess] Logger (connect.py:on_message:43) | {'time': 1753809166, 'self_id': 703263936, 'post_type': 'meta_event', 'meta_event_type': 'heartbeat', 'status': {'online': True, 'good': True}, 'interval': 30000}
[2025-07-30 01:13:16,597.597] DEBUG    [MainThread|MainProcess] websockets.client (protocol.py:read_frame:1177) | < TEXT '{"time":1753809196,"self_id":703263936,"post_ty...true},"interval":30000}' [148 bytes]
[2025-07-30 01:13:16,597.597] DEBUG    [MainThread|MainProcess] Logger (connect.py:on_message:43) | {'time': 1753809196, 'self_id': 703263936, 'post_type': 'meta_event', 'meta_event_type': 'heartbeat', 'status': {'online': True, 'good': True}, 'interval': 30000}
[2025-07-30 01:13:46,610.610] DEBUG    [MainThread|MainProcess] websockets.client (protocol.py:read_frame:1177) | < TEXT '{"time":1753809226,"self_id":703263936,"post_ty...true},"interval":30000}' [148 bytes]
[2025-07-30 01:13:46,610.610] DEBUG    [MainThread|MainProcess] Logger (connect.py:on_message:43) | {'time': 1753809226, 'self_id': 703263936, 'post_type': 'meta_event', 'meta_event_type': 'heartbeat', 'status': {'online': True, 'good': True}, 'interval': 30000}
[2025-07-30 01:14:16,624.624] DEBUG    [MainThread|MainProcess] websockets.client (protocol.py:read_frame:1177) | < TEXT '{"time":1753809256,"self_id":703263936,"post_ty...true},"interval":30000}' [148 bytes]
[2025-07-30 01:14:16,624.624] DEBUG    [MainThread|MainProcess] Logger (connect.py:on_message:43) | {'time': 1753809256, 'self_id': 703263936, 'post_type': 'meta_event', 'meta_event_type': 'heartbeat', 'status': {'online': True, 'good': True}, 'interval': 30000}
[2025-07-30 01:14:46,629.629] DEBUG    [MainThread|MainProcess] websockets.client (protocol.py:read_frame:1177) | < TEXT '{"time":1753809286,"self_id":703263936,"post_ty...true},"interval":30000}' [148 bytes]
[2025-07-30 01:14:46,629.629] DEBUG    [MainThread|MainProcess] Logger (connect.py:on_message:43) | {'time': 1753809286, 'self_id': 703263936, 'post_type': 'meta_event', 'meta_event_type': 'heartbeat', 'status': {'online': True, 'good': True}, 'interval': 30000}
[2025-07-30 01:15:16,638.638] DEBUG    [MainThread|MainProcess] websockets.client (protocol.py:read_frame:1177) | < TEXT '{"time":1753809316,"self_id":703263936,"post_ty...true},"interval":30000}' [148 bytes]
[2025-07-30 01:15:16,638.638] DEBUG    [MainThread|MainProcess] Logger (connect.py:on_message:43) | {'time': 1753809316, 'self_id': 703263936, 'post_type': 'meta_event', 'meta_event_type': 'heartbeat', 'status': {'online': True, 'good': True}, 'interval': 30000}
[2025-07-30 01:15:46,651.651] DEBUG    [MainThread|MainProcess] websockets.client (protocol.py:read_frame:1177) | < TEXT '{"time":1753809346,"self_id":703263936,"post_ty...true},"interval":30000}' [148 bytes]
[2025-07-30 01:15:46,651.651] DEBUG    [MainThread|MainProcess] Logger (connect.py:on_message:43) | {'time': 1753809346, 'self_id': 703263936, 'post_type': 'meta_event', 'meta_event_type': 'heartbeat', 'status': {'online': True, 'good': True}, 'interval': 30000}
[2025-07-30 01:16:16,665.665] DEBUG    [MainThread|MainProcess] websockets.client (protocol.py:read_frame:1177) | < TEXT '{"time":1753809376,"self_id":703263936,"post_ty...true},"interval":30000}' [148 bytes]
[2025-07-30 01:16:16,665.665] DEBUG    [MainThread|MainProcess] Logger (connect.py:on_message:43) | {'time': 1753809376, 'self_id': 703263936, 'post_type': 'meta_event', 'meta_event_type': 'heartbeat', 'status': {'online': True, 'good': True}, 'interval': 30000}
[2025-07-30 01:16:46,666.666] DEBUG    [MainThread|MainProcess] websockets.client (protocol.py:read_frame:1177) | < TEXT '{"time":1753809406,"self_id":703263936,"post_ty...true},"interval":30000}' [148 bytes]
[2025-07-30 01:16:46,666.666] DEBUG    [MainThread|MainProcess] Logger (connect.py:on_message:43) | {'time': 1753809406, 'self_id': 703263936, 'post_type': 'meta_event', 'meta_event_type': 'heartbeat', 'status': {'online': True, 'good': True}, 'interval': 30000}
[2025-07-30 01:17:16,676.676] DEBUG    [MainThread|MainProcess] websockets.client (protocol.py:read_frame:1177) | < TEXT '{"time":1753809436,"self_id":703263936,"post_ty...true},"interval":30000}' [148 bytes]
[2025-07-30 01:17:16,676.676] DEBUG    [MainThread|MainProcess] Logger (connect.py:on_message:43) | {'time': 1753809436, 'self_id': 703263936, 'post_type': 'meta_event', 'meta_event_type': 'heartbeat', 'status': {'online': True, 'good': True}, 'interval': 30000}
[2025-07-30 01:17:46,689.689] DEBUG    [MainThread|MainProcess] websockets.client (protocol.py:read_frame:1177) | < TEXT '{"time":1753809466,"self_id":703263936,"post_ty...true},"interval":30000}' [148 bytes]
[2025-07-30 01:17:46,689.689] DEBUG    [MainThread|MainProcess] Logger (connect.py:on_message:43) | {'time': 1753809466, 'self_id': 703263936, 'post_type': 'meta_event', 'meta_event_type': 'heartbeat', 'status': {'online': True, 'good': True}, 'interval': 30000}
[2025-07-30 01:18:16,703.703] DEBUG    [MainThread|MainProcess] websockets.client (protocol.py:read_frame:1177) | < TEXT '{"time":1753809496,"self_id":703263936,"post_ty...true},"interval":30000}' [148 bytes]
[2025-07-30 01:18:16,703.703] DEBUG    [MainThread|MainProcess] Logger (connect.py:on_message:43) | {'time': 1753809496, 'self_id': 703263936, 'post_type': 'meta_event', 'meta_event_type': 'heartbeat', 'status': {'online': True, 'good': True}, 'interval': 30000}
[2025-07-30 01:18:46,705.705] DEBUG    [MainThread|MainProcess] websockets.client (protocol.py:read_frame:1177) | < TEXT '{"time":1753809526,"self_id":703263936,"post_ty...true},"interval":30000}' [148 bytes]
[2025-07-30 01:18:46,705.705] DEBUG    [MainThread|MainProcess] Logger (connect.py:on_message:43) | {'time': 1753809526, 'self_id': 703263936, 'post_type': 'meta_event', 'meta_event_type': 'heartbeat', 'status': {'online': True, 'good': True}, 'interval': 30000}
[2025-07-30 01:19:16,714.714] DEBUG    [MainThread|MainProcess] websockets.client (protocol.py:read_frame:1177) | < TEXT '{"time":1753809556,"self_id":703263936,"post_ty...true},"interval":30000}' [148 bytes]
[2025-07-30 01:19:16,714.714] DEBUG    [MainThread|MainProcess] Logger (connect.py:on_message:43) | {'time': 1753809556, 'self_id': 703263936, 'post_type': 'meta_event', 'meta_event_type': 'heartbeat', 'status': {'online': True, 'good': True}, 'interval': 30000}
[2025-07-30 01:19:46,728.728] DEBUG    [MainThread|MainProcess] websockets.client (protocol.py:read_frame:1177) | < TEXT '{"time":1753809586,"self_id":703263936,"post_ty...true},"interval":30000}' [148 bytes]
[2025-07-30 01:19:46,728.728] DEBUG    [MainThread|MainProcess] Logger (connect.py:on_message:43) | {'time': 1753809586, 'self_id': 703263936, 'post_type': 'meta_event', 'meta_event_type': 'heartbeat', 'status': {'online': True, 'good': True}, 'interval': 30000}
[2025-07-30 01:20:16,741.741] DEBUG    [MainThread|MainProcess] websockets.client (protocol.py:read_frame:1177) | < TEXT '{"time":1753809616,"self_id":703263936,"post_ty...true},"interval":30000}' [148 bytes]
[2025-07-30 01:20:16,741.741] DEBUG    [MainThread|MainProcess] Logger (connect.py:on_message:43) | {'time': 1753809616, 'self_id': 703263936, 'post_type': 'meta_event', 'meta_event_type': 'heartbeat', 'status': {'online': True, 'good': True}, 'interval': 30000}
[2025-07-30 01:20:46,744.744] DEBUG    [MainThread|MainProcess] websockets.client (protocol.py:read_frame:1177) | < TEXT '{"time":1753809646,"self_id":703263936,"post_ty...true},"interval":30000}' [148 bytes]
[2025-07-30 01:20:46,744.744] DEBUG    [MainThread|MainProcess] Logger (connect.py:on_message:43) | {'time': 1753809646, 'self_id': 703263936, 'post_type': 'meta_event', 'meta_event_type': 'heartbeat', 'status': {'online': True, 'good': True}, 'interval': 30000}
[2025-07-30 01:21:16,753.753] DEBUG    [MainThread|MainProcess] websockets.client (protocol.py:read_frame:1177) | < TEXT '{"time":1753809676,"self_id":703263936,"post_ty...true},"interval":30000}' [148 bytes]
[2025-07-30 01:21:16,753.753] DEBUG    [MainThread|MainProcess] Logger (connect.py:on_message:43) | {'time': 1753809676, 'self_id': 703263936, 'post_type': 'meta_event', 'meta_event_type': 'heartbeat', 'status': {'online': True, 'good': True}, 'interval': 30000}
[2025-07-30 01:21:46,755.755] DEBUG    [MainThread|MainProcess] websockets.client (protocol.py:read_frame:1177) | < TEXT '{"time":1753809706,"self_id":703263936,"post_ty...true},"interval":30000}' [148 bytes]
[2025-07-30 01:21:46,755.755] DEBUG    [MainThread|MainProcess] Logger (connect.py:on_message:43) | {'time': 1753809706, 'self_id': 703263936, 'post_type': 'meta_event', 'meta_event_type': 'heartbeat', 'status': {'online': True, 'good': True}, 'interval': 30000}
[2025-07-30 01:22:16,769.769] DEBUG    [MainThread|MainProcess] websockets.client (protocol.py:read_frame:1177) | < TEXT '{"time":1753809736,"self_id":703263936,"post_ty...true},"interval":30000}' [148 bytes]
[2025-07-30 01:22:16,769.769] DEBUG    [MainThread|MainProcess] Logger (connect.py:on_message:43) | {'time': 1753809736, 'self_id': 703263936, 'post_type': 'meta_event', 'meta_event_type': 'heartbeat', 'status': {'online': True, 'good': True}, 'interval': 30000}
[2025-07-30 01:22:46,782.782] DEBUG    [MainThread|MainProcess] websockets.client (protocol.py:read_frame:1177) | < TEXT '{"time":1753809766,"self_id":703263936,"post_ty...true},"interval":30000}' [148 bytes]
[2025-07-30 01:22:46,782.782] DEBUG    [MainThread|MainProcess] Logger (connect.py:on_message:43) | {'time': 1753809766, 'self_id': 703263936, 'post_type': 'meta_event', 'meta_event_type': 'heartbeat', 'status': {'online': True, 'good': True}, 'interval': 30000}
[2025-07-30 01:23:16,789.789] DEBUG    [MainThread|MainProcess] websockets.client (protocol.py:read_frame:1177) | < TEXT '{"time":1753809796,"self_id":703263936,"post_ty...true},"interval":30000}' [148 bytes]
[2025-07-30 01:23:16,789.789] DEBUG    [MainThread|MainProcess] Logger (connect.py:on_message:43) | {'time': 1753809796, 'self_id': 703263936, 'post_type': 'meta_event', 'meta_event_type': 'heartbeat', 'status': {'online': True, 'good': True}, 'interval': 30000}
[2025-07-30 01:23:46,797.797] DEBUG    [MainThread|MainProcess] websockets.client (protocol.py:read_frame:1177) | < TEXT '{"time":1753809826,"self_id":703263936,"post_ty...true},"interval":30000}' [148 bytes]
[2025-07-30 01:23:46,797.797] DEBUG    [MainThread|MainProcess] Logger (connect.py:on_message:43) | {'time': 1753809826, 'self_id': 703263936, 'post_type': 'meta_event', 'meta_event_type': 'heartbeat', 'status': {'online': True, 'good': True}, 'interval': 30000}
[2025-07-30 01:24:16,810.810] DEBUG    [MainThread|MainProcess] websockets.client (protocol.py:read_frame:1177) | < TEXT '{"time":1753809856,"self_id":703263936,"post_ty...true},"interval":30000}' [148 bytes]
[2025-07-30 01:24:16,810.810] DEBUG    [MainThread|MainProcess] Logger (connect.py:on_message:43) | {'time': 1753809856, 'self_id': 703263936, 'post_type': 'meta_event', 'meta_event_type': 'heartbeat', 'status': {'online': True, 'good': True}, 'interval': 30000}
[2025-07-30 01:24:46,822.822] DEBUG    [MainThread|MainProcess] websockets.client (protocol.py:read_frame:1177) | < TEXT '{"time":1753809886,"self_id":703263936,"post_ty...true},"interval":30000}' [148 bytes]
[2025-07-30 01:24:46,822.822] DEBUG    [MainThread|MainProcess] Logger (connect.py:on_message:43) | {'time': 1753809886, 'self_id': 703263936, 'post_type': 'meta_event', 'meta_event_type': 'heartbeat', 'status': {'online': True, 'good': True}, 'interval': 30000}
[2025-07-30 01:25:16,832.832] DEBUG    [MainThread|MainProcess] websockets.client (protocol.py:read_frame:1177) | < TEXT '{"time":1753809916,"self_id":703263936,"post_ty...true},"interval":30000}' [148 bytes]
[2025-07-30 01:25:16,832.832] DEBUG    [MainThread|MainProcess] Logger (connect.py:on_message:43) | {'time': 1753809916, 'self_id': 703263936, 'post_type': 'meta_event', 'meta_event_type': 'heartbeat', 'status': {'online': True, 'good': True}, 'interval': 30000}
[2025-07-30 01:25:46,846.846] DEBUG    [MainThread|MainProcess] websockets.client (protocol.py:read_frame:1177) | < TEXT '{"time":1753809946,"self_id":703263936,"post_ty...true},"interval":30000}' [148 bytes]
[2025-07-30 01:25:46,846.846] DEBUG    [MainThread|MainProcess] Logger (connect.py:on_message:43) | {'time': 1753809946, 'self_id': 703263936, 'post_type': 'meta_event', 'meta_event_type': 'heartbeat', 'status': {'online': True, 'good': True}, 'interval': 30000}
[2025-07-30 01:26:16,859.859] DEBUG    [MainThread|MainProcess] websockets.client (protocol.py:read_frame:1177) | < TEXT '{"time":1753809976,"self_id":703263936,"post_ty...true},"interval":30000}' [148 bytes]
[2025-07-30 01:26:16,859.859] DEBUG    [MainThread|MainProcess] Logger (connect.py:on_message:43) | {'time': 1753809976, 'self_id': 703263936, 'post_type': 'meta_event', 'meta_event_type': 'heartbeat', 'status': {'online': True, 'good': True}, 'interval': 30000}
[2025-07-30 01:26:46,864.864] DEBUG    [MainThread|MainProcess] websockets.client (protocol.py:read_frame:1177) | < TEXT '{"time":1753810006,"self_id":703263936,"post_ty...true},"interval":30000}' [148 bytes]
[2025-07-30 01:26:46,864.864] DEBUG    [MainThread|MainProcess] Logger (connect.py:on_message:43) | {'time': 1753810006, 'self_id': 703263936, 'post_type': 'meta_event', 'meta_event_type': 'heartbeat', 'status': {'online': True, 'good': True}, 'interval': 30000}
[2025-07-30 01:27:16,875.875] DEBUG    [MainThread|MainProcess] websockets.client (protocol.py:read_frame:1177) | < TEXT '{"time":1753810036,"self_id":703263936,"post_ty...true},"interval":30000}' [148 bytes]
[2025-07-30 01:27:16,875.875] DEBUG    [MainThread|MainProcess] Logger (connect.py:on_message:43) | {'time': 1753810036, 'self_id': 703263936, 'post_type': 'meta_event', 'meta_event_type': 'heartbeat', 'status': {'online': True, 'good': True}, 'interval': 30000}
[2025-07-30 01:27:46,889.889] DEBUG    [MainThread|MainProcess] websockets.client (protocol.py:read_frame:1177) | < TEXT '{"time":1753810066,"self_id":703263936,"post_ty...true},"interval":30000}' [148 bytes]
[2025-07-30 01:27:46,889.889] DEBUG    [MainThread|MainProcess] Logger (connect.py:on_message:43) | {'time': 1753810066, 'self_id': 703263936, 'post_type': 'meta_event', 'meta_event_type': 'heartbeat', 'status': {'online': True, 'good': True}, 'interval': 30000}
[2025-07-30 01:28:16,902.902] DEBUG    [MainThread|MainProcess] websockets.client (protocol.py:read_frame:1177) | < TEXT '{"time":1753810096,"self_id":703263936,"post_ty...true},"interval":30000}' [148 bytes]
[2025-07-30 01:28:16,902.902] DEBUG    [MainThread|MainProcess] Logger (connect.py:on_message:43) | {'time': 1753810096, 'self_id': 703263936, 'post_type': 'meta_event', 'meta_event_type': 'heartbeat', 'status': {'online': True, 'good': True}, 'interval': 30000}
[2025-07-30 01:28:46,917.917] DEBUG    [MainThread|MainProcess] websockets.client (protocol.py:read_frame:1177) | < TEXT '{"time":1753810126,"self_id":703263936,"post_ty...true},"interval":30000}' [148 bytes]
[2025-07-30 01:28:46,917.917] DEBUG    [MainThread|MainProcess] Logger (connect.py:on_message:43) | {'time': 1753810126, 'self_id': 703263936, 'post_type': 'meta_event', 'meta_event_type': 'heartbeat', 'status': {'online': True, 'good': True}, 'interval': 30000}
[2025-07-30 01:29:16,927.927] DEBUG    [MainThread|MainProcess] websockets.client (protocol.py:read_frame:1177) | < TEXT '{"time":1753810156,"self_id":703263936,"post_ty...true},"interval":30000}' [148 bytes]
[2025-07-30 01:29:16,927.927] DEBUG    [MainThread|MainProcess] Logger (connect.py:on_message:43) | {'time': 1753810156, 'self_id': 703263936, 'post_type': 'meta_event', 'meta_event_type': 'heartbeat', 'status': {'online': True, 'good': True}, 'interval': 30000}
[2025-07-30 01:29:46,940.940] DEBUG    [MainThread|MainProcess] websockets.client (protocol.py:read_frame:1177) | < TEXT '{"time":1753810186,"self_id":703263936,"post_ty...true},"interval":30000}' [148 bytes]
[2025-07-30 01:29:46,940.940] DEBUG    [MainThread|MainProcess] Logger (connect.py:on_message:43) | {'time': 1753810186, 'self_id': 703263936, 'post_type': 'meta_event', 'meta_event_type': 'heartbeat', 'status': {'online': True, 'good': True}, 'interval': 30000}
[2025-07-30 01:30:16,954.954] DEBUG    [MainThread|MainProcess] websockets.client (protocol.py:read_frame:1177) | < TEXT '{"time":1753810216,"self_id":703263936,"post_ty...true},"interval":30000}' [148 bytes]
[2025-07-30 01:30:16,954.954] DEBUG    [MainThread|MainProcess] Logger (connect.py:on_message:43) | {'time': 1753810216, 'self_id': 703263936, 'post_type': 'meta_event', 'meta_event_type': 'heartbeat', 'status': {'online': True, 'good': True}, 'interval': 30000}
[2025-07-30 01:30:46,960.960] DEBUG    [MainThread|MainProcess] websockets.client (protocol.py:read_frame:1177) | < TEXT '{"time":1753810246,"self_id":703263936,"post_ty...true},"interval":30000}' [148 bytes]
[2025-07-30 01:30:46,960.960] DEBUG    [MainThread|MainProcess] Logger (connect.py:on_message:43) | {'time': 1753810246, 'self_id': 703263936, 'post_type': 'meta_event', 'meta_event_type': 'heartbeat', 'status': {'online': True, 'good': True}, 'interval': 30000}
[2025-07-30 01:31:16,970.970] DEBUG    [MainThread|MainProcess] websockets.client (protocol.py:read_frame:1177) | < TEXT '{"time":1753810276,"self_id":703263936,"post_ty...true},"interval":30000}' [148 bytes]
[2025-07-30 01:31:16,970.970] DEBUG    [MainThread|MainProcess] Logger (connect.py:on_message:43) | {'time': 1753810276, 'self_id': 703263936, 'post_type': 'meta_event', 'meta_event_type': 'heartbeat', 'status': {'online': True, 'good': True}, 'interval': 30000}
[2025-07-30 01:31:46,984.984] DEBUG    [MainThread|MainProcess] websockets.client (protocol.py:read_frame:1177) | < TEXT '{"time":1753810306,"self_id":703263936,"post_ty...true},"interval":30000}' [148 bytes]
[2025-07-30 01:31:46,984.984] DEBUG    [MainThread|MainProcess] Logger (connect.py:on_message:43) | {'time': 1753810306, 'self_id': 703263936, 'post_type': 'meta_event', 'meta_event_type': 'heartbeat', 'status': {'online': True, 'good': True}, 'interval': 30000}
[2025-07-30 01:32:16,997.997] DEBUG    [MainThread|MainProcess] websockets.client (protocol.py:read_frame:1177) | < TEXT '{"time":1753810336,"self_id":703263936,"post_ty...true},"interval":30000}' [148 bytes]
[2025-07-30 01:32:16,997.997] DEBUG    [MainThread|MainProcess] Logger (connect.py:on_message:43) | {'time': 1753810336, 'self_id': 703263936, 'post_type': 'meta_event', 'meta_event_type': 'heartbeat', 'status': {'online': True, 'good': True}, 'interval': 30000}
[2025-07-30 01:32:47,001.001] DEBUG    [MainThread|MainProcess] websockets.client (protocol.py:read_frame:1177) | < TEXT '{"time":1753810367,"self_id":703263936,"post_ty...true},"interval":30000}' [148 bytes]
[2025-07-30 01:32:47,001.001] DEBUG    [MainThread|MainProcess] Logger (connect.py:on_message:43) | {'time': 1753810367, 'self_id': 703263936, 'post_type': 'meta_event', 'meta_event_type': 'heartbeat', 'status': {'online': True, 'good': True}, 'interval': 30000}
[2025-07-30 01:33:17,012.012] DEBUG    [MainThread|MainProcess] websockets.client (protocol.py:read_frame:1177) | < TEXT '{"time":1753810397,"self_id":703263936,"post_ty...true},"interval":30000}' [148 bytes]
[2025-07-30 01:33:17,012.012] DEBUG    [MainThread|MainProcess] Logger (connect.py:on_message:43) | {'time': 1753810397, 'self_id': 703263936, 'post_type': 'meta_event', 'meta_event_type': 'heartbeat', 'status': {'online': True, 'good': True}, 'interval': 30000}
[2025-07-30 01:33:47,025.025] DEBUG    [MainThread|MainProcess] websockets.client (protocol.py:read_frame:1177) | < TEXT '{"time":1753810427,"self_id":703263936,"post_ty...true},"interval":30000}' [148 bytes]
[2025-07-30 01:33:47,025.025] DEBUG    [MainThread|MainProcess] Logger (connect.py:on_message:43) | {'time': 1753810427, 'self_id': 703263936, 'post_type': 'meta_event', 'meta_event_type': 'heartbeat', 'status': {'online': True, 'good': True}, 'interval': 30000}
[2025-07-30 01:34:17,039.039] DEBUG    [MainThread|MainProcess] websockets.client (protocol.py:read_frame:1177) | < TEXT '{"time":1753810457,"self_id":703263936,"post_ty...true},"interval":30000}' [148 bytes]
[2025-07-30 01:34:17,039.039] DEBUG    [MainThread|MainProcess] Logger (connect.py:on_message:43) | {'time': 1753810457, 'self_id': 703263936, 'post_type': 'meta_event', 'meta_event_type': 'heartbeat', 'status': {'online': True, 'good': True}, 'interval': 30000}
[2025-07-30 01:34:47,053.053] DEBUG    [MainThread|MainProcess] websockets.client (protocol.py:read_frame:1177) | < TEXT '{"time":1753810487,"self_id":703263936,"post_ty...true},"interval":30000}' [148 bytes]
[2025-07-30 01:34:47,053.053] DEBUG    [MainThread|MainProcess] Logger (connect.py:on_message:43) | {'time': 1753810487, 'self_id': 703263936, 'post_type': 'meta_event', 'meta_event_type': 'heartbeat', 'status': {'online': True, 'good': True}, 'interval': 30000}
[2025-07-30 01:35:17,062.062] DEBUG    [MainThread|MainProcess] websockets.client (protocol.py:read_frame:1177) | < TEXT '{"time":1753810517,"self_id":703263936,"post_ty...true},"interval":30000}' [148 bytes]
[2025-07-30 01:35:17,062.062] DEBUG    [MainThread|MainProcess] Logger (connect.py:on_message:43) | {'time': 1753810517, 'self_id': 703263936, 'post_type': 'meta_event', 'meta_event_type': 'heartbeat', 'status': {'online': True, 'good': True}, 'interval': 30000}
[2025-07-30 01:35:47,076.076] DEBUG    [MainThread|MainProcess] websockets.client (protocol.py:read_frame:1177) | < TEXT '{"time":1753810547,"self_id":703263936,"post_ty...true},"interval":30000}' [148 bytes]
[2025-07-30 01:35:47,076.076] DEBUG    [MainThread|MainProcess] Logger (connect.py:on_message:43) | {'time': 1753810547, 'self_id': 703263936, 'post_type': 'meta_event', 'meta_event_type': 'heartbeat', 'status': {'online': True, 'good': True}, 'interval': 30000}
[2025-07-30 01:36:17,089.089] DEBUG    [MainThread|MainProcess] websockets.client (protocol.py:read_frame:1177) | < TEXT '{"time":1753810577,"self_id":703263936,"post_ty...true},"interval":30000}' [148 bytes]
[2025-07-30 01:36:17,089.089] DEBUG    [MainThread|MainProcess] Logger (connect.py:on_message:43) | {'time': 1753810577, 'self_id': 703263936, 'post_type': 'meta_event', 'meta_event_type': 'heartbeat', 'status': {'online': True, 'good': True}, 'interval': 30000}
[2025-07-30 01:36:47,092.092] DEBUG    [MainThread|MainProcess] websockets.client (protocol.py:read_frame:1177) | < TEXT '{"time":1753810607,"self_id":703263936,"post_ty...true},"interval":30000}' [148 bytes]
[2025-07-30 01:36:47,092.092] DEBUG    [MainThread|MainProcess] Logger (connect.py:on_message:43) | {'time': 1753810607, 'self_id': 703263936, 'post_type': 'meta_event', 'meta_event_type': 'heartbeat', 'status': {'online': True, 'good': True}, 'interval': 30000}
[2025-07-30 01:37:17,103.103] DEBUG    [MainThread|MainProcess] websockets.client (protocol.py:read_frame:1177) | < TEXT '{"time":1753810637,"self_id":703263936,"post_ty...true},"interval":30000}' [148 bytes]
[2025-07-30 01:37:17,103.103] DEBUG    [MainThread|MainProcess] Logger (connect.py:on_message:43) | {'time': 1753810637, 'self_id': 703263936, 'post_type': 'meta_event', 'meta_event_type': 'heartbeat', 'status': {'online': True, 'good': True}, 'interval': 30000}
[2025-07-30 01:37:47,116.116] DEBUG    [MainThread|MainProcess] websockets.client (protocol.py:read_frame:1177) | < TEXT '{"time":1753810667,"self_id":703263936,"post_ty...true},"interval":30000}' [148 bytes]
[2025-07-30 01:37:47,116.116] DEBUG    [MainThread|MainProcess] Logger (connect.py:on_message:43) | {'time': 1753810667, 'self_id': 703263936, 'post_type': 'meta_event', 'meta_event_type': 'heartbeat', 'status': {'online': True, 'good': True}, 'interval': 30000}
[2025-07-30 01:38:17,129.129] DEBUG    [MainThread|MainProcess] websockets.client (protocol.py:read_frame:1177) | < TEXT '{"time":1753810697,"self_id":703263936,"post_ty...true},"interval":30000}' [148 bytes]
[2025-07-30 01:38:17,129.129] DEBUG    [MainThread|MainProcess] Logger (connect.py:on_message:43) | {'time': 1753810697, 'self_id': 703263936, 'post_type': 'meta_event', 'meta_event_type': 'heartbeat', 'status': {'online': True, 'good': True}, 'interval': 30000}
[2025-07-30 01:38:47,134.134] DEBUG    [MainThread|MainProcess] websockets.client (protocol.py:read_frame:1177) | < TEXT '{"time":1753810727,"self_id":703263936,"post_ty...true},"interval":30000}' [148 bytes]
[2025-07-30 01:38:47,134.134] DEBUG    [MainThread|MainProcess] Logger (connect.py:on_message:43) | {'time': 1753810727, 'self_id': 703263936, 'post_type': 'meta_event', 'meta_event_type': 'heartbeat', 'status': {'online': True, 'good': True}, 'interval': 30000}
[2025-07-30 01:39:17,144.144] DEBUG    [MainThread|MainProcess] websockets.client (protocol.py:read_frame:1177) | < TEXT '{"time":1753810757,"self_id":703263936,"post_ty...true},"interval":30000}' [148 bytes]
[2025-07-30 01:39:17,144.144] DEBUG    [MainThread|MainProcess] Logger (connect.py:on_message:43) | {'time': 1753810757, 'self_id': 703263936, 'post_type': 'meta_event', 'meta_event_type': 'heartbeat', 'status': {'online': True, 'good': True}, 'interval': 30000}
[2025-07-30 01:39:47,157.157] DEBUG    [MainThread|MainProcess] websockets.client (protocol.py:read_frame:1177) | < TEXT '{"time":1753810787,"self_id":703263936,"post_ty...true},"interval":30000}' [148 bytes]
[2025-07-30 01:39:47,157.157] DEBUG    [MainThread|MainProcess] Logger (connect.py:on_message:43) | {'time': 1753810787, 'self_id': 703263936, 'post_type': 'meta_event', 'meta_event_type': 'heartbeat', 'status': {'online': True, 'good': True}, 'interval': 30000}
[2025-07-30 01:40:17,171.171] DEBUG    [MainThread|MainProcess] websockets.client (protocol.py:read_frame:1177) | < TEXT '{"time":1753810817,"self_id":703263936,"post_ty...true},"interval":30000}' [148 bytes]
[2025-07-30 01:40:17,171.171] DEBUG    [MainThread|MainProcess] Logger (connect.py:on_message:43) | {'time': 1753810817, 'self_id': 703263936, 'post_type': 'meta_event', 'meta_event_type': 'heartbeat', 'status': {'online': True, 'good': True}, 'interval': 30000}
[2025-07-30 01:40:47,173.173] DEBUG    [MainThread|MainProcess] websockets.client (protocol.py:read_frame:1177) | < TEXT '{"time":1753810847,"self_id":703263936,"post_ty...true},"interval":30000}' [148 bytes]
[2025-07-30 01:40:47,173.173] DEBUG    [MainThread|MainProcess] Logger (connect.py:on_message:43) | {'time': 1753810847, 'self_id': 703263936, 'post_type': 'meta_event', 'meta_event_type': 'heartbeat', 'status': {'online': True, 'good': True}, 'interval': 30000}
[2025-07-30 01:41:17,182.182] DEBUG    [MainThread|MainProcess] websockets.client (protocol.py:read_frame:1177) | < TEXT '{"time":1753810877,"self_id":703263936,"post_ty...true},"interval":30000}' [148 bytes]
[2025-07-30 01:41:17,182.182] DEBUG    [MainThread|MainProcess] Logger (connect.py:on_message:43) | {'time': 1753810877, 'self_id': 703263936, 'post_type': 'meta_event', 'meta_event_type': 'heartbeat', 'status': {'online': True, 'good': True}, 'interval': 30000}
[2025-07-30 01:41:47,195.195] DEBUG    [MainThread|MainProcess] websockets.client (protocol.py:read_frame:1177) | < TEXT '{"time":1753810907,"self_id":703263936,"post_ty...true},"interval":30000}' [148 bytes]
[2025-07-30 01:41:47,195.195] DEBUG    [MainThread|MainProcess] Logger (connect.py:on_message:43) | {'time': 1753810907, 'self_id': 703263936, 'post_type': 'meta_event', 'meta_event_type': 'heartbeat', 'status': {'online': True, 'good': True}, 'interval': 30000}
[2025-07-30 01:42:17,209.209] DEBUG    [MainThread|MainProcess] websockets.client (protocol.py:read_frame:1177) | < TEXT '{"time":1753810937,"self_id":703263936,"post_ty...true},"interval":30000}' [148 bytes]
[2025-07-30 01:42:17,209.209] DEBUG    [MainThread|MainProcess] Logger (connect.py:on_message:43) | {'time': 1753810937, 'self_id': 703263936, 'post_type': 'meta_event', 'meta_event_type': 'heartbeat', 'status': {'online': True, 'good': True}, 'interval': 30000}
[2025-07-30 01:42:47,213.213] DEBUG    [MainThread|MainProcess] websockets.client (protocol.py:read_frame:1177) | < TEXT '{"time":1753810967,"self_id":703263936,"post_ty...true},"interval":30000}' [148 bytes]
[2025-07-30 01:42:47,213.213] DEBUG    [MainThread|MainProcess] Logger (connect.py:on_message:43) | {'time': 1753810967, 'self_id': 703263936, 'post_type': 'meta_event', 'meta_event_type': 'heartbeat', 'status': {'online': True, 'good': True}, 'interval': 30000}
[2025-07-30 01:43:17,223.223] DEBUG    [MainThread|MainProcess] websockets.client (protocol.py:read_frame:1177) | < TEXT '{"time":1753810997,"self_id":703263936,"post_ty...true},"interval":30000}' [148 bytes]
[2025-07-30 01:43:17,223.223] DEBUG    [MainThread|MainProcess] Logger (connect.py:on_message:43) | {'time': 1753810997, 'self_id': 703263936, 'post_type': 'meta_event', 'meta_event_type': 'heartbeat', 'status': {'online': True, 'good': True}, 'interval': 30000}
[2025-07-30 01:43:47,237.237] DEBUG    [MainThread|MainProcess] websockets.client (protocol.py:read_frame:1177) | < TEXT '{"time":1753811027,"self_id":703263936,"post_ty...true},"interval":30000}' [148 bytes]
[2025-07-30 01:43:47,237.237] DEBUG    [MainThread|MainProcess] Logger (connect.py:on_message:43) | {'time': 1753811027, 'self_id': 703263936, 'post_type': 'meta_event', 'meta_event_type': 'heartbeat', 'status': {'online': True, 'good': True}, 'interval': 30000}
[2025-07-30 01:44:17,250.250] DEBUG    [MainThread|MainProcess] websockets.client (protocol.py:read_frame:1177) | < TEXT '{"time":1753811057,"self_id":703263936,"post_ty...true},"interval":30000}' [148 bytes]
[2025-07-30 01:44:17,250.250] DEBUG    [MainThread|MainProcess] Logger (connect.py:on_message:43) | {'time': 1753811057, 'self_id': 703263936, 'post_type': 'meta_event', 'meta_event_type': 'heartbeat', 'status': {'online': True, 'good': True}, 'interval': 30000}
[2025-07-30 01:44:47,252.252] DEBUG    [MainThread|MainProcess] websockets.client (protocol.py:read_frame:1177) | < TEXT '{"time":1753811087,"self_id":703263936,"post_ty...true},"interval":30000}' [148 bytes]
[2025-07-30 01:44:47,252.252] DEBUG    [MainThread|MainProcess] Logger (connect.py:on_message:43) | {'time': 1753811087, 'self_id': 703263936, 'post_type': 'meta_event', 'meta_event_type': 'heartbeat', 'status': {'online': True, 'good': True}, 'interval': 30000}
[2025-07-30 01:45:17,267.267] DEBUG    [MainThread|MainProcess] websockets.client (protocol.py:read_frame:1177) | < TEXT '{"time":1753811117,"self_id":703263936,"post_ty...true},"interval":30000}' [148 bytes]
[2025-07-30 01:45:17,267.267] DEBUG    [MainThread|MainProcess] Logger (connect.py:on_message:43) | {'time': 1753811117, 'self_id': 703263936, 'post_type': 'meta_event', 'meta_event_type': 'heartbeat', 'status': {'online': True, 'good': True}, 'interval': 30000}
[2025-07-30 01:45:47,280.280] DEBUG    [MainThread|MainProcess] websockets.client (protocol.py:read_frame:1177) | < TEXT '{"time":1753811147,"self_id":703263936,"post_ty...true},"interval":30000}' [148 bytes]
[2025-07-30 01:45:47,280.280] DEBUG    [MainThread|MainProcess] Logger (connect.py:on_message:43) | {'time': 1753811147, 'self_id': 703263936, 'post_type': 'meta_event', 'meta_event_type': 'heartbeat', 'status': {'online': True, 'good': True}, 'interval': 30000}
[2025-07-30 01:46:17,294.294] DEBUG    [MainThread|MainProcess] websockets.client (protocol.py:read_frame:1177) | < TEXT '{"time":1753811177,"self_id":703263936,"post_ty...true},"interval":30000}' [148 bytes]
[2025-07-30 01:46:17,294.294] DEBUG    [MainThread|MainProcess] Logger (connect.py:on_message:43) | {'time': 1753811177, 'self_id': 703263936, 'post_type': 'meta_event', 'meta_event_type': 'heartbeat', 'status': {'online': True, 'good': True}, 'interval': 30000}
[2025-07-30 01:46:47,307.307] DEBUG    [MainThread|MainProcess] websockets.client (protocol.py:read_frame:1177) | < TEXT '{"time":1753811207,"self_id":703263936,"post_ty...true},"interval":30000}' [148 bytes]
[2025-07-30 01:46:47,307.307] DEBUG    [MainThread|MainProcess] Logger (connect.py:on_message:43) | {'time': 1753811207, 'self_id': 703263936, 'post_type': 'meta_event', 'meta_event_type': 'heartbeat', 'status': {'online': True, 'good': True}, 'interval': 30000}
[2025-07-30 01:47:17,319.319] DEBUG    [MainThread|MainProcess] websockets.client (protocol.py:read_frame:1177) | < TEXT '{"time":1753811237,"self_id":703263936,"post_ty...true},"interval":30000}' [148 bytes]
[2025-07-30 01:47:17,319.319] DEBUG    [MainThread|MainProcess] Logger (connect.py:on_message:43) | {'time': 1753811237, 'self_id': 703263936, 'post_type': 'meta_event', 'meta_event_type': 'heartbeat', 'status': {'online': True, 'good': True}, 'interval': 30000}
[2025-07-30 01:47:47,333.333] DEBUG    [MainThread|MainProcess] websockets.client (protocol.py:read_frame:1177) | < TEXT '{"time":1753811267,"self_id":703263936,"post_ty...true},"interval":30000}' [148 bytes]
[2025-07-30 01:47:47,333.333] DEBUG    [MainThread|MainProcess] Logger (connect.py:on_message:43) | {'time': 1753811267, 'self_id': 703263936, 'post_type': 'meta_event', 'meta_event_type': 'heartbeat', 'status': {'online': True, 'good': True}, 'interval': 30000}
[2025-07-30 01:48:17,346.346] DEBUG    [MainThread|MainProcess] websockets.client (protocol.py:read_frame:1177) | < TEXT '{"time":1753811297,"self_id":703263936,"post_ty...true},"interval":30000}' [148 bytes]
[2025-07-30 01:48:17,346.346] DEBUG    [MainThread|MainProcess] Logger (connect.py:on_message:43) | {'time': 1753811297, 'self_id': 703263936, 'post_type': 'meta_event', 'meta_event_type': 'heartbeat', 'status': {'online': True, 'good': True}, 'interval': 30000}
[2025-07-30 01:48:47,356.356] DEBUG    [MainThread|MainProcess] websockets.client (protocol.py:read_frame:1177) | < TEXT '{"time":1753811327,"self_id":703263936,"post_ty...true},"interval":30000}' [148 bytes]
[2025-07-30 01:48:47,356.356] DEBUG    [MainThread|MainProcess] Logger (connect.py:on_message:43) | {'time': 1753811327, 'self_id': 703263936, 'post_type': 'meta_event', 'meta_event_type': 'heartbeat', 'status': {'online': True, 'good': True}, 'interval': 30000}
[2025-07-30 01:49:17,370.370] DEBUG    [MainThread|MainProcess] websockets.client (protocol.py:read_frame:1177) | < TEXT '{"time":1753811357,"self_id":703263936,"post_ty...true},"interval":30000}' [148 bytes]
[2025-07-30 01:49:17,370.370] DEBUG    [MainThread|MainProcess] Logger (connect.py:on_message:43) | {'time': 1753811357, 'self_id': 703263936, 'post_type': 'meta_event', 'meta_event_type': 'heartbeat', 'status': {'online': True, 'good': True}, 'interval': 30000}
[2025-07-30 01:49:47,374.374] DEBUG    [MainThread|MainProcess] websockets.client (protocol.py:read_frame:1177) | < TEXT '{"time":1753811387,"self_id":703263936,"post_ty...true},"interval":30000}' [148 bytes]
[2025-07-30 01:49:47,374.374] DEBUG    [MainThread|MainProcess] Logger (connect.py:on_message:43) | {'time': 1753811387, 'self_id': 703263936, 'post_type': 'meta_event', 'meta_event_type': 'heartbeat', 'status': {'online': True, 'good': True}, 'interval': 30000}
[2025-07-30 01:50:17,387.387] DEBUG    [MainThread|MainProcess] websockets.client (protocol.py:read_frame:1177) | < TEXT '{"time":1753811417,"self_id":703263936,"post_ty...true},"interval":30000}' [148 bytes]
[2025-07-30 01:50:17,387.387] DEBUG    [MainThread|MainProcess] Logger (connect.py:on_message:43) | {'time': 1753811417, 'self_id': 703263936, 'post_type': 'meta_event', 'meta_event_type': 'heartbeat', 'status': {'online': True, 'good': True}, 'interval': 30000}
[2025-07-30 01:50:47,399.399] DEBUG    [MainThread|MainProcess] websockets.client (protocol.py:read_frame:1177) | < TEXT '{"time":1753811447,"self_id":703263936,"post_ty...true},"interval":30000}' [148 bytes]
[2025-07-30 01:50:47,399.399] DEBUG    [MainThread|MainProcess] Logger (connect.py:on_message:43) | {'time': 1753811447, 'self_id': 703263936, 'post_type': 'meta_event', 'meta_event_type': 'heartbeat', 'status': {'online': True, 'good': True}, 'interval': 30000}
[2025-07-30 01:51:17,412.412] DEBUG    [MainThread|MainProcess] websockets.client (protocol.py:read_frame:1177) | < TEXT '{"time":1753811477,"self_id":703263936,"post_ty...true},"interval":30000}' [148 bytes]
[2025-07-30 01:51:17,412.412] DEBUG    [MainThread|MainProcess] Logger (connect.py:on_message:43) | {'time': 1753811477, 'self_id': 703263936, 'post_type': 'meta_event', 'meta_event_type': 'heartbeat', 'status': {'online': True, 'good': True}, 'interval': 30000}
[2025-07-30 01:51:47,416.416] DEBUG    [MainThread|MainProcess] websockets.client (protocol.py:read_frame:1177) | < TEXT '{"time":1753811507,"self_id":703263936,"post_ty...true},"interval":30000}' [148 bytes]
[2025-07-30 01:51:47,416.416] DEBUG    [MainThread|MainProcess] Logger (connect.py:on_message:43) | {'time': 1753811507, 'self_id': 703263936, 'post_type': 'meta_event', 'meta_event_type': 'heartbeat', 'status': {'online': True, 'good': True}, 'interval': 30000}
[2025-07-30 01:52:17,430.430] DEBUG    [MainThread|MainProcess] websockets.client (protocol.py:read_frame:1177) | < TEXT '{"time":1753811537,"self_id":703263936,"post_ty...true},"interval":30000}' [148 bytes]
[2025-07-30 01:52:17,430.430] DEBUG    [MainThread|MainProcess] Logger (connect.py:on_message:43) | {'time': 1753811537, 'self_id': 703263936, 'post_type': 'meta_event', 'meta_event_type': 'heartbeat', 'status': {'online': True, 'good': True}, 'interval': 30000}
[2025-07-30 01:52:47,444.444] DEBUG    [MainThread|MainProcess] websockets.client (protocol.py:read_frame:1177) | < TEXT '{"time":1753811567,"self_id":703263936,"post_ty...true},"interval":30000}' [148 bytes]
[2025-07-30 01:52:47,444.444] DEBUG    [MainThread|MainProcess] Logger (connect.py:on_message:43) | {'time': 1753811567, 'self_id': 703263936, 'post_type': 'meta_event', 'meta_event_type': 'heartbeat', 'status': {'online': True, 'good': True}, 'interval': 30000}
[2025-07-30 01:53:17,445.445] DEBUG    [MainThread|MainProcess] websockets.client (protocol.py:read_frame:1177) | < TEXT '{"time":1753811597,"self_id":703263936,"post_ty...true},"interval":30000}' [148 bytes]
[2025-07-30 01:53:17,445.445] DEBUG    [MainThread|MainProcess] Logger (connect.py:on_message:43) | {'time': 1753811597, 'self_id': 703263936, 'post_type': 'meta_event', 'meta_event_type': 'heartbeat', 'status': {'online': True, 'good': True}, 'interval': 30000}
[2025-07-30 01:53:47,456.456] DEBUG    [MainThread|MainProcess] websockets.client (protocol.py:read_frame:1177) | < TEXT '{"time":1753811627,"self_id":703263936,"post_ty...true},"interval":30000}' [148 bytes]
[2025-07-30 01:53:47,456.456] DEBUG    [MainThread|MainProcess] Logger (connect.py:on_message:43) | {'time': 1753811627, 'self_id': 703263936, 'post_type': 'meta_event', 'meta_event_type': 'heartbeat', 'status': {'online': True, 'good': True}, 'interval': 30000}
[2025-07-30 01:54:17,470.470] DEBUG    [MainThread|MainProcess] websockets.client (protocol.py:read_frame:1177) | < TEXT '{"time":1753811657,"self_id":703263936,"post_ty...true},"interval":30000}' [148 bytes]
[2025-07-30 01:54:17,470.470] DEBUG    [MainThread|MainProcess] Logger (connect.py:on_message:43) | {'time': 1753811657, 'self_id': 703263936, 'post_type': 'meta_event', 'meta_event_type': 'heartbeat', 'status': {'online': True, 'good': True}, 'interval': 30000}
[2025-07-30 01:54:47,477.477] DEBUG    [MainThread|MainProcess] websockets.client (protocol.py:read_frame:1177) | < TEXT '{"time":1753811687,"self_id":703263936,"post_ty...true},"interval":30000}' [148 bytes]
[2025-07-30 01:54:47,477.477] DEBUG    [MainThread|MainProcess] Logger (connect.py:on_message:43) | {'time': 1753811687, 'self_id': 703263936, 'post_type': 'meta_event', 'meta_event_type': 'heartbeat', 'status': {'online': True, 'good': True}, 'interval': 30000}
[2025-07-30 01:55:17,491.491] DEBUG    [MainThread|MainProcess] websockets.client (protocol.py:read_frame:1177) | < TEXT '{"time":1753811717,"self_id":703263936,"post_ty...true},"interval":30000}' [148 bytes]
[2025-07-30 01:55:17,491.491] DEBUG    [MainThread|MainProcess] Logger (connect.py:on_message:43) | {'time': 1753811717, 'self_id': 703263936, 'post_type': 'meta_event', 'meta_event_type': 'heartbeat', 'status': {'online': True, 'good': True}, 'interval': 30000}
[2025-07-30 01:55:47,493.493] DEBUG    [MainThread|MainProcess] websockets.client (protocol.py:read_frame:1177) | < TEXT '{"time":1753811747,"self_id":703263936,"post_ty...true},"interval":30000}' [148 bytes]
[2025-07-30 01:55:47,493.493] DEBUG    [MainThread|MainProcess] Logger (connect.py:on_message:43) | {'time': 1753811747, 'self_id': 703263936, 'post_type': 'meta_event', 'meta_event_type': 'heartbeat', 'status': {'online': True, 'good': True}, 'interval': 30000}
[2025-07-30 01:56:17,507.507] DEBUG    [MainThread|MainProcess] websockets.client (protocol.py:read_frame:1177) | < TEXT '{"time":1753811777,"self_id":703263936,"post_ty...true},"interval":30000}' [148 bytes]
[2025-07-30 01:56:17,507.507] DEBUG    [MainThread|MainProcess] Logger (connect.py:on_message:43) | {'time': 1753811777, 'self_id': 703263936, 'post_type': 'meta_event', 'meta_event_type': 'heartbeat', 'status': {'online': True, 'good': True}, 'interval': 30000}
[2025-07-30 01:56:47,517.517] DEBUG    [MainThread|MainProcess] websockets.client (protocol.py:read_frame:1177) | < TEXT '{"time":1753811807,"self_id":703263936,"post_ty...true},"interval":30000}' [148 bytes]
[2025-07-30 01:56:47,517.517] DEBUG    [MainThread|MainProcess] Logger (connect.py:on_message:43) | {'time': 1753811807, 'self_id': 703263936, 'post_type': 'meta_event', 'meta_event_type': 'heartbeat', 'status': {'online': True, 'good': True}, 'interval': 30000}
[2025-07-30 01:57:17,530.530] DEBUG    [MainThread|MainProcess] websockets.client (protocol.py:read_frame:1177) | < TEXT '{"time":1753811837,"self_id":703263936,"post_ty...true},"interval":30000}' [148 bytes]
[2025-07-30 01:57:17,530.530] DEBUG    [MainThread|MainProcess] Logger (connect.py:on_message:43) | {'time': 1753811837, 'self_id': 703263936, 'post_type': 'meta_event', 'meta_event_type': 'heartbeat', 'status': {'online': True, 'good': True}, 'interval': 30000}
[2025-07-30 01:57:47,533.533] DEBUG    [MainThread|MainProcess] websockets.client (protocol.py:read_frame:1177) | < TEXT '{"time":1753811867,"self_id":703263936,"post_ty...true},"interval":30000}' [148 bytes]
[2025-07-30 01:57:47,533.533] DEBUG    [MainThread|MainProcess] Logger (connect.py:on_message:43) | {'time': 1753811867, 'self_id': 703263936, 'post_type': 'meta_event', 'meta_event_type': 'heartbeat', 'status': {'online': True, 'good': True}, 'interval': 30000}
[2025-07-30 01:58:17,546.546] DEBUG    [MainThread|MainProcess] websockets.client (protocol.py:read_frame:1177) | < TEXT '{"time":1753811897,"self_id":703263936,"post_ty...true},"interval":30000}' [148 bytes]
[2025-07-30 01:58:17,546.546] DEBUG    [MainThread|MainProcess] Logger (connect.py:on_message:43) | {'time': 1753811897, 'self_id': 703263936, 'post_type': 'meta_event', 'meta_event_type': 'heartbeat', 'status': {'online': True, 'good': True}, 'interval': 30000}
[2025-07-30 01:58:47,559.559] DEBUG    [MainThread|MainProcess] websockets.client (protocol.py:read_frame:1177) | < TEXT '{"time":1753811927,"self_id":703263936,"post_ty...true},"interval":30000}' [148 bytes]
[2025-07-30 01:58:47,559.559] DEBUG    [MainThread|MainProcess] Logger (connect.py:on_message:43) | {'time': 1753811927, 'self_id': 703263936, 'post_type': 'meta_event', 'meta_event_type': 'heartbeat', 'status': {'online': True, 'good': True}, 'interval': 30000}
[2025-07-30 01:59:17,572.572] DEBUG    [MainThread|MainProcess] websockets.client (protocol.py:read_frame:1177) | < TEXT '{"time":1753811957,"self_id":703263936,"post_ty...true},"interval":30000}' [148 bytes]
[2025-07-30 01:59:17,572.572] DEBUG    [MainThread|MainProcess] Logger (connect.py:on_message:43) | {'time': 1753811957, 'self_id': 703263936, 'post_type': 'meta_event', 'meta_event_type': 'heartbeat', 'status': {'online': True, 'good': True}, 'interval': 30000}
[2025-07-30 01:59:47,586.586] DEBUG    [MainThread|MainProcess] websockets.client (protocol.py:read_frame:1177) | < TEXT '{"time":1753811987,"self_id":703263936,"post_ty...true},"interval":30000}' [148 bytes]
[2025-07-30 01:59:47,586.586] DEBUG    [MainThread|MainProcess] Logger (connect.py:on_message:43) | {'time': 1753811987, 'self_id': 703263936, 'post_type': 'meta_event', 'meta_event_type': 'heartbeat', 'status': {'online': True, 'good': True}, 'interval': 30000}
[2025-07-30 02:00:17,600.600] DEBUG    [MainThread|MainProcess] websockets.client (protocol.py:read_frame:1177) | < TEXT '{"time":1753812017,"self_id":703263936,"post_ty...true},"interval":30000}' [148 bytes]
[2025-07-30 02:00:17,600.600] DEBUG    [MainThread|MainProcess] Logger (connect.py:on_message:43) | {'time': 1753812017, 'self_id': 703263936, 'post_type': 'meta_event', 'meta_event_type': 'heartbeat', 'status': {'online': True, 'good': True}, 'interval': 30000}
[2025-07-30 02:00:47,614.614] DEBUG    [MainThread|MainProcess] websockets.client (protocol.py:read_frame:1177) | < TEXT '{"time":1753812047,"self_id":703263936,"post_ty...true},"interval":30000}' [148 bytes]
[2025-07-30 02:00:47,614.614] DEBUG    [MainThread|MainProcess] Logger (connect.py:on_message:43) | {'time': 1753812047, 'self_id': 703263936, 'post_type': 'meta_event', 'meta_event_type': 'heartbeat', 'status': {'online': True, 'good': True}, 'interval': 30000}
[2025-07-30 02:01:17,627.627] DEBUG    [MainThread|MainProcess] websockets.client (protocol.py:read_frame:1177) | < TEXT '{"time":1753812077,"self_id":703263936,"post_ty...true},"interval":30000}' [148 bytes]
[2025-07-30 02:01:17,627.627] DEBUG    [MainThread|MainProcess] Logger (connect.py:on_message:43) | {'time': 1753812077, 'self_id': 703263936, 'post_type': 'meta_event', 'meta_event_type': 'heartbeat', 'status': {'online': True, 'good': True}, 'interval': 30000}
[2025-07-30 02:01:47,642.642] DEBUG    [MainThread|MainProcess] websockets.client (protocol.py:read_frame:1177) | < TEXT '{"time":1753812107,"self_id":703263936,"post_ty...true},"interval":30000}' [148 bytes]
[2025-07-30 02:01:47,642.642] DEBUG    [MainThread|MainProcess] Logger (connect.py:on_message:43) | {'time': 1753812107, 'self_id': 703263936, 'post_type': 'meta_event', 'meta_event_type': 'heartbeat', 'status': {'online': True, 'good': True}, 'interval': 30000}
[2025-07-30 02:02:17,656.656] DEBUG    [MainThread|MainProcess] websockets.client (protocol.py:read_frame:1177) | < TEXT '{"time":1753812137,"self_id":703263936,"post_ty...true},"interval":30000}' [148 bytes]
[2025-07-30 02:02:17,656.656] DEBUG    [MainThread|MainProcess] Logger (connect.py:on_message:43) | {'time': 1753812137, 'self_id': 703263936, 'post_type': 'meta_event', 'meta_event_type': 'heartbeat', 'status': {'online': True, 'good': True}, 'interval': 30000}
[2025-07-30 02:02:47,670.670] DEBUG    [MainThread|MainProcess] websockets.client (protocol.py:read_frame:1177) | < TEXT '{"time":1753812167,"self_id":703263936,"post_ty...true},"interval":30000}' [148 bytes]
[2025-07-30 02:02:47,670.670] DEBUG    [MainThread|MainProcess] Logger (connect.py:on_message:43) | {'time': 1753812167, 'self_id': 703263936, 'post_type': 'meta_event', 'meta_event_type': 'heartbeat', 'status': {'online': True, 'good': True}, 'interval': 30000}
[2025-07-30 02:03:17,683.683] DEBUG    [MainThread|MainProcess] websockets.client (protocol.py:read_frame:1177) | < TEXT '{"time":1753812197,"self_id":703263936,"post_ty...true},"interval":30000}' [148 bytes]
[2025-07-30 02:03:17,683.683] DEBUG    [MainThread|MainProcess] Logger (connect.py:on_message:43) | {'time': 1753812197, 'self_id': 703263936, 'post_type': 'meta_event', 'meta_event_type': 'heartbeat', 'status': {'online': True, 'good': True}, 'interval': 30000}
[2025-07-30 02:03:47,698.698] DEBUG    [MainThread|MainProcess] websockets.client (protocol.py:read_frame:1177) | < TEXT '{"time":1753812227,"self_id":703263936,"post_ty...true},"interval":30000}' [148 bytes]
[2025-07-30 02:03:47,698.698] DEBUG    [MainThread|MainProcess] Logger (connect.py:on_message:43) | {'time': 1753812227, 'self_id': 703263936, 'post_type': 'meta_event', 'meta_event_type': 'heartbeat', 'status': {'online': True, 'good': True}, 'interval': 30000}
[2025-07-30 02:04:17,712.712] DEBUG    [MainThread|MainProcess] websockets.client (protocol.py:read_frame:1177) | < TEXT '{"time":1753812257,"self_id":703263936,"post_ty...true},"interval":30000}' [148 bytes]
[2025-07-30 02:04:17,712.712] DEBUG    [MainThread|MainProcess] Logger (connect.py:on_message:43) | {'time': 1753812257, 'self_id': 703263936, 'post_type': 'meta_event', 'meta_event_type': 'heartbeat', 'status': {'online': True, 'good': True}, 'interval': 30000}
[2025-07-30 02:04:47,723.723] DEBUG    [MainThread|MainProcess] websockets.client (protocol.py:read_frame:1177) | < TEXT '{"time":1753812287,"self_id":703263936,"post_ty...true},"interval":30000}' [148 bytes]
[2025-07-30 02:04:47,723.723] DEBUG    [MainThread|MainProcess] Logger (connect.py:on_message:43) | {'time': 1753812287, 'self_id': 703263936, 'post_type': 'meta_event', 'meta_event_type': 'heartbeat', 'status': {'online': True, 'good': True}, 'interval': 30000}
[2025-07-30 02:05:17,737.737] DEBUG    [MainThread|MainProcess] websockets.client (protocol.py:read_frame:1177) | < TEXT '{"time":1753812317,"self_id":703263936,"post_ty...true},"interval":30000}' [148 bytes]
[2025-07-30 02:05:17,737.737] DEBUG    [MainThread|MainProcess] Logger (connect.py:on_message:43) | {'time': 1753812317, 'self_id': 703263936, 'post_type': 'meta_event', 'meta_event_type': 'heartbeat', 'status': {'online': True, 'good': True}, 'interval': 30000}
[2025-07-30 02:05:47,740.740] DEBUG    [MainThread|MainProcess] websockets.client (protocol.py:read_frame:1177) | < TEXT '{"time":1753812347,"self_id":703263936,"post_ty...true},"interval":30000}' [148 bytes]
[2025-07-30 02:05:47,740.740] DEBUG    [MainThread|MainProcess] Logger (connect.py:on_message:43) | {'time': 1753812347, 'self_id': 703263936, 'post_type': 'meta_event', 'meta_event_type': 'heartbeat', 'status': {'online': True, 'good': True}, 'interval': 30000}
[2025-07-30 02:06:17,753.753] DEBUG    [MainThread|MainProcess] websockets.client (protocol.py:read_frame:1177) | < TEXT '{"time":1753812377,"self_id":703263936,"post_ty...true},"interval":30000}' [148 bytes]
[2025-07-30 02:06:17,753.753] DEBUG    [MainThread|MainProcess] Logger (connect.py:on_message:43) | {'time': 1753812377, 'self_id': 703263936, 'post_type': 'meta_event', 'meta_event_type': 'heartbeat', 'status': {'online': True, 'good': True}, 'interval': 30000}
[2025-07-30 02:06:47,764.764] DEBUG    [MainThread|MainProcess] websockets.client (protocol.py:read_frame:1177) | < TEXT '{"time":1753812407,"self_id":703263936,"post_ty...true},"interval":30000}' [148 bytes]
[2025-07-30 02:06:47,764.764] DEBUG    [MainThread|MainProcess] Logger (connect.py:on_message:43) | {'time': 1753812407, 'self_id': 703263936, 'post_type': 'meta_event', 'meta_event_type': 'heartbeat', 'status': {'online': True, 'good': True}, 'interval': 30000}
[2025-07-30 02:07:17,777.777] DEBUG    [MainThread|MainProcess] websockets.client (protocol.py:read_frame:1177) | < TEXT '{"time":1753812437,"self_id":703263936,"post_ty...true},"interval":30000}' [148 bytes]
[2025-07-30 02:07:17,777.777] DEBUG    [MainThread|MainProcess] Logger (connect.py:on_message:43) | {'time': 1753812437, 'self_id': 703263936, 'post_type': 'meta_event', 'meta_event_type': 'heartbeat', 'status': {'online': True, 'good': True}, 'interval': 30000}
[2025-07-30 02:07:47,778.778] DEBUG    [MainThread|MainProcess] websockets.client (protocol.py:read_frame:1177) | < TEXT '{"time":1753812467,"self_id":703263936,"post_ty...true},"interval":30000}' [148 bytes]
[2025-07-30 02:07:47,778.778] DEBUG    [MainThread|MainProcess] Logger (connect.py:on_message:43) | {'time': 1753812467, 'self_id': 703263936, 'post_type': 'meta_event', 'meta_event_type': 'heartbeat', 'status': {'online': True, 'good': True}, 'interval': 30000}
[2025-07-30 02:08:17,791.791] DEBUG    [MainThread|MainProcess] websockets.client (protocol.py:read_frame:1177) | < TEXT '{"time":1753812497,"self_id":703263936,"post_ty...true},"interval":30000}' [148 bytes]
[2025-07-30 02:08:17,791.791] DEBUG    [MainThread|MainProcess] Logger (connect.py:on_message:43) | {'time': 1753812497, 'self_id': 703263936, 'post_type': 'meta_event', 'meta_event_type': 'heartbeat', 'status': {'online': True, 'good': True}, 'interval': 30000}
[2025-07-30 02:08:47,803.803] DEBUG    [MainThread|MainProcess] websockets.client (protocol.py:read_frame:1177) | < TEXT '{"time":1753812527,"self_id":703263936,"post_ty...true},"interval":30000}' [148 bytes]
[2025-07-30 02:08:47,803.803] DEBUG    [MainThread|MainProcess] Logger (connect.py:on_message:43) | {'time': 1753812527, 'self_id': 703263936, 'post_type': 'meta_event', 'meta_event_type': 'heartbeat', 'status': {'online': True, 'good': True}, 'interval': 30000}
[2025-07-30 02:09:17,816.816] DEBUG    [MainThread|MainProcess] websockets.client (protocol.py:read_frame:1177) | < TEXT '{"time":1753812557,"self_id":703263936,"post_ty...true},"interval":30000}' [148 bytes]
[2025-07-30 02:09:17,816.816] DEBUG    [MainThread|MainProcess] Logger (connect.py:on_message:43) | {'time': 1753812557, 'self_id': 703263936, 'post_type': 'meta_event', 'meta_event_type': 'heartbeat', 'status': {'online': True, 'good': True}, 'interval': 30000}
[2025-07-30 02:09:47,819.819] DEBUG    [MainThread|MainProcess] websockets.client (protocol.py:read_frame:1177) | < TEXT '{"time":1753812587,"self_id":703263936,"post_ty...true},"interval":30000}' [148 bytes]
[2025-07-30 02:09:47,819.819] DEBUG    [MainThread|MainProcess] Logger (connect.py:on_message:43) | {'time': 1753812587, 'self_id': 703263936, 'post_type': 'meta_event', 'meta_event_type': 'heartbeat', 'status': {'online': True, 'good': True}, 'interval': 30000}
[2025-07-30 02:10:17,832.832] DEBUG    [MainThread|MainProcess] websockets.client (protocol.py:read_frame:1177) | < TEXT '{"time":1753812617,"self_id":703263936,"post_ty...true},"interval":30000}' [148 bytes]
[2025-07-30 02:10:17,832.832] DEBUG    [MainThread|MainProcess] Logger (connect.py:on_message:43) | {'time': 1753812617, 'self_id': 703263936, 'post_type': 'meta_event', 'meta_event_type': 'heartbeat', 'status': {'online': True, 'good': True}, 'interval': 30000}
[2025-07-30 02:10:47,846.846] DEBUG    [MainThread|MainProcess] websockets.client (protocol.py:read_frame:1177) | < TEXT '{"time":1753812647,"self_id":703263936,"post_ty...true},"interval":30000}' [148 bytes]
[2025-07-30 02:10:47,846.846] DEBUG    [MainThread|MainProcess] Logger (connect.py:on_message:43) | {'time': 1753812647, 'self_id': 703263936, 'post_type': 'meta_event', 'meta_event_type': 'heartbeat', 'status': {'online': True, 'good': True}, 'interval': 30000}
[2025-07-30 02:11:17,859.859] DEBUG    [MainThread|MainProcess] websockets.client (protocol.py:read_frame:1177) | < TEXT '{"time":1753812677,"self_id":703263936,"post_ty...true},"interval":30000}' [148 bytes]
[2025-07-30 02:11:17,859.859] DEBUG    [MainThread|MainProcess] Logger (connect.py:on_message:43) | {'time': 1753812677, 'self_id': 703263936, 'post_type': 'meta_event', 'meta_event_type': 'heartbeat', 'status': {'online': True, 'good': True}, 'interval': 30000}
[2025-07-30 02:11:47,865.865] DEBUG    [MainThread|MainProcess] websockets.client (protocol.py:read_frame:1177) | < TEXT '{"time":1753812707,"self_id":703263936,"post_ty...true},"interval":30000}' [148 bytes]
[2025-07-30 02:11:47,865.865] DEBUG    [MainThread|MainProcess] Logger (connect.py:on_message:43) | {'time': 1753812707, 'self_id': 703263936, 'post_type': 'meta_event', 'meta_event_type': 'heartbeat', 'status': {'online': True, 'good': True}, 'interval': 30000}
[2025-07-30 02:12:17,878.878] DEBUG    [MainThread|MainProcess] websockets.client (protocol.py:read_frame:1177) | < TEXT '{"time":1753812737,"self_id":703263936,"post_ty...true},"interval":30000}' [148 bytes]
[2025-07-30 02:12:17,878.878] DEBUG    [MainThread|MainProcess] Logger (connect.py:on_message:43) | {'time': 1753812737, 'self_id': 703263936, 'post_type': 'meta_event', 'meta_event_type': 'heartbeat', 'status': {'online': True, 'good': True}, 'interval': 30000}
[2025-07-30 02:12:47,880.880] DEBUG    [MainThread|MainProcess] websockets.client (protocol.py:read_frame:1177) | < TEXT '{"time":1753812767,"self_id":703263936,"post_ty...true},"interval":30000}' [148 bytes]
[2025-07-30 02:12:47,880.880] DEBUG    [MainThread|MainProcess] Logger (connect.py:on_message:43) | {'time': 1753812767, 'self_id': 703263936, 'post_type': 'meta_event', 'meta_event_type': 'heartbeat', 'status': {'online': True, 'good': True}, 'interval': 30000}
[2025-07-30 02:13:17,894.894] DEBUG    [MainThread|MainProcess] websockets.client (protocol.py:read_frame:1177) | < TEXT '{"time":1753812797,"self_id":703263936,"post_ty...true},"interval":30000}' [148 bytes]
[2025-07-30 02:13:17,894.894] DEBUG    [MainThread|MainProcess] Logger (connect.py:on_message:43) | {'time': 1753812797, 'self_id': 703263936, 'post_type': 'meta_event', 'meta_event_type': 'heartbeat', 'status': {'online': True, 'good': True}, 'interval': 30000}
[2025-07-30 02:13:47,896.896] DEBUG    [MainThread|MainProcess] websockets.client (protocol.py:read_frame:1177) | < TEXT '{"time":1753812827,"self_id":703263936,"post_ty...true},"interval":30000}' [148 bytes]
[2025-07-30 02:13:47,896.896] DEBUG    [MainThread|MainProcess] Logger (connect.py:on_message:43) | {'time': 1753812827, 'self_id': 703263936, 'post_type': 'meta_event', 'meta_event_type': 'heartbeat', 'status': {'online': True, 'good': True}, 'interval': 30000}
[2025-07-30 02:14:17,910.910] DEBUG    [MainThread|MainProcess] websockets.client (protocol.py:read_frame:1177) | < TEXT '{"time":1753812857,"self_id":703263936,"post_ty...true},"interval":30000}' [148 bytes]
[2025-07-30 02:14:17,910.910] DEBUG    [MainThread|MainProcess] Logger (connect.py:on_message:43) | {'time': 1753812857, 'self_id': 703263936, 'post_type': 'meta_event', 'meta_event_type': 'heartbeat', 'status': {'online': True, 'good': True}, 'interval': 30000}
[2025-07-30 02:14:47,922.922] DEBUG    [MainThread|MainProcess] websockets.client (protocol.py:read_frame:1177) | < TEXT '{"time":1753812887,"self_id":703263936,"post_ty...true},"interval":30000}' [148 bytes]
[2025-07-30 02:14:47,922.922] DEBUG    [MainThread|MainProcess] Logger (connect.py:on_message:43) | {'time': 1753812887, 'self_id': 703263936, 'post_type': 'meta_event', 'meta_event_type': 'heartbeat', 'status': {'online': True, 'good': True}, 'interval': 30000}
[2025-07-30 02:15:17,935.935] DEBUG    [MainThread|MainProcess] websockets.client (protocol.py:read_frame:1177) | < TEXT '{"time":1753812917,"self_id":703263936,"post_ty...true},"interval":30000}' [148 bytes]
[2025-07-30 02:15:17,935.935] DEBUG    [MainThread|MainProcess] Logger (connect.py:on_message:43) | {'time': 1753812917, 'self_id': 703263936, 'post_type': 'meta_event', 'meta_event_type': 'heartbeat', 'status': {'online': True, 'good': True}, 'interval': 30000}
[2025-07-30 02:15:47,934.934] DEBUG    [MainThread|MainProcess] websockets.client (protocol.py:read_frame:1177) | < TEXT '{"time":1753812947,"self_id":703263936,"post_ty...true},"interval":30000}' [148 bytes]
[2025-07-30 02:15:47,934.934] DEBUG    [MainThread|MainProcess] Logger (connect.py:on_message:43) | {'time': 1753812947, 'self_id': 703263936, 'post_type': 'meta_event', 'meta_event_type': 'heartbeat', 'status': {'online': True, 'good': True}, 'interval': 30000}
[2025-07-30 02:16:17,948.948] DEBUG    [MainThread|MainProcess] websockets.client (protocol.py:read_frame:1177) | < TEXT '{"time":1753812977,"self_id":703263936,"post_ty...true},"interval":30000}' [148 bytes]
[2025-07-30 02:16:17,948.948] DEBUG    [MainThread|MainProcess] Logger (connect.py:on_message:43) | {'time': 1753812977, 'self_id': 703263936, 'post_type': 'meta_event', 'meta_event_type': 'heartbeat', 'status': {'online': True, 'good': True}, 'interval': 30000}
[2025-07-30 02:16:47,948.948] DEBUG    [MainThread|MainProcess] websockets.client (protocol.py:read_frame:1177) | < TEXT '{"time":1753813007,"self_id":703263936,"post_ty...true},"interval":30000}' [148 bytes]
[2025-07-30 02:16:47,948.948] DEBUG    [MainThread|MainProcess] Logger (connect.py:on_message:43) | {'time': 1753813007, 'self_id': 703263936, 'post_type': 'meta_event', 'meta_event_type': 'heartbeat', 'status': {'online': True, 'good': True}, 'interval': 30000}
[2025-07-30 02:17:17,962.962] DEBUG    [MainThread|MainProcess] websockets.client (protocol.py:read_frame:1177) | < TEXT '{"time":1753813037,"self_id":703263936,"post_ty...true},"interval":30000}' [148 bytes]
[2025-07-30 02:17:17,962.962] DEBUG    [MainThread|MainProcess] Logger (connect.py:on_message:43) | {'time': 1753813037, 'self_id': 703263936, 'post_type': 'meta_event', 'meta_event_type': 'heartbeat', 'status': {'online': True, 'good': True}, 'interval': 30000}
[2025-07-30 02:17:47,963.963] DEBUG    [MainThread|MainProcess] websockets.client (protocol.py:read_frame:1177) | < TEXT '{"time":1753813067,"self_id":703263936,"post_ty...true},"interval":30000}' [148 bytes]
[2025-07-30 02:17:47,963.963] DEBUG    [MainThread|MainProcess] Logger (connect.py:on_message:43) | {'time': 1753813067, 'self_id': 703263936, 'post_type': 'meta_event', 'meta_event_type': 'heartbeat', 'status': {'online': True, 'good': True}, 'interval': 30000}
[2025-07-30 02:18:17,977.977] DEBUG    [MainThread|MainProcess] websockets.client (protocol.py:read_frame:1177) | < TEXT '{"time":1753813097,"self_id":703263936,"post_ty...true},"interval":30000}' [148 bytes]
[2025-07-30 02:18:17,977.977] DEBUG    [MainThread|MainProcess] Logger (connect.py:on_message:43) | {'time': 1753813097, 'self_id': 703263936, 'post_type': 'meta_event', 'meta_event_type': 'heartbeat', 'status': {'online': True, 'good': True}, 'interval': 30000}
[2025-07-30 02:18:47,984.984] DEBUG    [MainThread|MainProcess] websockets.client (protocol.py:read_frame:1177) | < TEXT '{"time":1753813127,"self_id":703263936,"post_ty...true},"interval":30000}' [148 bytes]
[2025-07-30 02:18:47,984.984] DEBUG    [MainThread|MainProcess] Logger (connect.py:on_message:43) | {'time': 1753813127, 'self_id': 703263936, 'post_type': 'meta_event', 'meta_event_type': 'heartbeat', 'status': {'online': True, 'good': True}, 'interval': 30000}
[2025-07-30 02:19:17,998.998] DEBUG    [MainThread|MainProcess] websockets.client (protocol.py:read_frame:1177) | < TEXT '{"time":1753813157,"self_id":703263936,"post_ty...true},"interval":30000}' [148 bytes]
[2025-07-30 02:19:17,998.998] DEBUG    [MainThread|MainProcess] Logger (connect.py:on_message:43) | {'time': 1753813157, 'self_id': 703263936, 'post_type': 'meta_event', 'meta_event_type': 'heartbeat', 'status': {'online': True, 'good': True}, 'interval': 30000}
[2025-07-30 02:19:47,999.999] DEBUG    [MainThread|MainProcess] websockets.client (protocol.py:read_frame:1177) | < TEXT '{"time":1753813187,"self_id":703263936,"post_ty...true},"interval":30000}' [148 bytes]
[2025-07-30 02:19:47,999.999] DEBUG    [MainThread|MainProcess] Logger (connect.py:on_message:43) | {'time': 1753813187, 'self_id': 703263936, 'post_type': 'meta_event', 'meta_event_type': 'heartbeat', 'status': {'online': True, 'good': True}, 'interval': 30000}
[2025-07-30 02:20:18,013.013] DEBUG    [MainThread|MainProcess] websockets.client (protocol.py:read_frame:1177) | < TEXT '{"time":1753813218,"self_id":703263936,"post_ty...true},"interval":30000}' [148 bytes]
[2025-07-30 02:20:18,013.013] DEBUG    [MainThread|MainProcess] Logger (connect.py:on_message:43) | {'time': 1753813218, 'self_id': 703263936, 'post_type': 'meta_event', 'meta_event_type': 'heartbeat', 'status': {'online': True, 'good': True}, 'interval': 30000}
[2025-07-30 02:20:48,027.027] DEBUG    [MainThread|MainProcess] websockets.client (protocol.py:read_frame:1177) | < TEXT '{"time":1753813248,"self_id":703263936,"post_ty...true},"interval":30000}' [148 bytes]
[2025-07-30 02:20:48,027.027] DEBUG    [MainThread|MainProcess] Logger (connect.py:on_message:43) | {'time': 1753813248, 'self_id': 703263936, 'post_type': 'meta_event', 'meta_event_type': 'heartbeat', 'status': {'online': True, 'good': True}, 'interval': 30000}
[2025-07-30 02:21:18,040.040] DEBUG    [MainThread|MainProcess] websockets.client (protocol.py:read_frame:1177) | < TEXT '{"time":1753813278,"self_id":703263936,"post_ty...true},"interval":30000}' [148 bytes]
[2025-07-30 02:21:18,040.040] DEBUG    [MainThread|MainProcess] Logger (connect.py:on_message:43) | {'time': 1753813278, 'self_id': 703263936, 'post_type': 'meta_event', 'meta_event_type': 'heartbeat', 'status': {'online': True, 'good': True}, 'interval': 30000}
[2025-07-30 02:21:48,054.054] DEBUG    [MainThread|MainProcess] websockets.client (protocol.py:read_frame:1177) | < TEXT '{"time":1753813308,"self_id":703263936,"post_ty...true},"interval":30000}' [148 bytes]
[2025-07-30 02:21:48,054.054] DEBUG    [MainThread|MainProcess] Logger (connect.py:on_message:43) | {'time': 1753813308, 'self_id': 703263936, 'post_type': 'meta_event', 'meta_event_type': 'heartbeat', 'status': {'online': True, 'good': True}, 'interval': 30000}
[2025-07-30 02:22:18,068.068] DEBUG    [MainThread|MainProcess] websockets.client (protocol.py:read_frame:1177) | < TEXT '{"time":1753813338,"self_id":703263936,"post_ty...true},"interval":30000}' [148 bytes]
[2025-07-30 02:22:18,068.068] DEBUG    [MainThread|MainProcess] Logger (connect.py:on_message:43) | {'time': 1753813338, 'self_id': 703263936, 'post_type': 'meta_event', 'meta_event_type': 'heartbeat', 'status': {'online': True, 'good': True}, 'interval': 30000}
[2025-07-30 02:22:48,081.081] DEBUG    [MainThread|MainProcess] websockets.client (protocol.py:read_frame:1177) | < TEXT '{"time":1753813368,"self_id":703263936,"post_ty...true},"interval":30000}' [148 bytes]
[2025-07-30 02:22:48,081.081] DEBUG    [MainThread|MainProcess] Logger (connect.py:on_message:43) | {'time': 1753813368, 'self_id': 703263936, 'post_type': 'meta_event', 'meta_event_type': 'heartbeat', 'status': {'online': True, 'good': True}, 'interval': 30000}
[2025-07-30 02:23:18,094.094] DEBUG    [MainThread|MainProcess] websockets.client (protocol.py:read_frame:1177) | < TEXT '{"time":1753813398,"self_id":703263936,"post_ty...true},"interval":30000}' [148 bytes]
[2025-07-30 02:23:18,094.094] DEBUG    [MainThread|MainProcess] Logger (connect.py:on_message:43) | {'time': 1753813398, 'self_id': 703263936, 'post_type': 'meta_event', 'meta_event_type': 'heartbeat', 'status': {'online': True, 'good': True}, 'interval': 30000}
[2025-07-30 02:23:48,096.096] DEBUG    [MainThread|MainProcess] websockets.client (protocol.py:read_frame:1177) | < TEXT '{"time":1753813428,"self_id":703263936,"post_ty...true},"interval":30000}' [148 bytes]
[2025-07-30 02:23:48,096.096] DEBUG    [MainThread|MainProcess] Logger (connect.py:on_message:43) | {'time': 1753813428, 'self_id': 703263936, 'post_type': 'meta_event', 'meta_event_type': 'heartbeat', 'status': {'online': True, 'good': True}, 'interval': 30000}
[2025-07-30 02:24:18,109.109] DEBUG    [MainThread|MainProcess] websockets.client (protocol.py:read_frame:1177) | < TEXT '{"time":1753813458,"self_id":703263936,"post_ty...true},"interval":30000}' [148 bytes]
[2025-07-30 02:24:18,109.109] DEBUG    [MainThread|MainProcess] Logger (connect.py:on_message:43) | {'time': 1753813458, 'self_id': 703263936, 'post_type': 'meta_event', 'meta_event_type': 'heartbeat', 'status': {'online': True, 'good': True}, 'interval': 30000}
[2025-07-30 02:24:48,121.121] DEBUG    [MainThread|MainProcess] websockets.client (protocol.py:read_frame:1177) | < TEXT '{"time":1753813488,"self_id":703263936,"post_ty...true},"interval":30000}' [148 bytes]
[2025-07-30 02:24:48,121.121] DEBUG    [MainThread|MainProcess] Logger (connect.py:on_message:43) | {'time': 1753813488, 'self_id': 703263936, 'post_type': 'meta_event', 'meta_event_type': 'heartbeat', 'status': {'online': True, 'good': True}, 'interval': 30000}
[2025-07-30 02:25:18,134.134] DEBUG    [MainThread|MainProcess] websockets.client (protocol.py:read_frame:1177) | < TEXT '{"time":1753813518,"self_id":703263936,"post_ty...true},"interval":30000}' [148 bytes]
[2025-07-30 02:25:18,134.134] DEBUG    [MainThread|MainProcess] Logger (connect.py:on_message:43) | {'time': 1753813518, 'self_id': 703263936, 'post_type': 'meta_event', 'meta_event_type': 'heartbeat', 'status': {'online': True, 'good': True}, 'interval': 30000}
[2025-07-30 02:25:48,134.134] DEBUG    [MainThread|MainProcess] websockets.client (protocol.py:read_frame:1177) | < TEXT '{"time":1753813548,"self_id":703263936,"post_ty...true},"interval":30000}' [148 bytes]
[2025-07-30 02:25:48,134.134] DEBUG    [MainThread|MainProcess] Logger (connect.py:on_message:43) | {'time': 1753813548, 'self_id': 703263936, 'post_type': 'meta_event', 'meta_event_type': 'heartbeat', 'status': {'online': True, 'good': True}, 'interval': 30000}
[2025-07-30 02:26:18,147.147] DEBUG    [MainThread|MainProcess] websockets.client (protocol.py:read_frame:1177) | < TEXT '{"time":1753813578,"self_id":703263936,"post_ty...true},"interval":30000}' [148 bytes]
[2025-07-30 02:26:18,147.147] DEBUG    [MainThread|MainProcess] Logger (connect.py:on_message:43) | {'time': 1753813578, 'self_id': 703263936, 'post_type': 'meta_event', 'meta_event_type': 'heartbeat', 'status': {'online': True, 'good': True}, 'interval': 30000}
[2025-07-30 02:26:48,160.160] DEBUG    [MainThread|MainProcess] websockets.client (protocol.py:read_frame:1177) | < TEXT '{"time":1753813608,"self_id":703263936,"post_ty...true},"interval":30000}' [148 bytes]
[2025-07-30 02:26:48,160.160] DEBUG    [MainThread|MainProcess] Logger (connect.py:on_message:43) | {'time': 1753813608, 'self_id': 703263936, 'post_type': 'meta_event', 'meta_event_type': 'heartbeat', 'status': {'online': True, 'good': True}, 'interval': 30000}
[2025-07-30 02:27:18,173.173] DEBUG    [MainThread|MainProcess] websockets.client (protocol.py:read_frame:1177) | < TEXT '{"time":1753813638,"self_id":703263936,"post_ty...true},"interval":30000}' [148 bytes]
[2025-07-30 02:27:18,173.173] DEBUG    [MainThread|MainProcess] Logger (connect.py:on_message:43) | {'time': 1753813638, 'self_id': 703263936, 'post_type': 'meta_event', 'meta_event_type': 'heartbeat', 'status': {'online': True, 'good': True}, 'interval': 30000}
[2025-07-30 02:27:48,175.175] DEBUG    [MainThread|MainProcess] websockets.client (protocol.py:read_frame:1177) | < TEXT '{"time":1753813668,"self_id":703263936,"post_ty...true},"interval":30000}' [148 bytes]
[2025-07-30 02:27:48,175.175] DEBUG    [MainThread|MainProcess] Logger (connect.py:on_message:43) | {'time': 1753813668, 'self_id': 703263936, 'post_type': 'meta_event', 'meta_event_type': 'heartbeat', 'status': {'online': True, 'good': True}, 'interval': 30000}
[2025-07-30 02:28:18,188.188] DEBUG    [MainThread|MainProcess] websockets.client (protocol.py:read_frame:1177) | < TEXT '{"time":1753813698,"self_id":703263936,"post_ty...true},"interval":30000}' [148 bytes]
[2025-07-30 02:28:18,188.188] DEBUG    [MainThread|MainProcess] Logger (connect.py:on_message:43) | {'time': 1753813698, 'self_id': 703263936, 'post_type': 'meta_event', 'meta_event_type': 'heartbeat', 'status': {'online': True, 'good': True}, 'interval': 30000}
[2025-07-30 02:28:48,199.199] DEBUG    [MainThread|MainProcess] websockets.client (protocol.py:read_frame:1177) | < TEXT '{"time":1753813728,"self_id":703263936,"post_ty...true},"interval":30000}' [148 bytes]
[2025-07-30 02:28:48,199.199] DEBUG    [MainThread|MainProcess] Logger (connect.py:on_message:43) | {'time': 1753813728, 'self_id': 703263936, 'post_type': 'meta_event', 'meta_event_type': 'heartbeat', 'status': {'online': True, 'good': True}, 'interval': 30000}
[2025-07-30 02:29:18,213.213] DEBUG    [MainThread|MainProcess] websockets.client (protocol.py:read_frame:1177) | < TEXT '{"time":1753813758,"self_id":703263936,"post_ty...true},"interval":30000}' [148 bytes]
[2025-07-30 02:29:18,213.213] DEBUG    [MainThread|MainProcess] Logger (connect.py:on_message:43) | {'time': 1753813758, 'self_id': 703263936, 'post_type': 'meta_event', 'meta_event_type': 'heartbeat', 'status': {'online': True, 'good': True}, 'interval': 30000}
[2025-07-30 02:29:48,213.213] DEBUG    [MainThread|MainProcess] websockets.client (protocol.py:read_frame:1177) | < TEXT '{"time":1753813788,"self_id":703263936,"post_ty...true},"interval":30000}' [148 bytes]
[2025-07-30 02:29:48,213.213] DEBUG    [MainThread|MainProcess] Logger (connect.py:on_message:43) | {'time': 1753813788, 'self_id': 703263936, 'post_type': 'meta_event', 'meta_event_type': 'heartbeat', 'status': {'online': True, 'good': True}, 'interval': 30000}
[2025-07-30 02:30:18,227.227] DEBUG    [MainThread|MainProcess] websockets.client (protocol.py:read_frame:1177) | < TEXT '{"time":1753813818,"self_id":703263936,"post_ty...true},"interval":30000}' [148 bytes]
[2025-07-30 02:30:18,227.227] DEBUG    [MainThread|MainProcess] Logger (connect.py:on_message:43) | {'time': 1753813818, 'self_id': 703263936, 'post_type': 'meta_event', 'meta_event_type': 'heartbeat', 'status': {'online': True, 'good': True}, 'interval': 30000}
[2025-07-30 02:30:48,237.237] DEBUG    [MainThread|MainProcess] websockets.client (protocol.py:read_frame:1177) | < TEXT '{"time":1753813848,"self_id":703263936,"post_ty...true},"interval":30000}' [148 bytes]
[2025-07-30 02:30:48,237.237] DEBUG    [MainThread|MainProcess] Logger (connect.py:on_message:43) | {'time': 1753813848, 'self_id': 703263936, 'post_type': 'meta_event', 'meta_event_type': 'heartbeat', 'status': {'online': True, 'good': True}, 'interval': 30000}
[2025-07-30 02:31:18,251.251] DEBUG    [MainThread|MainProcess] websockets.client (protocol.py:read_frame:1177) | < TEXT '{"time":1753813878,"self_id":703263936,"post_ty...true},"interval":30000}' [148 bytes]
[2025-07-30 02:31:18,251.251] DEBUG    [MainThread|MainProcess] Logger (connect.py:on_message:43) | {'time': 1753813878, 'self_id': 703263936, 'post_type': 'meta_event', 'meta_event_type': 'heartbeat', 'status': {'online': True, 'good': True}, 'interval': 30000}
[2025-07-30 02:31:48,253.253] DEBUG    [MainThread|MainProcess] websockets.client (protocol.py:read_frame:1177) | < TEXT '{"time":1753813908,"self_id":703263936,"post_ty...true},"interval":30000}' [148 bytes]
[2025-07-30 02:31:48,253.253] DEBUG    [MainThread|MainProcess] Logger (connect.py:on_message:43) | {'time': 1753813908, 'self_id': 703263936, 'post_type': 'meta_event', 'meta_event_type': 'heartbeat', 'status': {'online': True, 'good': True}, 'interval': 30000}
[2025-07-30 02:32:18,267.267] DEBUG    [MainThread|MainProcess] websockets.client (protocol.py:read_frame:1177) | < TEXT '{"time":1753813938,"self_id":703263936,"post_ty...true},"interval":30000}' [148 bytes]
[2025-07-30 02:32:18,267.267] DEBUG    [MainThread|MainProcess] Logger (connect.py:on_message:43) | {'time': 1753813938, 'self_id': 703263936, 'post_type': 'meta_event', 'meta_event_type': 'heartbeat', 'status': {'online': True, 'good': True}, 'interval': 30000}
[2025-07-30 02:32:48,279.279] DEBUG    [MainThread|MainProcess] websockets.client (protocol.py:read_frame:1177) | < TEXT '{"time":1753813968,"self_id":703263936,"post_ty...true},"interval":30000}' [148 bytes]
[2025-07-30 02:32:48,279.279] DEBUG    [MainThread|MainProcess] Logger (connect.py:on_message:43) | {'time': 1753813968, 'self_id': 703263936, 'post_type': 'meta_event', 'meta_event_type': 'heartbeat', 'status': {'online': True, 'good': True}, 'interval': 30000}
[2025-07-30 02:33:18,292.292] DEBUG    [MainThread|MainProcess] websockets.client (protocol.py:read_frame:1177) | < TEXT '{"time":1753813998,"self_id":703263936,"post_ty...true},"interval":30000}' [148 bytes]
[2025-07-30 02:33:18,292.292] DEBUG    [MainThread|MainProcess] Logger (connect.py:on_message:43) | {'time': 1753813998, 'self_id': 703263936, 'post_type': 'meta_event', 'meta_event_type': 'heartbeat', 'status': {'online': True, 'good': True}, 'interval': 30000}
[2025-07-30 02:33:48,294.294] DEBUG    [MainThread|MainProcess] websockets.client (protocol.py:read_frame:1177) | < TEXT '{"time":1753814028,"self_id":703263936,"post_ty...true},"interval":30000}' [148 bytes]
[2025-07-30 02:33:48,294.294] DEBUG    [MainThread|MainProcess] Logger (connect.py:on_message:43) | {'time': 1753814028, 'self_id': 703263936, 'post_type': 'meta_event', 'meta_event_type': 'heartbeat', 'status': {'online': True, 'good': True}, 'interval': 30000}
[2025-07-30 02:34:18,307.307] DEBUG    [MainThread|MainProcess] websockets.client (protocol.py:read_frame:1177) | < TEXT '{"time":1753814058,"self_id":703263936,"post_ty...true},"interval":30000}' [148 bytes]
[2025-07-30 02:34:18,307.307] DEBUG    [MainThread|MainProcess] Logger (connect.py:on_message:43) | {'time': 1753814058, 'self_id': 703263936, 'post_type': 'meta_event', 'meta_event_type': 'heartbeat', 'status': {'online': True, 'good': True}, 'interval': 30000}
[2025-07-30 02:34:48,318.318] DEBUG    [MainThread|MainProcess] websockets.client (protocol.py:read_frame:1177) | < TEXT '{"time":1753814088,"self_id":703263936,"post_ty...true},"interval":30000}' [148 bytes]
[2025-07-30 02:34:48,318.318] DEBUG    [MainThread|MainProcess] Logger (connect.py:on_message:43) | {'time': 1753814088, 'self_id': 703263936, 'post_type': 'meta_event', 'meta_event_type': 'heartbeat', 'status': {'online': True, 'good': True}, 'interval': 30000}
[2025-07-30 02:35:18,331.331] DEBUG    [MainThread|MainProcess] websockets.client (protocol.py:read_frame:1177) | < TEXT '{"time":1753814118,"self_id":703263936,"post_ty...true},"interval":30000}' [148 bytes]
[2025-07-30 02:35:18,331.331] DEBUG    [MainThread|MainProcess] Logger (connect.py:on_message:43) | {'time': 1753814118, 'self_id': 703263936, 'post_type': 'meta_event', 'meta_event_type': 'heartbeat', 'status': {'online': True, 'good': True}, 'interval': 30000}
[2025-07-30 02:35:48,332.332] DEBUG    [MainThread|MainProcess] websockets.client (protocol.py:read_frame:1177) | < TEXT '{"time":1753814148,"self_id":703263936,"post_ty...true},"interval":30000}' [148 bytes]
[2025-07-30 02:35:48,332.332] DEBUG    [MainThread|MainProcess] Logger (connect.py:on_message:43) | {'time': 1753814148, 'self_id': 703263936, 'post_type': 'meta_event', 'meta_event_type': 'heartbeat', 'status': {'online': True, 'good': True}, 'interval': 30000}
[2025-07-30 02:36:18,345.345] DEBUG    [MainThread|MainProcess] websockets.client (protocol.py:read_frame:1177) | < TEXT '{"time":1753814178,"self_id":703263936,"post_ty...true},"interval":30000}' [148 bytes]
[2025-07-30 02:36:18,345.345] DEBUG    [MainThread|MainProcess] Logger (connect.py:on_message:43) | {'time': 1753814178, 'self_id': 703263936, 'post_type': 'meta_event', 'meta_event_type': 'heartbeat', 'status': {'online': True, 'good': True}, 'interval': 30000}
[2025-07-30 02:36:48,357.357] DEBUG    [MainThread|MainProcess] websockets.client (protocol.py:read_frame:1177) | < TEXT '{"time":1753814208,"self_id":703263936,"post_ty...true},"interval":30000}' [148 bytes]
[2025-07-30 02:36:48,357.357] DEBUG    [MainThread|MainProcess] Logger (connect.py:on_message:43) | {'time': 1753814208, 'self_id': 703263936, 'post_type': 'meta_event', 'meta_event_type': 'heartbeat', 'status': {'online': True, 'good': True}, 'interval': 30000}
[2025-07-30 02:37:18,370.370] DEBUG    [MainThread|MainProcess] websockets.client (protocol.py:read_frame:1177) | < TEXT '{"time":1753814238,"self_id":703263936,"post_ty...true},"interval":30000}' [148 bytes]
[2025-07-30 02:37:18,370.370] DEBUG    [MainThread|MainProcess] Logger (connect.py:on_message:43) | {'time': 1753814238, 'self_id': 703263936, 'post_type': 'meta_event', 'meta_event_type': 'heartbeat', 'status': {'online': True, 'good': True}, 'interval': 30000}
[2025-07-30 02:37:48,373.373] DEBUG    [MainThread|MainProcess] websockets.client (protocol.py:read_frame:1177) | < TEXT '{"time":1753814268,"self_id":703263936,"post_ty...true},"interval":30000}' [148 bytes]
[2025-07-30 02:37:48,373.373] DEBUG    [MainThread|MainProcess] Logger (connect.py:on_message:43) | {'time': 1753814268, 'self_id': 703263936, 'post_type': 'meta_event', 'meta_event_type': 'heartbeat', 'status': {'online': True, 'good': True}, 'interval': 30000}
[2025-07-30 02:38:18,387.387] DEBUG    [MainThread|MainProcess] websockets.client (protocol.py:read_frame:1177) | < TEXT '{"time":1753814298,"self_id":703263936,"post_ty...true},"interval":30000}' [148 bytes]
[2025-07-30 02:38:18,387.387] DEBUG    [MainThread|MainProcess] Logger (connect.py:on_message:43) | {'time': 1753814298, 'self_id': 703263936, 'post_type': 'meta_event', 'meta_event_type': 'heartbeat', 'status': {'online': True, 'good': True}, 'interval': 30000}
[2025-07-30 02:38:48,398.398] DEBUG    [MainThread|MainProcess] websockets.client (protocol.py:read_frame:1177) | < TEXT '{"time":1753814328,"self_id":703263936,"post_ty...true},"interval":30000}' [148 bytes]
[2025-07-30 02:38:48,398.398] DEBUG    [MainThread|MainProcess] Logger (connect.py:on_message:43) | {'time': 1753814328, 'self_id': 703263936, 'post_type': 'meta_event', 'meta_event_type': 'heartbeat', 'status': {'online': True, 'good': True}, 'interval': 30000}
[2025-07-30 02:39:18,412.412] DEBUG    [MainThread|MainProcess] websockets.client (protocol.py:read_frame:1177) | < TEXT '{"time":1753814358,"self_id":703263936,"post_ty...true},"interval":30000}' [148 bytes]
[2025-07-30 02:39:18,412.412] DEBUG    [MainThread|MainProcess] Logger (connect.py:on_message:43) | {'time': 1753814358, 'self_id': 703263936, 'post_type': 'meta_event', 'meta_event_type': 'heartbeat', 'status': {'online': True, 'good': True}, 'interval': 30000}
[2025-07-30 02:39:48,427.427] DEBUG    [MainThread|MainProcess] websockets.client (protocol.py:read_frame:1177) | < TEXT '{"time":1753814388,"self_id":703263936,"post_ty...true},"interval":30000}' [148 bytes]
[2025-07-30 02:39:48,427.427] DEBUG    [MainThread|MainProcess] Logger (connect.py:on_message:43) | {'time': 1753814388, 'self_id': 703263936, 'post_type': 'meta_event', 'meta_event_type': 'heartbeat', 'status': {'online': True, 'good': True}, 'interval': 30000}
[2025-07-30 02:40:18,440.440] DEBUG    [MainThread|MainProcess] websockets.client (protocol.py:read_frame:1177) | < TEXT '{"time":1753814418,"self_id":703263936,"post_ty...true},"interval":30000}' [148 bytes]
[2025-07-30 02:40:18,440.440] DEBUG    [MainThread|MainProcess] Logger (connect.py:on_message:43) | {'time': 1753814418, 'self_id': 703263936, 'post_type': 'meta_event', 'meta_event_type': 'heartbeat', 'status': {'online': True, 'good': True}, 'interval': 30000}
[2025-07-30 02:40:48,452.452] DEBUG    [MainThread|MainProcess] websockets.client (protocol.py:read_frame:1177) | < TEXT '{"time":1753814448,"self_id":703263936,"post_ty...true},"interval":30000}' [148 bytes]
[2025-07-30 02:40:48,452.452] DEBUG    [MainThread|MainProcess] Logger (connect.py:on_message:43) | {'time': 1753814448, 'self_id': 703263936, 'post_type': 'meta_event', 'meta_event_type': 'heartbeat', 'status': {'online': True, 'good': True}, 'interval': 30000}
[2025-07-30 02:41:18,466.466] DEBUG    [MainThread|MainProcess] websockets.client (protocol.py:read_frame:1177) | < TEXT '{"time":1753814478,"self_id":703263936,"post_ty...true},"interval":30000}' [148 bytes]
[2025-07-30 02:41:18,466.466] DEBUG    [MainThread|MainProcess] Logger (connect.py:on_message:43) | {'time': 1753814478, 'self_id': 703263936, 'post_type': 'meta_event', 'meta_event_type': 'heartbeat', 'status': {'online': True, 'good': True}, 'interval': 30000}
[2025-07-30 02:41:48,466.466] DEBUG    [MainThread|MainProcess] websockets.client (protocol.py:read_frame:1177) | < TEXT '{"time":1753814508,"self_id":703263936,"post_ty...true},"interval":30000}' [148 bytes]
[2025-07-30 02:41:48,466.466] DEBUG    [MainThread|MainProcess] Logger (connect.py:on_message:43) | {'time': 1753814508, 'self_id': 703263936, 'post_type': 'meta_event', 'meta_event_type': 'heartbeat', 'status': {'online': True, 'good': True}, 'interval': 30000}
[2025-07-30 02:42:18,480.480] DEBUG    [MainThread|MainProcess] websockets.client (protocol.py:read_frame:1177) | < TEXT '{"time":1753814538,"self_id":703263936,"post_ty...true},"interval":30000}' [148 bytes]
[2025-07-30 02:42:18,480.480] DEBUG    [MainThread|MainProcess] Logger (connect.py:on_message:43) | {'time': 1753814538, 'self_id': 703263936, 'post_type': 'meta_event', 'meta_event_type': 'heartbeat', 'status': {'online': True, 'good': True}, 'interval': 30000}
[2025-07-30 02:42:48,479.479] DEBUG    [MainThread|MainProcess] websockets.client (protocol.py:read_frame:1177) | < TEXT '{"time":1753814568,"self_id":703263936,"post_ty...true},"interval":30000}' [148 bytes]
[2025-07-30 02:42:48,479.479] DEBUG    [MainThread|MainProcess] Logger (connect.py:on_message:43) | {'time': 1753814568, 'self_id': 703263936, 'post_type': 'meta_event', 'meta_event_type': 'heartbeat', 'status': {'online': True, 'good': True}, 'interval': 30000}
[2025-07-30 02:43:18,493.493] DEBUG    [MainThread|MainProcess] websockets.client (protocol.py:read_frame:1177) | < TEXT '{"time":1753814598,"self_id":703263936,"post_ty...true},"interval":30000}' [148 bytes]
[2025-07-30 02:43:18,493.493] DEBUG    [MainThread|MainProcess] Logger (connect.py:on_message:43) | {'time': 1753814598, 'self_id': 703263936, 'post_type': 'meta_event', 'meta_event_type': 'heartbeat', 'status': {'online': True, 'good': True}, 'interval': 30000}
[2025-07-30 02:43:48,507.507] DEBUG    [MainThread|MainProcess] websockets.client (protocol.py:read_frame:1177) | < TEXT '{"time":1753814628,"self_id":703263936,"post_ty...true},"interval":30000}' [148 bytes]
[2025-07-30 02:43:48,507.507] DEBUG    [MainThread|MainProcess] Logger (connect.py:on_message:43) | {'time': 1753814628, 'self_id': 703263936, 'post_type': 'meta_event', 'meta_event_type': 'heartbeat', 'status': {'online': True, 'good': True}, 'interval': 30000}
[2025-07-30 02:44:18,520.520] DEBUG    [MainThread|MainProcess] websockets.client (protocol.py:read_frame:1177) | < TEXT '{"time":1753814658,"self_id":703263936,"post_ty...true},"interval":30000}' [148 bytes]
[2025-07-30 02:44:18,520.520] DEBUG    [MainThread|MainProcess] Logger (connect.py:on_message:43) | {'time': 1753814658, 'self_id': 703263936, 'post_type': 'meta_event', 'meta_event_type': 'heartbeat', 'status': {'online': True, 'good': True}, 'interval': 30000}
[2025-07-30 02:44:48,532.532] DEBUG    [MainThread|MainProcess] websockets.client (protocol.py:read_frame:1177) | < TEXT '{"time":1753814688,"self_id":703263936,"post_ty...true},"interval":30000}' [148 bytes]
[2025-07-30 02:44:48,532.532] DEBUG    [MainThread|MainProcess] Logger (connect.py:on_message:43) | {'time': 1753814688, 'self_id': 703263936, 'post_type': 'meta_event', 'meta_event_type': 'heartbeat', 'status': {'online': True, 'good': True}, 'interval': 30000}
[2025-07-30 02:45:18,545.545] DEBUG    [MainThread|MainProcess] websockets.client (protocol.py:read_frame:1177) | < TEXT '{"time":1753814718,"self_id":703263936,"post_ty...true},"interval":30000}' [148 bytes]
[2025-07-30 02:45:18,545.545] DEBUG    [MainThread|MainProcess] Logger (connect.py:on_message:43) | {'time': 1753814718, 'self_id': 703263936, 'post_type': 'meta_event', 'meta_event_type': 'heartbeat', 'status': {'online': True, 'good': True}, 'interval': 30000}
[2025-07-30 02:45:48,550.550] DEBUG    [MainThread|MainProcess] websockets.client (protocol.py:read_frame:1177) | < TEXT '{"time":1753814748,"self_id":703263936,"post_ty...true},"interval":30000}' [148 bytes]
[2025-07-30 02:45:48,550.550] DEBUG    [MainThread|MainProcess] Logger (connect.py:on_message:43) | {'time': 1753814748, 'self_id': 703263936, 'post_type': 'meta_event', 'meta_event_type': 'heartbeat', 'status': {'online': True, 'good': True}, 'interval': 30000}
[2025-07-30 02:46:18,563.563] DEBUG    [MainThread|MainProcess] websockets.client (protocol.py:read_frame:1177) | < TEXT '{"time":1753814778,"self_id":703263936,"post_ty...true},"interval":30000}' [148 bytes]
[2025-07-30 02:46:18,563.563] DEBUG    [MainThread|MainProcess] Logger (connect.py:on_message:43) | {'time': 1753814778, 'self_id': 703263936, 'post_type': 'meta_event', 'meta_event_type': 'heartbeat', 'status': {'online': True, 'good': True}, 'interval': 30000}
[2025-07-30 02:46:48,572.572] DEBUG    [MainThread|MainProcess] websockets.client (protocol.py:read_frame:1177) | < TEXT '{"time":1753814808,"self_id":703263936,"post_ty...true},"interval":30000}' [148 bytes]
[2025-07-30 02:46:48,572.572] DEBUG    [MainThread|MainProcess] Logger (connect.py:on_message:43) | {'time': 1753814808, 'self_id': 703263936, 'post_type': 'meta_event', 'meta_event_type': 'heartbeat', 'status': {'online': True, 'good': True}, 'interval': 30000}
[2025-07-30 02:47:18,585.585] DEBUG    [MainThread|MainProcess] websockets.client (protocol.py:read_frame:1177) | < TEXT '{"time":1753814838,"self_id":703263936,"post_ty...true},"interval":30000}' [148 bytes]
[2025-07-30 02:47:18,585.585] DEBUG    [MainThread|MainProcess] Logger (connect.py:on_message:43) | {'time': 1753814838, 'self_id': 703263936, 'post_type': 'meta_event', 'meta_event_type': 'heartbeat', 'status': {'online': True, 'good': True}, 'interval': 30000}
[2025-07-30 02:47:48,586.586] DEBUG    [MainThread|MainProcess] websockets.client (protocol.py:read_frame:1177) | < TEXT '{"time":1753814868,"self_id":703263936,"post_ty...true},"interval":30000}' [148 bytes]
[2025-07-30 02:47:48,586.586] DEBUG    [MainThread|MainProcess] Logger (connect.py:on_message:43) | {'time': 1753814868, 'self_id': 703263936, 'post_type': 'meta_event', 'meta_event_type': 'heartbeat', 'status': {'online': True, 'good': True}, 'interval': 30000}
[2025-07-30 02:48:18,599.599] DEBUG    [MainThread|MainProcess] websockets.client (protocol.py:read_frame:1177) | < TEXT '{"time":1753814898,"self_id":703263936,"post_ty...true},"interval":30000}' [148 bytes]
[2025-07-30 02:48:18,599.599] DEBUG    [MainThread|MainProcess] Logger (connect.py:on_message:43) | {'time': 1753814898, 'self_id': 703263936, 'post_type': 'meta_event', 'meta_event_type': 'heartbeat', 'status': {'online': True, 'good': True}, 'interval': 30000}
[2025-07-30 02:48:48,611.611] DEBUG    [MainThread|MainProcess] websockets.client (protocol.py:read_frame:1177) | < TEXT '{"time":1753814928,"self_id":703263936,"post_ty...true},"interval":30000}' [148 bytes]
[2025-07-30 02:48:48,611.611] DEBUG    [MainThread|MainProcess] Logger (connect.py:on_message:43) | {'time': 1753814928, 'self_id': 703263936, 'post_type': 'meta_event', 'meta_event_type': 'heartbeat', 'status': {'online': True, 'good': True}, 'interval': 30000}
[2025-07-30 02:49:18,625.625] DEBUG    [MainThread|MainProcess] websockets.client (protocol.py:read_frame:1177) | < TEXT '{"time":1753814958,"self_id":703263936,"post_ty...true},"interval":30000}' [148 bytes]
[2025-07-30 02:49:18,625.625] DEBUG    [MainThread|MainProcess] Logger (connect.py:on_message:43) | {'time': 1753814958, 'self_id': 703263936, 'post_type': 'meta_event', 'meta_event_type': 'heartbeat', 'status': {'online': True, 'good': True}, 'interval': 30000}
[2025-07-30 02:49:48,627.627] DEBUG    [MainThread|MainProcess] websockets.client (protocol.py:read_frame:1177) | < TEXT '{"time":1753814988,"self_id":703263936,"post_ty...true},"interval":30000}' [148 bytes]
[2025-07-30 02:49:48,627.627] DEBUG    [MainThread|MainProcess] Logger (connect.py:on_message:43) | {'time': 1753814988, 'self_id': 703263936, 'post_type': 'meta_event', 'meta_event_type': 'heartbeat', 'status': {'online': True, 'good': True}, 'interval': 30000}
[2025-07-30 02:50:18,641.641] DEBUG    [MainThread|MainProcess] websockets.client (protocol.py:read_frame:1177) | < TEXT '{"time":1753815018,"self_id":703263936,"post_ty...true},"interval":30000}' [148 bytes]
[2025-07-30 02:50:18,641.641] DEBUG    [MainThread|MainProcess] Logger (connect.py:on_message:43) | {'time': 1753815018, 'self_id': 703263936, 'post_type': 'meta_event', 'meta_event_type': 'heartbeat', 'status': {'online': True, 'good': True}, 'interval': 30000}
[2025-07-30 02:50:48,651.651] DEBUG    [MainThread|MainProcess] websockets.client (protocol.py:read_frame:1177) | < TEXT '{"time":1753815048,"self_id":703263936,"post_ty...true},"interval":30000}' [148 bytes]
[2025-07-30 02:50:48,651.651] DEBUG    [MainThread|MainProcess] Logger (connect.py:on_message:43) | {'time': 1753815048, 'self_id': 703263936, 'post_type': 'meta_event', 'meta_event_type': 'heartbeat', 'status': {'online': True, 'good': True}, 'interval': 30000}
[2025-07-30 02:51:18,665.665] DEBUG    [MainThread|MainProcess] websockets.client (protocol.py:read_frame:1177) | < TEXT '{"time":1753815078,"self_id":703263936,"post_ty...true},"interval":30000}' [148 bytes]
[2025-07-30 02:51:18,665.665] DEBUG    [MainThread|MainProcess] Logger (connect.py:on_message:43) | {'time': 1753815078, 'self_id': 703263936, 'post_type': 'meta_event', 'meta_event_type': 'heartbeat', 'status': {'online': True, 'good': True}, 'interval': 30000}
[2025-07-30 02:51:48,665.665] DEBUG    [MainThread|MainProcess] websockets.client (protocol.py:read_frame:1177) | < TEXT '{"time":1753815108,"self_id":703263936,"post_ty...true},"interval":30000}' [148 bytes]
[2025-07-30 02:51:48,665.665] DEBUG    [MainThread|MainProcess] Logger (connect.py:on_message:43) | {'time': 1753815108, 'self_id': 703263936, 'post_type': 'meta_event', 'meta_event_type': 'heartbeat', 'status': {'online': True, 'good': True}, 'interval': 30000}
[2025-07-30 02:52:18,679.679] DEBUG    [MainThread|MainProcess] websockets.client (protocol.py:read_frame:1177) | < TEXT '{"time":1753815138,"self_id":703263936,"post_ty...true},"interval":30000}' [148 bytes]
[2025-07-30 02:52:18,679.679] DEBUG    [MainThread|MainProcess] Logger (connect.py:on_message:43) | {'time': 1753815138, 'self_id': 703263936, 'post_type': 'meta_event', 'meta_event_type': 'heartbeat', 'status': {'online': True, 'good': True}, 'interval': 30000}
[2025-07-30 02:52:48,688.688] DEBUG    [MainThread|MainProcess] websockets.client (protocol.py:read_frame:1177) | < TEXT '{"time":1753815168,"self_id":703263936,"post_ty...true},"interval":30000}' [148 bytes]
[2025-07-30 02:52:48,688.688] DEBUG    [MainThread|MainProcess] Logger (connect.py:on_message:43) | {'time': 1753815168, 'self_id': 703263936, 'post_type': 'meta_event', 'meta_event_type': 'heartbeat', 'status': {'online': True, 'good': True}, 'interval': 30000}
[2025-07-30 02:53:18,795.795] DEBUG    [MainThread|MainProcess] websockets.client (protocol.py:read_frame:1177) | < TEXT '{"time":1753815198,"self_id":703263936,"post_ty...true},"interval":30000}' [148 bytes]
[2025-07-30 02:53:18,795.795] DEBUG    [MainThread|MainProcess] Logger (connect.py:on_message:43) | {'time': 1753815198, 'self_id': 703263936, 'post_type': 'meta_event', 'meta_event_type': 'heartbeat', 'status': {'online': True, 'good': True}, 'interval': 30000}
[2025-07-30 02:53:48,812.812] DEBUG    [MainThread|MainProcess] websockets.client (protocol.py:read_frame:1177) | < TEXT '{"time":1753815228,"self_id":703263936,"post_ty...true},"interval":30000}' [148 bytes]
[2025-07-30 02:53:48,812.812] DEBUG    [MainThread|MainProcess] Logger (connect.py:on_message:43) | {'time': 1753815228, 'self_id': 703263936, 'post_type': 'meta_event', 'meta_event_type': 'heartbeat', 'status': {'online': True, 'good': True}, 'interval': 30000}
[2025-07-30 02:54:18,826.826] DEBUG    [MainThread|MainProcess] websockets.client (protocol.py:read_frame:1177) | < TEXT '{"time":1753815258,"self_id":703263936,"post_ty...true},"interval":30000}' [148 bytes]
[2025-07-30 02:54:18,826.826] DEBUG    [MainThread|MainProcess] Logger (connect.py:on_message:43) | {'time': 1753815258, 'self_id': 703263936, 'post_type': 'meta_event', 'meta_event_type': 'heartbeat', 'status': {'online': True, 'good': True}, 'interval': 30000}
[2025-07-30 02:54:48,840.840] DEBUG    [MainThread|MainProcess] websockets.client (protocol.py:read_frame:1177) | < TEXT '{"time":1753815288,"self_id":703263936,"post_ty...true},"interval":30000}' [148 bytes]
[2025-07-30 02:54:48,840.840] DEBUG    [MainThread|MainProcess] Logger (connect.py:on_message:43) | {'time': 1753815288, 'self_id': 703263936, 'post_type': 'meta_event', 'meta_event_type': 'heartbeat', 'status': {'online': True, 'good': True}, 'interval': 30000}
[2025-07-30 02:55:18,854.854] DEBUG    [MainThread|MainProcess] websockets.client (protocol.py:read_frame:1177) | < TEXT '{"time":1753815318,"self_id":703263936,"post_ty...true},"interval":30000}' [148 bytes]
[2025-07-30 02:55:18,854.854] DEBUG    [MainThread|MainProcess] Logger (connect.py:on_message:43) | {'time': 1753815318, 'self_id': 703263936, 'post_type': 'meta_event', 'meta_event_type': 'heartbeat', 'status': {'online': True, 'good': True}, 'interval': 30000}
[2025-07-30 02:55:48,869.869] DEBUG    [MainThread|MainProcess] websockets.client (protocol.py:read_frame:1177) | < TEXT '{"time":1753815348,"self_id":703263936,"post_ty...true},"interval":30000}' [148 bytes]
[2025-07-30 02:55:48,869.869] DEBUG    [MainThread|MainProcess] Logger (connect.py:on_message:43) | {'time': 1753815348, 'self_id': 703263936, 'post_type': 'meta_event', 'meta_event_type': 'heartbeat', 'status': {'online': True, 'good': True}, 'interval': 30000}
[2025-07-30 02:56:18,882.882] DEBUG    [MainThread|MainProcess] websockets.client (protocol.py:read_frame:1177) | < TEXT '{"time":1753815378,"self_id":703263936,"post_ty...true},"interval":30000}' [148 bytes]
[2025-07-30 02:56:18,882.882] DEBUG    [MainThread|MainProcess] Logger (connect.py:on_message:43) | {'time': 1753815378, 'self_id': 703263936, 'post_type': 'meta_event', 'meta_event_type': 'heartbeat', 'status': {'online': True, 'good': True}, 'interval': 30000}
[2025-07-30 02:56:48,896.896] DEBUG    [MainThread|MainProcess] websockets.client (protocol.py:read_frame:1177) | < TEXT '{"time":1753815408,"self_id":703263936,"post_ty...true},"interval":30000}' [148 bytes]
[2025-07-30 02:56:48,896.896] DEBUG    [MainThread|MainProcess] Logger (connect.py:on_message:43) | {'time': 1753815408, 'self_id': 703263936, 'post_type': 'meta_event', 'meta_event_type': 'heartbeat', 'status': {'online': True, 'good': True}, 'interval': 30000}
[2025-07-30 02:57:18,910.910] DEBUG    [MainThread|MainProcess] websockets.client (protocol.py:read_frame:1177) | < TEXT '{"time":1753815438,"self_id":703263936,"post_ty...true},"interval":30000}' [148 bytes]
[2025-07-30 02:57:18,910.910] DEBUG    [MainThread|MainProcess] Logger (connect.py:on_message:43) | {'time': 1753815438, 'self_id': 703263936, 'post_type': 'meta_event', 'meta_event_type': 'heartbeat', 'status': {'online': True, 'good': True}, 'interval': 30000}
[2025-07-30 02:57:48,910.910] DEBUG    [MainThread|MainProcess] websockets.client (protocol.py:read_frame:1177) | < TEXT '{"time":1753815468,"self_id":703263936,"post_ty...true},"interval":30000}' [148 bytes]
[2025-07-30 02:57:48,910.910] DEBUG    [MainThread|MainProcess] Logger (connect.py:on_message:43) | {'time': 1753815468, 'self_id': 703263936, 'post_type': 'meta_event', 'meta_event_type': 'heartbeat', 'status': {'online': True, 'good': True}, 'interval': 30000}
[2025-07-30 02:58:18,923.923] DEBUG    [MainThread|MainProcess] websockets.client (protocol.py:read_frame:1177) | < TEXT '{"time":1753815498,"self_id":703263936,"post_ty...true},"interval":30000}' [148 bytes]
[2025-07-30 02:58:18,923.923] DEBUG    [MainThread|MainProcess] Logger (connect.py:on_message:43) | {'time': 1753815498, 'self_id': 703263936, 'post_type': 'meta_event', 'meta_event_type': 'heartbeat', 'status': {'online': True, 'good': True}, 'interval': 30000}
[2025-07-30 02:58:48,935.935] DEBUG    [MainThread|MainProcess] websockets.client (protocol.py:read_frame:1177) | < TEXT '{"time":1753815528,"self_id":703263936,"post_ty...true},"interval":30000}' [148 bytes]
[2025-07-30 02:58:48,935.935] DEBUG    [MainThread|MainProcess] Logger (connect.py:on_message:43) | {'time': 1753815528, 'self_id': 703263936, 'post_type': 'meta_event', 'meta_event_type': 'heartbeat', 'status': {'online': True, 'good': True}, 'interval': 30000}
[2025-07-30 02:59:18,949.949] DEBUG    [MainThread|MainProcess] websockets.client (protocol.py:read_frame:1177) | < TEXT '{"time":1753815558,"self_id":703263936,"post_ty...true},"interval":30000}' [148 bytes]
[2025-07-30 02:59:18,949.949] DEBUG    [MainThread|MainProcess] Logger (connect.py:on_message:43) | {'time': 1753815558, 'self_id': 703263936, 'post_type': 'meta_event', 'meta_event_type': 'heartbeat', 'status': {'online': True, 'good': True}, 'interval': 30000}
[2025-07-30 02:59:48,949.949] DEBUG    [MainThread|MainProcess] websockets.client (protocol.py:read_frame:1177) | < TEXT '{"time":1753815588,"self_id":703263936,"post_ty...true},"interval":30000}' [148 bytes]
[2025-07-30 02:59:48,949.949] DEBUG    [MainThread|MainProcess] Logger (connect.py:on_message:43) | {'time': 1753815588, 'self_id': 703263936, 'post_type': 'meta_event', 'meta_event_type': 'heartbeat', 'status': {'online': True, 'good': True}, 'interval': 30000}
[2025-07-30 03:00:18,963.963] DEBUG    [MainThread|MainProcess] websockets.client (protocol.py:read_frame:1177) | < TEXT '{"time":1753815618,"self_id":703263936,"post_ty...true},"interval":30000}' [148 bytes]
[2025-07-30 03:00:18,963.963] DEBUG    [MainThread|MainProcess] Logger (connect.py:on_message:43) | {'time': 1753815618, 'self_id': 703263936, 'post_type': 'meta_event', 'meta_event_type': 'heartbeat', 'status': {'online': True, 'good': True}, 'interval': 30000}
[2025-07-30 03:00:48,975.975] DEBUG    [MainThread|MainProcess] websockets.client (protocol.py:read_frame:1177) | < TEXT '{"time":1753815648,"self_id":703263936,"post_ty...true},"interval":30000}' [148 bytes]
[2025-07-30 03:00:48,975.975] DEBUG    [MainThread|MainProcess] Logger (connect.py:on_message:43) | {'time': 1753815648, 'self_id': 703263936, 'post_type': 'meta_event', 'meta_event_type': 'heartbeat', 'status': {'online': True, 'good': True}, 'interval': 30000}
[2025-07-30 03:01:18,988.988] DEBUG    [MainThread|MainProcess] websockets.client (protocol.py:read_frame:1177) | < TEXT '{"time":1753815678,"self_id":703263936,"post_ty...true},"interval":30000}' [148 bytes]
[2025-07-30 03:01:18,988.988] DEBUG    [MainThread|MainProcess] Logger (connect.py:on_message:43) | {'time': 1753815678, 'self_id': 703263936, 'post_type': 'meta_event', 'meta_event_type': 'heartbeat', 'status': {'online': True, 'good': True}, 'interval': 30000}
[2025-07-30 03:01:48,990.990] DEBUG    [MainThread|MainProcess] websockets.client (protocol.py:read_frame:1177) | < TEXT '{"time":1753815708,"self_id":703263936,"post_ty...true},"interval":30000}' [148 bytes]
[2025-07-30 03:01:48,990.990] DEBUG    [MainThread|MainProcess] Logger (connect.py:on_message:43) | {'time': 1753815708, 'self_id': 703263936, 'post_type': 'meta_event', 'meta_event_type': 'heartbeat', 'status': {'online': True, 'good': True}, 'interval': 30000}
[2025-07-30 03:02:19,003.003] DEBUG    [MainThread|MainProcess] websockets.client (protocol.py:read_frame:1177) | < TEXT '{"time":1753815739,"self_id":703263936,"post_ty...true},"interval":30000}' [148 bytes]
[2025-07-30 03:02:19,003.003] DEBUG    [MainThread|MainProcess] Logger (connect.py:on_message:43) | {'time': 1753815739, 'self_id': 703263936, 'post_type': 'meta_event', 'meta_event_type': 'heartbeat', 'status': {'online': True, 'good': True}, 'interval': 30000}
[2025-07-30 03:02:49,018.018] DEBUG    [MainThread|MainProcess] websockets.client (protocol.py:read_frame:1177) | < TEXT '{"time":1753815769,"self_id":703263936,"post_ty...true},"interval":30000}' [148 bytes]
[2025-07-30 03:02:49,018.018] DEBUG    [MainThread|MainProcess] Logger (connect.py:on_message:43) | {'time': 1753815769, 'self_id': 703263936, 'post_type': 'meta_event', 'meta_event_type': 'heartbeat', 'status': {'online': True, 'good': True}, 'interval': 30000}
[2025-07-30 03:03:19,025.025] DEBUG    [MainThread|MainProcess] websockets.client (protocol.py:read_frame:1177) | < TEXT '{"time":1753815799,"self_id":703263936,"post_ty...true},"interval":30000}' [148 bytes]
[2025-07-30 03:03:19,025.025] DEBUG    [MainThread|MainProcess] Logger (connect.py:on_message:43) | {'time': 1753815799, 'self_id': 703263936, 'post_type': 'meta_event', 'meta_event_type': 'heartbeat', 'status': {'online': True, 'good': True}, 'interval': 30000}
[2025-07-30 03:03:49,035.035] DEBUG    [MainThread|MainProcess] websockets.client (protocol.py:read_frame:1177) | < TEXT '{"time":1753815829,"self_id":703263936,"post_ty...true},"interval":30000}' [148 bytes]
[2025-07-30 03:03:49,035.035] DEBUG    [MainThread|MainProcess] Logger (connect.py:on_message:43) | {'time': 1753815829, 'self_id': 703263936, 'post_type': 'meta_event', 'meta_event_type': 'heartbeat', 'status': {'online': True, 'good': True}, 'interval': 30000}
[2025-07-30 03:04:19,048.048] DEBUG    [MainThread|MainProcess] websockets.client (protocol.py:read_frame:1177) | < TEXT '{"time":1753815859,"self_id":703263936,"post_ty...true},"interval":30000}' [148 bytes]
[2025-07-30 03:04:19,048.048] DEBUG    [MainThread|MainProcess] Logger (connect.py:on_message:43) | {'time': 1753815859, 'self_id': 703263936, 'post_type': 'meta_event', 'meta_event_type': 'heartbeat', 'status': {'online': True, 'good': True}, 'interval': 30000}
[2025-07-30 03:04:49,059.059] DEBUG    [MainThread|MainProcess] websockets.client (protocol.py:read_frame:1177) | < TEXT '{"time":1753815889,"self_id":703263936,"post_ty...true},"interval":30000}' [148 bytes]
[2025-07-30 03:04:49,059.059] DEBUG    [MainThread|MainProcess] Logger (connect.py:on_message:43) | {'time': 1753815889, 'self_id': 703263936, 'post_type': 'meta_event', 'meta_event_type': 'heartbeat', 'status': {'online': True, 'good': True}, 'interval': 30000}
[2025-07-30 03:05:19,069.069] DEBUG    [MainThread|MainProcess] websockets.client (protocol.py:read_frame:1177) | < TEXT '{"time":1753815919,"self_id":703263936,"post_ty...true},"interval":30000}' [148 bytes]
[2025-07-30 03:05:19,069.069] DEBUG    [MainThread|MainProcess] Logger (connect.py:on_message:43) | {'time': 1753815919, 'self_id': 703263936, 'post_type': 'meta_event', 'meta_event_type': 'heartbeat', 'status': {'online': True, 'good': True}, 'interval': 30000}
[2025-07-30 03:05:49,082.082] DEBUG    [MainThread|MainProcess] websockets.client (protocol.py:read_frame:1177) | < TEXT '{"time":1753815949,"self_id":703263936,"post_ty...true},"interval":30000}' [148 bytes]
[2025-07-30 03:05:49,082.082] DEBUG    [MainThread|MainProcess] Logger (connect.py:on_message:43) | {'time': 1753815949, 'self_id': 703263936, 'post_type': 'meta_event', 'meta_event_type': 'heartbeat', 'status': {'online': True, 'good': True}, 'interval': 30000}
[2025-07-30 03:06:19,096.096] DEBUG    [MainThread|MainProcess] websockets.client (protocol.py:read_frame:1177) | < TEXT '{"time":1753815979,"self_id":703263936,"post_ty...true},"interval":30000}' [148 bytes]
[2025-07-30 03:06:19,096.096] DEBUG    [MainThread|MainProcess] Logger (connect.py:on_message:43) | {'time': 1753815979, 'self_id': 703263936, 'post_type': 'meta_event', 'meta_event_type': 'heartbeat', 'status': {'online': True, 'good': True}, 'interval': 30000}
[2025-07-30 03:06:49,097.097] DEBUG    [MainThread|MainProcess] websockets.client (protocol.py:read_frame:1177) | < TEXT '{"time":1753816009,"self_id":703263936,"post_ty...true},"interval":30000}' [148 bytes]
[2025-07-30 03:06:49,097.097] DEBUG    [MainThread|MainProcess] Logger (connect.py:on_message:43) | {'time': 1753816009, 'self_id': 703263936, 'post_type': 'meta_event', 'meta_event_type': 'heartbeat', 'status': {'online': True, 'good': True}, 'interval': 30000}
[2025-07-30 03:07:19,109.109] DEBUG    [MainThread|MainProcess] websockets.client (protocol.py:read_frame:1177) | < TEXT '{"time":1753816039,"self_id":703263936,"post_ty...true},"interval":30000}' [148 bytes]
[2025-07-30 03:07:19,109.109] DEBUG    [MainThread|MainProcess] Logger (connect.py:on_message:43) | {'time': 1753816039, 'self_id': 703263936, 'post_type': 'meta_event', 'meta_event_type': 'heartbeat', 'status': {'online': True, 'good': True}, 'interval': 30000}
[2025-07-30 03:07:49,122.122] DEBUG    [MainThread|MainProcess] websockets.client (protocol.py:read_frame:1177) | < TEXT '{"time":1753816069,"self_id":703263936,"post_ty...true},"interval":30000}' [148 bytes]
[2025-07-30 03:07:49,122.122] DEBUG    [MainThread|MainProcess] Logger (connect.py:on_message:43) | {'time': 1753816069, 'self_id': 703263936, 'post_type': 'meta_event', 'meta_event_type': 'heartbeat', 'status': {'online': True, 'good': True}, 'interval': 30000}
[2025-07-30 03:08:19,136.136] DEBUG    [MainThread|MainProcess] websockets.client (protocol.py:read_frame:1177) | < TEXT '{"time":1753816099,"self_id":703263936,"post_ty...true},"interval":30000}' [148 bytes]
[2025-07-30 03:08:19,136.136] DEBUG    [MainThread|MainProcess] Logger (connect.py:on_message:43) | {'time': 1753816099, 'self_id': 703263936, 'post_type': 'meta_event', 'meta_event_type': 'heartbeat', 'status': {'online': True, 'good': True}, 'interval': 30000}
[2025-07-30 03:08:49,140.140] DEBUG    [MainThread|MainProcess] websockets.client (protocol.py:read_frame:1177) | < TEXT '{"time":1753816129,"self_id":703263936,"post_ty...true},"interval":30000}' [148 bytes]
[2025-07-30 03:08:49,140.140] DEBUG    [MainThread|MainProcess] Logger (connect.py:on_message:43) | {'time': 1753816129, 'self_id': 703263936, 'post_type': 'meta_event', 'meta_event_type': 'heartbeat', 'status': {'online': True, 'good': True}, 'interval': 30000}
[2025-07-30 03:09:19,151.151] DEBUG    [MainThread|MainProcess] websockets.client (protocol.py:read_frame:1177) | < TEXT '{"time":1753816159,"self_id":703263936,"post_ty...true},"interval":30000}' [148 bytes]
[2025-07-30 03:09:19,151.151] DEBUG    [MainThread|MainProcess] Logger (connect.py:on_message:43) | {'time': 1753816159, 'self_id': 703263936, 'post_type': 'meta_event', 'meta_event_type': 'heartbeat', 'status': {'online': True, 'good': True}, 'interval': 30000}
[2025-07-30 03:09:49,164.164] DEBUG    [MainThread|MainProcess] websockets.client (protocol.py:read_frame:1177) | < TEXT '{"time":1753816189,"self_id":703263936,"post_ty...true},"interval":30000}' [148 bytes]
[2025-07-30 03:09:49,164.164] DEBUG    [MainThread|MainProcess] Logger (connect.py:on_message:43) | {'time': 1753816189, 'self_id': 703263936, 'post_type': 'meta_event', 'meta_event_type': 'heartbeat', 'status': {'online': True, 'good': True}, 'interval': 30000}
[2025-07-30 03:10:19,178.178] DEBUG    [MainThread|MainProcess] websockets.client (protocol.py:read_frame:1177) | < TEXT '{"time":1753816219,"self_id":703263936,"post_ty...true},"interval":30000}' [148 bytes]
[2025-07-30 03:10:19,178.178] DEBUG    [MainThread|MainProcess] Logger (connect.py:on_message:43) | {'time': 1753816219, 'self_id': 703263936, 'post_type': 'meta_event', 'meta_event_type': 'heartbeat', 'status': {'online': True, 'good': True}, 'interval': 30000}
[2025-07-30 03:10:49,183.183] DEBUG    [MainThread|MainProcess] websockets.client (protocol.py:read_frame:1177) | < TEXT '{"time":1753816249,"self_id":703263936,"post_ty...true},"interval":30000}' [148 bytes]
[2025-07-30 03:10:49,183.183] DEBUG    [MainThread|MainProcess] Logger (connect.py:on_message:43) | {'time': 1753816249, 'self_id': 703263936, 'post_type': 'meta_event', 'meta_event_type': 'heartbeat', 'status': {'online': True, 'good': True}, 'interval': 30000}
[2025-07-30 03:11:19,197.197] DEBUG    [MainThread|MainProcess] websockets.client (protocol.py:read_frame:1177) | < TEXT '{"time":1753816279,"self_id":703263936,"post_ty...true},"interval":30000}' [148 bytes]
[2025-07-30 03:11:19,197.197] DEBUG    [MainThread|MainProcess] Logger (connect.py:on_message:43) | {'time': 1753816279, 'self_id': 703263936, 'post_type': 'meta_event', 'meta_event_type': 'heartbeat', 'status': {'online': True, 'good': True}, 'interval': 30000}
[2025-07-30 03:11:49,201.201] DEBUG    [MainThread|MainProcess] websockets.client (protocol.py:read_frame:1177) | < TEXT '{"time":1753816309,"self_id":703263936,"post_ty...true},"interval":30000}' [148 bytes]
[2025-07-30 03:11:49,201.201] DEBUG    [MainThread|MainProcess] Logger (connect.py:on_message:43) | {'time': 1753816309, 'self_id': 703263936, 'post_type': 'meta_event', 'meta_event_type': 'heartbeat', 'status': {'online': True, 'good': True}, 'interval': 30000}
[2025-07-30 03:12:19,215.215] DEBUG    [MainThread|MainProcess] websockets.client (protocol.py:read_frame:1177) | < TEXT '{"time":1753816339,"self_id":703263936,"post_ty...true},"interval":30000}' [148 bytes]
[2025-07-30 03:12:19,215.215] DEBUG    [MainThread|MainProcess] Logger (connect.py:on_message:43) | {'time': 1753816339, 'self_id': 703263936, 'post_type': 'meta_event', 'meta_event_type': 'heartbeat', 'status': {'online': True, 'good': True}, 'interval': 30000}
[2025-07-30 03:12:49,216.216] DEBUG    [MainThread|MainProcess] websockets.client (protocol.py:read_frame:1177) | < TEXT '{"time":1753816369,"self_id":703263936,"post_ty...true},"interval":30000}' [148 bytes]
[2025-07-30 03:12:49,216.216] DEBUG    [MainThread|MainProcess] Logger (connect.py:on_message:43) | {'time': 1753816369, 'self_id': 703263936, 'post_type': 'meta_event', 'meta_event_type': 'heartbeat', 'status': {'online': True, 'good': True}, 'interval': 30000}
[2025-07-30 03:13:19,228.228] DEBUG    [MainThread|MainProcess] websockets.client (protocol.py:read_frame:1177) | < TEXT '{"time":1753816399,"self_id":703263936,"post_ty...true},"interval":30000}' [148 bytes]
[2025-07-30 03:13:19,228.228] DEBUG    [MainThread|MainProcess] Logger (connect.py:on_message:43) | {'time': 1753816399, 'self_id': 703263936, 'post_type': 'meta_event', 'meta_event_type': 'heartbeat', 'status': {'online': True, 'good': True}, 'interval': 30000}
[2025-07-30 03:13:49,241.241] DEBUG    [MainThread|MainProcess] websockets.client (protocol.py:read_frame:1177) | < TEXT '{"time":1753816429,"self_id":703263936,"post_ty...true},"interval":30000}' [148 bytes]
[2025-07-30 03:13:49,241.241] DEBUG    [MainThread|MainProcess] Logger (connect.py:on_message:43) | {'time': 1753816429, 'self_id': 703263936, 'post_type': 'meta_event', 'meta_event_type': 'heartbeat', 'status': {'online': True, 'good': True}, 'interval': 30000}
[2025-07-30 03:14:19,255.255] DEBUG    [MainThread|MainProcess] websockets.client (protocol.py:read_frame:1177) | < TEXT '{"time":1753816459,"self_id":703263936,"post_ty...true},"interval":30000}' [148 bytes]
[2025-07-30 03:14:19,255.255] DEBUG    [MainThread|MainProcess] Logger (connect.py:on_message:43) | {'time': 1753816459, 'self_id': 703263936, 'post_type': 'meta_event', 'meta_event_type': 'heartbeat', 'status': {'online': True, 'good': True}, 'interval': 30000}
[2025-07-30 03:14:49,257.257] DEBUG    [MainThread|MainProcess] websockets.client (protocol.py:read_frame:1177) | < TEXT '{"time":1753816489,"self_id":703263936,"post_ty...true},"interval":30000}' [148 bytes]
[2025-07-30 03:14:49,257.257] DEBUG    [MainThread|MainProcess] Logger (connect.py:on_message:43) | {'time': 1753816489, 'self_id': 703263936, 'post_type': 'meta_event', 'meta_event_type': 'heartbeat', 'status': {'online': True, 'good': True}, 'interval': 30000}
[2025-07-30 03:15:19,268.268] DEBUG    [MainThread|MainProcess] websockets.client (protocol.py:read_frame:1177) | < TEXT '{"time":1753816519,"self_id":703263936,"post_ty...true},"interval":30000}' [148 bytes]
[2025-07-30 03:15:19,268.268] DEBUG    [MainThread|MainProcess] Logger (connect.py:on_message:43) | {'time': 1753816519, 'self_id': 703263936, 'post_type': 'meta_event', 'meta_event_type': 'heartbeat', 'status': {'online': True, 'good': True}, 'interval': 30000}
[2025-07-30 03:15:49,281.281] DEBUG    [MainThread|MainProcess] websockets.client (protocol.py:read_frame:1177) | < TEXT '{"time":1753816549,"self_id":703263936,"post_ty...true},"interval":30000}' [148 bytes]
[2025-07-30 03:15:49,281.281] DEBUG    [MainThread|MainProcess] Logger (connect.py:on_message:43) | {'time': 1753816549, 'self_id': 703263936, 'post_type': 'meta_event', 'meta_event_type': 'heartbeat', 'status': {'online': True, 'good': True}, 'interval': 30000}
[2025-07-30 03:16:19,295.295] DEBUG    [MainThread|MainProcess] websockets.client (protocol.py:read_frame:1177) | < TEXT '{"time":1753816579,"self_id":703263936,"post_ty...true},"interval":30000}' [148 bytes]
[2025-07-30 03:16:19,295.295] DEBUG    [MainThread|MainProcess] Logger (connect.py:on_message:43) | {'time': 1753816579, 'self_id': 703263936, 'post_type': 'meta_event', 'meta_event_type': 'heartbeat', 'status': {'online': True, 'good': True}, 'interval': 30000}
[2025-07-30 03:16:49,296.296] DEBUG    [MainThread|MainProcess] websockets.client (protocol.py:read_frame:1177) | < TEXT '{"time":1753816609,"self_id":703263936,"post_ty...true},"interval":30000}' [148 bytes]
[2025-07-30 03:16:49,296.296] DEBUG    [MainThread|MainProcess] Logger (connect.py:on_message:43) | {'time': 1753816609, 'self_id': 703263936, 'post_type': 'meta_event', 'meta_event_type': 'heartbeat', 'status': {'online': True, 'good': True}, 'interval': 30000}
[2025-07-30 03:17:19,307.307] DEBUG    [MainThread|MainProcess] websockets.client (protocol.py:read_frame:1177) | < TEXT '{"time":1753816639,"self_id":703263936,"post_ty...true},"interval":30000}' [148 bytes]
[2025-07-30 03:17:19,307.307] DEBUG    [MainThread|MainProcess] Logger (connect.py:on_message:43) | {'time': 1753816639, 'self_id': 703263936, 'post_type': 'meta_event', 'meta_event_type': 'heartbeat', 'status': {'online': True, 'good': True}, 'interval': 30000}
[2025-07-30 03:17:49,320.320] DEBUG    [MainThread|MainProcess] websockets.client (protocol.py:read_frame:1177) | < TEXT '{"time":1753816669,"self_id":703263936,"post_ty...true},"interval":30000}' [148 bytes]
[2025-07-30 03:17:49,320.320] DEBUG    [MainThread|MainProcess] Logger (connect.py:on_message:43) | {'time': 1753816669, 'self_id': 703263936, 'post_type': 'meta_event', 'meta_event_type': 'heartbeat', 'status': {'online': True, 'good': True}, 'interval': 30000}
[2025-07-30 03:18:19,334.334] DEBUG    [MainThread|MainProcess] websockets.client (protocol.py:read_frame:1177) | < TEXT '{"time":1753816699,"self_id":703263936,"post_ty...true},"interval":30000}' [148 bytes]
[2025-07-30 03:18:19,334.334] DEBUG    [MainThread|MainProcess] Logger (connect.py:on_message:43) | {'time': 1753816699, 'self_id': 703263936, 'post_type': 'meta_event', 'meta_event_type': 'heartbeat', 'status': {'online': True, 'good': True}, 'interval': 30000}
[2025-07-30 03:18:49,349.349] DEBUG    [MainThread|MainProcess] websockets.client (protocol.py:read_frame:1177) | < TEXT '{"time":1753816729,"self_id":703263936,"post_ty...true},"interval":30000}' [148 bytes]
[2025-07-30 03:18:49,349.349] DEBUG    [MainThread|MainProcess] Logger (connect.py:on_message:43) | {'time': 1753816729, 'self_id': 703263936, 'post_type': 'meta_event', 'meta_event_type': 'heartbeat', 'status': {'online': True, 'good': True}, 'interval': 30000}
[2025-07-30 03:19:19,360.360] DEBUG    [MainThread|MainProcess] websockets.client (protocol.py:read_frame:1177) | < TEXT '{"time":1753816759,"self_id":703263936,"post_ty...true},"interval":30000}' [148 bytes]
[2025-07-30 03:19:19,360.360] DEBUG    [MainThread|MainProcess] Logger (connect.py:on_message:43) | {'time': 1753816759, 'self_id': 703263936, 'post_type': 'meta_event', 'meta_event_type': 'heartbeat', 'status': {'online': True, 'good': True}, 'interval': 30000}
[2025-07-30 03:19:49,374.374] DEBUG    [MainThread|MainProcess] websockets.client (protocol.py:read_frame:1177) | < TEXT '{"time":1753816789,"self_id":703263936,"post_ty...true},"interval":30000}' [148 bytes]
[2025-07-30 03:19:49,374.374] DEBUG    [MainThread|MainProcess] Logger (connect.py:on_message:43) | {'time': 1753816789, 'self_id': 703263936, 'post_type': 'meta_event', 'meta_event_type': 'heartbeat', 'status': {'online': True, 'good': True}, 'interval': 30000}
[2025-07-30 03:20:19,387.387] DEBUG    [MainThread|MainProcess] websockets.client (protocol.py:read_frame:1177) | < TEXT '{"time":1753816819,"self_id":703263936,"post_ty...true},"interval":30000}' [148 bytes]
[2025-07-30 03:20:19,387.387] DEBUG    [MainThread|MainProcess] Logger (connect.py:on_message:43) | {'time': 1753816819, 'self_id': 703263936, 'post_type': 'meta_event', 'meta_event_type': 'heartbeat', 'status': {'online': True, 'good': True}, 'interval': 30000}
[2025-07-30 03:20:49,391.391] DEBUG    [MainThread|MainProcess] websockets.client (protocol.py:read_frame:1177) | < TEXT '{"time":1753816849,"self_id":703263936,"post_ty...true},"interval":30000}' [148 bytes]
[2025-07-30 03:20:49,391.391] DEBUG    [MainThread|MainProcess] Logger (connect.py:on_message:43) | {'time': 1753816849, 'self_id': 703263936, 'post_type': 'meta_event', 'meta_event_type': 'heartbeat', 'status': {'online': True, 'good': True}, 'interval': 30000}
[2025-07-30 03:21:19,402.402] DEBUG    [MainThread|MainProcess] websockets.client (protocol.py:read_frame:1177) | < TEXT '{"time":1753816879,"self_id":703263936,"post_ty...true},"interval":30000}' [148 bytes]
[2025-07-30 03:21:19,402.402] DEBUG    [MainThread|MainProcess] Logger (connect.py:on_message:43) | {'time': 1753816879, 'self_id': 703263936, 'post_type': 'meta_event', 'meta_event_type': 'heartbeat', 'status': {'online': True, 'good': True}, 'interval': 30000}
[2025-07-30 03:21:49,415.415] DEBUG    [MainThread|MainProcess] websockets.client (protocol.py:read_frame:1177) | < TEXT '{"time":1753816909,"self_id":703263936,"post_ty...true},"interval":30000}' [148 bytes]
[2025-07-30 03:21:49,415.415] DEBUG    [MainThread|MainProcess] Logger (connect.py:on_message:43) | {'time': 1753816909, 'self_id': 703263936, 'post_type': 'meta_event', 'meta_event_type': 'heartbeat', 'status': {'online': True, 'good': True}, 'interval': 30000}
[2025-07-30 03:22:19,429.429] DEBUG    [MainThread|MainProcess] websockets.client (protocol.py:read_frame:1177) | < TEXT '{"time":1753816939,"self_id":703263936,"post_ty...true},"interval":30000}' [148 bytes]
[2025-07-30 03:22:19,429.429] DEBUG    [MainThread|MainProcess] Logger (connect.py:on_message:43) | {'time': 1753816939, 'self_id': 703263936, 'post_type': 'meta_event', 'meta_event_type': 'heartbeat', 'status': {'online': True, 'good': True}, 'interval': 30000}
[2025-07-30 03:22:49,431.431] DEBUG    [MainThread|MainProcess] websockets.client (protocol.py:read_frame:1177) | < TEXT '{"time":1753816969,"self_id":703263936,"post_ty...true},"interval":30000}' [148 bytes]
[2025-07-30 03:22:49,431.431] DEBUG    [MainThread|MainProcess] Logger (connect.py:on_message:43) | {'time': 1753816969, 'self_id': 703263936, 'post_type': 'meta_event', 'meta_event_type': 'heartbeat', 'status': {'online': True, 'good': True}, 'interval': 30000}
[2025-07-30 03:23:19,442.442] DEBUG    [MainThread|MainProcess] websockets.client (protocol.py:read_frame:1177) | < TEXT '{"time":1753816999,"self_id":703263936,"post_ty...true},"interval":30000}' [148 bytes]
[2025-07-30 03:23:19,442.442] DEBUG    [MainThread|MainProcess] Logger (connect.py:on_message:43) | {'time': 1753816999, 'self_id': 703263936, 'post_type': 'meta_event', 'meta_event_type': 'heartbeat', 'status': {'online': True, 'good': True}, 'interval': 30000}
[2025-07-30 03:23:49,456.456] DEBUG    [MainThread|MainProcess] websockets.client (protocol.py:read_frame:1177) | < TEXT '{"time":1753817029,"self_id":703263936,"post_ty...true},"interval":30000}' [148 bytes]
[2025-07-30 03:23:49,456.456] DEBUG    [MainThread|MainProcess] Logger (connect.py:on_message:43) | {'time': 1753817029, 'self_id': 703263936, 'post_type': 'meta_event', 'meta_event_type': 'heartbeat', 'status': {'online': True, 'good': True}, 'interval': 30000}
[2025-07-30 03:24:19,469.469] DEBUG    [MainThread|MainProcess] websockets.client (protocol.py:read_frame:1177) | < TEXT '{"time":1753817059,"self_id":703263936,"post_ty...true},"interval":30000}' [148 bytes]
[2025-07-30 03:24:19,469.469] DEBUG    [MainThread|MainProcess] Logger (connect.py:on_message:43) | {'time': 1753817059, 'self_id': 703263936, 'post_type': 'meta_event', 'meta_event_type': 'heartbeat', 'status': {'online': True, 'good': True}, 'interval': 30000}
[2025-07-30 03:24:49,469.469] DEBUG    [MainThread|MainProcess] websockets.client (protocol.py:read_frame:1177) | < TEXT '{"time":1753817089,"self_id":703263936,"post_ty...true},"interval":30000}' [148 bytes]
[2025-07-30 03:24:49,469.469] DEBUG    [MainThread|MainProcess] Logger (connect.py:on_message:43) | {'time': 1753817089, 'self_id': 703263936, 'post_type': 'meta_event', 'meta_event_type': 'heartbeat', 'status': {'online': True, 'good': True}, 'interval': 30000}
[2025-07-30 03:25:19,479.479] DEBUG    [MainThread|MainProcess] websockets.client (protocol.py:read_frame:1177) | < TEXT '{"time":1753817119,"self_id":703263936,"post_ty...true},"interval":30000}' [148 bytes]
[2025-07-30 03:25:19,479.479] DEBUG    [MainThread|MainProcess] Logger (connect.py:on_message:43) | {'time': 1753817119, 'self_id': 703263936, 'post_type': 'meta_event', 'meta_event_type': 'heartbeat', 'status': {'online': True, 'good': True}, 'interval': 30000}
[2025-07-30 03:25:49,493.493] DEBUG    [MainThread|MainProcess] websockets.client (protocol.py:read_frame:1177) | < TEXT '{"time":1753817149,"self_id":703263936,"post_ty...true},"interval":30000}' [148 bytes]
[2025-07-30 03:25:49,493.493] DEBUG    [MainThread|MainProcess] Logger (connect.py:on_message:43) | {'time': 1753817149, 'self_id': 703263936, 'post_type': 'meta_event', 'meta_event_type': 'heartbeat', 'status': {'online': True, 'good': True}, 'interval': 30000}
[2025-07-30 03:26:19,506.506] DEBUG    [MainThread|MainProcess] websockets.client (protocol.py:read_frame:1177) | < TEXT '{"time":1753817179,"self_id":703263936,"post_ty...true},"interval":30000}' [148 bytes]
[2025-07-30 03:26:19,506.506] DEBUG    [MainThread|MainProcess] Logger (connect.py:on_message:43) | {'time': 1753817179, 'self_id': 703263936, 'post_type': 'meta_event', 'meta_event_type': 'heartbeat', 'status': {'online': True, 'good': True}, 'interval': 30000}
[2025-07-30 03:26:49,508.508] DEBUG    [MainThread|MainProcess] websockets.client (protocol.py:read_frame:1177) | < TEXT '{"time":1753817209,"self_id":703263936,"post_ty...true},"interval":30000}' [148 bytes]
[2025-07-30 03:26:49,508.508] DEBUG    [MainThread|MainProcess] Logger (connect.py:on_message:43) | {'time': 1753817209, 'self_id': 703263936, 'post_type': 'meta_event', 'meta_event_type': 'heartbeat', 'status': {'online': True, 'good': True}, 'interval': 30000}
[2025-07-30 03:27:19,519.519] DEBUG    [MainThread|MainProcess] websockets.client (protocol.py:read_frame:1177) | < TEXT '{"time":1753817239,"self_id":703263936,"post_ty...true},"interval":30000}' [148 bytes]
[2025-07-30 03:27:19,519.519] DEBUG    [MainThread|MainProcess] Logger (connect.py:on_message:43) | {'time': 1753817239, 'self_id': 703263936, 'post_type': 'meta_event', 'meta_event_type': 'heartbeat', 'status': {'online': True, 'good': True}, 'interval': 30000}
[2025-07-30 03:27:49,533.533] DEBUG    [MainThread|MainProcess] websockets.client (protocol.py:read_frame:1177) | < TEXT '{"time":1753817269,"self_id":703263936,"post_ty...true},"interval":30000}' [148 bytes]
[2025-07-30 03:27:49,533.533] DEBUG    [MainThread|MainProcess] Logger (connect.py:on_message:43) | {'time': 1753817269, 'self_id': 703263936, 'post_type': 'meta_event', 'meta_event_type': 'heartbeat', 'status': {'online': True, 'good': True}, 'interval': 30000}
[2025-07-30 03:28:19,546.546] DEBUG    [MainThread|MainProcess] websockets.client (protocol.py:read_frame:1177) | < TEXT '{"time":1753817299,"self_id":703263936,"post_ty...true},"interval":30000}' [148 bytes]
[2025-07-30 03:28:19,546.546] DEBUG    [MainThread|MainProcess] Logger (connect.py:on_message:43) | {'time': 1753817299, 'self_id': 703263936, 'post_type': 'meta_event', 'meta_event_type': 'heartbeat', 'status': {'online': True, 'good': True}, 'interval': 30000}
[2025-07-30 03:28:49,551.551] DEBUG    [MainThread|MainProcess] websockets.client (protocol.py:read_frame:1177) | < TEXT '{"time":1753817329,"self_id":703263936,"post_ty...true},"interval":30000}' [148 bytes]
[2025-07-30 03:28:49,551.551] DEBUG    [MainThread|MainProcess] Logger (connect.py:on_message:43) | {'time': 1753817329, 'self_id': 703263936, 'post_type': 'meta_event', 'meta_event_type': 'heartbeat', 'status': {'online': True, 'good': True}, 'interval': 30000}
[2025-07-30 03:29:19,562.562] DEBUG    [MainThread|MainProcess] websockets.client (protocol.py:read_frame:1177) | < TEXT '{"time":1753817359,"self_id":703263936,"post_ty...true},"interval":30000}' [148 bytes]
[2025-07-30 03:29:19,562.562] DEBUG    [MainThread|MainProcess] Logger (connect.py:on_message:43) | {'time': 1753817359, 'self_id': 703263936, 'post_type': 'meta_event', 'meta_event_type': 'heartbeat', 'status': {'online': True, 'good': True}, 'interval': 30000}
[2025-07-30 03:29:49,575.575] DEBUG    [MainThread|MainProcess] websockets.client (protocol.py:read_frame:1177) | < TEXT '{"time":1753817389,"self_id":703263936,"post_ty...true},"interval":30000}' [148 bytes]
[2025-07-30 03:29:49,575.575] DEBUG    [MainThread|MainProcess] Logger (connect.py:on_message:43) | {'time': 1753817389, 'self_id': 703263936, 'post_type': 'meta_event', 'meta_event_type': 'heartbeat', 'status': {'online': True, 'good': True}, 'interval': 30000}
[2025-07-30 03:30:19,589.589] DEBUG    [MainThread|MainProcess] websockets.client (protocol.py:read_frame:1177) | < TEXT '{"time":1753817419,"self_id":703263936,"post_ty...true},"interval":30000}' [148 bytes]
[2025-07-30 03:30:19,589.589] DEBUG    [MainThread|MainProcess] Logger (connect.py:on_message:43) | {'time': 1753817419, 'self_id': 703263936, 'post_type': 'meta_event', 'meta_event_type': 'heartbeat', 'status': {'online': True, 'good': True}, 'interval': 30000}
[2025-07-30 03:30:49,591.591] DEBUG    [MainThread|MainProcess] websockets.client (protocol.py:read_frame:1177) | < TEXT '{"time":1753817449,"self_id":703263936,"post_ty...true},"interval":30000}' [148 bytes]
[2025-07-30 03:30:49,591.591] DEBUG    [MainThread|MainProcess] Logger (connect.py:on_message:43) | {'time': 1753817449, 'self_id': 703263936, 'post_type': 'meta_event', 'meta_event_type': 'heartbeat', 'status': {'online': True, 'good': True}, 'interval': 30000}
[2025-07-30 03:31:19,602.602] DEBUG    [MainThread|MainProcess] websockets.client (protocol.py:read_frame:1177) | < TEXT '{"time":1753817479,"self_id":703263936,"post_ty...true},"interval":30000}' [148 bytes]
[2025-07-30 03:31:19,602.602] DEBUG    [MainThread|MainProcess] Logger (connect.py:on_message:43) | {'time': 1753817479, 'self_id': 703263936, 'post_type': 'meta_event', 'meta_event_type': 'heartbeat', 'status': {'online': True, 'good': True}, 'interval': 30000}
[2025-07-30 03:31:49,616.616] DEBUG    [MainThread|MainProcess] websockets.client (protocol.py:read_frame:1177) | < TEXT '{"time":1753817509,"self_id":703263936,"post_ty...true},"interval":30000}' [148 bytes]
[2025-07-30 03:31:49,616.616] DEBUG    [MainThread|MainProcess] Logger (connect.py:on_message:43) | {'time': 1753817509, 'self_id': 703263936, 'post_type': 'meta_event', 'meta_event_type': 'heartbeat', 'status': {'online': True, 'good': True}, 'interval': 30000}
[2025-07-30 03:32:19,629.629] DEBUG    [MainThread|MainProcess] websockets.client (protocol.py:read_frame:1177) | < TEXT '{"time":1753817539,"self_id":703263936,"post_ty...true},"interval":30000}' [148 bytes]
[2025-07-30 03:32:19,629.629] DEBUG    [MainThread|MainProcess] Logger (connect.py:on_message:43) | {'time': 1753817539, 'self_id': 703263936, 'post_type': 'meta_event', 'meta_event_type': 'heartbeat', 'status': {'online': True, 'good': True}, 'interval': 30000}
[2025-07-30 03:32:49,629.629] DEBUG    [MainThread|MainProcess] websockets.client (protocol.py:read_frame:1177) | < TEXT '{"time":1753817569,"self_id":703263936,"post_ty...true},"interval":30000}' [148 bytes]
[2025-07-30 03:32:49,629.629] DEBUG    [MainThread|MainProcess] Logger (connect.py:on_message:43) | {'time': 1753817569, 'self_id': 703263936, 'post_type': 'meta_event', 'meta_event_type': 'heartbeat', 'status': {'online': True, 'good': True}, 'interval': 30000}
[2025-07-30 03:33:19,640.640] DEBUG    [MainThread|MainProcess] websockets.client (protocol.py:read_frame:1177) | < TEXT '{"time":1753817599,"self_id":703263936,"post_ty...true},"interval":30000}' [148 bytes]
[2025-07-30 03:33:19,640.640] DEBUG    [MainThread|MainProcess] Logger (connect.py:on_message:43) | {'time': 1753817599, 'self_id': 703263936, 'post_type': 'meta_event', 'meta_event_type': 'heartbeat', 'status': {'online': True, 'good': True}, 'interval': 30000}
[2025-07-30 03:33:49,654.654] DEBUG    [MainThread|MainProcess] websockets.client (protocol.py:read_frame:1177) | < TEXT '{"time":1753817629,"self_id":703263936,"post_ty...true},"interval":30000}' [148 bytes]
[2025-07-30 03:33:49,654.654] DEBUG    [MainThread|MainProcess] Logger (connect.py:on_message:43) | {'time': 1753817629, 'self_id': 703263936, 'post_type': 'meta_event', 'meta_event_type': 'heartbeat', 'status': {'online': True, 'good': True}, 'interval': 30000}
[2025-07-30 03:34:19,667.667] DEBUG    [MainThread|MainProcess] websockets.client (protocol.py:read_frame:1177) | < TEXT '{"time":1753817659,"self_id":703263936,"post_ty...true},"interval":30000}' [148 bytes]
[2025-07-30 03:34:19,667.667] DEBUG    [MainThread|MainProcess] Logger (connect.py:on_message:43) | {'time': 1753817659, 'self_id': 703263936, 'post_type': 'meta_event', 'meta_event_type': 'heartbeat', 'status': {'online': True, 'good': True}, 'interval': 30000}
[2025-07-30 03:34:49,683.683] DEBUG    [MainThread|MainProcess] websockets.client (protocol.py:read_frame:1177) | < TEXT '{"time":1753817689,"self_id":703263936,"post_ty...true},"interval":30000}' [148 bytes]
[2025-07-30 03:34:49,683.683] DEBUG    [MainThread|MainProcess] Logger (connect.py:on_message:43) | {'time': 1753817689, 'self_id': 703263936, 'post_type': 'meta_event', 'meta_event_type': 'heartbeat', 'status': {'online': True, 'good': True}, 'interval': 30000}
[2025-07-30 03:35:19,694.694] DEBUG    [MainThread|MainProcess] websockets.client (protocol.py:read_frame:1177) | < TEXT '{"time":1753817719,"self_id":703263936,"post_ty...true},"interval":30000}' [148 bytes]
[2025-07-30 03:35:19,694.694] DEBUG    [MainThread|MainProcess] Logger (connect.py:on_message:43) | {'time': 1753817719, 'self_id': 703263936, 'post_type': 'meta_event', 'meta_event_type': 'heartbeat', 'status': {'online': True, 'good': True}, 'interval': 30000}
[2025-07-30 03:35:49,707.707] DEBUG    [MainThread|MainProcess] websockets.client (protocol.py:read_frame:1177) | < TEXT '{"time":1753817749,"self_id":703263936,"post_ty...true},"interval":30000}' [148 bytes]
[2025-07-30 03:35:49,707.707] DEBUG    [MainThread|MainProcess] Logger (connect.py:on_message:43) | {'time': 1753817749, 'self_id': 703263936, 'post_type': 'meta_event', 'meta_event_type': 'heartbeat', 'status': {'online': True, 'good': True}, 'interval': 30000}
[2025-07-30 03:36:19,721.721] DEBUG    [MainThread|MainProcess] websockets.client (protocol.py:read_frame:1177) | < TEXT '{"time":1753817779,"self_id":703263936,"post_ty...true},"interval":30000}' [148 bytes]
[2025-07-30 03:36:19,721.721] DEBUG    [MainThread|MainProcess] Logger (connect.py:on_message:43) | {'time': 1753817779, 'self_id': 703263936, 'post_type': 'meta_event', 'meta_event_type': 'heartbeat', 'status': {'online': True, 'good': True}, 'interval': 30000}
[2025-07-30 03:36:49,722.722] DEBUG    [MainThread|MainProcess] websockets.client (protocol.py:read_frame:1177) | < TEXT '{"time":1753817809,"self_id":703263936,"post_ty...true},"interval":30000}' [148 bytes]
[2025-07-30 03:36:49,722.722] DEBUG    [MainThread|MainProcess] Logger (connect.py:on_message:43) | {'time': 1753817809, 'self_id': 703263936, 'post_type': 'meta_event', 'meta_event_type': 'heartbeat', 'status': {'online': True, 'good': True}, 'interval': 30000}
[2025-07-30 03:37:19,732.732] DEBUG    [MainThread|MainProcess] websockets.client (protocol.py:read_frame:1177) | < TEXT '{"time":1753817839,"self_id":703263936,"post_ty...true},"interval":30000}' [148 bytes]
[2025-07-30 03:37:19,732.732] DEBUG    [MainThread|MainProcess] Logger (connect.py:on_message:43) | {'time': 1753817839, 'self_id': 703263936, 'post_type': 'meta_event', 'meta_event_type': 'heartbeat', 'status': {'online': True, 'good': True}, 'interval': 30000}
[2025-07-30 03:37:49,746.746] DEBUG    [MainThread|MainProcess] websockets.client (protocol.py:read_frame:1177) | < TEXT '{"time":1753817869,"self_id":703263936,"post_ty...true},"interval":30000}' [148 bytes]
[2025-07-30 03:37:49,746.746] DEBUG    [MainThread|MainProcess] Logger (connect.py:on_message:43) | {'time': 1753817869, 'self_id': 703263936, 'post_type': 'meta_event', 'meta_event_type': 'heartbeat', 'status': {'online': True, 'good': True}, 'interval': 30000}
[2025-07-30 03:38:19,759.759] DEBUG    [MainThread|MainProcess] websockets.client (protocol.py:read_frame:1177) | < TEXT '{"time":1753817899,"self_id":703263936,"post_ty...true},"interval":30000}' [148 bytes]
[2025-07-30 03:38:19,759.759] DEBUG    [MainThread|MainProcess] Logger (connect.py:on_message:43) | {'time': 1753817899, 'self_id': 703263936, 'post_type': 'meta_event', 'meta_event_type': 'heartbeat', 'status': {'online': True, 'good': True}, 'interval': 30000}
[2025-07-30 03:38:49,763.763] DEBUG    [MainThread|MainProcess] websockets.client (protocol.py:read_frame:1177) | < TEXT '{"time":1753817929,"self_id":703263936,"post_ty...true},"interval":30000}' [148 bytes]
[2025-07-30 03:38:49,763.763] DEBUG    [MainThread|MainProcess] Logger (connect.py:on_message:43) | {'time': 1753817929, 'self_id': 703263936, 'post_type': 'meta_event', 'meta_event_type': 'heartbeat', 'status': {'online': True, 'good': True}, 'interval': 30000}
[2025-07-30 03:39:19,775.775] DEBUG    [MainThread|MainProcess] websockets.client (protocol.py:read_frame:1177) | < TEXT '{"time":1753817959,"self_id":703263936,"post_ty...true},"interval":30000}' [148 bytes]
[2025-07-30 03:39:19,775.775] DEBUG    [MainThread|MainProcess] Logger (connect.py:on_message:43) | {'time': 1753817959, 'self_id': 703263936, 'post_type': 'meta_event', 'meta_event_type': 'heartbeat', 'status': {'online': True, 'good': True}, 'interval': 30000}
[2025-07-30 03:39:49,788.788] DEBUG    [MainThread|MainProcess] websockets.client (protocol.py:read_frame:1177) | < TEXT '{"time":1753817989,"self_id":703263936,"post_ty...true},"interval":30000}' [148 bytes]
[2025-07-30 03:39:49,788.788] DEBUG    [MainThread|MainProcess] Logger (connect.py:on_message:43) | {'time': 1753817989, 'self_id': 703263936, 'post_type': 'meta_event', 'meta_event_type': 'heartbeat', 'status': {'online': True, 'good': True}, 'interval': 30000}
[2025-07-30 03:40:19,801.801] DEBUG    [MainThread|MainProcess] websockets.client (protocol.py:read_frame:1177) | < TEXT '{"time":1753818019,"self_id":703263936,"post_ty...true},"interval":30000}' [148 bytes]
[2025-07-30 03:40:19,801.801] DEBUG    [MainThread|MainProcess] Logger (connect.py:on_message:43) | {'time': 1753818019, 'self_id': 703263936, 'post_type': 'meta_event', 'meta_event_type': 'heartbeat', 'status': {'online': True, 'good': True}, 'interval': 30000}
[2025-07-30 03:40:49,803.803] DEBUG    [MainThread|MainProcess] websockets.client (protocol.py:read_frame:1177) | < TEXT '{"time":1753818049,"self_id":703263936,"post_ty...true},"interval":30000}' [148 bytes]
[2025-07-30 03:40:49,803.803] DEBUG    [MainThread|MainProcess] Logger (connect.py:on_message:43) | {'time': 1753818049, 'self_id': 703263936, 'post_type': 'meta_event', 'meta_event_type': 'heartbeat', 'status': {'online': True, 'good': True}, 'interval': 30000}
[2025-07-30 03:41:19,814.814] DEBUG    [MainThread|MainProcess] websockets.client (protocol.py:read_frame:1177) | < TEXT '{"time":1753818079,"self_id":703263936,"post_ty...true},"interval":30000}' [148 bytes]
[2025-07-30 03:41:19,814.814] DEBUG    [MainThread|MainProcess] Logger (connect.py:on_message:43) | {'time': 1753818079, 'self_id': 703263936, 'post_type': 'meta_event', 'meta_event_type': 'heartbeat', 'status': {'online': True, 'good': True}, 'interval': 30000}
[2025-07-30 03:41:49,827.827] DEBUG    [MainThread|MainProcess] websockets.client (protocol.py:read_frame:1177) | < TEXT '{"time":1753818109,"self_id":703263936,"post_ty...true},"interval":30000}' [148 bytes]
[2025-07-30 03:41:49,827.827] DEBUG    [MainThread|MainProcess] Logger (connect.py:on_message:43) | {'time': 1753818109, 'self_id': 703263936, 'post_type': 'meta_event', 'meta_event_type': 'heartbeat', 'status': {'online': True, 'good': True}, 'interval': 30000}
[2025-07-30 03:42:19,841.841] DEBUG    [MainThread|MainProcess] websockets.client (protocol.py:read_frame:1177) | < TEXT '{"time":1753818139,"self_id":703263936,"post_ty...true},"interval":30000}' [148 bytes]
[2025-07-30 03:42:19,841.841] DEBUG    [MainThread|MainProcess] Logger (connect.py:on_message:43) | {'time': 1753818139, 'self_id': 703263936, 'post_type': 'meta_event', 'meta_event_type': 'heartbeat', 'status': {'online': True, 'good': True}, 'interval': 30000}
[2025-07-30 03:42:49,844.844] DEBUG    [MainThread|MainProcess] websockets.client (protocol.py:read_frame:1177) | < TEXT '{"time":1753818169,"self_id":703263936,"post_ty...true},"interval":30000}' [148 bytes]
[2025-07-30 03:42:49,844.844] DEBUG    [MainThread|MainProcess] Logger (connect.py:on_message:43) | {'time': 1753818169, 'self_id': 703263936, 'post_type': 'meta_event', 'meta_event_type': 'heartbeat', 'status': {'online': True, 'good': True}, 'interval': 30000}
[2025-07-30 03:43:19,854.854] DEBUG    [MainThread|MainProcess] websockets.client (protocol.py:read_frame:1177) | < TEXT '{"time":1753818199,"self_id":703263936,"post_ty...true},"interval":30000}' [148 bytes]
[2025-07-30 03:43:19,854.854] DEBUG    [MainThread|MainProcess] Logger (connect.py:on_message:43) | {'time': 1753818199, 'self_id': 703263936, 'post_type': 'meta_event', 'meta_event_type': 'heartbeat', 'status': {'online': True, 'good': True}, 'interval': 30000}
[2025-07-30 03:43:49,867.867] DEBUG    [MainThread|MainProcess] websockets.client (protocol.py:read_frame:1177) | < TEXT '{"time":1753818229,"self_id":703263936,"post_ty...true},"interval":30000}' [148 bytes]
[2025-07-30 03:43:49,867.867] DEBUG    [MainThread|MainProcess] Logger (connect.py:on_message:43) | {'time': 1753818229, 'self_id': 703263936, 'post_type': 'meta_event', 'meta_event_type': 'heartbeat', 'status': {'online': True, 'good': True}, 'interval': 30000}
[2025-07-30 03:44:19,881.881] DEBUG    [MainThread|MainProcess] websockets.client (protocol.py:read_frame:1177) | < TEXT '{"time":1753818259,"self_id":703263936,"post_ty...true},"interval":30000}' [148 bytes]
[2025-07-30 03:44:19,881.881] DEBUG    [MainThread|MainProcess] Logger (connect.py:on_message:43) | {'time': 1753818259, 'self_id': 703263936, 'post_type': 'meta_event', 'meta_event_type': 'heartbeat', 'status': {'online': True, 'good': True}, 'interval': 30000}
[2025-07-30 03:44:49,884.884] DEBUG    [MainThread|MainProcess] websockets.client (protocol.py:read_frame:1177) | < TEXT '{"time":1753818289,"self_id":703263936,"post_ty...true},"interval":30000}' [148 bytes]
[2025-07-30 03:44:49,884.884] DEBUG    [MainThread|MainProcess] Logger (connect.py:on_message:43) | {'time': 1753818289, 'self_id': 703263936, 'post_type': 'meta_event', 'meta_event_type': 'heartbeat', 'status': {'online': True, 'good': True}, 'interval': 30000}
[2025-07-30 03:45:19,896.896] DEBUG    [MainThread|MainProcess] websockets.client (protocol.py:read_frame:1177) | < TEXT '{"time":1753818319,"self_id":703263936,"post_ty...true},"interval":30000}' [148 bytes]
[2025-07-30 03:45:19,896.896] DEBUG    [MainThread|MainProcess] Logger (connect.py:on_message:43) | {'time': 1753818319, 'self_id': 703263936, 'post_type': 'meta_event', 'meta_event_type': 'heartbeat', 'status': {'online': True, 'good': True}, 'interval': 30000}
[2025-07-30 03:45:49,910.910] DEBUG    [MainThread|MainProcess] websockets.client (protocol.py:read_frame:1177) | < TEXT '{"time":1753818349,"self_id":703263936,"post_ty...true},"interval":30000}' [148 bytes]
[2025-07-30 03:45:49,910.910] DEBUG    [MainThread|MainProcess] Logger (connect.py:on_message:43) | {'time': 1753818349, 'self_id': 703263936, 'post_type': 'meta_event', 'meta_event_type': 'heartbeat', 'status': {'online': True, 'good': True}, 'interval': 30000}
[2025-07-30 03:46:19,923.923] DEBUG    [MainThread|MainProcess] websockets.client (protocol.py:read_frame:1177) | < TEXT '{"time":1753818379,"self_id":703263936,"post_ty...true},"interval":30000}' [148 bytes]
[2025-07-30 03:46:19,923.923] DEBUG    [MainThread|MainProcess] Logger (connect.py:on_message:43) | {'time': 1753818379, 'self_id': 703263936, 'post_type': 'meta_event', 'meta_event_type': 'heartbeat', 'status': {'online': True, 'good': True}, 'interval': 30000}
[2025-07-30 03:46:49,938.938] DEBUG    [MainThread|MainProcess] websockets.client (protocol.py:read_frame:1177) | < TEXT '{"time":1753818409,"self_id":703263936,"post_ty...true},"interval":30000}' [148 bytes]
[2025-07-30 03:46:49,938.938] DEBUG    [MainThread|MainProcess] Logger (connect.py:on_message:43) | {'time': 1753818409, 'self_id': 703263936, 'post_type': 'meta_event', 'meta_event_type': 'heartbeat', 'status': {'online': True, 'good': True}, 'interval': 30000}
[2025-07-30 03:47:19,949.949] DEBUG    [MainThread|MainProcess] websockets.client (protocol.py:read_frame:1177) | < TEXT '{"time":1753818439,"self_id":703263936,"post_ty...true},"interval":30000}' [148 bytes]
[2025-07-30 03:47:19,949.949] DEBUG    [MainThread|MainProcess] Logger (connect.py:on_message:43) | {'time': 1753818439, 'self_id': 703263936, 'post_type': 'meta_event', 'meta_event_type': 'heartbeat', 'status': {'online': True, 'good': True}, 'interval': 30000}
[2025-07-30 03:47:49,963.963] DEBUG    [MainThread|MainProcess] websockets.client (protocol.py:read_frame:1177) | < TEXT '{"time":1753818469,"self_id":703263936,"post_ty...true},"interval":30000}' [148 bytes]
[2025-07-30 03:47:49,963.963] DEBUG    [MainThread|MainProcess] Logger (connect.py:on_message:43) | {'time': 1753818469, 'self_id': 703263936, 'post_type': 'meta_event', 'meta_event_type': 'heartbeat', 'status': {'online': True, 'good': True}, 'interval': 30000}
[2025-07-30 03:48:19,976.976] DEBUG    [MainThread|MainProcess] websockets.client (protocol.py:read_frame:1177) | < TEXT '{"time":1753818499,"self_id":703263936,"post_ty...true},"interval":30000}' [148 bytes]
[2025-07-30 03:48:19,976.976] DEBUG    [MainThread|MainProcess] Logger (connect.py:on_message:43) | {'time': 1753818499, 'self_id': 703263936, 'post_type': 'meta_event', 'meta_event_type': 'heartbeat', 'status': {'online': True, 'good': True}, 'interval': 30000}
[2025-07-30 03:48:49,977.977] DEBUG    [MainThread|MainProcess] websockets.client (protocol.py:read_frame:1177) | < TEXT '{"time":1753818529,"self_id":703263936,"post_ty...true},"interval":30000}' [148 bytes]
[2025-07-30 03:48:49,977.977] DEBUG    [MainThread|MainProcess] Logger (connect.py:on_message:43) | {'time': 1753818529, 'self_id': 703263936, 'post_type': 'meta_event', 'meta_event_type': 'heartbeat', 'status': {'online': True, 'good': True}, 'interval': 30000}
[2025-07-30 03:49:19,988.988] DEBUG    [MainThread|MainProcess] websockets.client (protocol.py:read_frame:1177) | < TEXT '{"time":1753818559,"self_id":703263936,"post_ty...true},"interval":30000}' [148 bytes]
[2025-07-30 03:49:19,988.988] DEBUG    [MainThread|MainProcess] Logger (connect.py:on_message:43) | {'time': 1753818559, 'self_id': 703263936, 'post_type': 'meta_event', 'meta_event_type': 'heartbeat', 'status': {'online': True, 'good': True}, 'interval': 30000}
[2025-07-30 03:49:50,002.002] DEBUG    [MainThread|MainProcess] websockets.client (protocol.py:read_frame:1177) | < TEXT '{"time":1753818590,"self_id":703263936,"post_ty...true},"interval":30000}' [148 bytes]
[2025-07-30 03:49:50,002.002] DEBUG    [MainThread|MainProcess] Logger (connect.py:on_message:43) | {'time': 1753818590, 'self_id': 703263936, 'post_type': 'meta_event', 'meta_event_type': 'heartbeat', 'status': {'online': True, 'good': True}, 'interval': 30000}
[2025-07-30 03:50:20,015.015] DEBUG    [MainThread|MainProcess] websockets.client (protocol.py:read_frame:1177) | < TEXT '{"time":1753818620,"self_id":703263936,"post_ty...true},"interval":30000}' [148 bytes]
[2025-07-30 03:50:20,015.015] DEBUG    [MainThread|MainProcess] Logger (connect.py:on_message:43) | {'time': 1753818620, 'self_id': 703263936, 'post_type': 'meta_event', 'meta_event_type': 'heartbeat', 'status': {'online': True, 'good': True}, 'interval': 30000}
[2025-07-30 03:50:50,019.019] DEBUG    [MainThread|MainProcess] websockets.client (protocol.py:read_frame:1177) | < TEXT '{"time":1753818650,"self_id":703263936,"post_ty...true},"interval":30000}' [148 bytes]
[2025-07-30 03:50:50,019.019] DEBUG    [MainThread|MainProcess] Logger (connect.py:on_message:43) | {'time': 1753818650, 'self_id': 703263936, 'post_type': 'meta_event', 'meta_event_type': 'heartbeat', 'status': {'online': True, 'good': True}, 'interval': 30000}
[2025-07-30 03:51:20,030.030] DEBUG    [MainThread|MainProcess] websockets.client (protocol.py:read_frame:1177) | < TEXT '{"time":1753818680,"self_id":703263936,"post_ty...true},"interval":30000}' [148 bytes]
[2025-07-30 03:51:20,030.030] DEBUG    [MainThread|MainProcess] Logger (connect.py:on_message:43) | {'time': 1753818680, 'self_id': 703263936, 'post_type': 'meta_event', 'meta_event_type': 'heartbeat', 'status': {'online': True, 'good': True}, 'interval': 30000}
[2025-07-30 03:51:50,044.044] DEBUG    [MainThread|MainProcess] websockets.client (protocol.py:read_frame:1177) | < TEXT '{"time":1753818710,"self_id":703263936,"post_ty...true},"interval":30000}' [148 bytes]
[2025-07-30 03:51:50,044.044] DEBUG    [MainThread|MainProcess] Logger (connect.py:on_message:43) | {'time': 1753818710, 'self_id': 703263936, 'post_type': 'meta_event', 'meta_event_type': 'heartbeat', 'status': {'online': True, 'good': True}, 'interval': 30000}
[2025-07-30 03:52:20,057.057] DEBUG    [MainThread|MainProcess] websockets.client (protocol.py:read_frame:1177) | < TEXT '{"time":1753818740,"self_id":703263936,"post_ty...true},"interval":30000}' [148 bytes]
[2025-07-30 03:52:20,057.057] DEBUG    [MainThread|MainProcess] Logger (connect.py:on_message:43) | {'time': 1753818740, 'self_id': 703263936, 'post_type': 'meta_event', 'meta_event_type': 'heartbeat', 'status': {'online': True, 'good': True}, 'interval': 30000}
[2025-07-30 03:52:50,061.061] DEBUG    [MainThread|MainProcess] websockets.client (protocol.py:read_frame:1177) | < TEXT '{"time":1753818770,"self_id":703263936,"post_ty...true},"interval":30000}' [148 bytes]
[2025-07-30 03:52:50,061.061] DEBUG    [MainThread|MainProcess] Logger (connect.py:on_message:43) | {'time': 1753818770, 'self_id': 703263936, 'post_type': 'meta_event', 'meta_event_type': 'heartbeat', 'status': {'online': True, 'good': True}, 'interval': 30000}
[2025-07-30 03:53:20,074.074] DEBUG    [MainThread|MainProcess] websockets.client (protocol.py:read_frame:1177) | < TEXT '{"time":1753818800,"self_id":703263936,"post_ty...true},"interval":30000}' [148 bytes]
[2025-07-30 03:53:20,074.074] DEBUG    [MainThread|MainProcess] Logger (connect.py:on_message:43) | {'time': 1753818800, 'self_id': 703263936, 'post_type': 'meta_event', 'meta_event_type': 'heartbeat', 'status': {'online': True, 'good': True}, 'interval': 30000}
[2025-07-30 03:53:50,075.075] DEBUG    [MainThread|MainProcess] websockets.client (protocol.py:read_frame:1177) | < TEXT '{"time":1753818830,"self_id":703263936,"post_ty...true},"interval":30000}' [148 bytes]
[2025-07-30 03:53:50,075.075] DEBUG    [MainThread|MainProcess] Logger (connect.py:on_message:43) | {'time': 1753818830, 'self_id': 703263936, 'post_type': 'meta_event', 'meta_event_type': 'heartbeat', 'status': {'online': True, 'good': True}, 'interval': 30000}
[2025-07-30 03:54:20,088.088] DEBUG    [MainThread|MainProcess] websockets.client (protocol.py:read_frame:1177) | < TEXT '{"time":1753818860,"self_id":703263936,"post_ty...true},"interval":30000}' [148 bytes]
[2025-07-30 03:54:20,088.088] DEBUG    [MainThread|MainProcess] Logger (connect.py:on_message:43) | {'time': 1753818860, 'self_id': 703263936, 'post_type': 'meta_event', 'meta_event_type': 'heartbeat', 'status': {'online': True, 'good': True}, 'interval': 30000}
[2025-07-30 03:54:50,097.097] DEBUG    [MainThread|MainProcess] websockets.client (protocol.py:read_frame:1177) | < TEXT '{"time":1753818890,"self_id":703263936,"post_ty...true},"interval":30000}' [148 bytes]
[2025-07-30 03:54:50,097.097] DEBUG    [MainThread|MainProcess] Logger (connect.py:on_message:43) | {'time': 1753818890, 'self_id': 703263936, 'post_type': 'meta_event', 'meta_event_type': 'heartbeat', 'status': {'online': True, 'good': True}, 'interval': 30000}
[2025-07-30 03:55:20,109.109] DEBUG    [MainThread|MainProcess] websockets.client (protocol.py:read_frame:1177) | < TEXT '{"time":1753818920,"self_id":703263936,"post_ty...true},"interval":30000}' [148 bytes]
[2025-07-30 03:55:20,109.109] DEBUG    [MainThread|MainProcess] Logger (connect.py:on_message:43) | {'time': 1753818920, 'self_id': 703263936, 'post_type': 'meta_event', 'meta_event_type': 'heartbeat', 'status': {'online': True, 'good': True}, 'interval': 30000}
[2025-07-30 03:55:50,119.119] DEBUG    [MainThread|MainProcess] websockets.client (protocol.py:read_frame:1177) | < TEXT '{"time":1753818950,"self_id":703263936,"post_ty...true},"interval":30000}' [148 bytes]
[2025-07-30 03:55:50,119.119] DEBUG    [MainThread|MainProcess] Logger (connect.py:on_message:43) | {'time': 1753818950, 'self_id': 703263936, 'post_type': 'meta_event', 'meta_event_type': 'heartbeat', 'status': {'online': True, 'good': True}, 'interval': 30000}
[2025-07-30 03:56:20,133.133] DEBUG    [MainThread|MainProcess] websockets.client (protocol.py:read_frame:1177) | < TEXT '{"time":1753818980,"self_id":703263936,"post_ty...true},"interval":30000}' [148 bytes]
[2025-07-30 03:56:20,133.133] DEBUG    [MainThread|MainProcess] Logger (connect.py:on_message:43) | {'time': 1753818980, 'self_id': 703263936, 'post_type': 'meta_event', 'meta_event_type': 'heartbeat', 'status': {'online': True, 'good': True}, 'interval': 30000}
[2025-07-30 03:56:50,143.143] DEBUG    [MainThread|MainProcess] websockets.client (protocol.py:read_frame:1177) | < TEXT '{"time":1753819010,"self_id":703263936,"post_ty...true},"interval":30000}' [148 bytes]
[2025-07-30 03:56:50,143.143] DEBUG    [MainThread|MainProcess] Logger (connect.py:on_message:43) | {'time': 1753819010, 'self_id': 703263936, 'post_type': 'meta_event', 'meta_event_type': 'heartbeat', 'status': {'online': True, 'good': True}, 'interval': 30000}
[2025-07-30 03:57:20,155.155] DEBUG    [MainThread|MainProcess] websockets.client (protocol.py:read_frame:1177) | < TEXT '{"time":1753819040,"self_id":703263936,"post_ty...true},"interval":30000}' [148 bytes]
[2025-07-30 03:57:20,155.155] DEBUG    [MainThread|MainProcess] Logger (connect.py:on_message:43) | {'time': 1753819040, 'self_id': 703263936, 'post_type': 'meta_event', 'meta_event_type': 'heartbeat', 'status': {'online': True, 'good': True}, 'interval': 30000}
[2025-07-30 03:57:50,168.168] DEBUG    [MainThread|MainProcess] websockets.client (protocol.py:read_frame:1177) | < TEXT '{"time":1753819070,"self_id":703263936,"post_ty...true},"interval":30000}' [148 bytes]
[2025-07-30 03:57:50,168.168] DEBUG    [MainThread|MainProcess] Logger (connect.py:on_message:43) | {'time': 1753819070, 'self_id': 703263936, 'post_type': 'meta_event', 'meta_event_type': 'heartbeat', 'status': {'online': True, 'good': True}, 'interval': 30000}
[2025-07-30 03:58:20,181.181] DEBUG    [MainThread|MainProcess] websockets.client (protocol.py:read_frame:1177) | < TEXT '{"time":1753819100,"self_id":703263936,"post_ty...true},"interval":30000}' [148 bytes]
[2025-07-30 03:58:20,181.181] DEBUG    [MainThread|MainProcess] Logger (connect.py:on_message:43) | {'time': 1753819100, 'self_id': 703263936, 'post_type': 'meta_event', 'meta_event_type': 'heartbeat', 'status': {'online': True, 'good': True}, 'interval': 30000}
[2025-07-30 03:58:50,191.191] DEBUG    [MainThread|MainProcess] websockets.client (protocol.py:read_frame:1177) | < TEXT '{"time":1753819130,"self_id":703263936,"post_ty...true},"interval":30000}' [148 bytes]
[2025-07-30 03:58:50,191.191] DEBUG    [MainThread|MainProcess] Logger (connect.py:on_message:43) | {'time': 1753819130, 'self_id': 703263936, 'post_type': 'meta_event', 'meta_event_type': 'heartbeat', 'status': {'online': True, 'good': True}, 'interval': 30000}
[2025-07-30 03:59:20,200.200] DEBUG    [MainThread|MainProcess] websockets.client (protocol.py:read_frame:1177) | < TEXT '{"time":1753819160,"self_id":703263936,"post_ty...true},"interval":30000}' [148 bytes]
[2025-07-30 03:59:20,200.200] DEBUG    [MainThread|MainProcess] Logger (connect.py:on_message:43) | {'time': 1753819160, 'self_id': 703263936, 'post_type': 'meta_event', 'meta_event_type': 'heartbeat', 'status': {'online': True, 'good': True}, 'interval': 30000}
[2025-07-30 03:59:50,213.213] DEBUG    [MainThread|MainProcess] websockets.client (protocol.py:read_frame:1177) | < TEXT '{"time":1753819190,"self_id":703263936,"post_ty...true},"interval":30000}' [148 bytes]
[2025-07-30 03:59:50,213.213] DEBUG    [MainThread|MainProcess] Logger (connect.py:on_message:43) | {'time': 1753819190, 'self_id': 703263936, 'post_type': 'meta_event', 'meta_event_type': 'heartbeat', 'status': {'online': True, 'good': True}, 'interval': 30000}
[2025-07-30 04:00:20,227.227] DEBUG    [MainThread|MainProcess] websockets.client (protocol.py:read_frame:1177) | < TEXT '{"time":1753819220,"self_id":703263936,"post_ty...true},"interval":30000}' [148 bytes]
[2025-07-30 04:00:20,227.227] DEBUG    [MainThread|MainProcess] Logger (connect.py:on_message:43) | {'time': 1753819220, 'self_id': 703263936, 'post_type': 'meta_event', 'meta_event_type': 'heartbeat', 'status': {'online': True, 'good': True}, 'interval': 30000}
[2025-07-30 04:00:50,236.236] DEBUG    [MainThread|MainProcess] websockets.client (protocol.py:read_frame:1177) | < TEXT '{"time":1753819250,"self_id":703263936,"post_ty...true},"interval":30000}' [148 bytes]
[2025-07-30 04:00:50,236.236] DEBUG    [MainThread|MainProcess] Logger (connect.py:on_message:43) | {'time': 1753819250, 'self_id': 703263936, 'post_type': 'meta_event', 'meta_event_type': 'heartbeat', 'status': {'online': True, 'good': True}, 'interval': 30000}
[2025-07-30 04:01:20,245.245] DEBUG    [MainThread|MainProcess] websockets.client (protocol.py:read_frame:1177) | < TEXT '{"time":1753819280,"self_id":703263936,"post_ty...true},"interval":30000}' [148 bytes]
[2025-07-30 04:01:20,245.245] DEBUG    [MainThread|MainProcess] Logger (connect.py:on_message:43) | {'time': 1753819280, 'self_id': 703263936, 'post_type': 'meta_event', 'meta_event_type': 'heartbeat', 'status': {'online': True, 'good': True}, 'interval': 30000}
[2025-07-30 04:01:50,258.258] DEBUG    [MainThread|MainProcess] websockets.client (protocol.py:read_frame:1177) | < TEXT '{"time":1753819310,"self_id":703263936,"post_ty...true},"interval":30000}' [148 bytes]
[2025-07-30 04:01:50,258.258] DEBUG    [MainThread|MainProcess] Logger (connect.py:on_message:43) | {'time': 1753819310, 'self_id': 703263936, 'post_type': 'meta_event', 'meta_event_type': 'heartbeat', 'status': {'online': True, 'good': True}, 'interval': 30000}
[2025-07-30 04:02:20,272.272] DEBUG    [MainThread|MainProcess] websockets.client (protocol.py:read_frame:1177) | < TEXT '{"time":1753819340,"self_id":703263936,"post_ty...true},"interval":30000}' [148 bytes]
[2025-07-30 04:02:20,272.272] DEBUG    [MainThread|MainProcess] Logger (connect.py:on_message:43) | {'time': 1753819340, 'self_id': 703263936, 'post_type': 'meta_event', 'meta_event_type': 'heartbeat', 'status': {'online': True, 'good': True}, 'interval': 30000}
[2025-07-30 04:02:50,274.274] DEBUG    [MainThread|MainProcess] websockets.client (protocol.py:read_frame:1177) | < TEXT '{"time":1753819370,"self_id":703263936,"post_ty...true},"interval":30000}' [148 bytes]
[2025-07-30 04:02:50,274.274] DEBUG    [MainThread|MainProcess] Logger (connect.py:on_message:43) | {'time': 1753819370, 'self_id': 703263936, 'post_type': 'meta_event', 'meta_event_type': 'heartbeat', 'status': {'online': True, 'good': True}, 'interval': 30000}
[2025-07-30 04:03:20,285.285] DEBUG    [MainThread|MainProcess] websockets.client (protocol.py:read_frame:1177) | < TEXT '{"time":1753819400,"self_id":703263936,"post_ty...true},"interval":30000}' [148 bytes]
[2025-07-30 04:03:20,285.285] DEBUG    [MainThread|MainProcess] Logger (connect.py:on_message:43) | {'time': 1753819400, 'self_id': 703263936, 'post_type': 'meta_event', 'meta_event_type': 'heartbeat', 'status': {'online': True, 'good': True}, 'interval': 30000}
[2025-07-30 04:03:50,298.298] DEBUG    [MainThread|MainProcess] websockets.client (protocol.py:read_frame:1177) | < TEXT '{"time":1753819430,"self_id":703263936,"post_ty...true},"interval":30000}' [148 bytes]
[2025-07-30 04:03:50,298.298] DEBUG    [MainThread|MainProcess] Logger (connect.py:on_message:43) | {'time': 1753819430, 'self_id': 703263936, 'post_type': 'meta_event', 'meta_event_type': 'heartbeat', 'status': {'online': True, 'good': True}, 'interval': 30000}
[2025-07-30 04:04:20,312.312] DEBUG    [MainThread|MainProcess] websockets.client (protocol.py:read_frame:1177) | < TEXT '{"time":1753819460,"self_id":703263936,"post_ty...true},"interval":30000}' [148 bytes]
[2025-07-30 04:04:20,312.312] DEBUG    [MainThread|MainProcess] Logger (connect.py:on_message:43) | {'time': 1753819460, 'self_id': 703263936, 'post_type': 'meta_event', 'meta_event_type': 'heartbeat', 'status': {'online': True, 'good': True}, 'interval': 30000}
[2025-07-30 04:04:50,326.326] DEBUG    [MainThread|MainProcess] websockets.client (protocol.py:read_frame:1177) | < TEXT '{"time":1753819490,"self_id":703263936,"post_ty...true},"interval":30000}' [148 bytes]
[2025-07-30 04:04:50,326.326] DEBUG    [MainThread|MainProcess] Logger (connect.py:on_message:43) | {'time': 1753819490, 'self_id': 703263936, 'post_type': 'meta_event', 'meta_event_type': 'heartbeat', 'status': {'online': True, 'good': True}, 'interval': 30000}
[2025-07-30 04:05:20,335.335] DEBUG    [MainThread|MainProcess] websockets.client (protocol.py:read_frame:1177) | < TEXT '{"time":1753819520,"self_id":703263936,"post_ty...true},"interval":30000}' [148 bytes]
[2025-07-30 04:05:20,335.335] DEBUG    [MainThread|MainProcess] Logger (connect.py:on_message:43) | {'time': 1753819520, 'self_id': 703263936, 'post_type': 'meta_event', 'meta_event_type': 'heartbeat', 'status': {'online': True, 'good': True}, 'interval': 30000}
[2025-07-30 04:05:50,349.349] DEBUG    [MainThread|MainProcess] websockets.client (protocol.py:read_frame:1177) | < TEXT '{"time":1753819550,"self_id":703263936,"post_ty...true},"interval":30000}' [148 bytes]
[2025-07-30 04:05:50,349.349] DEBUG    [MainThread|MainProcess] Logger (connect.py:on_message:43) | {'time': 1753819550, 'self_id': 703263936, 'post_type': 'meta_event', 'meta_event_type': 'heartbeat', 'status': {'online': True, 'good': True}, 'interval': 30000}
[2025-07-30 04:06:20,362.362] DEBUG    [MainThread|MainProcess] websockets.client (protocol.py:read_frame:1177) | < TEXT '{"time":1753819580,"self_id":703263936,"post_ty...true},"interval":30000}' [148 bytes]
[2025-07-30 04:06:20,362.362] DEBUG    [MainThread|MainProcess] Logger (connect.py:on_message:43) | {'time': 1753819580, 'self_id': 703263936, 'post_type': 'meta_event', 'meta_event_type': 'heartbeat', 'status': {'online': True, 'good': True}, 'interval': 30000}
[2025-07-30 04:06:50,366.366] DEBUG    [MainThread|MainProcess] websockets.client (protocol.py:read_frame:1177) | < TEXT '{"time":1753819610,"self_id":703263936,"post_ty...true},"interval":30000}' [148 bytes]
[2025-07-30 04:06:50,366.366] DEBUG    [MainThread|MainProcess] Logger (connect.py:on_message:43) | {'time': 1753819610, 'self_id': 703263936, 'post_type': 'meta_event', 'meta_event_type': 'heartbeat', 'status': {'online': True, 'good': True}, 'interval': 30000}
[2025-07-30 04:07:20,376.376] DEBUG    [MainThread|MainProcess] websockets.client (protocol.py:read_frame:1177) | < TEXT '{"time":1753819640,"self_id":703263936,"post_ty...true},"interval":30000}' [148 bytes]
[2025-07-30 04:07:20,376.376] DEBUG    [MainThread|MainProcess] Logger (connect.py:on_message:43) | {'time': 1753819640, 'self_id': 703263936, 'post_type': 'meta_event', 'meta_event_type': 'heartbeat', 'status': {'online': True, 'good': True}, 'interval': 30000}
[2025-07-30 04:07:50,389.389] DEBUG    [MainThread|MainProcess] websockets.client (protocol.py:read_frame:1177) | < TEXT '{"time":1753819670,"self_id":703263936,"post_ty...true},"interval":30000}' [148 bytes]
[2025-07-30 04:07:50,389.389] DEBUG    [MainThread|MainProcess] Logger (connect.py:on_message:43) | {'time': 1753819670, 'self_id': 703263936, 'post_type': 'meta_event', 'meta_event_type': 'heartbeat', 'status': {'online': True, 'good': True}, 'interval': 30000}
[2025-07-30 04:08:20,402.402] DEBUG    [MainThread|MainProcess] websockets.client (protocol.py:read_frame:1177) | < TEXT '{"time":1753819700,"self_id":703263936,"post_ty...true},"interval":30000}' [148 bytes]
[2025-07-30 04:08:20,402.402] DEBUG    [MainThread|MainProcess] Logger (connect.py:on_message:43) | {'time': 1753819700, 'self_id': 703263936, 'post_type': 'meta_event', 'meta_event_type': 'heartbeat', 'status': {'online': True, 'good': True}, 'interval': 30000}
[2025-07-30 04:08:50,407.407] DEBUG    [MainThread|MainProcess] websockets.client (protocol.py:read_frame:1177) | < TEXT '{"time":1753819730,"self_id":703263936,"post_ty...true},"interval":30000}' [148 bytes]
[2025-07-30 04:08:50,407.407] DEBUG    [MainThread|MainProcess] Logger (connect.py:on_message:43) | {'time': 1753819730, 'self_id': 703263936, 'post_type': 'meta_event', 'meta_event_type': 'heartbeat', 'status': {'online': True, 'good': True}, 'interval': 30000}
[2025-07-30 04:09:20,418.418] DEBUG    [MainThread|MainProcess] websockets.client (protocol.py:read_frame:1177) | < TEXT '{"time":1753819760,"self_id":703263936,"post_ty...true},"interval":30000}' [148 bytes]
[2025-07-30 04:09:20,418.418] DEBUG    [MainThread|MainProcess] Logger (connect.py:on_message:43) | {'time': 1753819760, 'self_id': 703263936, 'post_type': 'meta_event', 'meta_event_type': 'heartbeat', 'status': {'online': True, 'good': True}, 'interval': 30000}
[2025-07-30 04:09:50,431.431] DEBUG    [MainThread|MainProcess] websockets.client (protocol.py:read_frame:1177) | < TEXT '{"time":1753819790,"self_id":703263936,"post_ty...true},"interval":30000}' [148 bytes]
[2025-07-30 04:09:50,431.431] DEBUG    [MainThread|MainProcess] Logger (connect.py:on_message:43) | {'time': 1753819790, 'self_id': 703263936, 'post_type': 'meta_event', 'meta_event_type': 'heartbeat', 'status': {'online': True, 'good': True}, 'interval': 30000}
[2025-07-30 04:10:20,445.445] DEBUG    [MainThread|MainProcess] websockets.client (protocol.py:read_frame:1177) | < TEXT '{"time":1753819820,"self_id":703263936,"post_ty...true},"interval":30000}' [148 bytes]
[2025-07-30 04:10:20,445.445] DEBUG    [MainThread|MainProcess] Logger (connect.py:on_message:43) | {'time': 1753819820, 'self_id': 703263936, 'post_type': 'meta_event', 'meta_event_type': 'heartbeat', 'status': {'online': True, 'good': True}, 'interval': 30000}
[2025-07-30 04:10:50,451.451] DEBUG    [MainThread|MainProcess] websockets.client (protocol.py:read_frame:1177) | < TEXT '{"time":1753819850,"self_id":703263936,"post_ty...true},"interval":30000}' [148 bytes]
[2025-07-30 04:10:50,451.451] DEBUG    [MainThread|MainProcess] Logger (connect.py:on_message:43) | {'time': 1753819850, 'self_id': 703263936, 'post_type': 'meta_event', 'meta_event_type': 'heartbeat', 'status': {'online': True, 'good': True}, 'interval': 30000}
[2025-07-30 04:11:20,464.464] DEBUG    [MainThread|MainProcess] websockets.client (protocol.py:read_frame:1177) | < TEXT '{"time":1753819880,"self_id":703263936,"post_ty...true},"interval":30000}' [148 bytes]
[2025-07-30 04:11:20,464.464] DEBUG    [MainThread|MainProcess] Logger (connect.py:on_message:43) | {'time': 1753819880, 'self_id': 703263936, 'post_type': 'meta_event', 'meta_event_type': 'heartbeat', 'status': {'online': True, 'good': True}, 'interval': 30000}
[2025-07-30 04:11:50,471.471] DEBUG    [MainThread|MainProcess] websockets.client (protocol.py:read_frame:1177) | < TEXT '{"time":1753819910,"self_id":703263936,"post_ty...true},"interval":30000}' [148 bytes]
[2025-07-30 04:11:50,471.471] DEBUG    [MainThread|MainProcess] Logger (connect.py:on_message:43) | {'time': 1753819910, 'self_id': 703263936, 'post_type': 'meta_event', 'meta_event_type': 'heartbeat', 'status': {'online': True, 'good': True}, 'interval': 30000}
[2025-07-30 04:12:20,485.485] DEBUG    [MainThread|MainProcess] websockets.client (protocol.py:read_frame:1177) | < TEXT '{"time":1753819940,"self_id":703263936,"post_ty...true},"interval":30000}' [148 bytes]
[2025-07-30 04:12:20,485.485] DEBUG    [MainThread|MainProcess] Logger (connect.py:on_message:43) | {'time': 1753819940, 'self_id': 703263936, 'post_type': 'meta_event', 'meta_event_type': 'heartbeat', 'status': {'online': True, 'good': True}, 'interval': 30000}
[2025-07-30 04:12:50,485.485] DEBUG    [MainThread|MainProcess] websockets.client (protocol.py:read_frame:1177) | < TEXT '{"time":1753819970,"self_id":703263936,"post_ty...true},"interval":30000}' [148 bytes]
[2025-07-30 04:12:50,485.485] DEBUG    [MainThread|MainProcess] Logger (connect.py:on_message:43) | {'time': 1753819970, 'self_id': 703263936, 'post_type': 'meta_event', 'meta_event_type': 'heartbeat', 'status': {'online': True, 'good': True}, 'interval': 30000}
[2025-07-30 04:13:20,495.495] DEBUG    [MainThread|MainProcess] websockets.client (protocol.py:read_frame:1177) | < TEXT '{"time":1753820000,"self_id":703263936,"post_ty...true},"interval":30000}' [148 bytes]
[2025-07-30 04:13:20,495.495] DEBUG    [MainThread|MainProcess] Logger (connect.py:on_message:43) | {'time': 1753820000, 'self_id': 703263936, 'post_type': 'meta_event', 'meta_event_type': 'heartbeat', 'status': {'online': True, 'good': True}, 'interval': 30000}
[2025-07-30 04:13:50,509.509] DEBUG    [MainThread|MainProcess] websockets.client (protocol.py:read_frame:1177) | < TEXT '{"time":1753820030,"self_id":703263936,"post_ty...true},"interval":30000}' [148 bytes]
[2025-07-30 04:13:50,509.509] DEBUG    [MainThread|MainProcess] Logger (connect.py:on_message:43) | {'time': 1753820030, 'self_id': 703263936, 'post_type': 'meta_event', 'meta_event_type': 'heartbeat', 'status': {'online': True, 'good': True}, 'interval': 30000}
[2025-07-30 04:14:20,522.522] DEBUG    [MainThread|MainProcess] websockets.client (protocol.py:read_frame:1177) | < TEXT '{"time":1753820060,"self_id":703263936,"post_ty...true},"interval":30000}' [148 bytes]
[2025-07-30 04:14:20,522.522] DEBUG    [MainThread|MainProcess] Logger (connect.py:on_message:43) | {'time': 1753820060, 'self_id': 703263936, 'post_type': 'meta_event', 'meta_event_type': 'heartbeat', 'status': {'online': True, 'good': True}, 'interval': 30000}
[2025-07-30 04:14:50,524.524] DEBUG    [MainThread|MainProcess] websockets.client (protocol.py:read_frame:1177) | < TEXT '{"time":1753820090,"self_id":703263936,"post_ty...true},"interval":30000}' [148 bytes]
[2025-07-30 04:14:50,524.524] DEBUG    [MainThread|MainProcess] Logger (connect.py:on_message:43) | {'time': 1753820090, 'self_id': 703263936, 'post_type': 'meta_event', 'meta_event_type': 'heartbeat', 'status': {'online': True, 'good': True}, 'interval': 30000}
[2025-07-30 04:15:20,536.536] DEBUG    [MainThread|MainProcess] websockets.client (protocol.py:read_frame:1177) | < TEXT '{"time":1753820120,"self_id":703263936,"post_ty...true},"interval":30000}' [148 bytes]
[2025-07-30 04:15:20,536.536] DEBUG    [MainThread|MainProcess] Logger (connect.py:on_message:43) | {'time': 1753820120, 'self_id': 703263936, 'post_type': 'meta_event', 'meta_event_type': 'heartbeat', 'status': {'online': True, 'good': True}, 'interval': 30000}
[2025-07-30 04:15:50,549.549] DEBUG    [MainThread|MainProcess] websockets.client (protocol.py:read_frame:1177) | < TEXT '{"time":1753820150,"self_id":703263936,"post_ty...true},"interval":30000}' [148 bytes]
[2025-07-30 04:15:50,549.549] DEBUG    [MainThread|MainProcess] Logger (connect.py:on_message:43) | {'time': 1753820150, 'self_id': 703263936, 'post_type': 'meta_event', 'meta_event_type': 'heartbeat', 'status': {'online': True, 'good': True}, 'interval': 30000}
[2025-07-30 04:16:20,562.562] DEBUG    [MainThread|MainProcess] websockets.client (protocol.py:read_frame:1177) | < TEXT '{"time":1753820180,"self_id":703263936,"post_ty...true},"interval":30000}' [148 bytes]
[2025-07-30 04:16:20,562.562] DEBUG    [MainThread|MainProcess] Logger (connect.py:on_message:43) | {'time': 1753820180, 'self_id': 703263936, 'post_type': 'meta_event', 'meta_event_type': 'heartbeat', 'status': {'online': True, 'good': True}, 'interval': 30000}
[2025-07-30 04:16:50,564.564] DEBUG    [MainThread|MainProcess] websockets.client (protocol.py:read_frame:1177) | < TEXT '{"time":1753820210,"self_id":703263936,"post_ty...true},"interval":30000}' [148 bytes]
[2025-07-30 04:16:50,564.564] DEBUG    [MainThread|MainProcess] Logger (connect.py:on_message:43) | {'time': 1753820210, 'self_id': 703263936, 'post_type': 'meta_event', 'meta_event_type': 'heartbeat', 'status': {'online': True, 'good': True}, 'interval': 30000}
[2025-07-30 04:17:20,574.574] DEBUG    [MainThread|MainProcess] websockets.client (protocol.py:read_frame:1177) | < TEXT '{"time":1753820240,"self_id":703263936,"post_ty...true},"interval":30000}' [148 bytes]
[2025-07-30 04:17:20,574.574] DEBUG    [MainThread|MainProcess] Logger (connect.py:on_message:43) | {'time': 1753820240, 'self_id': 703263936, 'post_type': 'meta_event', 'meta_event_type': 'heartbeat', 'status': {'online': True, 'good': True}, 'interval': 30000}
[2025-07-30 04:17:50,587.587] DEBUG    [MainThread|MainProcess] websockets.client (protocol.py:read_frame:1177) | < TEXT '{"time":1753820270,"self_id":703263936,"post_ty...true},"interval":30000}' [148 bytes]
[2025-07-30 04:17:50,587.587] DEBUG    [MainThread|MainProcess] Logger (connect.py:on_message:43) | {'time': 1753820270, 'self_id': 703263936, 'post_type': 'meta_event', 'meta_event_type': 'heartbeat', 'status': {'online': True, 'good': True}, 'interval': 30000}
[2025-07-30 04:18:20,601.601] DEBUG    [MainThread|MainProcess] websockets.client (protocol.py:read_frame:1177) | < TEXT '{"time":1753820300,"self_id":703263936,"post_ty...true},"interval":30000}' [148 bytes]
[2025-07-30 04:18:20,601.601] DEBUG    [MainThread|MainProcess] Logger (connect.py:on_message:43) | {'time': 1753820300, 'self_id': 703263936, 'post_type': 'meta_event', 'meta_event_type': 'heartbeat', 'status': {'online': True, 'good': True}, 'interval': 30000}
[2025-07-30 04:18:50,605.605] DEBUG    [MainThread|MainProcess] websockets.client (protocol.py:read_frame:1177) | < TEXT '{"time":1753820330,"self_id":703263936,"post_ty...true},"interval":30000}' [148 bytes]
[2025-07-30 04:18:50,605.605] DEBUG    [MainThread|MainProcess] Logger (connect.py:on_message:43) | {'time': 1753820330, 'self_id': 703263936, 'post_type': 'meta_event', 'meta_event_type': 'heartbeat', 'status': {'online': True, 'good': True}, 'interval': 30000}
[2025-07-30 04:19:20,616.616] DEBUG    [MainThread|MainProcess] websockets.client (protocol.py:read_frame:1177) | < TEXT '{"time":1753820360,"self_id":703263936,"post_ty...true},"interval":30000}' [148 bytes]
[2025-07-30 04:19:20,616.616] DEBUG    [MainThread|MainProcess] Logger (connect.py:on_message:43) | {'time': 1753820360, 'self_id': 703263936, 'post_type': 'meta_event', 'meta_event_type': 'heartbeat', 'status': {'online': True, 'good': True}, 'interval': 30000}
[2025-07-30 04:19:50,630.630] DEBUG    [MainThread|MainProcess] websockets.client (protocol.py:read_frame:1177) | < TEXT '{"time":1753820390,"self_id":703263936,"post_ty...true},"interval":30000}' [148 bytes]
[2025-07-30 04:19:50,630.630] DEBUG    [MainThread|MainProcess] Logger (connect.py:on_message:43) | {'time': 1753820390, 'self_id': 703263936, 'post_type': 'meta_event', 'meta_event_type': 'heartbeat', 'status': {'online': True, 'good': True}, 'interval': 30000}
[2025-07-30 04:20:20,643.643] DEBUG    [MainThread|MainProcess] websockets.client (protocol.py:read_frame:1177) | < TEXT '{"time":1753820420,"self_id":703263936,"post_ty...true},"interval":30000}' [148 bytes]
[2025-07-30 04:20:20,643.643] DEBUG    [MainThread|MainProcess] Logger (connect.py:on_message:43) | {'time': 1753820420, 'self_id': 703263936, 'post_type': 'meta_event', 'meta_event_type': 'heartbeat', 'status': {'online': True, 'good': True}, 'interval': 30000}
[2025-07-30 04:20:50,647.647] DEBUG    [MainThread|MainProcess] websockets.client (protocol.py:read_frame:1177) | < TEXT '{"time":1753820450,"self_id":703263936,"post_ty...true},"interval":30000}' [148 bytes]
[2025-07-30 04:20:50,647.647] DEBUG    [MainThread|MainProcess] Logger (connect.py:on_message:43) | {'time': 1753820450, 'self_id': 703263936, 'post_type': 'meta_event', 'meta_event_type': 'heartbeat', 'status': {'online': True, 'good': True}, 'interval': 30000}
[2025-07-30 04:21:20,659.659] DEBUG    [MainThread|MainProcess] websockets.client (protocol.py:read_frame:1177) | < TEXT '{"time":1753820480,"self_id":703263936,"post_ty...true},"interval":30000}' [148 bytes]
[2025-07-30 04:21:20,659.659] DEBUG    [MainThread|MainProcess] Logger (connect.py:on_message:43) | {'time': 1753820480, 'self_id': 703263936, 'post_type': 'meta_event', 'meta_event_type': 'heartbeat', 'status': {'online': True, 'good': True}, 'interval': 30000}
[2025-07-30 04:21:50,672.672] DEBUG    [MainThread|MainProcess] websockets.client (protocol.py:read_frame:1177) | < TEXT '{"time":1753820510,"self_id":703263936,"post_ty...true},"interval":30000}' [148 bytes]
[2025-07-30 04:21:50,672.672] DEBUG    [MainThread|MainProcess] Logger (connect.py:on_message:43) | {'time': 1753820510, 'self_id': 703263936, 'post_type': 'meta_event', 'meta_event_type': 'heartbeat', 'status': {'online': True, 'good': True}, 'interval': 30000}
[2025-07-30 04:22:20,686.686] DEBUG    [MainThread|MainProcess] websockets.client (protocol.py:read_frame:1177) | < TEXT '{"time":1753820540,"self_id":703263936,"post_ty...true},"interval":30000}' [148 bytes]
[2025-07-30 04:22:20,686.686] DEBUG    [MainThread|MainProcess] Logger (connect.py:on_message:43) | {'time': 1753820540, 'self_id': 703263936, 'post_type': 'meta_event', 'meta_event_type': 'heartbeat', 'status': {'online': True, 'good': True}, 'interval': 30000}
[2025-07-30 04:22:50,701.701] DEBUG    [MainThread|MainProcess] websockets.client (protocol.py:read_frame:1177) | < TEXT '{"time":1753820570,"self_id":703263936,"post_ty...true},"interval":30000}' [148 bytes]
[2025-07-30 04:22:50,701.701] DEBUG    [MainThread|MainProcess] Logger (connect.py:on_message:43) | {'time': 1753820570, 'self_id': 703263936, 'post_type': 'meta_event', 'meta_event_type': 'heartbeat', 'status': {'online': True, 'good': True}, 'interval': 30000}
[2025-07-30 04:23:20,712.712] DEBUG    [MainThread|MainProcess] websockets.client (protocol.py:read_frame:1177) | < TEXT '{"time":1753820600,"self_id":703263936,"post_ty...true},"interval":30000}' [148 bytes]
[2025-07-30 04:23:20,712.712] DEBUG    [MainThread|MainProcess] Logger (connect.py:on_message:43) | {'time': 1753820600, 'self_id': 703263936, 'post_type': 'meta_event', 'meta_event_type': 'heartbeat', 'status': {'online': True, 'good': True}, 'interval': 30000}
[2025-07-30 04:23:50,726.726] DEBUG    [MainThread|MainProcess] websockets.client (protocol.py:read_frame:1177) | < TEXT '{"time":1753820630,"self_id":703263936,"post_ty...true},"interval":30000}' [148 bytes]
[2025-07-30 04:23:50,726.726] DEBUG    [MainThread|MainProcess] Logger (connect.py:on_message:43) | {'time': 1753820630, 'self_id': 703263936, 'post_type': 'meta_event', 'meta_event_type': 'heartbeat', 'status': {'online': True, 'good': True}, 'interval': 30000}
[2025-07-30 04:24:20,739.739] DEBUG    [MainThread|MainProcess] websockets.client (protocol.py:read_frame:1177) | < TEXT '{"time":1753820660,"self_id":703263936,"post_ty...true},"interval":30000}' [148 bytes]
[2025-07-30 04:24:20,739.739] DEBUG    [MainThread|MainProcess] Logger (connect.py:on_message:43) | {'time': 1753820660, 'self_id': 703263936, 'post_type': 'meta_event', 'meta_event_type': 'heartbeat', 'status': {'online': True, 'good': True}, 'interval': 30000}
[2025-07-30 04:24:50,754.754] DEBUG    [MainThread|MainProcess] websockets.client (protocol.py:read_frame:1177) | < TEXT '{"time":1753820690,"self_id":703263936,"post_ty...true},"interval":30000}' [148 bytes]
[2025-07-30 04:24:50,754.754] DEBUG    [MainThread|MainProcess] Logger (connect.py:on_message:43) | {'time': 1753820690, 'self_id': 703263936, 'post_type': 'meta_event', 'meta_event_type': 'heartbeat', 'status': {'online': True, 'good': True}, 'interval': 30000}
[2025-07-30 04:25:20,764.764] DEBUG    [MainThread|MainProcess] websockets.client (protocol.py:read_frame:1177) | < TEXT '{"time":1753820720,"self_id":703263936,"post_ty...true},"interval":30000}' [148 bytes]
[2025-07-30 04:25:20,764.764] DEBUG    [MainThread|MainProcess] Logger (connect.py:on_message:43) | {'time': 1753820720, 'self_id': 703263936, 'post_type': 'meta_event', 'meta_event_type': 'heartbeat', 'status': {'online': True, 'good': True}, 'interval': 30000}
[2025-07-30 04:25:50,777.777] DEBUG    [MainThread|MainProcess] websockets.client (protocol.py:read_frame:1177) | < TEXT '{"time":1753820750,"self_id":703263936,"post_ty...true},"interval":30000}' [148 bytes]
[2025-07-30 04:25:50,777.777] DEBUG    [MainThread|MainProcess] Logger (connect.py:on_message:43) | {'time': 1753820750, 'self_id': 703263936, 'post_type': 'meta_event', 'meta_event_type': 'heartbeat', 'status': {'online': True, 'good': True}, 'interval': 30000}
[2025-07-30 04:26:20,791.791] DEBUG    [MainThread|MainProcess] websockets.client (protocol.py:read_frame:1177) | < TEXT '{"time":1753820780,"self_id":703263936,"post_ty...true},"interval":30000}' [148 bytes]
[2025-07-30 04:26:20,791.791] DEBUG    [MainThread|MainProcess] Logger (connect.py:on_message:43) | {'time': 1753820780, 'self_id': 703263936, 'post_type': 'meta_event', 'meta_event_type': 'heartbeat', 'status': {'online': True, 'good': True}, 'interval': 30000}
[2025-07-30 04:26:50,794.794] DEBUG    [MainThread|MainProcess] websockets.client (protocol.py:read_frame:1177) | < TEXT '{"time":1753820810,"self_id":703263936,"post_ty...true},"interval":30000}' [148 bytes]
[2025-07-30 04:26:50,794.794] DEBUG    [MainThread|MainProcess] Logger (connect.py:on_message:43) | {'time': 1753820810, 'self_id': 703263936, 'post_type': 'meta_event', 'meta_event_type': 'heartbeat', 'status': {'online': True, 'good': True}, 'interval': 30000}
[2025-07-30 04:27:20,804.804] DEBUG    [MainThread|MainProcess] websockets.client (protocol.py:read_frame:1177) | < TEXT '{"time":1753820840,"self_id":703263936,"post_ty...true},"interval":30000}' [148 bytes]
[2025-07-30 04:27:20,804.804] DEBUG    [MainThread|MainProcess] Logger (connect.py:on_message:43) | {'time': 1753820840, 'self_id': 703263936, 'post_type': 'meta_event', 'meta_event_type': 'heartbeat', 'status': {'online': True, 'good': True}, 'interval': 30000}
[2025-07-30 04:27:50,818.818] DEBUG    [MainThread|MainProcess] websockets.client (protocol.py:read_frame:1177) | < TEXT '{"time":1753820870,"self_id":703263936,"post_ty...true},"interval":30000}' [148 bytes]
[2025-07-30 04:27:50,818.818] DEBUG    [MainThread|MainProcess] Logger (connect.py:on_message:43) | {'time': 1753820870, 'self_id': 703263936, 'post_type': 'meta_event', 'meta_event_type': 'heartbeat', 'status': {'online': True, 'good': True}, 'interval': 30000}
[2025-07-30 04:28:20,831.831] DEBUG    [MainThread|MainProcess] websockets.client (protocol.py:read_frame:1177) | < TEXT '{"time":1753820900,"self_id":703263936,"post_ty...true},"interval":30000}' [148 bytes]
[2025-07-30 04:28:20,831.831] DEBUG    [MainThread|MainProcess] Logger (connect.py:on_message:43) | {'time': 1753820900, 'self_id': 703263936, 'post_type': 'meta_event', 'meta_event_type': 'heartbeat', 'status': {'online': True, 'good': True}, 'interval': 30000}
[2025-07-30 04:28:50,832.832] DEBUG    [MainThread|MainProcess] websockets.client (protocol.py:read_frame:1177) | < TEXT '{"time":1753820930,"self_id":703263936,"post_ty...true},"interval":30000}' [148 bytes]
[2025-07-30 04:28:50,832.832] DEBUG    [MainThread|MainProcess] Logger (connect.py:on_message:43) | {'time': 1753820930, 'self_id': 703263936, 'post_type': 'meta_event', 'meta_event_type': 'heartbeat', 'status': {'online': True, 'good': True}, 'interval': 30000}
[2025-07-30 04:29:20,842.842] DEBUG    [MainThread|MainProcess] websockets.client (protocol.py:read_frame:1177) | < TEXT '{"time":1753820960,"self_id":703263936,"post_ty...true},"interval":30000}' [148 bytes]
[2025-07-30 04:29:20,842.842] DEBUG    [MainThread|MainProcess] Logger (connect.py:on_message:43) | {'time': 1753820960, 'self_id': 703263936, 'post_type': 'meta_event', 'meta_event_type': 'heartbeat', 'status': {'online': True, 'good': True}, 'interval': 30000}
[2025-07-30 04:29:50,856.856] DEBUG    [MainThread|MainProcess] websockets.client (protocol.py:read_frame:1177) | < TEXT '{"time":1753820990,"self_id":703263936,"post_ty...true},"interval":30000}' [148 bytes]
[2025-07-30 04:29:50,856.856] DEBUG    [MainThread|MainProcess] Logger (connect.py:on_message:43) | {'time': 1753820990, 'self_id': 703263936, 'post_type': 'meta_event', 'meta_event_type': 'heartbeat', 'status': {'online': True, 'good': True}, 'interval': 30000}
[2025-07-30 04:30:20,869.869] DEBUG    [MainThread|MainProcess] websockets.client (protocol.py:read_frame:1177) | < TEXT '{"time":1753821020,"self_id":703263936,"post_ty...true},"interval":30000}' [148 bytes]
[2025-07-30 04:30:20,869.869] DEBUG    [MainThread|MainProcess] Logger (connect.py:on_message:43) | {'time': 1753821020, 'self_id': 703263936, 'post_type': 'meta_event', 'meta_event_type': 'heartbeat', 'status': {'online': True, 'good': True}, 'interval': 30000}
[2025-07-30 04:30:50,874.874] DEBUG    [MainThread|MainProcess] websockets.client (protocol.py:read_frame:1177) | < TEXT '{"time":1753821050,"self_id":703263936,"post_ty...true},"interval":30000}' [148 bytes]
[2025-07-30 04:30:50,874.874] DEBUG    [MainThread|MainProcess] Logger (connect.py:on_message:43) | {'time': 1753821050, 'self_id': 703263936, 'post_type': 'meta_event', 'meta_event_type': 'heartbeat', 'status': {'online': True, 'good': True}, 'interval': 30000}
[2025-07-30 04:31:20,887.887] DEBUG    [MainThread|MainProcess] websockets.client (protocol.py:read_frame:1177) | < TEXT '{"time":1753821080,"self_id":703263936,"post_ty...true},"interval":30000}' [148 bytes]
[2025-07-30 04:31:20,887.887] DEBUG    [MainThread|MainProcess] Logger (connect.py:on_message:43) | {'time': 1753821080, 'self_id': 703263936, 'post_type': 'meta_event', 'meta_event_type': 'heartbeat', 'status': {'online': True, 'good': True}, 'interval': 30000}
[2025-07-30 04:31:50,901.901] DEBUG    [MainThread|MainProcess] websockets.client (protocol.py:read_frame:1177) | < TEXT '{"time":1753821110,"self_id":703263936,"post_ty...true},"interval":30000}' [148 bytes]
[2025-07-30 04:31:50,901.901] DEBUG    [MainThread|MainProcess] Logger (connect.py:on_message:43) | {'time': 1753821110, 'self_id': 703263936, 'post_type': 'meta_event', 'meta_event_type': 'heartbeat', 'status': {'online': True, 'good': True}, 'interval': 30000}
[2025-07-30 04:32:20,914.914] DEBUG    [MainThread|MainProcess] websockets.client (protocol.py:read_frame:1177) | < TEXT '{"time":1753821140,"self_id":703263936,"post_ty...true},"interval":30000}' [148 bytes]
[2025-07-30 04:32:20,914.914] DEBUG    [MainThread|MainProcess] Logger (connect.py:on_message:43) | {'time': 1753821140, 'self_id': 703263936, 'post_type': 'meta_event', 'meta_event_type': 'heartbeat', 'status': {'online': True, 'good': True}, 'interval': 30000}
[2025-07-30 04:32:50,926.926] DEBUG    [MainThread|MainProcess] websockets.client (protocol.py:read_frame:1177) | < TEXT '{"time":1753821170,"self_id":703263936,"post_ty...true},"interval":30000}' [148 bytes]
[2025-07-30 04:32:50,926.926] DEBUG    [MainThread|MainProcess] Logger (connect.py:on_message:43) | {'time': 1753821170, 'self_id': 703263936, 'post_type': 'meta_event', 'meta_event_type': 'heartbeat', 'status': {'online': True, 'good': True}, 'interval': 30000}
[2025-07-30 04:33:20,940.940] DEBUG    [MainThread|MainProcess] websockets.client (protocol.py:read_frame:1177) | < TEXT '{"time":1753821200,"self_id":703263936,"post_ty...true},"interval":30000}' [148 bytes]
[2025-07-30 04:33:20,940.940] DEBUG    [MainThread|MainProcess] Logger (connect.py:on_message:43) | {'time': 1753821200, 'self_id': 703263936, 'post_type': 'meta_event', 'meta_event_type': 'heartbeat', 'status': {'online': True, 'good': True}, 'interval': 30000}
[2025-07-30 04:33:50,955.955] DEBUG    [MainThread|MainProcess] websockets.client (protocol.py:read_frame:1177) | < TEXT '{"time":1753821230,"self_id":703263936,"post_ty...true},"interval":30000}' [148 bytes]
[2025-07-30 04:33:50,955.955] DEBUG    [MainThread|MainProcess] Logger (connect.py:on_message:43) | {'time': 1753821230, 'self_id': 703263936, 'post_type': 'meta_event', 'meta_event_type': 'heartbeat', 'status': {'online': True, 'good': True}, 'interval': 30000}
[2025-07-30 04:34:20,968.968] DEBUG    [MainThread|MainProcess] websockets.client (protocol.py:read_frame:1177) | < TEXT '{"time":1753821260,"self_id":703263936,"post_ty...true},"interval":30000}' [148 bytes]
[2025-07-30 04:34:20,968.968] DEBUG    [MainThread|MainProcess] Logger (connect.py:on_message:43) | {'time': 1753821260, 'self_id': 703263936, 'post_type': 'meta_event', 'meta_event_type': 'heartbeat', 'status': {'online': True, 'good': True}, 'interval': 30000}
[2025-07-30 04:34:50,982.982] DEBUG    [MainThread|MainProcess] websockets.client (protocol.py:read_frame:1177) | < TEXT '{"time":1753821290,"self_id":703263936,"post_ty...true},"interval":30000}' [148 bytes]
[2025-07-30 04:34:50,982.982] DEBUG    [MainThread|MainProcess] Logger (connect.py:on_message:43) | {'time': 1753821290, 'self_id': 703263936, 'post_type': 'meta_event', 'meta_event_type': 'heartbeat', 'status': {'online': True, 'good': True}, 'interval': 30000}
[2025-07-30 04:35:20,996.996] DEBUG    [MainThread|MainProcess] websockets.client (protocol.py:read_frame:1177) | < TEXT '{"time":1753821320,"self_id":703263936,"post_ty...true},"interval":30000}' [148 bytes]
[2025-07-30 04:35:20,996.996] DEBUG    [MainThread|MainProcess] Logger (connect.py:on_message:43) | {'time': 1753821320, 'self_id': 703263936, 'post_type': 'meta_event', 'meta_event_type': 'heartbeat', 'status': {'online': True, 'good': True}, 'interval': 30000}
[2025-07-30 04:35:50,996.996] DEBUG    [MainThread|MainProcess] websockets.client (protocol.py:read_frame:1177) | < TEXT '{"time":1753821350,"self_id":703263936,"post_ty...true},"interval":30000}' [148 bytes]
[2025-07-30 04:35:50,996.996] DEBUG    [MainThread|MainProcess] Logger (connect.py:on_message:43) | {'time': 1753821350, 'self_id': 703263936, 'post_type': 'meta_event', 'meta_event_type': 'heartbeat', 'status': {'online': True, 'good': True}, 'interval': 30000}
[2025-07-30 04:36:21,009.009] DEBUG    [MainThread|MainProcess] websockets.client (protocol.py:read_frame:1177) | < TEXT '{"time":1753821381,"self_id":703263936,"post_ty...true},"interval":30000}' [148 bytes]
[2025-07-30 04:36:21,009.009] DEBUG    [MainThread|MainProcess] Logger (connect.py:on_message:43) | {'time': 1753821381, 'self_id': 703263936, 'post_type': 'meta_event', 'meta_event_type': 'heartbeat', 'status': {'online': True, 'good': True}, 'interval': 30000}
[2025-07-30 04:36:51,021.021] DEBUG    [MainThread|MainProcess] websockets.client (protocol.py:read_frame:1177) | < TEXT '{"time":1753821411,"self_id":703263936,"post_ty...true},"interval":30000}' [148 bytes]
[2025-07-30 04:36:51,021.021] DEBUG    [MainThread|MainProcess] Logger (connect.py:on_message:43) | {'time': 1753821411, 'self_id': 703263936, 'post_type': 'meta_event', 'meta_event_type': 'heartbeat', 'status': {'online': True, 'good': True}, 'interval': 30000}
[2025-07-30 04:37:21,035.035] DEBUG    [MainThread|MainProcess] websockets.client (protocol.py:read_frame:1177) | < TEXT '{"time":1753821441,"self_id":703263936,"post_ty...true},"interval":30000}' [148 bytes]
[2025-07-30 04:37:21,035.035] DEBUG    [MainThread|MainProcess] Logger (connect.py:on_message:43) | {'time': 1753821441, 'self_id': 703263936, 'post_type': 'meta_event', 'meta_event_type': 'heartbeat', 'status': {'online': True, 'good': True}, 'interval': 30000}
[2025-07-30 04:37:51,050.050] DEBUG    [MainThread|MainProcess] websockets.client (protocol.py:read_frame:1177) | < TEXT '{"time":1753821471,"self_id":703263936,"post_ty...true},"interval":30000}' [148 bytes]
[2025-07-30 04:37:51,050.050] DEBUG    [MainThread|MainProcess] Logger (connect.py:on_message:43) | {'time': 1753821471, 'self_id': 703263936, 'post_type': 'meta_event', 'meta_event_type': 'heartbeat', 'status': {'online': True, 'good': True}, 'interval': 30000}
[2025-07-30 04:38:21,063.063] DEBUG    [MainThread|MainProcess] websockets.client (protocol.py:read_frame:1177) | < TEXT '{"time":1753821501,"self_id":703263936,"post_ty...true},"interval":30000}' [148 bytes]
[2025-07-30 04:38:21,063.063] DEBUG    [MainThread|MainProcess] Logger (connect.py:on_message:43) | {'time': 1753821501, 'self_id': 703263936, 'post_type': 'meta_event', 'meta_event_type': 'heartbeat', 'status': {'online': True, 'good': True}, 'interval': 30000}
[2025-07-30 04:38:51,075.075] DEBUG    [MainThread|MainProcess] websockets.client (protocol.py:read_frame:1177) | < TEXT '{"time":1753821531,"self_id":703263936,"post_ty...true},"interval":30000}' [148 bytes]
[2025-07-30 04:38:51,075.075] DEBUG    [MainThread|MainProcess] Logger (connect.py:on_message:43) | {'time': 1753821531, 'self_id': 703263936, 'post_type': 'meta_event', 'meta_event_type': 'heartbeat', 'status': {'online': True, 'good': True}, 'interval': 30000}
[2025-07-30 04:39:21,089.089] DEBUG    [MainThread|MainProcess] websockets.client (protocol.py:read_frame:1177) | < TEXT '{"time":1753821561,"self_id":703263936,"post_ty...true},"interval":30000}' [148 bytes]
[2025-07-30 04:39:21,089.089] DEBUG    [MainThread|MainProcess] Logger (connect.py:on_message:43) | {'time': 1753821561, 'self_id': 703263936, 'post_type': 'meta_event', 'meta_event_type': 'heartbeat', 'status': {'online': True, 'good': True}, 'interval': 30000}
[2025-07-30 04:39:51,090.090] DEBUG    [MainThread|MainProcess] websockets.client (protocol.py:read_frame:1177) | < TEXT '{"time":1753821591,"self_id":703263936,"post_ty...true},"interval":30000}' [148 bytes]
[2025-07-30 04:39:51,090.090] DEBUG    [MainThread|MainProcess] Logger (connect.py:on_message:43) | {'time': 1753821591, 'self_id': 703263936, 'post_type': 'meta_event', 'meta_event_type': 'heartbeat', 'status': {'online': True, 'good': True}, 'interval': 30000}
[2025-07-30 04:40:21,104.104] DEBUG    [MainThread|MainProcess] websockets.client (protocol.py:read_frame:1177) | < TEXT '{"time":1753821621,"self_id":703263936,"post_ty...true},"interval":30000}' [148 bytes]
[2025-07-30 04:40:21,104.104] DEBUG    [MainThread|MainProcess] Logger (connect.py:on_message:43) | {'time': 1753821621, 'self_id': 703263936, 'post_type': 'meta_event', 'meta_event_type': 'heartbeat', 'status': {'online': True, 'good': True}, 'interval': 30000}
[2025-07-30 04:40:51,116.116] DEBUG    [MainThread|MainProcess] websockets.client (protocol.py:read_frame:1177) | < TEXT '{"time":1753821651,"self_id":703263936,"post_ty...true},"interval":30000}' [148 bytes]
[2025-07-30 04:40:51,116.116] DEBUG    [MainThread|MainProcess] Logger (connect.py:on_message:43) | {'time': 1753821651, 'self_id': 703263936, 'post_type': 'meta_event', 'meta_event_type': 'heartbeat', 'status': {'online': True, 'good': True}, 'interval': 30000}
[2025-07-30 04:41:21,130.130] DEBUG    [MainThread|MainProcess] websockets.client (protocol.py:read_frame:1177) | < TEXT '{"time":1753821681,"self_id":703263936,"post_ty...true},"interval":30000}' [148 bytes]
[2025-07-30 04:41:21,130.130] DEBUG    [MainThread|MainProcess] Logger (connect.py:on_message:43) | {'time': 1753821681, 'self_id': 703263936, 'post_type': 'meta_event', 'meta_event_type': 'heartbeat', 'status': {'online': True, 'good': True}, 'interval': 30000}
[2025-07-30 04:41:51,131.131] DEBUG    [MainThread|MainProcess] websockets.client (protocol.py:read_frame:1177) | < TEXT '{"time":1753821711,"self_id":703263936,"post_ty...true},"interval":30000}' [148 bytes]
[2025-07-30 04:41:51,131.131] DEBUG    [MainThread|MainProcess] Logger (connect.py:on_message:43) | {'time': 1753821711, 'self_id': 703263936, 'post_type': 'meta_event', 'meta_event_type': 'heartbeat', 'status': {'online': True, 'good': True}, 'interval': 30000}
[2025-07-30 04:42:21,144.144] DEBUG    [MainThread|MainProcess] websockets.client (protocol.py:read_frame:1177) | < TEXT '{"time":1753821741,"self_id":703263936,"post_ty...true},"interval":30000}' [148 bytes]
[2025-07-30 04:42:21,144.144] DEBUG    [MainThread|MainProcess] Logger (connect.py:on_message:43) | {'time': 1753821741, 'self_id': 703263936, 'post_type': 'meta_event', 'meta_event_type': 'heartbeat', 'status': {'online': True, 'good': True}, 'interval': 30000}
[2025-07-30 04:42:51,155.155] DEBUG    [MainThread|MainProcess] websockets.client (protocol.py:read_frame:1177) | < TEXT '{"time":1753821771,"self_id":703263936,"post_ty...true},"interval":30000}' [148 bytes]
[2025-07-30 04:42:51,155.155] DEBUG    [MainThread|MainProcess] Logger (connect.py:on_message:43) | {'time': 1753821771, 'self_id': 703263936, 'post_type': 'meta_event', 'meta_event_type': 'heartbeat', 'status': {'online': True, 'good': True}, 'interval': 30000}
[2025-07-30 04:43:21,168.168] DEBUG    [MainThread|MainProcess] websockets.client (protocol.py:read_frame:1177) | < TEXT '{"time":1753821801,"self_id":703263936,"post_ty...true},"interval":30000}' [148 bytes]
[2025-07-30 04:43:21,168.168] DEBUG    [MainThread|MainProcess] Logger (connect.py:on_message:43) | {'time': 1753821801, 'self_id': 703263936, 'post_type': 'meta_event', 'meta_event_type': 'heartbeat', 'status': {'online': True, 'good': True}, 'interval': 30000}
[2025-07-30 04:43:51,171.171] DEBUG    [MainThread|MainProcess] websockets.client (protocol.py:read_frame:1177) | < TEXT '{"time":1753821831,"self_id":703263936,"post_ty...true},"interval":30000}' [148 bytes]
[2025-07-30 04:43:51,171.171] DEBUG    [MainThread|MainProcess] Logger (connect.py:on_message:43) | {'time': 1753821831, 'self_id': 703263936, 'post_type': 'meta_event', 'meta_event_type': 'heartbeat', 'status': {'online': True, 'good': True}, 'interval': 30000}
[2025-07-30 04:44:21,184.184] DEBUG    [MainThread|MainProcess] websockets.client (protocol.py:read_frame:1177) | < TEXT '{"time":1753821861,"self_id":703263936,"post_ty...true},"interval":30000}' [148 bytes]
[2025-07-30 04:44:21,184.184] DEBUG    [MainThread|MainProcess] Logger (connect.py:on_message:43) | {'time': 1753821861, 'self_id': 703263936, 'post_type': 'meta_event', 'meta_event_type': 'heartbeat', 'status': {'online': True, 'good': True}, 'interval': 30000}
[2025-07-30 04:44:51,196.196] DEBUG    [MainThread|MainProcess] websockets.client (protocol.py:read_frame:1177) | < TEXT '{"time":1753821891,"self_id":703263936,"post_ty...true},"interval":30000}' [148 bytes]
[2025-07-30 04:44:51,196.196] DEBUG    [MainThread|MainProcess] Logger (connect.py:on_message:43) | {'time': 1753821891, 'self_id': 703263936, 'post_type': 'meta_event', 'meta_event_type': 'heartbeat', 'status': {'online': True, 'good': True}, 'interval': 30000}
[2025-07-30 04:45:21,209.209] DEBUG    [MainThread|MainProcess] websockets.client (protocol.py:read_frame:1177) | < TEXT '{"time":1753821921,"self_id":703263936,"post_ty...true},"interval":30000}' [148 bytes]
[2025-07-30 04:45:21,209.209] DEBUG    [MainThread|MainProcess] Logger (connect.py:on_message:43) | {'time': 1753821921, 'self_id': 703263936, 'post_type': 'meta_event', 'meta_event_type': 'heartbeat', 'status': {'online': True, 'good': True}, 'interval': 30000}
[2025-07-30 04:45:51,210.210] DEBUG    [MainThread|MainProcess] websockets.client (protocol.py:read_frame:1177) | < TEXT '{"time":1753821951,"self_id":703263936,"post_ty...true},"interval":30000}' [148 bytes]
[2025-07-30 04:45:51,210.210] DEBUG    [MainThread|MainProcess] Logger (connect.py:on_message:43) | {'time': 1753821951, 'self_id': 703263936, 'post_type': 'meta_event', 'meta_event_type': 'heartbeat', 'status': {'online': True, 'good': True}, 'interval': 30000}
[2025-07-30 04:46:21,223.223] DEBUG    [MainThread|MainProcess] websockets.client (protocol.py:read_frame:1177) | < TEXT '{"time":1753821981,"self_id":703263936,"post_ty...true},"interval":30000}' [148 bytes]
[2025-07-30 04:46:21,223.223] DEBUG    [MainThread|MainProcess] Logger (connect.py:on_message:43) | {'time': 1753821981, 'self_id': 703263936, 'post_type': 'meta_event', 'meta_event_type': 'heartbeat', 'status': {'online': True, 'good': True}, 'interval': 30000}
[2025-07-30 04:46:51,234.234] DEBUG    [MainThread|MainProcess] websockets.client (protocol.py:read_frame:1177) | < TEXT '{"time":1753822011,"self_id":703263936,"post_ty...true},"interval":30000}' [148 bytes]
[2025-07-30 04:46:51,234.234] DEBUG    [MainThread|MainProcess] Logger (connect.py:on_message:43) | {'time': 1753822011, 'self_id': 703263936, 'post_type': 'meta_event', 'meta_event_type': 'heartbeat', 'status': {'online': True, 'good': True}, 'interval': 30000}
[2025-07-30 04:47:21,248.248] DEBUG    [MainThread|MainProcess] websockets.client (protocol.py:read_frame:1177) | < TEXT '{"time":1753822041,"self_id":703263936,"post_ty...true},"interval":30000}' [148 bytes]
[2025-07-30 04:47:21,248.248] DEBUG    [MainThread|MainProcess] Logger (connect.py:on_message:43) | {'time': 1753822041, 'self_id': 703263936, 'post_type': 'meta_event', 'meta_event_type': 'heartbeat', 'status': {'online': True, 'good': True}, 'interval': 30000}
[2025-07-30 04:47:51,249.249] DEBUG    [MainThread|MainProcess] websockets.client (protocol.py:read_frame:1177) | < TEXT '{"time":1753822071,"self_id":703263936,"post_ty...true},"interval":30000}' [148 bytes]
[2025-07-30 04:47:51,249.249] DEBUG    [MainThread|MainProcess] Logger (connect.py:on_message:43) | {'time': 1753822071, 'self_id': 703263936, 'post_type': 'meta_event', 'meta_event_type': 'heartbeat', 'status': {'online': True, 'good': True}, 'interval': 30000}
[2025-07-30 04:48:21,263.263] DEBUG    [MainThread|MainProcess] websockets.client (protocol.py:read_frame:1177) | < TEXT '{"time":1753822101,"self_id":703263936,"post_ty...true},"interval":30000}' [148 bytes]
[2025-07-30 04:48:21,263.263] DEBUG    [MainThread|MainProcess] Logger (connect.py:on_message:43) | {'time': 1753822101, 'self_id': 703263936, 'post_type': 'meta_event', 'meta_event_type': 'heartbeat', 'status': {'online': True, 'good': True}, 'interval': 30000}
[2025-07-30 04:48:51,273.273] DEBUG    [MainThread|MainProcess] websockets.client (protocol.py:read_frame:1177) | < TEXT '{"time":1753822131,"self_id":703263936,"post_ty...true},"interval":30000}' [148 bytes]
[2025-07-30 04:48:51,273.273] DEBUG    [MainThread|MainProcess] Logger (connect.py:on_message:43) | {'time': 1753822131, 'self_id': 703263936, 'post_type': 'meta_event', 'meta_event_type': 'heartbeat', 'status': {'online': True, 'good': True}, 'interval': 30000}
[2025-07-30 04:49:21,287.287] DEBUG    [MainThread|MainProcess] websockets.client (protocol.py:read_frame:1177) | < TEXT '{"time":1753822161,"self_id":703263936,"post_ty...true},"interval":30000}' [148 bytes]
[2025-07-30 04:49:21,287.287] DEBUG    [MainThread|MainProcess] Logger (connect.py:on_message:43) | {'time': 1753822161, 'self_id': 703263936, 'post_type': 'meta_event', 'meta_event_type': 'heartbeat', 'status': {'online': True, 'good': True}, 'interval': 30000}
[2025-07-30 04:49:51,286.286] DEBUG    [MainThread|MainProcess] websockets.client (protocol.py:read_frame:1177) | < TEXT '{"time":1753822191,"self_id":703263936,"post_ty...true},"interval":30000}' [148 bytes]
[2025-07-30 04:49:51,286.286] DEBUG    [MainThread|MainProcess] Logger (connect.py:on_message:43) | {'time': 1753822191, 'self_id': 703263936, 'post_type': 'meta_event', 'meta_event_type': 'heartbeat', 'status': {'online': True, 'good': True}, 'interval': 30000}
[2025-07-30 04:50:21,299.299] DEBUG    [MainThread|MainProcess] websockets.client (protocol.py:read_frame:1177) | < TEXT '{"time":1753822221,"self_id":703263936,"post_ty...true},"interval":30000}' [148 bytes]
[2025-07-30 04:50:21,299.299] DEBUG    [MainThread|MainProcess] Logger (connect.py:on_message:43) | {'time': 1753822221, 'self_id': 703263936, 'post_type': 'meta_event', 'meta_event_type': 'heartbeat', 'status': {'online': True, 'good': True}, 'interval': 30000}
[2025-07-30 04:50:51,312.312] DEBUG    [MainThread|MainProcess] websockets.client (protocol.py:read_frame:1177) | < TEXT '{"time":1753822251,"self_id":703263936,"post_ty...true},"interval":30000}' [148 bytes]
[2025-07-30 04:50:51,312.312] DEBUG    [MainThread|MainProcess] Logger (connect.py:on_message:43) | {'time': 1753822251, 'self_id': 703263936, 'post_type': 'meta_event', 'meta_event_type': 'heartbeat', 'status': {'online': True, 'good': True}, 'interval': 30000}
[2025-07-30 04:51:21,326.326] DEBUG    [MainThread|MainProcess] websockets.client (protocol.py:read_frame:1177) | < TEXT '{"time":1753822281,"self_id":703263936,"post_ty...true},"interval":30000}' [148 bytes]
[2025-07-30 04:51:21,326.326] DEBUG    [MainThread|MainProcess] Logger (connect.py:on_message:43) | {'time': 1753822281, 'self_id': 703263936, 'post_type': 'meta_event', 'meta_event_type': 'heartbeat', 'status': {'online': True, 'good': True}, 'interval': 30000}
[2025-07-30 04:51:51,326.326] DEBUG    [MainThread|MainProcess] websockets.client (protocol.py:read_frame:1177) | < TEXT '{"time":1753822311,"self_id":703263936,"post_ty...true},"interval":30000}' [148 bytes]
[2025-07-30 04:51:51,326.326] DEBUG    [MainThread|MainProcess] Logger (connect.py:on_message:43) | {'time': 1753822311, 'self_id': 703263936, 'post_type': 'meta_event', 'meta_event_type': 'heartbeat', 'status': {'online': True, 'good': True}, 'interval': 30000}
[2025-07-30 04:52:21,340.340] DEBUG    [MainThread|MainProcess] websockets.client (protocol.py:read_frame:1177) | < TEXT '{"time":1753822341,"self_id":703263936,"post_ty...true},"interval":30000}' [148 bytes]
[2025-07-30 04:52:21,340.340] DEBUG    [MainThread|MainProcess] Logger (connect.py:on_message:43) | {'time': 1753822341, 'self_id': 703263936, 'post_type': 'meta_event', 'meta_event_type': 'heartbeat', 'status': {'online': True, 'good': True}, 'interval': 30000}
[2025-07-30 04:52:51,354.354] DEBUG    [MainThread|MainProcess] websockets.client (protocol.py:read_frame:1177) | < TEXT '{"time":1753822371,"self_id":703263936,"post_ty...true},"interval":30000}' [148 bytes]
[2025-07-30 04:52:51,354.354] DEBUG    [MainThread|MainProcess] Logger (connect.py:on_message:43) | {'time': 1753822371, 'self_id': 703263936, 'post_type': 'meta_event', 'meta_event_type': 'heartbeat', 'status': {'online': True, 'good': True}, 'interval': 30000}
[2025-07-30 04:53:21,367.367] DEBUG    [MainThread|MainProcess] websockets.client (protocol.py:read_frame:1177) | < TEXT '{"time":1753822401,"self_id":703263936,"post_ty...true},"interval":30000}' [148 bytes]
[2025-07-30 04:53:21,367.367] DEBUG    [MainThread|MainProcess] Logger (connect.py:on_message:43) | {'time': 1753822401, 'self_id': 703263936, 'post_type': 'meta_event', 'meta_event_type': 'heartbeat', 'status': {'online': True, 'good': True}, 'interval': 30000}
[2025-07-30 04:53:51,377.377] DEBUG    [MainThread|MainProcess] websockets.client (protocol.py:read_frame:1177) | < TEXT '{"time":1753822431,"self_id":703263936,"post_ty...true},"interval":30000}' [148 bytes]
[2025-07-30 04:53:51,377.377] DEBUG    [MainThread|MainProcess] Logger (connect.py:on_message:43) | {'time': 1753822431, 'self_id': 703263936, 'post_type': 'meta_event', 'meta_event_type': 'heartbeat', 'status': {'online': True, 'good': True}, 'interval': 30000}
[2025-07-30 04:54:21,391.391] DEBUG    [MainThread|MainProcess] websockets.client (protocol.py:read_frame:1177) | < TEXT '{"time":1753822461,"self_id":703263936,"post_ty...true},"interval":30000}' [148 bytes]
[2025-07-30 04:54:21,391.391] DEBUG    [MainThread|MainProcess] Logger (connect.py:on_message:43) | {'time': 1753822461, 'self_id': 703263936, 'post_type': 'meta_event', 'meta_event_type': 'heartbeat', 'status': {'online': True, 'good': True}, 'interval': 30000}
[2025-07-30 04:54:51,406.406] DEBUG    [MainThread|MainProcess] websockets.client (protocol.py:read_frame:1177) | < TEXT '{"time":1753822491,"self_id":703263936,"post_ty...true},"interval":30000}' [148 bytes]
[2025-07-30 04:54:51,406.406] DEBUG    [MainThread|MainProcess] Logger (connect.py:on_message:43) | {'time': 1753822491, 'self_id': 703263936, 'post_type': 'meta_event', 'meta_event_type': 'heartbeat', 'status': {'online': True, 'good': True}, 'interval': 30000}
[2025-07-30 04:55:21,419.419] DEBUG    [MainThread|MainProcess] websockets.client (protocol.py:read_frame:1177) | < TEXT '{"time":1753822521,"self_id":703263936,"post_ty...true},"interval":30000}' [148 bytes]
[2025-07-30 04:55:21,419.419] DEBUG    [MainThread|MainProcess] Logger (connect.py:on_message:43) | {'time': 1753822521, 'self_id': 703263936, 'post_type': 'meta_event', 'meta_event_type': 'heartbeat', 'status': {'online': True, 'good': True}, 'interval': 30000}
[2025-07-30 04:55:51,427.427] DEBUG    [MainThread|MainProcess] websockets.client (protocol.py:read_frame:1177) | < TEXT '{"time":1753822551,"self_id":703263936,"post_ty...true},"interval":30000}' [148 bytes]
[2025-07-30 04:55:51,427.427] DEBUG    [MainThread|MainProcess] Logger (connect.py:on_message:43) | {'time': 1753822551, 'self_id': 703263936, 'post_type': 'meta_event', 'meta_event_type': 'heartbeat', 'status': {'online': True, 'good': True}, 'interval': 30000}
[2025-07-30 04:56:21,440.440] DEBUG    [MainThread|MainProcess] websockets.client (protocol.py:read_frame:1177) | < TEXT '{"time":1753822581,"self_id":703263936,"post_ty...true},"interval":30000}' [148 bytes]
[2025-07-30 04:56:21,440.440] DEBUG    [MainThread|MainProcess] Logger (connect.py:on_message:43) | {'time': 1753822581, 'self_id': 703263936, 'post_type': 'meta_event', 'meta_event_type': 'heartbeat', 'status': {'online': True, 'good': True}, 'interval': 30000}
[2025-07-30 04:56:51,449.449] DEBUG    [MainThread|MainProcess] websockets.client (protocol.py:read_frame:1177) | < TEXT '{"time":1753822611,"self_id":703263936,"post_ty...true},"interval":30000}' [148 bytes]
[2025-07-30 04:56:51,449.449] DEBUG    [MainThread|MainProcess] Logger (connect.py:on_message:43) | {'time': 1753822611, 'self_id': 703263936, 'post_type': 'meta_event', 'meta_event_type': 'heartbeat', 'status': {'online': True, 'good': True}, 'interval': 30000}
[2025-07-30 04:57:21,462.462] DEBUG    [MainThread|MainProcess] websockets.client (protocol.py:read_frame:1177) | < TEXT '{"time":1753822641,"self_id":703263936,"post_ty...true},"interval":30000}' [148 bytes]
[2025-07-30 04:57:21,462.462] DEBUG    [MainThread|MainProcess] Logger (connect.py:on_message:43) | {'time': 1753822641, 'self_id': 703263936, 'post_type': 'meta_event', 'meta_event_type': 'heartbeat', 'status': {'online': True, 'good': True}, 'interval': 30000}
[2025-07-30 04:57:51,465.465] DEBUG    [MainThread|MainProcess] websockets.client (protocol.py:read_frame:1177) | < TEXT '{"time":1753822671,"self_id":703263936,"post_ty...true},"interval":30000}' [148 bytes]
[2025-07-30 04:57:51,465.465] DEBUG    [MainThread|MainProcess] Logger (connect.py:on_message:43) | {'time': 1753822671, 'self_id': 703263936, 'post_type': 'meta_event', 'meta_event_type': 'heartbeat', 'status': {'online': True, 'good': True}, 'interval': 30000}
[2025-07-30 04:58:21,478.478] DEBUG    [MainThread|MainProcess] websockets.client (protocol.py:read_frame:1177) | < TEXT '{"time":1753822701,"self_id":703263936,"post_ty...true},"interval":30000}' [148 bytes]
[2025-07-30 04:58:21,478.478] DEBUG    [MainThread|MainProcess] Logger (connect.py:on_message:43) | {'time': 1753822701, 'self_id': 703263936, 'post_type': 'meta_event', 'meta_event_type': 'heartbeat', 'status': {'online': True, 'good': True}, 'interval': 30000}
[2025-07-30 04:58:51,489.489] DEBUG    [MainThread|MainProcess] websockets.client (protocol.py:read_frame:1177) | < TEXT '{"time":1753822731,"self_id":703263936,"post_ty...true},"interval":30000}' [148 bytes]
[2025-07-30 04:58:51,489.489] DEBUG    [MainThread|MainProcess] Logger (connect.py:on_message:43) | {'time': 1753822731, 'self_id': 703263936, 'post_type': 'meta_event', 'meta_event_type': 'heartbeat', 'status': {'online': True, 'good': True}, 'interval': 30000}
[2025-07-30 04:59:21,503.503] DEBUG    [MainThread|MainProcess] websockets.client (protocol.py:read_frame:1177) | < TEXT '{"time":1753822761,"self_id":703263936,"post_ty...true},"interval":30000}' [148 bytes]
[2025-07-30 04:59:21,503.503] DEBUG    [MainThread|MainProcess] Logger (connect.py:on_message:43) | {'time': 1753822761, 'self_id': 703263936, 'post_type': 'meta_event', 'meta_event_type': 'heartbeat', 'status': {'online': True, 'good': True}, 'interval': 30000}
[2025-07-30 04:59:51,518.518] DEBUG    [MainThread|MainProcess] websockets.client (protocol.py:read_frame:1177) | < TEXT '{"time":1753822791,"self_id":703263936,"post_ty...true},"interval":30000}' [148 bytes]
[2025-07-30 04:59:51,518.518] DEBUG    [MainThread|MainProcess] Logger (connect.py:on_message:43) | {'time': 1753822791, 'self_id': 703263936, 'post_type': 'meta_event', 'meta_event_type': 'heartbeat', 'status': {'online': True, 'good': True}, 'interval': 30000}
[2025-07-30 05:00:21,531.531] DEBUG    [MainThread|MainProcess] websockets.client (protocol.py:read_frame:1177) | < TEXT '{"time":1753822821,"self_id":703263936,"post_ty...true},"interval":30000}' [148 bytes]
[2025-07-30 05:00:21,531.531] DEBUG    [MainThread|MainProcess] Logger (connect.py:on_message:43) | {'time': 1753822821, 'self_id': 703263936, 'post_type': 'meta_event', 'meta_event_type': 'heartbeat', 'status': {'online': True, 'good': True}, 'interval': 30000}
[2025-07-30 05:00:51,544.544] DEBUG    [MainThread|MainProcess] websockets.client (protocol.py:read_frame:1177) | < TEXT '{"time":1753822851,"self_id":703263936,"post_ty...true},"interval":30000}' [148 bytes]
[2025-07-30 05:00:51,544.544] DEBUG    [MainThread|MainProcess] Logger (connect.py:on_message:43) | {'time': 1753822851, 'self_id': 703263936, 'post_type': 'meta_event', 'meta_event_type': 'heartbeat', 'status': {'online': True, 'good': True}, 'interval': 30000}
[2025-07-30 05:01:21,557.557] DEBUG    [MainThread|MainProcess] websockets.client (protocol.py:read_frame:1177) | < TEXT '{"time":1753822881,"self_id":703263936,"post_ty...true},"interval":30000}' [148 bytes]
[2025-07-30 05:01:21,557.557] DEBUG    [MainThread|MainProcess] Logger (connect.py:on_message:43) | {'time': 1753822881, 'self_id': 703263936, 'post_type': 'meta_event', 'meta_event_type': 'heartbeat', 'status': {'online': True, 'good': True}, 'interval': 30000}
[2025-07-30 05:01:51,558.558] DEBUG    [MainThread|MainProcess] websockets.client (protocol.py:read_frame:1177) | < TEXT '{"time":1753822911,"self_id":703263936,"post_ty...true},"interval":30000}' [148 bytes]
[2025-07-30 05:01:51,558.558] DEBUG    [MainThread|MainProcess] Logger (connect.py:on_message:43) | {'time': 1753822911, 'self_id': 703263936, 'post_type': 'meta_event', 'meta_event_type': 'heartbeat', 'status': {'online': True, 'good': True}, 'interval': 30000}
[2025-07-30 05:02:21,571.571] DEBUG    [MainThread|MainProcess] websockets.client (protocol.py:read_frame:1177) | < TEXT '{"time":1753822941,"self_id":703263936,"post_ty...true},"interval":30000}' [148 bytes]
[2025-07-30 05:02:21,571.571] DEBUG    [MainThread|MainProcess] Logger (connect.py:on_message:43) | {'time': 1753822941, 'self_id': 703263936, 'post_type': 'meta_event', 'meta_event_type': 'heartbeat', 'status': {'online': True, 'good': True}, 'interval': 30000}
[2025-07-30 05:02:51,585.585] DEBUG    [MainThread|MainProcess] websockets.client (protocol.py:read_frame:1177) | < TEXT '{"time":1753822971,"self_id":703263936,"post_ty...true},"interval":30000}' [148 bytes]
[2025-07-30 05:02:51,585.585] DEBUG    [MainThread|MainProcess] Logger (connect.py:on_message:43) | {'time': 1753822971, 'self_id': 703263936, 'post_type': 'meta_event', 'meta_event_type': 'heartbeat', 'status': {'online': True, 'good': True}, 'interval': 30000}
[2025-07-30 05:03:21,599.599] DEBUG    [MainThread|MainProcess] websockets.client (protocol.py:read_frame:1177) | < TEXT '{"time":1753823001,"self_id":703263936,"post_ty...true},"interval":30000}' [148 bytes]
[2025-07-30 05:03:21,599.599] DEBUG    [MainThread|MainProcess] Logger (connect.py:on_message:43) | {'time': 1753823001, 'self_id': 703263936, 'post_type': 'meta_event', 'meta_event_type': 'heartbeat', 'status': {'online': True, 'good': True}, 'interval': 30000}
[2025-07-30 05:03:51,614.614] DEBUG    [MainThread|MainProcess] websockets.client (protocol.py:read_frame:1177) | < TEXT '{"time":1753823031,"self_id":703263936,"post_ty...true},"interval":30000}' [148 bytes]
[2025-07-30 05:03:51,614.614] DEBUG    [MainThread|MainProcess] Logger (connect.py:on_message:43) | {'time': 1753823031, 'self_id': 703263936, 'post_type': 'meta_event', 'meta_event_type': 'heartbeat', 'status': {'online': True, 'good': True}, 'interval': 30000}
[2025-07-30 05:04:21,627.627] DEBUG    [MainThread|MainProcess] websockets.client (protocol.py:read_frame:1177) | < TEXT '{"time":1753823061,"self_id":703263936,"post_ty...true},"interval":30000}' [148 bytes]
[2025-07-30 05:04:21,627.627] DEBUG    [MainThread|MainProcess] Logger (connect.py:on_message:43) | {'time': 1753823061, 'self_id': 703263936, 'post_type': 'meta_event', 'meta_event_type': 'heartbeat', 'status': {'online': True, 'good': True}, 'interval': 30000}
[2025-07-30 05:04:51,639.639] DEBUG    [MainThread|MainProcess] websockets.client (protocol.py:read_frame:1177) | < TEXT '{"time":1753823091,"self_id":703263936,"post_ty...true},"interval":30000}' [148 bytes]
[2025-07-30 05:04:51,639.639] DEBUG    [MainThread|MainProcess] Logger (connect.py:on_message:43) | {'time': 1753823091, 'self_id': 703263936, 'post_type': 'meta_event', 'meta_event_type': 'heartbeat', 'status': {'online': True, 'good': True}, 'interval': 30000}
[2025-07-30 05:05:21,653.653] DEBUG    [MainThread|MainProcess] websockets.client (protocol.py:read_frame:1177) | < TEXT '{"time":1753823121,"self_id":703263936,"post_ty...true},"interval":30000}' [148 bytes]
[2025-07-30 05:05:21,653.653] DEBUG    [MainThread|MainProcess] Logger (connect.py:on_message:43) | {'time': 1753823121, 'self_id': 703263936, 'post_type': 'meta_event', 'meta_event_type': 'heartbeat', 'status': {'online': True, 'good': True}, 'interval': 30000}
[2025-07-30 05:05:51,654.654] DEBUG    [MainThread|MainProcess] websockets.client (protocol.py:read_frame:1177) | < TEXT '{"time":1753823151,"self_id":703263936,"post_ty...true},"interval":30000}' [148 bytes]
[2025-07-30 05:05:51,654.654] DEBUG    [MainThread|MainProcess] Logger (connect.py:on_message:43) | {'time': 1753823151, 'self_id': 703263936, 'post_type': 'meta_event', 'meta_event_type': 'heartbeat', 'status': {'online': True, 'good': True}, 'interval': 30000}
[2025-07-30 05:06:21,668.668] DEBUG    [MainThread|MainProcess] websockets.client (protocol.py:read_frame:1177) | < TEXT '{"time":1753823181,"self_id":703263936,"post_ty...true},"interval":30000}' [148 bytes]
[2025-07-30 05:06:21,668.668] DEBUG    [MainThread|MainProcess] Logger (connect.py:on_message:43) | {'time': 1753823181, 'self_id': 703263936, 'post_type': 'meta_event', 'meta_event_type': 'heartbeat', 'status': {'online': True, 'good': True}, 'interval': 30000}
[2025-07-30 05:06:51,680.680] DEBUG    [MainThread|MainProcess] websockets.client (protocol.py:read_frame:1177) | < TEXT '{"time":1753823211,"self_id":703263936,"post_ty...true},"interval":30000}' [148 bytes]
[2025-07-30 05:06:51,680.680] DEBUG    [MainThread|MainProcess] Logger (connect.py:on_message:43) | {'time': 1753823211, 'self_id': 703263936, 'post_type': 'meta_event', 'meta_event_type': 'heartbeat', 'status': {'online': True, 'good': True}, 'interval': 30000}
[2025-07-30 05:07:21,689.689] DEBUG    [MainThread|MainProcess] websockets.client (protocol.py:read_frame:1177) | < TEXT '{"time":1753823241,"self_id":703263936,"post_ty...true},"interval":30000}' [148 bytes]
[2025-07-30 05:07:21,689.689] DEBUG    [MainThread|MainProcess] Logger (connect.py:on_message:43) | {'time': 1753823241, 'self_id': 703263936, 'post_type': 'meta_event', 'meta_event_type': 'heartbeat', 'status': {'online': True, 'good': True}, 'interval': 30000}
[2025-07-30 05:07:51,701.701] DEBUG    [MainThread|MainProcess] websockets.client (protocol.py:read_frame:1177) | < TEXT '{"time":1753823271,"self_id":703263936,"post_ty...true},"interval":30000}' [148 bytes]
[2025-07-30 05:07:51,701.701] DEBUG    [MainThread|MainProcess] Logger (connect.py:on_message:43) | {'time': 1753823271, 'self_id': 703263936, 'post_type': 'meta_event', 'meta_event_type': 'heartbeat', 'status': {'online': True, 'good': True}, 'interval': 30000}
[2025-07-30 05:08:21,714.714] DEBUG    [MainThread|MainProcess] websockets.client (protocol.py:read_frame:1177) | < TEXT '{"time":1753823301,"self_id":703263936,"post_ty...true},"interval":30000}' [148 bytes]
[2025-07-30 05:08:21,714.714] DEBUG    [MainThread|MainProcess] Logger (connect.py:on_message:43) | {'time': 1753823301, 'self_id': 703263936, 'post_type': 'meta_event', 'meta_event_type': 'heartbeat', 'status': {'online': True, 'good': True}, 'interval': 30000}
[2025-07-30 05:08:51,726.726] DEBUG    [MainThread|MainProcess] websockets.client (protocol.py:read_frame:1177) | < TEXT '{"time":1753823331,"self_id":703263936,"post_ty...true},"interval":30000}' [148 bytes]
[2025-07-30 05:08:51,726.726] DEBUG    [MainThread|MainProcess] Logger (connect.py:on_message:43) | {'time': 1753823331, 'self_id': 703263936, 'post_type': 'meta_event', 'meta_event_type': 'heartbeat', 'status': {'online': True, 'good': True}, 'interval': 30000}
[2025-07-30 05:09:21,737.737] DEBUG    [MainThread|MainProcess] websockets.client (protocol.py:read_frame:1177) | < TEXT '{"time":1753823361,"self_id":703263936,"post_ty...true},"interval":30000}' [148 bytes]
[2025-07-30 05:09:21,737.737] DEBUG    [MainThread|MainProcess] Logger (connect.py:on_message:43) | {'time': 1753823361, 'self_id': 703263936, 'post_type': 'meta_event', 'meta_event_type': 'heartbeat', 'status': {'online': True, 'good': True}, 'interval': 30000}
[2025-07-30 05:09:51,751.751] DEBUG    [MainThread|MainProcess] websockets.client (protocol.py:read_frame:1177) | < TEXT '{"time":1753823391,"self_id":703263936,"post_ty...true},"interval":30000}' [148 bytes]
[2025-07-30 05:09:51,751.751] DEBUG    [MainThread|MainProcess] Logger (connect.py:on_message:43) | {'time': 1753823391, 'self_id': 703263936, 'post_type': 'meta_event', 'meta_event_type': 'heartbeat', 'status': {'online': True, 'good': True}, 'interval': 30000}
[2025-07-30 05:10:21,764.764] DEBUG    [MainThread|MainProcess] websockets.client (protocol.py:read_frame:1177) | < TEXT '{"time":1753823421,"self_id":703263936,"post_ty...true},"interval":30000}' [148 bytes]
[2025-07-30 05:10:21,764.764] DEBUG    [MainThread|MainProcess] Logger (connect.py:on_message:43) | {'time': 1753823421, 'self_id': 703263936, 'post_type': 'meta_event', 'meta_event_type': 'heartbeat', 'status': {'online': True, 'good': True}, 'interval': 30000}
[2025-07-30 05:10:51,775.775] DEBUG    [MainThread|MainProcess] websockets.client (protocol.py:read_frame:1177) | < TEXT '{"time":1753823451,"self_id":703263936,"post_ty...true},"interval":30000}' [148 bytes]
[2025-07-30 05:10:51,775.775] DEBUG    [MainThread|MainProcess] Logger (connect.py:on_message:43) | {'time': 1753823451, 'self_id': 703263936, 'post_type': 'meta_event', 'meta_event_type': 'heartbeat', 'status': {'online': True, 'good': True}, 'interval': 30000}
[2025-07-30 05:11:21,788.788] DEBUG    [MainThread|MainProcess] websockets.client (protocol.py:read_frame:1177) | < TEXT '{"time":1753823481,"self_id":703263936,"post_ty...true},"interval":30000}' [148 bytes]
[2025-07-30 05:11:21,788.788] DEBUG    [MainThread|MainProcess] Logger (connect.py:on_message:43) | {'time': 1753823481, 'self_id': 703263936, 'post_type': 'meta_event', 'meta_event_type': 'heartbeat', 'status': {'online': True, 'good': True}, 'interval': 30000}
[2025-07-30 05:11:51,802.802] DEBUG    [MainThread|MainProcess] websockets.client (protocol.py:read_frame:1177) | < TEXT '{"time":1753823511,"self_id":703263936,"post_ty...true},"interval":30000}' [148 bytes]
[2025-07-30 05:11:51,802.802] DEBUG    [MainThread|MainProcess] Logger (connect.py:on_message:43) | {'time': 1753823511, 'self_id': 703263936, 'post_type': 'meta_event', 'meta_event_type': 'heartbeat', 'status': {'online': True, 'good': True}, 'interval': 30000}
[2025-07-30 05:12:21,815.815] DEBUG    [MainThread|MainProcess] websockets.client (protocol.py:read_frame:1177) | < TEXT '{"time":1753823541,"self_id":703263936,"post_ty...true},"interval":30000}' [148 bytes]
[2025-07-30 05:12:21,815.815] DEBUG    [MainThread|MainProcess] Logger (connect.py:on_message:43) | {'time': 1753823541, 'self_id': 703263936, 'post_type': 'meta_event', 'meta_event_type': 'heartbeat', 'status': {'online': True, 'good': True}, 'interval': 30000}
[2025-07-30 05:12:51,817.817] DEBUG    [MainThread|MainProcess] websockets.client (protocol.py:read_frame:1177) | < TEXT '{"time":1753823571,"self_id":703263936,"post_ty...true},"interval":30000}' [148 bytes]
[2025-07-30 05:12:51,817.817] DEBUG    [MainThread|MainProcess] Logger (connect.py:on_message:43) | {'time': 1753823571, 'self_id': 703263936, 'post_type': 'meta_event', 'meta_event_type': 'heartbeat', 'status': {'online': True, 'good': True}, 'interval': 30000}
[2025-07-30 05:13:21,829.829] DEBUG    [MainThread|MainProcess] websockets.client (protocol.py:read_frame:1177) | < TEXT '{"time":1753823601,"self_id":703263936,"post_ty...true},"interval":30000}' [148 bytes]
[2025-07-30 05:13:21,829.829] DEBUG    [MainThread|MainProcess] Logger (connect.py:on_message:43) | {'time': 1753823601, 'self_id': 703263936, 'post_type': 'meta_event', 'meta_event_type': 'heartbeat', 'status': {'online': True, 'good': True}, 'interval': 30000}
[2025-07-30 05:13:51,842.842] DEBUG    [MainThread|MainProcess] websockets.client (protocol.py:read_frame:1177) | < TEXT '{"time":1753823631,"self_id":703263936,"post_ty...true},"interval":30000}' [148 bytes]
[2025-07-30 05:13:51,842.842] DEBUG    [MainThread|MainProcess] Logger (connect.py:on_message:43) | {'time': 1753823631, 'self_id': 703263936, 'post_type': 'meta_event', 'meta_event_type': 'heartbeat', 'status': {'online': True, 'good': True}, 'interval': 30000}
[2025-07-30 05:14:21,856.856] DEBUG    [MainThread|MainProcess] websockets.client (protocol.py:read_frame:1177) | < TEXT '{"time":1753823661,"self_id":703263936,"post_ty...true},"interval":30000}' [148 bytes]
[2025-07-30 05:14:21,856.856] DEBUG    [MainThread|MainProcess] Logger (connect.py:on_message:43) | {'time': 1753823661, 'self_id': 703263936, 'post_type': 'meta_event', 'meta_event_type': 'heartbeat', 'status': {'online': True, 'good': True}, 'interval': 30000}
[2025-07-30 05:14:51,872.872] DEBUG    [MainThread|MainProcess] websockets.client (protocol.py:read_frame:1177) | < TEXT '{"time":1753823691,"self_id":703263936,"post_ty...true},"interval":30000}' [148 bytes]
[2025-07-30 05:14:51,872.872] DEBUG    [MainThread|MainProcess] Logger (connect.py:on_message:43) | {'time': 1753823691, 'self_id': 703263936, 'post_type': 'meta_event', 'meta_event_type': 'heartbeat', 'status': {'online': True, 'good': True}, 'interval': 30000}
[2025-07-30 05:15:21,882.882] DEBUG    [MainThread|MainProcess] websockets.client (protocol.py:read_frame:1177) | < TEXT '{"time":1753823721,"self_id":703263936,"post_ty...true},"interval":30000}' [148 bytes]
[2025-07-30 05:15:21,882.882] DEBUG    [MainThread|MainProcess] Logger (connect.py:on_message:43) | {'time': 1753823721, 'self_id': 703263936, 'post_type': 'meta_event', 'meta_event_type': 'heartbeat', 'status': {'online': True, 'good': True}, 'interval': 30000}
[2025-07-30 05:15:51,895.895] DEBUG    [MainThread|MainProcess] websockets.client (protocol.py:read_frame:1177) | < TEXT '{"time":1753823751,"self_id":703263936,"post_ty...true},"interval":30000}' [148 bytes]
[2025-07-30 05:15:51,895.895] DEBUG    [MainThread|MainProcess] Logger (connect.py:on_message:43) | {'time': 1753823751, 'self_id': 703263936, 'post_type': 'meta_event', 'meta_event_type': 'heartbeat', 'status': {'online': True, 'good': True}, 'interval': 30000}
[2025-07-30 05:16:21,909.909] DEBUG    [MainThread|MainProcess] websockets.client (protocol.py:read_frame:1177) | < TEXT '{"time":1753823781,"self_id":703263936,"post_ty...true},"interval":30000}' [148 bytes]
[2025-07-30 05:16:21,909.909] DEBUG    [MainThread|MainProcess] Logger (connect.py:on_message:43) | {'time': 1753823781, 'self_id': 703263936, 'post_type': 'meta_event', 'meta_event_type': 'heartbeat', 'status': {'online': True, 'good': True}, 'interval': 30000}
[2025-07-30 05:16:51,910.910] DEBUG    [MainThread|MainProcess] websockets.client (protocol.py:read_frame:1177) | < TEXT '{"time":1753823811,"self_id":703263936,"post_ty...true},"interval":30000}' [148 bytes]
[2025-07-30 05:16:51,910.910] DEBUG    [MainThread|MainProcess] Logger (connect.py:on_message:43) | {'time': 1753823811, 'self_id': 703263936, 'post_type': 'meta_event', 'meta_event_type': 'heartbeat', 'status': {'online': True, 'good': True}, 'interval': 30000}
[2025-07-30 05:17:21,921.921] DEBUG    [MainThread|MainProcess] websockets.client (protocol.py:read_frame:1177) | < TEXT '{"time":1753823841,"self_id":703263936,"post_ty...true},"interval":30000}' [148 bytes]
[2025-07-30 05:17:21,921.921] DEBUG    [MainThread|MainProcess] Logger (connect.py:on_message:43) | {'time': 1753823841, 'self_id': 703263936, 'post_type': 'meta_event', 'meta_event_type': 'heartbeat', 'status': {'online': True, 'good': True}, 'interval': 30000}
[2025-07-30 05:17:51,934.934] DEBUG    [MainThread|MainProcess] websockets.client (protocol.py:read_frame:1177) | < TEXT '{"time":1753823871,"self_id":703263936,"post_ty...true},"interval":30000}' [148 bytes]
[2025-07-30 05:17:51,934.934] DEBUG    [MainThread|MainProcess] Logger (connect.py:on_message:43) | {'time': 1753823871, 'self_id': 703263936, 'post_type': 'meta_event', 'meta_event_type': 'heartbeat', 'status': {'online': True, 'good': True}, 'interval': 30000}
[2025-07-30 05:18:21,948.948] DEBUG    [MainThread|MainProcess] websockets.client (protocol.py:read_frame:1177) | < TEXT '{"time":1753823901,"self_id":703263936,"post_ty...true},"interval":30000}' [148 bytes]
[2025-07-30 05:18:21,948.948] DEBUG    [MainThread|MainProcess] Logger (connect.py:on_message:43) | {'time': 1753823901, 'self_id': 703263936, 'post_type': 'meta_event', 'meta_event_type': 'heartbeat', 'status': {'online': True, 'good': True}, 'interval': 30000}
[2025-07-30 05:18:51,952.952] DEBUG    [MainThread|MainProcess] websockets.client (protocol.py:read_frame:1177) | < TEXT '{"time":1753823931,"self_id":703263936,"post_ty...true},"interval":30000}' [148 bytes]
[2025-07-30 05:18:51,952.952] DEBUG    [MainThread|MainProcess] Logger (connect.py:on_message:43) | {'time': 1753823931, 'self_id': 703263936, 'post_type': 'meta_event', 'meta_event_type': 'heartbeat', 'status': {'online': True, 'good': True}, 'interval': 30000}
[2025-07-30 05:19:21,962.962] DEBUG    [MainThread|MainProcess] websockets.client (protocol.py:read_frame:1177) | < TEXT '{"time":1753823961,"self_id":703263936,"post_ty...true},"interval":30000}' [148 bytes]
[2025-07-30 05:19:21,962.962] DEBUG    [MainThread|MainProcess] Logger (connect.py:on_message:43) | {'time': 1753823961, 'self_id': 703263936, 'post_type': 'meta_event', 'meta_event_type': 'heartbeat', 'status': {'online': True, 'good': True}, 'interval': 30000}
[2025-07-30 05:19:51,976.976] DEBUG    [MainThread|MainProcess] websockets.client (protocol.py:read_frame:1177) | < TEXT '{"time":1753823991,"self_id":703263936,"post_ty...true},"interval":30000}' [148 bytes]
[2025-07-30 05:19:51,976.976] DEBUG    [MainThread|MainProcess] Logger (connect.py:on_message:43) | {'time': 1753823991, 'self_id': 703263936, 'post_type': 'meta_event', 'meta_event_type': 'heartbeat', 'status': {'online': True, 'good': True}, 'interval': 30000}
[2025-07-30 05:20:21,989.989] DEBUG    [MainThread|MainProcess] websockets.client (protocol.py:read_frame:1177) | < TEXT '{"time":1753824021,"self_id":703263936,"post_ty...true},"interval":30000}' [148 bytes]
[2025-07-30 05:20:21,989.989] DEBUG    [MainThread|MainProcess] Logger (connect.py:on_message:43) | {'time': 1753824021, 'self_id': 703263936, 'post_type': 'meta_event', 'meta_event_type': 'heartbeat', 'status': {'online': True, 'good': True}, 'interval': 30000}
[2025-07-30 05:20:51,990.990] DEBUG    [MainThread|MainProcess] websockets.client (protocol.py:read_frame:1177) | < TEXT '{"time":1753824051,"self_id":703263936,"post_ty...true},"interval":30000}' [148 bytes]
[2025-07-30 05:20:51,990.990] DEBUG    [MainThread|MainProcess] Logger (connect.py:on_message:43) | {'time': 1753824051, 'self_id': 703263936, 'post_type': 'meta_event', 'meta_event_type': 'heartbeat', 'status': {'online': True, 'good': True}, 'interval': 30000}
[2025-07-30 05:21:22,001.001] DEBUG    [MainThread|MainProcess] websockets.client (protocol.py:read_frame:1177) | < TEXT '{"time":1753824082,"self_id":703263936,"post_ty...true},"interval":30000}' [148 bytes]
[2025-07-30 05:21:22,001.001] DEBUG    [MainThread|MainProcess] Logger (connect.py:on_message:43) | {'time': 1753824082, 'self_id': 703263936, 'post_type': 'meta_event', 'meta_event_type': 'heartbeat', 'status': {'online': True, 'good': True}, 'interval': 30000}
[2025-07-30 05:21:52,014.014] DEBUG    [MainThread|MainProcess] websockets.client (protocol.py:read_frame:1177) | < TEXT '{"time":1753824112,"self_id":703263936,"post_ty...true},"interval":30000}' [148 bytes]
[2025-07-30 05:21:52,014.014] DEBUG    [MainThread|MainProcess] Logger (connect.py:on_message:43) | {'time': 1753824112, 'self_id': 703263936, 'post_type': 'meta_event', 'meta_event_type': 'heartbeat', 'status': {'online': True, 'good': True}, 'interval': 30000}
[2025-07-30 05:22:22,027.027] DEBUG    [MainThread|MainProcess] websockets.client (protocol.py:read_frame:1177) | < TEXT '{"time":1753824142,"self_id":703263936,"post_ty...true},"interval":30000}' [148 bytes]
[2025-07-30 05:22:22,027.027] DEBUG    [MainThread|MainProcess] Logger (connect.py:on_message:43) | {'time': 1753824142, 'self_id': 703263936, 'post_type': 'meta_event', 'meta_event_type': 'heartbeat', 'status': {'online': True, 'good': True}, 'interval': 30000}
[2025-07-30 05:22:52,032.032] DEBUG    [MainThread|MainProcess] websockets.client (protocol.py:read_frame:1177) | < TEXT '{"time":1753824172,"self_id":703263936,"post_ty...true},"interval":30000}' [148 bytes]
[2025-07-30 05:22:52,032.032] DEBUG    [MainThread|MainProcess] Logger (connect.py:on_message:43) | {'time': 1753824172, 'self_id': 703263936, 'post_type': 'meta_event', 'meta_event_type': 'heartbeat', 'status': {'online': True, 'good': True}, 'interval': 30000}
[2025-07-30 05:23:22,042.042] DEBUG    [MainThread|MainProcess] websockets.client (protocol.py:read_frame:1177) | < TEXT '{"time":1753824202,"self_id":703263936,"post_ty...true},"interval":30000}' [148 bytes]
[2025-07-30 05:23:22,042.042] DEBUG    [MainThread|MainProcess] Logger (connect.py:on_message:43) | {'time': 1753824202, 'self_id': 703263936, 'post_type': 'meta_event', 'meta_event_type': 'heartbeat', 'status': {'online': True, 'good': True}, 'interval': 30000}
[2025-07-30 05:23:52,055.055] DEBUG    [MainThread|MainProcess] websockets.client (protocol.py:read_frame:1177) | < TEXT '{"time":1753824232,"self_id":703263936,"post_ty...true},"interval":30000}' [148 bytes]
[2025-07-30 05:23:52,055.055] DEBUG    [MainThread|MainProcess] Logger (connect.py:on_message:43) | {'time': 1753824232, 'self_id': 703263936, 'post_type': 'meta_event', 'meta_event_type': 'heartbeat', 'status': {'online': True, 'good': True}, 'interval': 30000}
[2025-07-30 05:24:22,069.069] DEBUG    [MainThread|MainProcess] websockets.client (protocol.py:read_frame:1177) | < TEXT '{"time":1753824262,"self_id":703263936,"post_ty...true},"interval":30000}' [148 bytes]
[2025-07-30 05:24:22,069.069] DEBUG    [MainThread|MainProcess] Logger (connect.py:on_message:43) | {'time': 1753824262, 'self_id': 703263936, 'post_type': 'meta_event', 'meta_event_type': 'heartbeat', 'status': {'online': True, 'good': True}, 'interval': 30000}
[2025-07-30 05:24:52,069.069] DEBUG    [MainThread|MainProcess] websockets.client (protocol.py:read_frame:1177) | < TEXT '{"time":1753824292,"self_id":703263936,"post_ty...true},"interval":30000}' [148 bytes]
[2025-07-30 05:24:52,069.069] DEBUG    [MainThread|MainProcess] Logger (connect.py:on_message:43) | {'time': 1753824292, 'self_id': 703263936, 'post_type': 'meta_event', 'meta_event_type': 'heartbeat', 'status': {'online': True, 'good': True}, 'interval': 30000}
[2025-07-30 05:25:22,080.080] DEBUG    [MainThread|MainProcess] websockets.client (protocol.py:read_frame:1177) | < TEXT '{"time":1753824322,"self_id":703263936,"post_ty...true},"interval":30000}' [148 bytes]
[2025-07-30 05:25:22,080.080] DEBUG    [MainThread|MainProcess] Logger (connect.py:on_message:43) | {'time': 1753824322, 'self_id': 703263936, 'post_type': 'meta_event', 'meta_event_type': 'heartbeat', 'status': {'online': True, 'good': True}, 'interval': 30000}
[2025-07-30 05:25:52,093.093] DEBUG    [MainThread|MainProcess] websockets.client (protocol.py:read_frame:1177) | < TEXT '{"time":1753824352,"self_id":703263936,"post_ty...true},"interval":30000}' [148 bytes]
[2025-07-30 05:25:52,093.093] DEBUG    [MainThread|MainProcess] Logger (connect.py:on_message:43) | {'time': 1753824352, 'self_id': 703263936, 'post_type': 'meta_event', 'meta_event_type': 'heartbeat', 'status': {'online': True, 'good': True}, 'interval': 30000}
[2025-07-30 05:26:22,107.107] DEBUG    [MainThread|MainProcess] websockets.client (protocol.py:read_frame:1177) | < TEXT '{"time":1753824382,"self_id":703263936,"post_ty...true},"interval":30000}' [148 bytes]
[2025-07-30 05:26:22,107.107] DEBUG    [MainThread|MainProcess] Logger (connect.py:on_message:43) | {'time': 1753824382, 'self_id': 703263936, 'post_type': 'meta_event', 'meta_event_type': 'heartbeat', 'status': {'online': True, 'good': True}, 'interval': 30000}
[2025-07-30 05:26:52,110.110] DEBUG    [MainThread|MainProcess] websockets.client (protocol.py:read_frame:1177) | < TEXT '{"time":1753824412,"self_id":703263936,"post_ty...true},"interval":30000}' [148 bytes]
[2025-07-30 05:26:52,110.110] DEBUG    [MainThread|MainProcess] Logger (connect.py:on_message:43) | {'time': 1753824412, 'self_id': 703263936, 'post_type': 'meta_event', 'meta_event_type': 'heartbeat', 'status': {'online': True, 'good': True}, 'interval': 30000}
[2025-07-30 05:27:22,121.121] DEBUG    [MainThread|MainProcess] websockets.client (protocol.py:read_frame:1177) | < TEXT '{"time":1753824442,"self_id":703263936,"post_ty...true},"interval":30000}' [148 bytes]
[2025-07-30 05:27:22,121.121] DEBUG    [MainThread|MainProcess] Logger (connect.py:on_message:43) | {'time': 1753824442, 'self_id': 703263936, 'post_type': 'meta_event', 'meta_event_type': 'heartbeat', 'status': {'online': True, 'good': True}, 'interval': 30000}
[2025-07-30 05:27:52,135.135] DEBUG    [MainThread|MainProcess] websockets.client (protocol.py:read_frame:1177) | < TEXT '{"time":1753824472,"self_id":703263936,"post_ty...true},"interval":30000}' [148 bytes]
[2025-07-30 05:27:52,135.135] DEBUG    [MainThread|MainProcess] Logger (connect.py:on_message:43) | {'time': 1753824472, 'self_id': 703263936, 'post_type': 'meta_event', 'meta_event_type': 'heartbeat', 'status': {'online': True, 'good': True}, 'interval': 30000}
[2025-07-30 05:28:22,148.148] DEBUG    [MainThread|MainProcess] websockets.client (protocol.py:read_frame:1177) | < TEXT '{"time":1753824502,"self_id":703263936,"post_ty...true},"interval":30000}' [148 bytes]
[2025-07-30 05:28:22,148.148] DEBUG    [MainThread|MainProcess] Logger (connect.py:on_message:43) | {'time': 1753824502, 'self_id': 703263936, 'post_type': 'meta_event', 'meta_event_type': 'heartbeat', 'status': {'online': True, 'good': True}, 'interval': 30000}
[2025-07-30 05:28:52,149.149] DEBUG    [MainThread|MainProcess] websockets.client (protocol.py:read_frame:1177) | < TEXT '{"time":1753824532,"self_id":703263936,"post_ty...true},"interval":30000}' [148 bytes]
[2025-07-30 05:28:52,149.149] DEBUG    [MainThread|MainProcess] Logger (connect.py:on_message:43) | {'time': 1753824532, 'self_id': 703263936, 'post_type': 'meta_event', 'meta_event_type': 'heartbeat', 'status': {'online': True, 'good': True}, 'interval': 30000}
[2025-07-30 05:29:22,159.159] DEBUG    [MainThread|MainProcess] websockets.client (protocol.py:read_frame:1177) | < TEXT '{"time":1753824562,"self_id":703263936,"post_ty...true},"interval":30000}' [148 bytes]
[2025-07-30 05:29:22,159.159] DEBUG    [MainThread|MainProcess] Logger (connect.py:on_message:43) | {'time': 1753824562, 'self_id': 703263936, 'post_type': 'meta_event', 'meta_event_type': 'heartbeat', 'status': {'online': True, 'good': True}, 'interval': 30000}
[2025-07-30 05:29:52,173.173] DEBUG    [MainThread|MainProcess] websockets.client (protocol.py:read_frame:1177) | < TEXT '{"time":1753824592,"self_id":703263936,"post_ty...true},"interval":30000}' [148 bytes]
[2025-07-30 05:29:52,173.173] DEBUG    [MainThread|MainProcess] Logger (connect.py:on_message:43) | {'time': 1753824592, 'self_id': 703263936, 'post_type': 'meta_event', 'meta_event_type': 'heartbeat', 'status': {'online': True, 'good': True}, 'interval': 30000}
[2025-07-30 05:30:22,186.186] DEBUG    [MainThread|MainProcess] websockets.client (protocol.py:read_frame:1177) | < TEXT '{"time":1753824622,"self_id":703263936,"post_ty...true},"interval":30000}' [148 bytes]
[2025-07-30 05:30:22,186.186] DEBUG    [MainThread|MainProcess] Logger (connect.py:on_message:43) | {'time': 1753824622, 'self_id': 703263936, 'post_type': 'meta_event', 'meta_event_type': 'heartbeat', 'status': {'online': True, 'good': True}, 'interval': 30000}
[2025-07-30 05:30:52,193.193] DEBUG    [MainThread|MainProcess] websockets.client (protocol.py:read_frame:1177) | < TEXT '{"time":1753824652,"self_id":703263936,"post_ty...true},"interval":30000}' [148 bytes]
[2025-07-30 05:30:52,193.193] DEBUG    [MainThread|MainProcess] Logger (connect.py:on_message:43) | {'time': 1753824652, 'self_id': 703263936, 'post_type': 'meta_event', 'meta_event_type': 'heartbeat', 'status': {'online': True, 'good': True}, 'interval': 30000}
[2025-07-30 05:31:22,205.205] DEBUG    [MainThread|MainProcess] websockets.client (protocol.py:read_frame:1177) | < TEXT '{"time":1753824682,"self_id":703263936,"post_ty...true},"interval":30000}' [148 bytes]
[2025-07-30 05:31:22,205.205] DEBUG    [MainThread|MainProcess] Logger (connect.py:on_message:43) | {'time': 1753824682, 'self_id': 703263936, 'post_type': 'meta_event', 'meta_event_type': 'heartbeat', 'status': {'online': True, 'good': True}, 'interval': 30000}
[2025-07-30 05:31:52,218.218] DEBUG    [MainThread|MainProcess] websockets.client (protocol.py:read_frame:1177) | < TEXT '{"time":1753824712,"self_id":703263936,"post_ty...true},"interval":30000}' [148 bytes]
[2025-07-30 05:31:52,218.218] DEBUG    [MainThread|MainProcess] Logger (connect.py:on_message:43) | {'time': 1753824712, 'self_id': 703263936, 'post_type': 'meta_event', 'meta_event_type': 'heartbeat', 'status': {'online': True, 'good': True}, 'interval': 30000}
[2025-07-30 05:32:22,232.232] DEBUG    [MainThread|MainProcess] websockets.client (protocol.py:read_frame:1177) | < TEXT '{"time":1753824742,"self_id":703263936,"post_ty...true},"interval":30000}' [148 bytes]
[2025-07-30 05:32:22,232.232] DEBUG    [MainThread|MainProcess] Logger (connect.py:on_message:43) | {'time': 1753824742, 'self_id': 703263936, 'post_type': 'meta_event', 'meta_event_type': 'heartbeat', 'status': {'online': True, 'good': True}, 'interval': 30000}
[2025-07-30 05:32:52,245.245] DEBUG    [MainThread|MainProcess] websockets.client (protocol.py:read_frame:1177) | < TEXT '{"time":1753824772,"self_id":703263936,"post_ty...true},"interval":30000}' [148 bytes]
[2025-07-30 05:32:52,245.245] DEBUG    [MainThread|MainProcess] Logger (connect.py:on_message:43) | {'time': 1753824772, 'self_id': 703263936, 'post_type': 'meta_event', 'meta_event_type': 'heartbeat', 'status': {'online': True, 'good': True}, 'interval': 30000}
[2025-07-30 05:33:22,256.256] DEBUG    [MainThread|MainProcess] websockets.client (protocol.py:read_frame:1177) | < TEXT '{"time":1753824802,"self_id":703263936,"post_ty...true},"interval":30000}' [148 bytes]
[2025-07-30 05:33:22,256.256] DEBUG    [MainThread|MainProcess] Logger (connect.py:on_message:43) | {'time': 1753824802, 'self_id': 703263936, 'post_type': 'meta_event', 'meta_event_type': 'heartbeat', 'status': {'online': True, 'good': True}, 'interval': 30000}
[2025-07-30 05:33:52,269.269] DEBUG    [MainThread|MainProcess] websockets.client (protocol.py:read_frame:1177) | < TEXT '{"time":1753824832,"self_id":703263936,"post_ty...true},"interval":30000}' [148 bytes]
[2025-07-30 05:33:52,269.269] DEBUG    [MainThread|MainProcess] Logger (connect.py:on_message:43) | {'time': 1753824832, 'self_id': 703263936, 'post_type': 'meta_event', 'meta_event_type': 'heartbeat', 'status': {'online': True, 'good': True}, 'interval': 30000}
[2025-07-30 05:34:22,282.282] DEBUG    [MainThread|MainProcess] websockets.client (protocol.py:read_frame:1177) | < TEXT '{"time":1753824862,"self_id":703263936,"post_ty...true},"interval":30000}' [148 bytes]
[2025-07-30 05:34:22,282.282] DEBUG    [MainThread|MainProcess] Logger (connect.py:on_message:43) | {'time': 1753824862, 'self_id': 703263936, 'post_type': 'meta_event', 'meta_event_type': 'heartbeat', 'status': {'online': True, 'good': True}, 'interval': 30000}
[2025-07-30 05:34:52,285.285] DEBUG    [MainThread|MainProcess] websockets.client (protocol.py:read_frame:1177) | < TEXT '{"time":1753824892,"self_id":703263936,"post_ty...true},"interval":30000}' [148 bytes]
[2025-07-30 05:34:52,285.285] DEBUG    [MainThread|MainProcess] Logger (connect.py:on_message:43) | {'time': 1753824892, 'self_id': 703263936, 'post_type': 'meta_event', 'meta_event_type': 'heartbeat', 'status': {'online': True, 'good': True}, 'interval': 30000}
[2025-07-30 05:35:22,295.295] DEBUG    [MainThread|MainProcess] websockets.client (protocol.py:read_frame:1177) | < TEXT '{"time":1753824922,"self_id":703263936,"post_ty...true},"interval":30000}' [148 bytes]
[2025-07-30 05:35:22,295.295] DEBUG    [MainThread|MainProcess] Logger (connect.py:on_message:43) | {'time': 1753824922, 'self_id': 703263936, 'post_type': 'meta_event', 'meta_event_type': 'heartbeat', 'status': {'online': True, 'good': True}, 'interval': 30000}
[2025-07-30 05:35:52,308.308] DEBUG    [MainThread|MainProcess] websockets.client (protocol.py:read_frame:1177) | < TEXT '{"time":1753824952,"self_id":703263936,"post_ty...true},"interval":30000}' [148 bytes]
[2025-07-30 05:35:52,308.308] DEBUG    [MainThread|MainProcess] Logger (connect.py:on_message:43) | {'time': 1753824952, 'self_id': 703263936, 'post_type': 'meta_event', 'meta_event_type': 'heartbeat', 'status': {'online': True, 'good': True}, 'interval': 30000}
[2025-07-30 05:36:22,322.322] DEBUG    [MainThread|MainProcess] websockets.client (protocol.py:read_frame:1177) | < TEXT '{"time":1753824982,"self_id":703263936,"post_ty...true},"interval":30000}' [148 bytes]
[2025-07-30 05:36:22,322.322] DEBUG    [MainThread|MainProcess] Logger (connect.py:on_message:43) | {'time': 1753824982, 'self_id': 703263936, 'post_type': 'meta_event', 'meta_event_type': 'heartbeat', 'status': {'online': True, 'good': True}, 'interval': 30000}
[2025-07-30 05:36:52,326.326] DEBUG    [MainThread|MainProcess] websockets.client (protocol.py:read_frame:1177) | < TEXT '{"time":1753825012,"self_id":703263936,"post_ty...true},"interval":30000}' [148 bytes]
[2025-07-30 05:36:52,326.326] DEBUG    [MainThread|MainProcess] Logger (connect.py:on_message:43) | {'time': 1753825012, 'self_id': 703263936, 'post_type': 'meta_event', 'meta_event_type': 'heartbeat', 'status': {'online': True, 'good': True}, 'interval': 30000}
[2025-07-30 05:37:22,334.334] DEBUG    [MainThread|MainProcess] websockets.client (protocol.py:read_frame:1177) | < TEXT '{"time":1753825042,"self_id":703263936,"post_ty...true},"interval":30000}' [148 bytes]
[2025-07-30 05:37:22,334.334] DEBUG    [MainThread|MainProcess] Logger (connect.py:on_message:43) | {'time': 1753825042, 'self_id': 703263936, 'post_type': 'meta_event', 'meta_event_type': 'heartbeat', 'status': {'online': True, 'good': True}, 'interval': 30000}
[2025-07-30 05:37:52,347.347] DEBUG    [MainThread|MainProcess] websockets.client (protocol.py:read_frame:1177) | < TEXT '{"time":1753825072,"self_id":703263936,"post_ty...true},"interval":30000}' [148 bytes]
[2025-07-30 05:37:52,347.347] DEBUG    [MainThread|MainProcess] Logger (connect.py:on_message:43) | {'time': 1753825072, 'self_id': 703263936, 'post_type': 'meta_event', 'meta_event_type': 'heartbeat', 'status': {'online': True, 'good': True}, 'interval': 30000}
[2025-07-30 05:38:22,361.361] DEBUG    [MainThread|MainProcess] websockets.client (protocol.py:read_frame:1177) | < TEXT '{"time":1753825102,"self_id":703263936,"post_ty...true},"interval":30000}' [148 bytes]
[2025-07-30 05:38:22,361.361] DEBUG    [MainThread|MainProcess] Logger (connect.py:on_message:43) | {'time': 1753825102, 'self_id': 703263936, 'post_type': 'meta_event', 'meta_event_type': 'heartbeat', 'status': {'online': True, 'good': True}, 'interval': 30000}
[2025-07-30 05:38:52,363.363] DEBUG    [MainThread|MainProcess] websockets.client (protocol.py:read_frame:1177) | < TEXT '{"time":1753825132,"self_id":703263936,"post_ty...true},"interval":30000}' [148 bytes]
[2025-07-30 05:38:52,363.363] DEBUG    [MainThread|MainProcess] Logger (connect.py:on_message:43) | {'time': 1753825132, 'self_id': 703263936, 'post_type': 'meta_event', 'meta_event_type': 'heartbeat', 'status': {'online': True, 'good': True}, 'interval': 30000}
[2025-07-30 05:39:22,374.374] DEBUG    [MainThread|MainProcess] websockets.client (protocol.py:read_frame:1177) | < TEXT '{"time":1753825162,"self_id":703263936,"post_ty...true},"interval":30000}' [148 bytes]
[2025-07-30 05:39:22,374.374] DEBUG    [MainThread|MainProcess] Logger (connect.py:on_message:43) | {'time': 1753825162, 'self_id': 703263936, 'post_type': 'meta_event', 'meta_event_type': 'heartbeat', 'status': {'online': True, 'good': True}, 'interval': 30000}
[2025-07-30 05:39:52,388.388] DEBUG    [MainThread|MainProcess] websockets.client (protocol.py:read_frame:1177) | < TEXT '{"time":1753825192,"self_id":703263936,"post_ty...true},"interval":30000}' [148 bytes]
[2025-07-30 05:39:52,388.388] DEBUG    [MainThread|MainProcess] Logger (connect.py:on_message:43) | {'time': 1753825192, 'self_id': 703263936, 'post_type': 'meta_event', 'meta_event_type': 'heartbeat', 'status': {'online': True, 'good': True}, 'interval': 30000}
[2025-07-30 05:40:22,401.401] DEBUG    [MainThread|MainProcess] websockets.client (protocol.py:read_frame:1177) | < TEXT '{"time":1753825222,"self_id":703263936,"post_ty...true},"interval":30000}' [148 bytes]
[2025-07-30 05:40:22,401.401] DEBUG    [MainThread|MainProcess] Logger (connect.py:on_message:43) | {'time': 1753825222, 'self_id': 703263936, 'post_type': 'meta_event', 'meta_event_type': 'heartbeat', 'status': {'online': True, 'good': True}, 'interval': 30000}
[2025-07-30 05:40:52,402.402] DEBUG    [MainThread|MainProcess] websockets.client (protocol.py:read_frame:1177) | < TEXT '{"time":1753825252,"self_id":703263936,"post_ty...true},"interval":30000}' [148 bytes]
[2025-07-30 05:40:52,402.402] DEBUG    [MainThread|MainProcess] Logger (connect.py:on_message:43) | {'time': 1753825252, 'self_id': 703263936, 'post_type': 'meta_event', 'meta_event_type': 'heartbeat', 'status': {'online': True, 'good': True}, 'interval': 30000}
[2025-07-30 05:41:22,413.413] DEBUG    [MainThread|MainProcess] websockets.client (protocol.py:read_frame:1177) | < TEXT '{"time":1753825282,"self_id":703263936,"post_ty...true},"interval":30000}' [148 bytes]
[2025-07-30 05:41:22,413.413] DEBUG    [MainThread|MainProcess] Logger (connect.py:on_message:43) | {'time': 1753825282, 'self_id': 703263936, 'post_type': 'meta_event', 'meta_event_type': 'heartbeat', 'status': {'online': True, 'good': True}, 'interval': 30000}
[2025-07-30 05:41:52,427.427] DEBUG    [MainThread|MainProcess] websockets.client (protocol.py:read_frame:1177) | < TEXT '{"time":1753825312,"self_id":703263936,"post_ty...true},"interval":30000}' [148 bytes]
[2025-07-30 05:41:52,427.427] DEBUG    [MainThread|MainProcess] Logger (connect.py:on_message:43) | {'time': 1753825312, 'self_id': 703263936, 'post_type': 'meta_event', 'meta_event_type': 'heartbeat', 'status': {'online': True, 'good': True}, 'interval': 30000}
[2025-07-30 05:42:22,440.440] DEBUG    [MainThread|MainProcess] websockets.client (protocol.py:read_frame:1177) | < TEXT '{"time":1753825342,"self_id":703263936,"post_ty...true},"interval":30000}' [148 bytes]
[2025-07-30 05:42:22,440.440] DEBUG    [MainThread|MainProcess] Logger (connect.py:on_message:43) | {'time': 1753825342, 'self_id': 703263936, 'post_type': 'meta_event', 'meta_event_type': 'heartbeat', 'status': {'online': True, 'good': True}, 'interval': 30000}
[2025-07-30 05:42:52,445.445] DEBUG    [MainThread|MainProcess] websockets.client (protocol.py:read_frame:1177) | < TEXT '{"time":1753825372,"self_id":703263936,"post_ty...true},"interval":30000}' [148 bytes]
[2025-07-30 05:42:52,445.445] DEBUG    [MainThread|MainProcess] Logger (connect.py:on_message:43) | {'time': 1753825372, 'self_id': 703263936, 'post_type': 'meta_event', 'meta_event_type': 'heartbeat', 'status': {'online': True, 'good': True}, 'interval': 30000}
[2025-07-30 05:43:22,457.457] DEBUG    [MainThread|MainProcess] websockets.client (protocol.py:read_frame:1177) | < TEXT '{"time":1753825402,"self_id":703263936,"post_ty...true},"interval":30000}' [148 bytes]
[2025-07-30 05:43:22,457.457] DEBUG    [MainThread|MainProcess] Logger (connect.py:on_message:43) | {'time': 1753825402, 'self_id': 703263936, 'post_type': 'meta_event', 'meta_event_type': 'heartbeat', 'status': {'online': True, 'good': True}, 'interval': 30000}
[2025-07-30 05:43:52,470.470] DEBUG    [MainThread|MainProcess] websockets.client (protocol.py:read_frame:1177) | < TEXT '{"time":1753825432,"self_id":703263936,"post_ty...true},"interval":30000}' [148 bytes]
[2025-07-30 05:43:52,470.470] DEBUG    [MainThread|MainProcess] Logger (connect.py:on_message:43) | {'time': 1753825432, 'self_id': 703263936, 'post_type': 'meta_event', 'meta_event_type': 'heartbeat', 'status': {'online': True, 'good': True}, 'interval': 30000}
[2025-07-30 05:44:22,484.484] DEBUG    [MainThread|MainProcess] websockets.client (protocol.py:read_frame:1177) | < TEXT '{"time":1753825462,"self_id":703263936,"post_ty...true},"interval":30000}' [148 bytes]
[2025-07-30 05:44:22,484.484] DEBUG    [MainThread|MainProcess] Logger (connect.py:on_message:43) | {'time': 1753825462, 'self_id': 703263936, 'post_type': 'meta_event', 'meta_event_type': 'heartbeat', 'status': {'online': True, 'good': True}, 'interval': 30000}
[2025-07-30 05:44:52,484.484] DEBUG    [MainThread|MainProcess] websockets.client (protocol.py:read_frame:1177) | < TEXT '{"time":1753825492,"self_id":703263936,"post_ty...true},"interval":30000}' [148 bytes]
[2025-07-30 05:44:52,484.484] DEBUG    [MainThread|MainProcess] Logger (connect.py:on_message:43) | {'time': 1753825492, 'self_id': 703263936, 'post_type': 'meta_event', 'meta_event_type': 'heartbeat', 'status': {'online': True, 'good': True}, 'interval': 30000}
[2025-07-30 05:45:22,494.494] DEBUG    [MainThread|MainProcess] websockets.client (protocol.py:read_frame:1177) | < TEXT '{"time":1753825522,"self_id":703263936,"post_ty...true},"interval":30000}' [148 bytes]
[2025-07-30 05:45:22,494.494] DEBUG    [MainThread|MainProcess] Logger (connect.py:on_message:43) | {'time': 1753825522, 'self_id': 703263936, 'post_type': 'meta_event', 'meta_event_type': 'heartbeat', 'status': {'online': True, 'good': True}, 'interval': 30000}
[2025-07-30 05:45:52,507.507] DEBUG    [MainThread|MainProcess] websockets.client (protocol.py:read_frame:1177) | < TEXT '{"time":1753825552,"self_id":703263936,"post_ty...true},"interval":30000}' [148 bytes]
[2025-07-30 05:45:52,507.507] DEBUG    [MainThread|MainProcess] Logger (connect.py:on_message:43) | {'time': 1753825552, 'self_id': 703263936, 'post_type': 'meta_event', 'meta_event_type': 'heartbeat', 'status': {'online': True, 'good': True}, 'interval': 30000}
[2025-07-30 05:46:22,521.521] DEBUG    [MainThread|MainProcess] websockets.client (protocol.py:read_frame:1177) | < TEXT '{"time":1753825582,"self_id":703263936,"post_ty...true},"interval":30000}' [148 bytes]
[2025-07-30 05:46:22,521.521] DEBUG    [MainThread|MainProcess] Logger (connect.py:on_message:43) | {'time': 1753825582, 'self_id': 703263936, 'post_type': 'meta_event', 'meta_event_type': 'heartbeat', 'status': {'online': True, 'good': True}, 'interval': 30000}
[2025-07-30 05:46:52,521.521] DEBUG    [MainThread|MainProcess] websockets.client (protocol.py:read_frame:1177) | < TEXT '{"time":1753825612,"self_id":703263936,"post_ty...true},"interval":30000}' [148 bytes]
[2025-07-30 05:46:52,521.521] DEBUG    [MainThread|MainProcess] Logger (connect.py:on_message:43) | {'time': 1753825612, 'self_id': 703263936, 'post_type': 'meta_event', 'meta_event_type': 'heartbeat', 'status': {'online': True, 'good': True}, 'interval': 30000}
[2025-07-30 05:47:22,532.532] DEBUG    [MainThread|MainProcess] websockets.client (protocol.py:read_frame:1177) | < TEXT '{"time":1753825642,"self_id":703263936,"post_ty...true},"interval":30000}' [148 bytes]
[2025-07-30 05:47:22,532.532] DEBUG    [MainThread|MainProcess] Logger (connect.py:on_message:43) | {'time': 1753825642, 'self_id': 703263936, 'post_type': 'meta_event', 'meta_event_type': 'heartbeat', 'status': {'online': True, 'good': True}, 'interval': 30000}
[2025-07-30 05:47:52,545.545] DEBUG    [MainThread|MainProcess] websockets.client (protocol.py:read_frame:1177) | < TEXT '{"time":1753825672,"self_id":703263936,"post_ty...true},"interval":30000}' [148 bytes]
[2025-07-30 05:47:52,545.545] DEBUG    [MainThread|MainProcess] Logger (connect.py:on_message:43) | {'time': 1753825672, 'self_id': 703263936, 'post_type': 'meta_event', 'meta_event_type': 'heartbeat', 'status': {'online': True, 'good': True}, 'interval': 30000}
[2025-07-30 05:48:22,559.559] DEBUG    [MainThread|MainProcess] websockets.client (protocol.py:read_frame:1177) | < TEXT '{"time":1753825702,"self_id":703263936,"post_ty...true},"interval":30000}' [148 bytes]
[2025-07-30 05:48:22,559.559] DEBUG    [MainThread|MainProcess] Logger (connect.py:on_message:43) | {'time': 1753825702, 'self_id': 703263936, 'post_type': 'meta_event', 'meta_event_type': 'heartbeat', 'status': {'online': True, 'good': True}, 'interval': 30000}
[2025-07-30 05:48:52,560.560] DEBUG    [MainThread|MainProcess] websockets.client (protocol.py:read_frame:1177) | < TEXT '{"time":1753825732,"self_id":703263936,"post_ty...true},"interval":30000}' [148 bytes]
[2025-07-30 05:48:52,560.560] DEBUG    [MainThread|MainProcess] Logger (connect.py:on_message:43) | {'time': 1753825732, 'self_id': 703263936, 'post_type': 'meta_event', 'meta_event_type': 'heartbeat', 'status': {'online': True, 'good': True}, 'interval': 30000}
[2025-07-30 05:49:22,571.571] DEBUG    [MainThread|MainProcess] websockets.client (protocol.py:read_frame:1177) | < TEXT '{"time":1753825762,"self_id":703263936,"post_ty...true},"interval":30000}' [148 bytes]
[2025-07-30 05:49:22,571.571] DEBUG    [MainThread|MainProcess] Logger (connect.py:on_message:43) | {'time': 1753825762, 'self_id': 703263936, 'post_type': 'meta_event', 'meta_event_type': 'heartbeat', 'status': {'online': True, 'good': True}, 'interval': 30000}
[2025-07-30 05:49:52,585.585] DEBUG    [MainThread|MainProcess] websockets.client (protocol.py:read_frame:1177) | < TEXT '{"time":1753825792,"self_id":703263936,"post_ty...true},"interval":30000}' [148 bytes]
[2025-07-30 05:49:52,585.585] DEBUG    [MainThread|MainProcess] Logger (connect.py:on_message:43) | {'time': 1753825792, 'self_id': 703263936, 'post_type': 'meta_event', 'meta_event_type': 'heartbeat', 'status': {'online': True, 'good': True}, 'interval': 30000}
[2025-07-30 05:50:22,598.598] DEBUG    [MainThread|MainProcess] websockets.client (protocol.py:read_frame:1177) | < TEXT '{"time":1753825822,"self_id":703263936,"post_ty...true},"interval":30000}' [148 bytes]
[2025-07-30 05:50:22,598.598] DEBUG    [MainThread|MainProcess] Logger (connect.py:on_message:43) | {'time': 1753825822, 'self_id': 703263936, 'post_type': 'meta_event', 'meta_event_type': 'heartbeat', 'status': {'online': True, 'good': True}, 'interval': 30000}
[2025-07-30 05:50:52,601.601] DEBUG    [MainThread|MainProcess] websockets.client (protocol.py:read_frame:1177) | < TEXT '{"time":1753825852,"self_id":703263936,"post_ty...true},"interval":30000}' [148 bytes]
[2025-07-30 05:50:52,601.601] DEBUG    [MainThread|MainProcess] Logger (connect.py:on_message:43) | {'time': 1753825852, 'self_id': 703263936, 'post_type': 'meta_event', 'meta_event_type': 'heartbeat', 'status': {'online': True, 'good': True}, 'interval': 30000}
[2025-07-30 05:51:22,613.613] DEBUG    [MainThread|MainProcess] websockets.client (protocol.py:read_frame:1177) | < TEXT '{"time":1753825882,"self_id":703263936,"post_ty...true},"interval":30000}' [148 bytes]
[2025-07-30 05:51:22,613.613] DEBUG    [MainThread|MainProcess] Logger (connect.py:on_message:43) | {'time': 1753825882, 'self_id': 703263936, 'post_type': 'meta_event', 'meta_event_type': 'heartbeat', 'status': {'online': True, 'good': True}, 'interval': 30000}
[2025-07-30 05:51:52,613.613] DEBUG    [MainThread|MainProcess] websockets.client (protocol.py:read_frame:1177) | < TEXT '{"time":1753825912,"self_id":703263936,"post_ty...true},"interval":30000}' [148 bytes]
[2025-07-30 05:51:52,613.613] DEBUG    [MainThread|MainProcess] Logger (connect.py:on_message:43) | {'time': 1753825912, 'self_id': 703263936, 'post_type': 'meta_event', 'meta_event_type': 'heartbeat', 'status': {'online': True, 'good': True}, 'interval': 30000}
[2025-07-30 05:52:22,627.627] DEBUG    [MainThread|MainProcess] websockets.client (protocol.py:read_frame:1177) | < TEXT '{"time":1753825942,"self_id":703263936,"post_ty...true},"interval":30000}' [148 bytes]
[2025-07-30 05:52:22,627.627] DEBUG    [MainThread|MainProcess] Logger (connect.py:on_message:43) | {'time': 1753825942, 'self_id': 703263936, 'post_type': 'meta_event', 'meta_event_type': 'heartbeat', 'status': {'online': True, 'good': True}, 'interval': 30000}
[2025-07-30 05:52:52,641.641] DEBUG    [MainThread|MainProcess] websockets.client (protocol.py:read_frame:1177) | < TEXT '{"time":1753825972,"self_id":703263936,"post_ty...true},"interval":30000}' [148 bytes]
[2025-07-30 05:52:52,641.641] DEBUG    [MainThread|MainProcess] Logger (connect.py:on_message:43) | {'time': 1753825972, 'self_id': 703263936, 'post_type': 'meta_event', 'meta_event_type': 'heartbeat', 'status': {'online': True, 'good': True}, 'interval': 30000}
[2025-07-30 05:53:22,647.647] DEBUG    [MainThread|MainProcess] websockets.client (protocol.py:read_frame:1177) | < TEXT '{"time":1753826002,"self_id":703263936,"post_ty...true},"interval":30000}' [148 bytes]
[2025-07-30 05:53:22,647.647] DEBUG    [MainThread|MainProcess] Logger (connect.py:on_message:43) | {'time': 1753826002, 'self_id': 703263936, 'post_type': 'meta_event', 'meta_event_type': 'heartbeat', 'status': {'online': True, 'good': True}, 'interval': 30000}
[2025-07-30 05:53:52,656.656] DEBUG    [MainThread|MainProcess] websockets.client (protocol.py:read_frame:1177) | < TEXT '{"time":1753826032,"self_id":703263936,"post_ty...true},"interval":30000}' [148 bytes]
[2025-07-30 05:53:52,656.656] DEBUG    [MainThread|MainProcess] Logger (connect.py:on_message:43) | {'time': 1753826032, 'self_id': 703263936, 'post_type': 'meta_event', 'meta_event_type': 'heartbeat', 'status': {'online': True, 'good': True}, 'interval': 30000}
[2025-07-30 05:54:22,670.670] DEBUG    [MainThread|MainProcess] websockets.client (protocol.py:read_frame:1177) | < TEXT '{"time":1753826062,"self_id":703263936,"post_ty...true},"interval":30000}' [148 bytes]
[2025-07-30 05:54:22,670.670] DEBUG    [MainThread|MainProcess] Logger (connect.py:on_message:43) | {'time': 1753826062, 'self_id': 703263936, 'post_type': 'meta_event', 'meta_event_type': 'heartbeat', 'status': {'online': True, 'good': True}, 'interval': 30000}
[2025-07-30 05:54:52,684.684] DEBUG    [MainThread|MainProcess] websockets.client (protocol.py:read_frame:1177) | < TEXT '{"time":1753826092,"self_id":703263936,"post_ty...true},"interval":30000}' [148 bytes]
[2025-07-30 05:54:52,684.684] DEBUG    [MainThread|MainProcess] Logger (connect.py:on_message:43) | {'time': 1753826092, 'self_id': 703263936, 'post_type': 'meta_event', 'meta_event_type': 'heartbeat', 'status': {'online': True, 'good': True}, 'interval': 30000}
[2025-07-30 05:55:22,697.697] DEBUG    [MainThread|MainProcess] websockets.client (protocol.py:read_frame:1177) | < TEXT '{"time":1753826122,"self_id":703263936,"post_ty...true},"interval":30000}' [148 bytes]
[2025-07-30 05:55:22,697.697] DEBUG    [MainThread|MainProcess] Logger (connect.py:on_message:43) | {'time': 1753826122, 'self_id': 703263936, 'post_type': 'meta_event', 'meta_event_type': 'heartbeat', 'status': {'online': True, 'good': True}, 'interval': 30000}
[2025-07-30 05:55:52,701.701] DEBUG    [MainThread|MainProcess] websockets.client (protocol.py:read_frame:1177) | < TEXT '{"time":1753826152,"self_id":703263936,"post_ty...true},"interval":30000}' [148 bytes]
[2025-07-30 05:55:52,701.701] DEBUG    [MainThread|MainProcess] Logger (connect.py:on_message:43) | {'time': 1753826152, 'self_id': 703263936, 'post_type': 'meta_event', 'meta_event_type': 'heartbeat', 'status': {'online': True, 'good': True}, 'interval': 30000}
[2025-07-30 05:56:22,715.715] DEBUG    [MainThread|MainProcess] websockets.client (protocol.py:read_frame:1177) | < TEXT '{"time":1753826182,"self_id":703263936,"post_ty...true},"interval":30000}' [148 bytes]
[2025-07-30 05:56:22,715.715] DEBUG    [MainThread|MainProcess] Logger (connect.py:on_message:43) | {'time': 1753826182, 'self_id': 703263936, 'post_type': 'meta_event', 'meta_event_type': 'heartbeat', 'status': {'online': True, 'good': True}, 'interval': 30000}
[2025-07-30 05:56:52,723.723] DEBUG    [MainThread|MainProcess] websockets.client (protocol.py:read_frame:1177) | < TEXT '{"time":1753826212,"self_id":703263936,"post_ty...true},"interval":30000}' [148 bytes]
[2025-07-30 05:56:52,723.723] DEBUG    [MainThread|MainProcess] Logger (connect.py:on_message:43) | {'time': 1753826212, 'self_id': 703263936, 'post_type': 'meta_event', 'meta_event_type': 'heartbeat', 'status': {'online': True, 'good': True}, 'interval': 30000}
[2025-07-30 05:57:22,731.731] DEBUG    [MainThread|MainProcess] websockets.client (protocol.py:read_frame:1177) | < TEXT '{"time":1753826242,"self_id":703263936,"post_ty...true},"interval":30000}' [148 bytes]
[2025-07-30 05:57:22,731.731] DEBUG    [MainThread|MainProcess] Logger (connect.py:on_message:43) | {'time': 1753826242, 'self_id': 703263936, 'post_type': 'meta_event', 'meta_event_type': 'heartbeat', 'status': {'online': True, 'good': True}, 'interval': 30000}
[2025-07-30 05:57:52,745.745] DEBUG    [MainThread|MainProcess] websockets.client (protocol.py:read_frame:1177) | < TEXT '{"time":1753826272,"self_id":703263936,"post_ty...true},"interval":30000}' [148 bytes]
[2025-07-30 05:57:52,745.745] DEBUG    [MainThread|MainProcess] Logger (connect.py:on_message:43) | {'time': 1753826272, 'self_id': 703263936, 'post_type': 'meta_event', 'meta_event_type': 'heartbeat', 'status': {'online': True, 'good': True}, 'interval': 30000}
[2025-07-30 05:58:22,758.758] DEBUG    [MainThread|MainProcess] websockets.client (protocol.py:read_frame:1177) | < TEXT '{"time":1753826302,"self_id":703263936,"post_ty...true},"interval":30000}' [148 bytes]
[2025-07-30 05:58:22,758.758] DEBUG    [MainThread|MainProcess] Logger (connect.py:on_message:43) | {'time': 1753826302, 'self_id': 703263936, 'post_type': 'meta_event', 'meta_event_type': 'heartbeat', 'status': {'online': True, 'good': True}, 'interval': 30000}
[2025-07-30 05:58:52,824.824] DEBUG    [MainThread|MainProcess] websockets.client (protocol.py:read_frame:1177) | < TEXT '{"time":1753826332,"self_id":703263936,"post_ty...true},"interval":30000}' [148 bytes]
[2025-07-30 05:58:52,824.824] DEBUG    [MainThread|MainProcess] Logger (connect.py:on_message:43) | {'time': 1753826332, 'self_id': 703263936, 'post_type': 'meta_event', 'meta_event_type': 'heartbeat', 'status': {'online': True, 'good': True}, 'interval': 30000}
[2025-07-30 05:59:22,835.835] DEBUG    [MainThread|MainProcess] websockets.client (protocol.py:read_frame:1177) | < TEXT '{"time":1753826362,"self_id":703263936,"post_ty...true},"interval":30000}' [148 bytes]
[2025-07-30 05:59:22,835.835] DEBUG    [MainThread|MainProcess] Logger (connect.py:on_message:43) | {'time': 1753826362, 'self_id': 703263936, 'post_type': 'meta_event', 'meta_event_type': 'heartbeat', 'status': {'online': True, 'good': True}, 'interval': 30000}
[2025-07-30 05:59:52,849.849] DEBUG    [MainThread|MainProcess] websockets.client (protocol.py:read_frame:1177) | < TEXT '{"time":1753826392,"self_id":703263936,"post_ty...true},"interval":30000}' [148 bytes]
[2025-07-30 05:59:52,849.849] DEBUG    [MainThread|MainProcess] Logger (connect.py:on_message:43) | {'time': 1753826392, 'self_id': 703263936, 'post_type': 'meta_event', 'meta_event_type': 'heartbeat', 'status': {'online': True, 'good': True}, 'interval': 30000}
[2025-07-30 06:00:22,862.862] DEBUG    [MainThread|MainProcess] websockets.client (protocol.py:read_frame:1177) | < TEXT '{"time":1753826422,"self_id":703263936,"post_ty...true},"interval":30000}' [148 bytes]
[2025-07-30 06:00:22,862.862] DEBUG    [MainThread|MainProcess] Logger (connect.py:on_message:43) | {'time': 1753826422, 'self_id': 703263936, 'post_type': 'meta_event', 'meta_event_type': 'heartbeat', 'status': {'online': True, 'good': True}, 'interval': 30000}
[2025-07-30 06:00:52,877.877] DEBUG    [MainThread|MainProcess] websockets.client (protocol.py:read_frame:1177) | < TEXT '{"time":1753826452,"self_id":703263936,"post_ty...true},"interval":30000}' [148 bytes]
[2025-07-30 06:00:52,877.877] DEBUG    [MainThread|MainProcess] Logger (connect.py:on_message:43) | {'time': 1753826452, 'self_id': 703263936, 'post_type': 'meta_event', 'meta_event_type': 'heartbeat', 'status': {'online': True, 'good': True}, 'interval': 30000}
[2025-07-30 06:01:22,887.887] DEBUG    [MainThread|MainProcess] websockets.client (protocol.py:read_frame:1177) | < TEXT '{"time":1753826482,"self_id":703263936,"post_ty...true},"interval":30000}' [148 bytes]
[2025-07-30 06:01:22,887.887] DEBUG    [MainThread|MainProcess] Logger (connect.py:on_message:43) | {'time': 1753826482, 'self_id': 703263936, 'post_type': 'meta_event', 'meta_event_type': 'heartbeat', 'status': {'online': True, 'good': True}, 'interval': 30000}
[2025-07-30 06:01:52,900.900] DEBUG    [MainThread|MainProcess] websockets.client (protocol.py:read_frame:1177) | < TEXT '{"time":1753826512,"self_id":703263936,"post_ty...true},"interval":30000}' [148 bytes]
[2025-07-30 06:01:52,900.900] DEBUG    [MainThread|MainProcess] Logger (connect.py:on_message:43) | {'time': 1753826512, 'self_id': 703263936, 'post_type': 'meta_event', 'meta_event_type': 'heartbeat', 'status': {'online': True, 'good': True}, 'interval': 30000}
[2025-07-30 06:02:22,914.914] DEBUG    [MainThread|MainProcess] websockets.client (protocol.py:read_frame:1177) | < TEXT '{"time":1753826542,"self_id":703263936,"post_ty...true},"interval":30000}' [148 bytes]
[2025-07-30 06:02:22,914.914] DEBUG    [MainThread|MainProcess] Logger (connect.py:on_message:43) | {'time': 1753826542, 'self_id': 703263936, 'post_type': 'meta_event', 'meta_event_type': 'heartbeat', 'status': {'online': True, 'good': True}, 'interval': 30000}
[2025-07-30 06:02:52,920.920] DEBUG    [MainThread|MainProcess] websockets.client (protocol.py:read_frame:1177) | < TEXT '{"time":1753826572,"self_id":703263936,"post_ty...true},"interval":30000}' [148 bytes]
[2025-07-30 06:02:52,920.920] DEBUG    [MainThread|MainProcess] Logger (connect.py:on_message:43) | {'time': 1753826572, 'self_id': 703263936, 'post_type': 'meta_event', 'meta_event_type': 'heartbeat', 'status': {'online': True, 'good': True}, 'interval': 30000}
[2025-07-30 06:03:22,930.930] DEBUG    [MainThread|MainProcess] websockets.client (protocol.py:read_frame:1177) | < TEXT '{"time":1753826602,"self_id":703263936,"post_ty...true},"interval":30000}' [148 bytes]
[2025-07-30 06:03:22,930.930] DEBUG    [MainThread|MainProcess] Logger (connect.py:on_message:43) | {'time': 1753826602, 'self_id': 703263936, 'post_type': 'meta_event', 'meta_event_type': 'heartbeat', 'status': {'online': True, 'good': True}, 'interval': 30000}
[2025-07-30 06:03:52,944.944] DEBUG    [MainThread|MainProcess] websockets.client (protocol.py:read_frame:1177) | < TEXT '{"time":1753826632,"self_id":703263936,"post_ty...true},"interval":30000}' [148 bytes]
[2025-07-30 06:03:52,944.944] DEBUG    [MainThread|MainProcess] Logger (connect.py:on_message:43) | {'time': 1753826632, 'self_id': 703263936, 'post_type': 'meta_event', 'meta_event_type': 'heartbeat', 'status': {'online': True, 'good': True}, 'interval': 30000}
[2025-07-30 06:04:22,957.957] DEBUG    [MainThread|MainProcess] websockets.client (protocol.py:read_frame:1177) | < TEXT '{"time":1753826662,"self_id":703263936,"post_ty...true},"interval":30000}' [148 bytes]
[2025-07-30 06:04:22,957.957] DEBUG    [MainThread|MainProcess] Logger (connect.py:on_message:43) | {'time': 1753826662, 'self_id': 703263936, 'post_type': 'meta_event', 'meta_event_type': 'heartbeat', 'status': {'online': True, 'good': True}, 'interval': 30000}
[2025-07-30 06:04:52,958.958] DEBUG    [MainThread|MainProcess] websockets.client (protocol.py:read_frame:1177) | < TEXT '{"time":1753826692,"self_id":703263936,"post_ty...true},"interval":30000}' [148 bytes]
[2025-07-30 06:04:52,958.958] DEBUG    [MainThread|MainProcess] Logger (connect.py:on_message:43) | {'time': 1753826692, 'self_id': 703263936, 'post_type': 'meta_event', 'meta_event_type': 'heartbeat', 'status': {'online': True, 'good': True}, 'interval': 30000}
[2025-07-30 06:05:22,968.968] DEBUG    [MainThread|MainProcess] websockets.client (protocol.py:read_frame:1177) | < TEXT '{"time":1753826722,"self_id":703263936,"post_ty...true},"interval":30000}' [148 bytes]
[2025-07-30 06:05:22,968.968] DEBUG    [MainThread|MainProcess] Logger (connect.py:on_message:43) | {'time': 1753826722, 'self_id': 703263936, 'post_type': 'meta_event', 'meta_event_type': 'heartbeat', 'status': {'online': True, 'good': True}, 'interval': 30000}
[2025-07-30 06:05:52,982.982] DEBUG    [MainThread|MainProcess] websockets.client (protocol.py:read_frame:1177) | < TEXT '{"time":1753826752,"self_id":703263936,"post_ty...true},"interval":30000}' [148 bytes]
[2025-07-30 06:05:52,982.982] DEBUG    [MainThread|MainProcess] Logger (connect.py:on_message:43) | {'time': 1753826752, 'self_id': 703263936, 'post_type': 'meta_event', 'meta_event_type': 'heartbeat', 'status': {'online': True, 'good': True}, 'interval': 30000}
[2025-07-30 06:06:22,995.995] DEBUG    [MainThread|MainProcess] websockets.client (protocol.py:read_frame:1177) | < TEXT '{"time":1753826782,"self_id":703263936,"post_ty...true},"interval":30000}' [148 bytes]
[2025-07-30 06:06:22,995.995] DEBUG    [MainThread|MainProcess] Logger (connect.py:on_message:43) | {'time': 1753826782, 'self_id': 703263936, 'post_type': 'meta_event', 'meta_event_type': 'heartbeat', 'status': {'online': True, 'good': True}, 'interval': 30000}
[2025-07-30 06:06:52,997.997] DEBUG    [MainThread|MainProcess] websockets.client (protocol.py:read_frame:1177) | < TEXT '{"time":1753826812,"self_id":703263936,"post_ty...true},"interval":30000}' [148 bytes]
[2025-07-30 06:06:52,997.997] DEBUG    [MainThread|MainProcess] Logger (connect.py:on_message:43) | {'time': 1753826812, 'self_id': 703263936, 'post_type': 'meta_event', 'meta_event_type': 'heartbeat', 'status': {'online': True, 'good': True}, 'interval': 30000}
[2025-07-30 06:07:23,008.008] DEBUG    [MainThread|MainProcess] websockets.client (protocol.py:read_frame:1177) | < TEXT '{"time":1753826843,"self_id":703263936,"post_ty...true},"interval":30000}' [148 bytes]
[2025-07-30 06:07:23,008.008] DEBUG    [MainThread|MainProcess] Logger (connect.py:on_message:43) | {'time': 1753826843, 'self_id': 703263936, 'post_type': 'meta_event', 'meta_event_type': 'heartbeat', 'status': {'online': True, 'good': True}, 'interval': 30000}
[2025-07-30 06:07:53,021.021] DEBUG    [MainThread|MainProcess] websockets.client (protocol.py:read_frame:1177) | < TEXT '{"time":1753826873,"self_id":703263936,"post_ty...true},"interval":30000}' [148 bytes]
[2025-07-30 06:07:53,021.021] DEBUG    [MainThread|MainProcess] Logger (connect.py:on_message:43) | {'time': 1753826873, 'self_id': 703263936, 'post_type': 'meta_event', 'meta_event_type': 'heartbeat', 'status': {'online': True, 'good': True}, 'interval': 30000}
[2025-07-30 06:08:23,034.034] DEBUG    [MainThread|MainProcess] websockets.client (protocol.py:read_frame:1177) | < TEXT '{"time":1753826903,"self_id":703263936,"post_ty...true},"interval":30000}' [148 bytes]
[2025-07-30 06:08:23,034.034] DEBUG    [MainThread|MainProcess] Logger (connect.py:on_message:43) | {'time': 1753826903, 'self_id': 703263936, 'post_type': 'meta_event', 'meta_event_type': 'heartbeat', 'status': {'online': True, 'good': True}, 'interval': 30000}
[2025-07-30 06:08:53,035.035] DEBUG    [MainThread|MainProcess] websockets.client (protocol.py:read_frame:1177) | < TEXT '{"time":1753826933,"self_id":703263936,"post_ty...true},"interval":30000}' [148 bytes]
[2025-07-30 06:08:53,035.035] DEBUG    [MainThread|MainProcess] Logger (connect.py:on_message:43) | {'time': 1753826933, 'self_id': 703263936, 'post_type': 'meta_event', 'meta_event_type': 'heartbeat', 'status': {'online': True, 'good': True}, 'interval': 30000}
[2025-07-30 06:09:23,047.047] DEBUG    [MainThread|MainProcess] websockets.client (protocol.py:read_frame:1177) | < TEXT '{"time":1753826963,"self_id":703263936,"post_ty...true},"interval":30000}' [148 bytes]
[2025-07-30 06:09:23,047.047] DEBUG    [MainThread|MainProcess] Logger (connect.py:on_message:43) | {'time': 1753826963, 'self_id': 703263936, 'post_type': 'meta_event', 'meta_event_type': 'heartbeat', 'status': {'online': True, 'good': True}, 'interval': 30000}
[2025-07-30 06:09:53,060.060] DEBUG    [MainThread|MainProcess] websockets.client (protocol.py:read_frame:1177) | < TEXT '{"time":1753826993,"self_id":703263936,"post_ty...true},"interval":30000}' [148 bytes]
[2025-07-30 06:09:53,060.060] DEBUG    [MainThread|MainProcess] Logger (connect.py:on_message:43) | {'time': 1753826993, 'self_id': 703263936, 'post_type': 'meta_event', 'meta_event_type': 'heartbeat', 'status': {'online': True, 'good': True}, 'interval': 30000}
[2025-07-30 06:10:23,074.074] DEBUG    [MainThread|MainProcess] websockets.client (protocol.py:read_frame:1177) | < TEXT '{"time":1753827023,"self_id":703263936,"post_ty...true},"interval":30000}' [148 bytes]
[2025-07-30 06:10:23,074.074] DEBUG    [MainThread|MainProcess] Logger (connect.py:on_message:43) | {'time': 1753827023, 'self_id': 703263936, 'post_type': 'meta_event', 'meta_event_type': 'heartbeat', 'status': {'online': True, 'good': True}, 'interval': 30000}
[2025-07-30 06:10:53,082.082] DEBUG    [MainThread|MainProcess] websockets.client (protocol.py:read_frame:1177) | < TEXT '{"time":1753827053,"self_id":703263936,"post_ty...true},"interval":30000}' [148 bytes]
[2025-07-30 06:10:53,082.082] DEBUG    [MainThread|MainProcess] Logger (connect.py:on_message:43) | {'time': 1753827053, 'self_id': 703263936, 'post_type': 'meta_event', 'meta_event_type': 'heartbeat', 'status': {'online': True, 'good': True}, 'interval': 30000}
[2025-07-30 06:11:23,096.096] DEBUG    [MainThread|MainProcess] websockets.client (protocol.py:read_frame:1177) | < TEXT '{"time":1753827083,"self_id":703263936,"post_ty...true},"interval":30000}' [148 bytes]
[2025-07-30 06:11:23,096.096] DEBUG    [MainThread|MainProcess] Logger (connect.py:on_message:43) | {'time': 1753827083, 'self_id': 703263936, 'post_type': 'meta_event', 'meta_event_type': 'heartbeat', 'status': {'online': True, 'good': True}, 'interval': 30000}
[2025-07-30 06:11:53,102.102] DEBUG    [MainThread|MainProcess] websockets.client (protocol.py:read_frame:1177) | < TEXT '{"time":1753827113,"self_id":703263936,"post_ty...true},"interval":30000}' [148 bytes]
[2025-07-30 06:11:53,102.102] DEBUG    [MainThread|MainProcess] Logger (connect.py:on_message:43) | {'time': 1753827113, 'self_id': 703263936, 'post_type': 'meta_event', 'meta_event_type': 'heartbeat', 'status': {'online': True, 'good': True}, 'interval': 30000}
[2025-07-30 06:12:23,115.115] DEBUG    [MainThread|MainProcess] websockets.client (protocol.py:read_frame:1177) | < TEXT '{"time":1753827143,"self_id":703263936,"post_ty...true},"interval":30000}' [148 bytes]
[2025-07-30 06:12:23,115.115] DEBUG    [MainThread|MainProcess] Logger (connect.py:on_message:43) | {'time': 1753827143, 'self_id': 703263936, 'post_type': 'meta_event', 'meta_event_type': 'heartbeat', 'status': {'online': True, 'good': True}, 'interval': 30000}
[2025-07-30 06:12:53,120.120] DEBUG    [MainThread|MainProcess] websockets.client (protocol.py:read_frame:1177) | < TEXT '{"time":1753827173,"self_id":703263936,"post_ty...true},"interval":30000}' [148 bytes]
[2025-07-30 06:12:53,120.120] DEBUG    [MainThread|MainProcess] Logger (connect.py:on_message:43) | {'time': 1753827173, 'self_id': 703263936, 'post_type': 'meta_event', 'meta_event_type': 'heartbeat', 'status': {'online': True, 'good': True}, 'interval': 30000}
[2025-07-30 06:13:23,129.129] DEBUG    [MainThread|MainProcess] websockets.client (protocol.py:read_frame:1177) | < TEXT '{"time":1753827203,"self_id":703263936,"post_ty...true},"interval":30000}' [148 bytes]
[2025-07-30 06:13:23,129.129] DEBUG    [MainThread|MainProcess] Logger (connect.py:on_message:43) | {'time': 1753827203, 'self_id': 703263936, 'post_type': 'meta_event', 'meta_event_type': 'heartbeat', 'status': {'online': True, 'good': True}, 'interval': 30000}
[2025-07-30 06:13:53,143.143] DEBUG    [MainThread|MainProcess] websockets.client (protocol.py:read_frame:1177) | < TEXT '{"time":1753827233,"self_id":703263936,"post_ty...true},"interval":30000}' [148 bytes]
[2025-07-30 06:13:53,143.143] DEBUG    [MainThread|MainProcess] Logger (connect.py:on_message:43) | {'time': 1753827233, 'self_id': 703263936, 'post_type': 'meta_event', 'meta_event_type': 'heartbeat', 'status': {'online': True, 'good': True}, 'interval': 30000}
[2025-07-30 06:14:23,156.156] DEBUG    [MainThread|MainProcess] websockets.client (protocol.py:read_frame:1177) | < TEXT '{"time":1753827263,"self_id":703263936,"post_ty...true},"interval":30000}' [148 bytes]
[2025-07-30 06:14:23,156.156] DEBUG    [MainThread|MainProcess] Logger (connect.py:on_message:43) | {'time': 1753827263, 'self_id': 703263936, 'post_type': 'meta_event', 'meta_event_type': 'heartbeat', 'status': {'online': True, 'good': True}, 'interval': 30000}
[2025-07-30 06:14:53,171.171] DEBUG    [MainThread|MainProcess] websockets.client (protocol.py:read_frame:1177) | < TEXT '{"time":1753827293,"self_id":703263936,"post_ty...true},"interval":30000}' [148 bytes]
[2025-07-30 06:14:53,171.171] DEBUG    [MainThread|MainProcess] Logger (connect.py:on_message:43) | {'time': 1753827293, 'self_id': 703263936, 'post_type': 'meta_event', 'meta_event_type': 'heartbeat', 'status': {'online': True, 'good': True}, 'interval': 30000}
[2025-07-30 06:15:23,181.181] DEBUG    [MainThread|MainProcess] websockets.client (protocol.py:read_frame:1177) | < TEXT '{"time":1753827323,"self_id":703263936,"post_ty...true},"interval":30000}' [148 bytes]
[2025-07-30 06:15:23,181.181] DEBUG    [MainThread|MainProcess] Logger (connect.py:on_message:43) | {'time': 1753827323, 'self_id': 703263936, 'post_type': 'meta_event', 'meta_event_type': 'heartbeat', 'status': {'online': True, 'good': True}, 'interval': 30000}
[2025-07-30 06:15:53,195.195] DEBUG    [MainThread|MainProcess] websockets.client (protocol.py:read_frame:1177) | < TEXT '{"time":1753827353,"self_id":703263936,"post_ty...true},"interval":30000}' [148 bytes]
[2025-07-30 06:15:53,195.195] DEBUG    [MainThread|MainProcess] Logger (connect.py:on_message:43) | {'time': 1753827353, 'self_id': 703263936, 'post_type': 'meta_event', 'meta_event_type': 'heartbeat', 'status': {'online': True, 'good': True}, 'interval': 30000}
[2025-07-30 06:16:23,208.208] DEBUG    [MainThread|MainProcess] websockets.client (protocol.py:read_frame:1177) | < TEXT '{"time":1753827383,"self_id":703263936,"post_ty...true},"interval":30000}' [148 bytes]
[2025-07-30 06:16:23,208.208] DEBUG    [MainThread|MainProcess] Logger (connect.py:on_message:43) | {'time': 1753827383, 'self_id': 703263936, 'post_type': 'meta_event', 'meta_event_type': 'heartbeat', 'status': {'online': True, 'good': True}, 'interval': 30000}
[2025-07-30 06:16:53,212.212] DEBUG    [MainThread|MainProcess] websockets.client (protocol.py:read_frame:1177) | < TEXT '{"time":1753827413,"self_id":703263936,"post_ty...true},"interval":30000}' [148 bytes]
[2025-07-30 06:16:53,212.212] DEBUG    [MainThread|MainProcess] Logger (connect.py:on_message:43) | {'time': 1753827413, 'self_id': 703263936, 'post_type': 'meta_event', 'meta_event_type': 'heartbeat', 'status': {'online': True, 'good': True}, 'interval': 30000}
[2025-07-30 06:17:23,221.221] DEBUG    [MainThread|MainProcess] websockets.client (protocol.py:read_frame:1177) | < TEXT '{"time":1753827443,"self_id":703263936,"post_ty...true},"interval":30000}' [148 bytes]
[2025-07-30 06:17:23,221.221] DEBUG    [MainThread|MainProcess] Logger (connect.py:on_message:43) | {'time': 1753827443, 'self_id': 703263936, 'post_type': 'meta_event', 'meta_event_type': 'heartbeat', 'status': {'online': True, 'good': True}, 'interval': 30000}
[2025-07-30 06:17:53,235.235] DEBUG    [MainThread|MainProcess] websockets.client (protocol.py:read_frame:1177) | < TEXT '{"time":1753827473,"self_id":703263936,"post_ty...true},"interval":30000}' [148 bytes]
[2025-07-30 06:17:53,235.235] DEBUG    [MainThread|MainProcess] Logger (connect.py:on_message:43) | {'time': 1753827473, 'self_id': 703263936, 'post_type': 'meta_event', 'meta_event_type': 'heartbeat', 'status': {'online': True, 'good': True}, 'interval': 30000}
[2025-07-30 06:18:23,248.248] DEBUG    [MainThread|MainProcess] websockets.client (protocol.py:read_frame:1177) | < TEXT '{"time":1753827503,"self_id":703263936,"post_ty...true},"interval":30000}' [148 bytes]
[2025-07-30 06:18:23,248.248] DEBUG    [MainThread|MainProcess] Logger (connect.py:on_message:43) | {'time': 1753827503, 'self_id': 703263936, 'post_type': 'meta_event', 'meta_event_type': 'heartbeat', 'status': {'online': True, 'good': True}, 'interval': 30000}
[2025-07-30 06:18:53,251.251] DEBUG    [MainThread|MainProcess] websockets.client (protocol.py:read_frame:1177) | < TEXT '{"time":1753827533,"self_id":703263936,"post_ty...true},"interval":30000}' [148 bytes]
[2025-07-30 06:18:53,251.251] DEBUG    [MainThread|MainProcess] Logger (connect.py:on_message:43) | {'time': 1753827533, 'self_id': 703263936, 'post_type': 'meta_event', 'meta_event_type': 'heartbeat', 'status': {'online': True, 'good': True}, 'interval': 30000}
[2025-07-30 06:19:23,263.263] DEBUG    [MainThread|MainProcess] websockets.client (protocol.py:read_frame:1177) | < TEXT '{"time":1753827563,"self_id":703263936,"post_ty...true},"interval":30000}' [148 bytes]
[2025-07-30 06:19:23,263.263] DEBUG    [MainThread|MainProcess] Logger (connect.py:on_message:43) | {'time': 1753827563, 'self_id': 703263936, 'post_type': 'meta_event', 'meta_event_type': 'heartbeat', 'status': {'online': True, 'good': True}, 'interval': 30000}
[2025-07-30 06:19:53,276.276] DEBUG    [MainThread|MainProcess] websockets.client (protocol.py:read_frame:1177) | < TEXT '{"time":1753827593,"self_id":703263936,"post_ty...true},"interval":30000}' [148 bytes]
[2025-07-30 06:19:53,276.276] DEBUG    [MainThread|MainProcess] Logger (connect.py:on_message:43) | {'time': 1753827593, 'self_id': 703263936, 'post_type': 'meta_event', 'meta_event_type': 'heartbeat', 'status': {'online': True, 'good': True}, 'interval': 30000}
[2025-07-30 06:20:23,290.290] DEBUG    [MainThread|MainProcess] websockets.client (protocol.py:read_frame:1177) | < TEXT '{"time":1753827623,"self_id":703263936,"post_ty...true},"interval":30000}' [148 bytes]
[2025-07-30 06:20:23,290.290] DEBUG    [MainThread|MainProcess] Logger (connect.py:on_message:43) | {'time': 1753827623, 'self_id': 703263936, 'post_type': 'meta_event', 'meta_event_type': 'heartbeat', 'status': {'online': True, 'good': True}, 'interval': 30000}
[2025-07-30 06:20:53,291.291] DEBUG    [MainThread|MainProcess] websockets.client (protocol.py:read_frame:1177) | < TEXT '{"time":1753827653,"self_id":703263936,"post_ty...true},"interval":30000}' [148 bytes]
[2025-07-30 06:20:53,291.291] DEBUG    [MainThread|MainProcess] Logger (connect.py:on_message:43) | {'time': 1753827653, 'self_id': 703263936, 'post_type': 'meta_event', 'meta_event_type': 'heartbeat', 'status': {'online': True, 'good': True}, 'interval': 30000}
[2025-07-30 06:21:23,301.301] DEBUG    [MainThread|MainProcess] websockets.client (protocol.py:read_frame:1177) | < TEXT '{"time":1753827683,"self_id":703263936,"post_ty...true},"interval":30000}' [148 bytes]
[2025-07-30 06:21:23,301.301] DEBUG    [MainThread|MainProcess] Logger (connect.py:on_message:43) | {'time': 1753827683, 'self_id': 703263936, 'post_type': 'meta_event', 'meta_event_type': 'heartbeat', 'status': {'online': True, 'good': True}, 'interval': 30000}
[2025-07-30 06:21:53,314.314] DEBUG    [MainThread|MainProcess] websockets.client (protocol.py:read_frame:1177) | < TEXT '{"time":1753827713,"self_id":703263936,"post_ty...true},"interval":30000}' [148 bytes]
[2025-07-30 06:21:53,314.314] DEBUG    [MainThread|MainProcess] Logger (connect.py:on_message:43) | {'time': 1753827713, 'self_id': 703263936, 'post_type': 'meta_event', 'meta_event_type': 'heartbeat', 'status': {'online': True, 'good': True}, 'interval': 30000}
[2025-07-30 06:22:23,328.328] DEBUG    [MainThread|MainProcess] websockets.client (protocol.py:read_frame:1177) | < TEXT '{"time":1753827743,"self_id":703263936,"post_ty...true},"interval":30000}' [148 bytes]
[2025-07-30 06:22:23,328.328] DEBUG    [MainThread|MainProcess] Logger (connect.py:on_message:43) | {'time': 1753827743, 'self_id': 703263936, 'post_type': 'meta_event', 'meta_event_type': 'heartbeat', 'status': {'online': True, 'good': True}, 'interval': 30000}
[2025-07-30 06:22:53,331.331] DEBUG    [MainThread|MainProcess] websockets.client (protocol.py:read_frame:1177) | < TEXT '{"time":1753827773,"self_id":703263936,"post_ty...true},"interval":30000}' [148 bytes]
[2025-07-30 06:22:53,331.331] DEBUG    [MainThread|MainProcess] Logger (connect.py:on_message:43) | {'time': 1753827773, 'self_id': 703263936, 'post_type': 'meta_event', 'meta_event_type': 'heartbeat', 'status': {'online': True, 'good': True}, 'interval': 30000}
[2025-07-30 06:23:23,341.341] DEBUG    [MainThread|MainProcess] websockets.client (protocol.py:read_frame:1177) | < TEXT '{"time":1753827803,"self_id":703263936,"post_ty...true},"interval":30000}' [148 bytes]
[2025-07-30 06:23:23,341.341] DEBUG    [MainThread|MainProcess] Logger (connect.py:on_message:43) | {'time': 1753827803, 'self_id': 703263936, 'post_type': 'meta_event', 'meta_event_type': 'heartbeat', 'status': {'online': True, 'good': True}, 'interval': 30000}
[2025-07-30 06:23:53,354.354] DEBUG    [MainThread|MainProcess] websockets.client (protocol.py:read_frame:1177) | < TEXT '{"time":1753827833,"self_id":703263936,"post_ty...true},"interval":30000}' [148 bytes]
[2025-07-30 06:23:53,354.354] DEBUG    [MainThread|MainProcess] Logger (connect.py:on_message:43) | {'time': 1753827833, 'self_id': 703263936, 'post_type': 'meta_event', 'meta_event_type': 'heartbeat', 'status': {'online': True, 'good': True}, 'interval': 30000}
[2025-07-30 06:24:23,368.368] DEBUG    [MainThread|MainProcess] websockets.client (protocol.py:read_frame:1177) | < TEXT '{"time":1753827863,"self_id":703263936,"post_ty...true},"interval":30000}' [148 bytes]
[2025-07-30 06:24:23,368.368] DEBUG    [MainThread|MainProcess] Logger (connect.py:on_message:43) | {'time': 1753827863, 'self_id': 703263936, 'post_type': 'meta_event', 'meta_event_type': 'heartbeat', 'status': {'online': True, 'good': True}, 'interval': 30000}
[2025-07-30 06:24:53,370.370] DEBUG    [MainThread|MainProcess] websockets.client (protocol.py:read_frame:1177) | < TEXT '{"time":1753827893,"self_id":703263936,"post_ty...true},"interval":30000}' [148 bytes]
[2025-07-30 06:24:53,370.370] DEBUG    [MainThread|MainProcess] Logger (connect.py:on_message:43) | {'time': 1753827893, 'self_id': 703263936, 'post_type': 'meta_event', 'meta_event_type': 'heartbeat', 'status': {'online': True, 'good': True}, 'interval': 30000}
[2025-07-30 06:25:23,380.380] DEBUG    [MainThread|MainProcess] websockets.client (protocol.py:read_frame:1177) | < TEXT '{"time":1753827923,"self_id":703263936,"post_ty...true},"interval":30000}' [148 bytes]
[2025-07-30 06:25:23,380.380] DEBUG    [MainThread|MainProcess] Logger (connect.py:on_message:43) | {'time': 1753827923, 'self_id': 703263936, 'post_type': 'meta_event', 'meta_event_type': 'heartbeat', 'status': {'online': True, 'good': True}, 'interval': 30000}
[2025-07-30 06:25:53,394.394] DEBUG    [MainThread|MainProcess] websockets.client (protocol.py:read_frame:1177) | < TEXT '{"time":1753827953,"self_id":703263936,"post_ty...true},"interval":30000}' [148 bytes]
[2025-07-30 06:25:53,394.394] DEBUG    [MainThread|MainProcess] Logger (connect.py:on_message:43) | {'time': 1753827953, 'self_id': 703263936, 'post_type': 'meta_event', 'meta_event_type': 'heartbeat', 'status': {'online': True, 'good': True}, 'interval': 30000}
[2025-07-30 06:26:23,407.407] DEBUG    [MainThread|MainProcess] websockets.client (protocol.py:read_frame:1177) | < TEXT '{"time":1753827983,"self_id":703263936,"post_ty...true},"interval":30000}' [148 bytes]
[2025-07-30 06:26:23,407.407] DEBUG    [MainThread|MainProcess] Logger (connect.py:on_message:43) | {'time': 1753827983, 'self_id': 703263936, 'post_type': 'meta_event', 'meta_event_type': 'heartbeat', 'status': {'online': True, 'good': True}, 'interval': 30000}
[2025-07-30 06:26:53,408.408] DEBUG    [MainThread|MainProcess] websockets.client (protocol.py:read_frame:1177) | < TEXT '{"time":1753828013,"self_id":703263936,"post_ty...true},"interval":30000}' [148 bytes]
[2025-07-30 06:26:53,408.408] DEBUG    [MainThread|MainProcess] Logger (connect.py:on_message:43) | {'time': 1753828013, 'self_id': 703263936, 'post_type': 'meta_event', 'meta_event_type': 'heartbeat', 'status': {'online': True, 'good': True}, 'interval': 30000}
[2025-07-30 06:27:23,420.420] DEBUG    [MainThread|MainProcess] websockets.client (protocol.py:read_frame:1177) | < TEXT '{"time":1753828043,"self_id":703263936,"post_ty...true},"interval":30000}' [148 bytes]
[2025-07-30 06:27:23,420.420] DEBUG    [MainThread|MainProcess] Logger (connect.py:on_message:43) | {'time': 1753828043, 'self_id': 703263936, 'post_type': 'meta_event', 'meta_event_type': 'heartbeat', 'status': {'online': True, 'good': True}, 'interval': 30000}
[2025-07-30 06:27:53,449.449] DEBUG    [MainThread|MainProcess] websockets.client (protocol.py:read_frame:1177) | < TEXT '{"time":1753828073,"self_id":703263936,"post_ty...true},"interval":30000}' [148 bytes]
[2025-07-30 06:27:53,449.449] DEBUG    [MainThread|MainProcess] Logger (connect.py:on_message:43) | {'time': 1753828073, 'self_id': 703263936, 'post_type': 'meta_event', 'meta_event_type': 'heartbeat', 'status': {'online': True, 'good': True}, 'interval': 30000}
[2025-07-30 06:28:23,462.462] DEBUG    [MainThread|MainProcess] websockets.client (protocol.py:read_frame:1177) | < TEXT '{"time":1753828103,"self_id":703263936,"post_ty...true},"interval":30000}' [148 bytes]
[2025-07-30 06:28:23,462.462] DEBUG    [MainThread|MainProcess] Logger (connect.py:on_message:43) | {'time': 1753828103, 'self_id': 703263936, 'post_type': 'meta_event', 'meta_event_type': 'heartbeat', 'status': {'online': True, 'good': True}, 'interval': 30000}
[2025-07-30 06:28:53,467.467] DEBUG    [MainThread|MainProcess] websockets.client (protocol.py:read_frame:1177) | < TEXT '{"time":1753828133,"self_id":703263936,"post_ty...true},"interval":30000}' [148 bytes]
[2025-07-30 06:28:53,467.467] DEBUG    [MainThread|MainProcess] Logger (connect.py:on_message:43) | {'time': 1753828133, 'self_id': 703263936, 'post_type': 'meta_event', 'meta_event_type': 'heartbeat', 'status': {'online': True, 'good': True}, 'interval': 30000}
[2025-07-30 06:29:23,478.478] DEBUG    [MainThread|MainProcess] websockets.client (protocol.py:read_frame:1177) | < TEXT '{"time":1753828163,"self_id":703263936,"post_ty...true},"interval":30000}' [148 bytes]
[2025-07-30 06:29:23,478.478] DEBUG    [MainThread|MainProcess] Logger (connect.py:on_message:43) | {'time': 1753828163, 'self_id': 703263936, 'post_type': 'meta_event', 'meta_event_type': 'heartbeat', 'status': {'online': True, 'good': True}, 'interval': 30000}
[2025-07-30 06:29:53,491.491] DEBUG    [MainThread|MainProcess] websockets.client (protocol.py:read_frame:1177) | < TEXT '{"time":1753828193,"self_id":703263936,"post_ty...true},"interval":30000}' [148 bytes]
[2025-07-30 06:29:53,491.491] DEBUG    [MainThread|MainProcess] Logger (connect.py:on_message:43) | {'time': 1753828193, 'self_id': 703263936, 'post_type': 'meta_event', 'meta_event_type': 'heartbeat', 'status': {'online': True, 'good': True}, 'interval': 30000}
[2025-07-30 06:30:23,504.504] DEBUG    [MainThread|MainProcess] websockets.client (protocol.py:read_frame:1177) | < TEXT '{"time":1753828223,"self_id":703263936,"post_ty...true},"interval":30000}' [148 bytes]
[2025-07-30 06:30:23,504.504] DEBUG    [MainThread|MainProcess] Logger (connect.py:on_message:43) | {'time': 1753828223, 'self_id': 703263936, 'post_type': 'meta_event', 'meta_event_type': 'heartbeat', 'status': {'online': True, 'good': True}, 'interval': 30000}
[2025-07-30 06:30:53,505.505] DEBUG    [MainThread|MainProcess] websockets.client (protocol.py:read_frame:1177) | < TEXT '{"time":1753828253,"self_id":703263936,"post_ty...true},"interval":30000}' [148 bytes]
[2025-07-30 06:30:53,505.505] DEBUG    [MainThread|MainProcess] Logger (connect.py:on_message:43) | {'time': 1753828253, 'self_id': 703263936, 'post_type': 'meta_event', 'meta_event_type': 'heartbeat', 'status': {'online': True, 'good': True}, 'interval': 30000}
[2025-07-30 06:31:23,517.517] DEBUG    [MainThread|MainProcess] websockets.client (protocol.py:read_frame:1177) | < TEXT '{"time":1753828283,"self_id":703263936,"post_ty...true},"interval":30000}' [148 bytes]
[2025-07-30 06:31:23,517.517] DEBUG    [MainThread|MainProcess] Logger (connect.py:on_message:43) | {'time': 1753828283, 'self_id': 703263936, 'post_type': 'meta_event', 'meta_event_type': 'heartbeat', 'status': {'online': True, 'good': True}, 'interval': 30000}
[2025-07-30 06:31:53,516.516] DEBUG    [MainThread|MainProcess] websockets.client (protocol.py:read_frame:1177) | < TEXT '{"time":1753828313,"self_id":703263936,"post_ty...true},"interval":30000}' [148 bytes]
[2025-07-30 06:31:53,516.516] DEBUG    [MainThread|MainProcess] Logger (connect.py:on_message:43) | {'time': 1753828313, 'self_id': 703263936, 'post_type': 'meta_event', 'meta_event_type': 'heartbeat', 'status': {'online': True, 'good': True}, 'interval': 30000}
[2025-07-30 06:32:23,530.530] DEBUG    [MainThread|MainProcess] websockets.client (protocol.py:read_frame:1177) | < TEXT '{"time":1753828343,"self_id":703263936,"post_ty...true},"interval":30000}' [148 bytes]
[2025-07-30 06:32:23,530.530] DEBUG    [MainThread|MainProcess] Logger (connect.py:on_message:43) | {'time': 1753828343, 'self_id': 703263936, 'post_type': 'meta_event', 'meta_event_type': 'heartbeat', 'status': {'online': True, 'good': True}, 'interval': 30000}
[2025-07-30 06:32:53,530.530] DEBUG    [MainThread|MainProcess] websockets.client (protocol.py:read_frame:1177) | < TEXT '{"time":1753828373,"self_id":703263936,"post_ty...true},"interval":30000}' [148 bytes]
[2025-07-30 06:32:53,530.530] DEBUG    [MainThread|MainProcess] Logger (connect.py:on_message:43) | {'time': 1753828373, 'self_id': 703263936, 'post_type': 'meta_event', 'meta_event_type': 'heartbeat', 'status': {'online': True, 'good': True}, 'interval': 30000}
[2025-07-30 06:33:23,535.535] DEBUG    [MainThread|MainProcess] websockets.client (protocol.py:read_frame:1177) | < TEXT '{"time":1753828403,"self_id":703263936,"post_ty...true},"interval":30000}' [148 bytes]
[2025-07-30 06:33:23,535.535] DEBUG    [MainThread|MainProcess] Logger (connect.py:on_message:43) | {'time': 1753828403, 'self_id': 703263936, 'post_type': 'meta_event', 'meta_event_type': 'heartbeat', 'status': {'online': True, 'good': True}, 'interval': 30000}
[2025-07-30 06:33:53,545.545] DEBUG    [MainThread|MainProcess] websockets.client (protocol.py:read_frame:1177) | < TEXT '{"time":1753828433,"self_id":703263936,"post_ty...true},"interval":30000}' [148 bytes]
[2025-07-30 06:33:53,545.545] DEBUG    [MainThread|MainProcess] Logger (connect.py:on_message:43) | {'time': 1753828433, 'self_id': 703263936, 'post_type': 'meta_event', 'meta_event_type': 'heartbeat', 'status': {'online': True, 'good': True}, 'interval': 30000}
[2025-07-30 06:34:23,558.558] DEBUG    [MainThread|MainProcess] websockets.client (protocol.py:read_frame:1177) | < TEXT '{"time":1753828463,"self_id":703263936,"post_ty...true},"interval":30000}' [148 bytes]
[2025-07-30 06:34:23,558.558] DEBUG    [MainThread|MainProcess] Logger (connect.py:on_message:43) | {'time': 1753828463, 'self_id': 703263936, 'post_type': 'meta_event', 'meta_event_type': 'heartbeat', 'status': {'online': True, 'good': True}, 'interval': 30000}
[2025-07-30 06:34:53,570.570] DEBUG    [MainThread|MainProcess] websockets.client (protocol.py:read_frame:1177) | < TEXT '{"time":1753828493,"self_id":703263936,"post_ty...true},"interval":30000}' [148 bytes]
[2025-07-30 06:34:53,570.570] DEBUG    [MainThread|MainProcess] Logger (connect.py:on_message:43) | {'time': 1753828493, 'self_id': 703263936, 'post_type': 'meta_event', 'meta_event_type': 'heartbeat', 'status': {'online': True, 'good': True}, 'interval': 30000}
[2025-07-30 06:35:23,581.581] DEBUG    [MainThread|MainProcess] websockets.client (protocol.py:read_frame:1177) | < TEXT '{"time":1753828523,"self_id":703263936,"post_ty...true},"interval":30000}' [148 bytes]
[2025-07-30 06:35:23,581.581] DEBUG    [MainThread|MainProcess] Logger (connect.py:on_message:43) | {'time': 1753828523, 'self_id': 703263936, 'post_type': 'meta_event', 'meta_event_type': 'heartbeat', 'status': {'online': True, 'good': True}, 'interval': 30000}
[2025-07-30 06:35:53,595.595] DEBUG    [MainThread|MainProcess] websockets.client (protocol.py:read_frame:1177) | < TEXT '{"time":1753828553,"self_id":703263936,"post_ty...true},"interval":30000}' [148 bytes]
[2025-07-30 06:35:53,595.595] DEBUG    [MainThread|MainProcess] Logger (connect.py:on_message:43) | {'time': 1753828553, 'self_id': 703263936, 'post_type': 'meta_event', 'meta_event_type': 'heartbeat', 'status': {'online': True, 'good': True}, 'interval': 30000}
[2025-07-30 06:36:23,608.608] DEBUG    [MainThread|MainProcess] websockets.client (protocol.py:read_frame:1177) | < TEXT '{"time":1753828583,"self_id":703263936,"post_ty...true},"interval":30000}' [148 bytes]
[2025-07-30 06:36:23,608.608] DEBUG    [MainThread|MainProcess] Logger (connect.py:on_message:43) | {'time': 1753828583, 'self_id': 703263936, 'post_type': 'meta_event', 'meta_event_type': 'heartbeat', 'status': {'online': True, 'good': True}, 'interval': 30000}
[2025-07-30 06:36:53,608.608] DEBUG    [MainThread|MainProcess] websockets.client (protocol.py:read_frame:1177) | < TEXT '{"time":1753828613,"self_id":703263936,"post_ty...true},"interval":30000}' [148 bytes]
[2025-07-30 06:36:53,608.608] DEBUG    [MainThread|MainProcess] Logger (connect.py:on_message:43) | {'time': 1753828613, 'self_id': 703263936, 'post_type': 'meta_event', 'meta_event_type': 'heartbeat', 'status': {'online': True, 'good': True}, 'interval': 30000}
[2025-07-30 06:37:23,619.619] DEBUG    [MainThread|MainProcess] websockets.client (protocol.py:read_frame:1177) | < TEXT '{"time":1753828643,"self_id":703263936,"post_ty...true},"interval":30000}' [148 bytes]
[2025-07-30 06:37:23,619.619] DEBUG    [MainThread|MainProcess] Logger (connect.py:on_message:43) | {'time': 1753828643, 'self_id': 703263936, 'post_type': 'meta_event', 'meta_event_type': 'heartbeat', 'status': {'online': True, 'good': True}, 'interval': 30000}
[2025-07-30 06:37:53,632.632] DEBUG    [MainThread|MainProcess] websockets.client (protocol.py:read_frame:1177) | < TEXT '{"time":1753828673,"self_id":703263936,"post_ty...true},"interval":30000}' [148 bytes]
[2025-07-30 06:37:53,632.632] DEBUG    [MainThread|MainProcess] Logger (connect.py:on_message:43) | {'time': 1753828673, 'self_id': 703263936, 'post_type': 'meta_event', 'meta_event_type': 'heartbeat', 'status': {'online': True, 'good': True}, 'interval': 30000}
[2025-07-30 06:38:23,645.645] DEBUG    [MainThread|MainProcess] websockets.client (protocol.py:read_frame:1177) | < TEXT '{"time":1753828703,"self_id":703263936,"post_ty...true},"interval":30000}' [148 bytes]
[2025-07-30 06:38:23,645.645] DEBUG    [MainThread|MainProcess] Logger (connect.py:on_message:43) | {'time': 1753828703, 'self_id': 703263936, 'post_type': 'meta_event', 'meta_event_type': 'heartbeat', 'status': {'online': True, 'good': True}, 'interval': 30000}
[2025-07-30 06:38:53,648.648] DEBUG    [MainThread|MainProcess] websockets.client (protocol.py:read_frame:1177) | < TEXT '{"time":1753828733,"self_id":703263936,"post_ty...true},"interval":30000}' [148 bytes]
[2025-07-30 06:38:53,648.648] DEBUG    [MainThread|MainProcess] Logger (connect.py:on_message:43) | {'time': 1753828733, 'self_id': 703263936, 'post_type': 'meta_event', 'meta_event_type': 'heartbeat', 'status': {'online': True, 'good': True}, 'interval': 30000}
[2025-07-30 06:39:23,658.658] DEBUG    [MainThread|MainProcess] websockets.client (protocol.py:read_frame:1177) | < TEXT '{"time":1753828763,"self_id":703263936,"post_ty...true},"interval":30000}' [148 bytes]
[2025-07-30 06:39:23,658.658] DEBUG    [MainThread|MainProcess] Logger (connect.py:on_message:43) | {'time': 1753828763, 'self_id': 703263936, 'post_type': 'meta_event', 'meta_event_type': 'heartbeat', 'status': {'online': True, 'good': True}, 'interval': 30000}
[2025-07-30 06:39:53,671.671] DEBUG    [MainThread|MainProcess] websockets.client (protocol.py:read_frame:1177) | < TEXT '{"time":1753828793,"self_id":703263936,"post_ty...true},"interval":30000}' [148 bytes]
[2025-07-30 06:39:53,671.671] DEBUG    [MainThread|MainProcess] Logger (connect.py:on_message:43) | {'time': 1753828793, 'self_id': 703263936, 'post_type': 'meta_event', 'meta_event_type': 'heartbeat', 'status': {'online': True, 'good': True}, 'interval': 30000}
[2025-07-30 06:40:23,685.685] DEBUG    [MainThread|MainProcess] websockets.client (protocol.py:read_frame:1177) | < TEXT '{"time":1753828823,"self_id":703263936,"post_ty...true},"interval":30000}' [148 bytes]
[2025-07-30 06:40:23,685.685] DEBUG    [MainThread|MainProcess] Logger (connect.py:on_message:43) | {'time': 1753828823, 'self_id': 703263936, 'post_type': 'meta_event', 'meta_event_type': 'heartbeat', 'status': {'online': True, 'good': True}, 'interval': 30000}
[2025-07-30 06:40:53,689.689] DEBUG    [MainThread|MainProcess] websockets.client (protocol.py:read_frame:1177) | < TEXT '{"time":1753828853,"self_id":703263936,"post_ty...true},"interval":30000}' [148 bytes]
[2025-07-30 06:40:53,689.689] DEBUG    [MainThread|MainProcess] Logger (connect.py:on_message:43) | {'time': 1753828853, 'self_id': 703263936, 'post_type': 'meta_event', 'meta_event_type': 'heartbeat', 'status': {'online': True, 'good': True}, 'interval': 30000}
[2025-07-30 06:41:23,699.699] DEBUG    [MainThread|MainProcess] websockets.client (protocol.py:read_frame:1177) | < TEXT '{"time":1753828883,"self_id":703263936,"post_ty...true},"interval":30000}' [148 bytes]
[2025-07-30 06:41:23,699.699] DEBUG    [MainThread|MainProcess] Logger (connect.py:on_message:43) | {'time': 1753828883, 'self_id': 703263936, 'post_type': 'meta_event', 'meta_event_type': 'heartbeat', 'status': {'online': True, 'good': True}, 'interval': 30000}
[2025-07-30 06:41:53,713.713] DEBUG    [MainThread|MainProcess] websockets.client (protocol.py:read_frame:1177) | < TEXT '{"time":1753828913,"self_id":703263936,"post_ty...true},"interval":30000}' [148 bytes]
[2025-07-30 06:41:53,713.713] DEBUG    [MainThread|MainProcess] Logger (connect.py:on_message:43) | {'time': 1753828913, 'self_id': 703263936, 'post_type': 'meta_event', 'meta_event_type': 'heartbeat', 'status': {'online': True, 'good': True}, 'interval': 30000}
[2025-07-30 06:42:23,726.726] DEBUG    [MainThread|MainProcess] websockets.client (protocol.py:read_frame:1177) | < TEXT '{"time":1753828943,"self_id":703263936,"post_ty...true},"interval":30000}' [148 bytes]
[2025-07-30 06:42:23,726.726] DEBUG    [MainThread|MainProcess] Logger (connect.py:on_message:43) | {'time': 1753828943, 'self_id': 703263936, 'post_type': 'meta_event', 'meta_event_type': 'heartbeat', 'status': {'online': True, 'good': True}, 'interval': 30000}
[2025-07-30 06:42:53,728.728] DEBUG    [MainThread|MainProcess] websockets.client (protocol.py:read_frame:1177) | < TEXT '{"time":1753828973,"self_id":703263936,"post_ty...true},"interval":30000}' [148 bytes]
[2025-07-30 06:42:53,728.728] DEBUG    [MainThread|MainProcess] Logger (connect.py:on_message:43) | {'time': 1753828973, 'self_id': 703263936, 'post_type': 'meta_event', 'meta_event_type': 'heartbeat', 'status': {'online': True, 'good': True}, 'interval': 30000}
[2025-07-30 06:43:23,738.738] DEBUG    [MainThread|MainProcess] websockets.client (protocol.py:read_frame:1177) | < TEXT '{"time":1753829003,"self_id":703263936,"post_ty...true},"interval":30000}' [148 bytes]
[2025-07-30 06:43:23,738.738] DEBUG    [MainThread|MainProcess] Logger (connect.py:on_message:43) | {'time': 1753829003, 'self_id': 703263936, 'post_type': 'meta_event', 'meta_event_type': 'heartbeat', 'status': {'online': True, 'good': True}, 'interval': 30000}
[2025-07-30 06:43:53,752.752] DEBUG    [MainThread|MainProcess] websockets.client (protocol.py:read_frame:1177) | < TEXT '{"time":1753829033,"self_id":703263936,"post_ty...true},"interval":30000}' [148 bytes]
[2025-07-30 06:43:53,752.752] DEBUG    [MainThread|MainProcess] Logger (connect.py:on_message:43) | {'time': 1753829033, 'self_id': 703263936, 'post_type': 'meta_event', 'meta_event_type': 'heartbeat', 'status': {'online': True, 'good': True}, 'interval': 30000}
[2025-07-30 06:44:23,765.765] DEBUG    [MainThread|MainProcess] websockets.client (protocol.py:read_frame:1177) | < TEXT '{"time":1753829063,"self_id":703263936,"post_ty...true},"interval":30000}' [148 bytes]
[2025-07-30 06:44:23,765.765] DEBUG    [MainThread|MainProcess] Logger (connect.py:on_message:43) | {'time': 1753829063, 'self_id': 703263936, 'post_type': 'meta_event', 'meta_event_type': 'heartbeat', 'status': {'online': True, 'good': True}, 'interval': 30000}
[2025-07-30 06:44:53,767.767] DEBUG    [MainThread|MainProcess] websockets.client (protocol.py:read_frame:1177) | < TEXT '{"time":1753829093,"self_id":703263936,"post_ty...true},"interval":30000}' [148 bytes]
[2025-07-30 06:44:53,767.767] DEBUG    [MainThread|MainProcess] Logger (connect.py:on_message:43) | {'time': 1753829093, 'self_id': 703263936, 'post_type': 'meta_event', 'meta_event_type': 'heartbeat', 'status': {'online': True, 'good': True}, 'interval': 30000}
[2025-07-30 06:45:23,776.776] DEBUG    [MainThread|MainProcess] websockets.client (protocol.py:read_frame:1177) | < TEXT '{"time":1753829123,"self_id":703263936,"post_ty...true},"interval":30000}' [148 bytes]
[2025-07-30 06:45:23,776.776] DEBUG    [MainThread|MainProcess] Logger (connect.py:on_message:43) | {'time': 1753829123, 'self_id': 703263936, 'post_type': 'meta_event', 'meta_event_type': 'heartbeat', 'status': {'online': True, 'good': True}, 'interval': 30000}
[2025-07-30 06:45:53,790.790] DEBUG    [MainThread|MainProcess] websockets.client (protocol.py:read_frame:1177) | < TEXT '{"time":1753829153,"self_id":703263936,"post_ty...true},"interval":30000}' [148 bytes]
[2025-07-30 06:45:53,790.790] DEBUG    [MainThread|MainProcess] Logger (connect.py:on_message:43) | {'time': 1753829153, 'self_id': 703263936, 'post_type': 'meta_event', 'meta_event_type': 'heartbeat', 'status': {'online': True, 'good': True}, 'interval': 30000}
[2025-07-30 06:46:23,803.803] DEBUG    [MainThread|MainProcess] websockets.client (protocol.py:read_frame:1177) | < TEXT '{"time":1753829183,"self_id":703263936,"post_ty...true},"interval":30000}' [148 bytes]
[2025-07-30 06:46:23,803.803] DEBUG    [MainThread|MainProcess] Logger (connect.py:on_message:43) | {'time': 1753829183, 'self_id': 703263936, 'post_type': 'meta_event', 'meta_event_type': 'heartbeat', 'status': {'online': True, 'good': True}, 'interval': 30000}
[2025-07-30 06:46:53,808.808] DEBUG    [MainThread|MainProcess] websockets.client (protocol.py:read_frame:1177) | < TEXT '{"time":1753829213,"self_id":703263936,"post_ty...true},"interval":30000}' [148 bytes]
[2025-07-30 06:46:53,808.808] DEBUG    [MainThread|MainProcess] Logger (connect.py:on_message:43) | {'time': 1753829213, 'self_id': 703263936, 'post_type': 'meta_event', 'meta_event_type': 'heartbeat', 'status': {'online': True, 'good': True}, 'interval': 30000}
[2025-07-30 06:47:23,819.819] DEBUG    [MainThread|MainProcess] websockets.client (protocol.py:read_frame:1177) | < TEXT '{"time":1753829243,"self_id":703263936,"post_ty...true},"interval":30000}' [148 bytes]
[2025-07-30 06:47:23,819.819] DEBUG    [MainThread|MainProcess] Logger (connect.py:on_message:43) | {'time': 1753829243, 'self_id': 703263936, 'post_type': 'meta_event', 'meta_event_type': 'heartbeat', 'status': {'online': True, 'good': True}, 'interval': 30000}
[2025-07-30 06:47:53,832.832] DEBUG    [MainThread|MainProcess] websockets.client (protocol.py:read_frame:1177) | < TEXT '{"time":1753829273,"self_id":703263936,"post_ty...true},"interval":30000}' [148 bytes]
[2025-07-30 06:47:53,832.832] DEBUG    [MainThread|MainProcess] Logger (connect.py:on_message:43) | {'time': 1753829273, 'self_id': 703263936, 'post_type': 'meta_event', 'meta_event_type': 'heartbeat', 'status': {'online': True, 'good': True}, 'interval': 30000}
[2025-07-30 06:48:23,846.846] DEBUG    [MainThread|MainProcess] websockets.client (protocol.py:read_frame:1177) | < TEXT '{"time":1753829303,"self_id":703263936,"post_ty...true},"interval":30000}' [148 bytes]
[2025-07-30 06:48:23,846.846] DEBUG    [MainThread|MainProcess] Logger (connect.py:on_message:43) | {'time': 1753829303, 'self_id': 703263936, 'post_type': 'meta_event', 'meta_event_type': 'heartbeat', 'status': {'online': True, 'good': True}, 'interval': 30000}
[2025-07-30 06:48:53,847.847] DEBUG    [MainThread|MainProcess] websockets.client (protocol.py:read_frame:1177) | < TEXT '{"time":1753829333,"self_id":703263936,"post_ty...true},"interval":30000}' [148 bytes]
[2025-07-30 06:48:53,847.847] DEBUG    [MainThread|MainProcess] Logger (connect.py:on_message:43) | {'time': 1753829333, 'self_id': 703263936, 'post_type': 'meta_event', 'meta_event_type': 'heartbeat', 'status': {'online': True, 'good': True}, 'interval': 30000}
[2025-07-30 06:49:23,858.858] DEBUG    [MainThread|MainProcess] websockets.client (protocol.py:read_frame:1177) | < TEXT '{"time":1753829363,"self_id":703263936,"post_ty...true},"interval":30000}' [148 bytes]
[2025-07-30 06:49:23,858.858] DEBUG    [MainThread|MainProcess] Logger (connect.py:on_message:43) | {'time': 1753829363, 'self_id': 703263936, 'post_type': 'meta_event', 'meta_event_type': 'heartbeat', 'status': {'online': True, 'good': True}, 'interval': 30000}
[2025-07-30 06:49:53,872.872] DEBUG    [MainThread|MainProcess] websockets.client (protocol.py:read_frame:1177) | < TEXT '{"time":1753829393,"self_id":703263936,"post_ty...true},"interval":30000}' [148 bytes]
[2025-07-30 06:49:53,872.872] DEBUG    [MainThread|MainProcess] Logger (connect.py:on_message:43) | {'time': 1753829393, 'self_id': 703263936, 'post_type': 'meta_event', 'meta_event_type': 'heartbeat', 'status': {'online': True, 'good': True}, 'interval': 30000}
[2025-07-30 06:50:23,885.885] DEBUG    [MainThread|MainProcess] websockets.client (protocol.py:read_frame:1177) | < TEXT '{"time":1753829423,"self_id":703263936,"post_ty...true},"interval":30000}' [148 bytes]
[2025-07-30 06:50:23,885.885] DEBUG    [MainThread|MainProcess] Logger (connect.py:on_message:43) | {'time': 1753829423, 'self_id': 703263936, 'post_type': 'meta_event', 'meta_event_type': 'heartbeat', 'status': {'online': True, 'good': True}, 'interval': 30000}
[2025-07-30 06:50:53,900.900] DEBUG    [MainThread|MainProcess] websockets.client (protocol.py:read_frame:1177) | < TEXT '{"time":1753829453,"self_id":703263936,"post_ty...true},"interval":30000}' [148 bytes]
[2025-07-30 06:50:53,900.900] DEBUG    [MainThread|MainProcess] Logger (connect.py:on_message:43) | {'time': 1753829453, 'self_id': 703263936, 'post_type': 'meta_event', 'meta_event_type': 'heartbeat', 'status': {'online': True, 'good': True}, 'interval': 30000}
[2025-07-30 06:51:23,910.910] DEBUG    [MainThread|MainProcess] websockets.client (protocol.py:read_frame:1177) | < TEXT '{"time":1753829483,"self_id":703263936,"post_ty...true},"interval":30000}' [148 bytes]
[2025-07-30 06:51:23,910.910] DEBUG    [MainThread|MainProcess] Logger (connect.py:on_message:43) | {'time': 1753829483, 'self_id': 703263936, 'post_type': 'meta_event', 'meta_event_type': 'heartbeat', 'status': {'online': True, 'good': True}, 'interval': 30000}
[2025-07-30 06:51:53,923.923] DEBUG    [MainThread|MainProcess] websockets.client (protocol.py:read_frame:1177) | < TEXT '{"time":1753829513,"self_id":703263936,"post_ty...true},"interval":30000}' [148 bytes]
[2025-07-30 06:51:53,923.923] DEBUG    [MainThread|MainProcess] Logger (connect.py:on_message:43) | {'time': 1753829513, 'self_id': 703263936, 'post_type': 'meta_event', 'meta_event_type': 'heartbeat', 'status': {'online': True, 'good': True}, 'interval': 30000}
[2025-07-30 06:52:23,937.937] DEBUG    [MainThread|MainProcess] websockets.client (protocol.py:read_frame:1177) | < TEXT '{"time":1753829543,"self_id":703263936,"post_ty...true},"interval":30000}' [148 bytes]
[2025-07-30 06:52:23,937.937] DEBUG    [MainThread|MainProcess] Logger (connect.py:on_message:43) | {'time': 1753829543, 'self_id': 703263936, 'post_type': 'meta_event', 'meta_event_type': 'heartbeat', 'status': {'online': True, 'good': True}, 'interval': 30000}
[2025-07-30 06:52:53,943.943] DEBUG    [MainThread|MainProcess] websockets.client (protocol.py:read_frame:1177) | < TEXT '{"time":1753829573,"self_id":703263936,"post_ty...true},"interval":30000}' [148 bytes]
[2025-07-30 06:52:53,943.943] DEBUG    [MainThread|MainProcess] Logger (connect.py:on_message:43) | {'time': 1753829573, 'self_id': 703263936, 'post_type': 'meta_event', 'meta_event_type': 'heartbeat', 'status': {'online': True, 'good': True}, 'interval': 30000}
[2025-07-30 06:53:23,956.956] DEBUG    [MainThread|MainProcess] websockets.client (protocol.py:read_frame:1177) | < TEXT '{"time":1753829603,"self_id":703263936,"post_ty...true},"interval":30000}' [148 bytes]
[2025-07-30 06:53:23,956.956] DEBUG    [MainThread|MainProcess] Logger (connect.py:on_message:43) | {'time': 1753829603, 'self_id': 703263936, 'post_type': 'meta_event', 'meta_event_type': 'heartbeat', 'status': {'online': True, 'good': True}, 'interval': 30000}
[2025-07-30 06:53:53,959.959] DEBUG    [MainThread|MainProcess] websockets.client (protocol.py:read_frame:1177) | < TEXT '{"time":1753829633,"self_id":703263936,"post_ty...true},"interval":30000}' [148 bytes]
[2025-07-30 06:53:53,959.959] DEBUG    [MainThread|MainProcess] Logger (connect.py:on_message:43) | {'time': 1753829633, 'self_id': 703263936, 'post_type': 'meta_event', 'meta_event_type': 'heartbeat', 'status': {'online': True, 'good': True}, 'interval': 30000}
[2025-07-30 06:54:23,973.973] DEBUG    [MainThread|MainProcess] websockets.client (protocol.py:read_frame:1177) | < TEXT '{"time":1753829663,"self_id":703263936,"post_ty...true},"interval":30000}' [148 bytes]
[2025-07-30 06:54:23,973.973] DEBUG    [MainThread|MainProcess] Logger (connect.py:on_message:43) | {'time': 1753829663, 'self_id': 703263936, 'post_type': 'meta_event', 'meta_event_type': 'heartbeat', 'status': {'online': True, 'good': True}, 'interval': 30000}
[2025-07-30 06:54:53,989.989] DEBUG    [MainThread|MainProcess] websockets.client (protocol.py:read_frame:1177) | < TEXT '{"time":1753829693,"self_id":703263936,"post_ty...true},"interval":30000}' [148 bytes]
[2025-07-30 06:54:53,989.989] DEBUG    [MainThread|MainProcess] Logger (connect.py:on_message:43) | {'time': 1753829693, 'self_id': 703263936, 'post_type': 'meta_event', 'meta_event_type': 'heartbeat', 'status': {'online': True, 'good': True}, 'interval': 30000}
[2025-07-30 06:55:23,998.998] DEBUG    [MainThread|MainProcess] websockets.client (protocol.py:read_frame:1177) | < TEXT '{"time":1753829723,"self_id":703263936,"post_ty...true},"interval":30000}' [148 bytes]
[2025-07-30 06:55:23,998.998] DEBUG    [MainThread|MainProcess] Logger (connect.py:on_message:43) | {'time': 1753829723, 'self_id': 703263936, 'post_type': 'meta_event', 'meta_event_type': 'heartbeat', 'status': {'online': True, 'good': True}, 'interval': 30000}
[2025-07-30 06:55:54,011.011] DEBUG    [MainThread|MainProcess] websockets.client (protocol.py:read_frame:1177) | < TEXT '{"time":1753829754,"self_id":703263936,"post_ty...true},"interval":30000}' [148 bytes]
[2025-07-30 06:55:54,011.011] DEBUG    [MainThread|MainProcess] Logger (connect.py:on_message:43) | {'time': 1753829754, 'self_id': 703263936, 'post_type': 'meta_event', 'meta_event_type': 'heartbeat', 'status': {'online': True, 'good': True}, 'interval': 30000}
[2025-07-30 06:56:24,025.025] DEBUG    [MainThread|MainProcess] websockets.client (protocol.py:read_frame:1177) | < TEXT '{"time":1753829784,"self_id":703263936,"post_ty...true},"interval":30000}' [148 bytes]
[2025-07-30 06:56:24,025.025] DEBUG    [MainThread|MainProcess] Logger (connect.py:on_message:43) | {'time': 1753829784, 'self_id': 703263936, 'post_type': 'meta_event', 'meta_event_type': 'heartbeat', 'status': {'online': True, 'good': True}, 'interval': 30000}
[2025-07-30 06:56:54,028.028] DEBUG    [MainThread|MainProcess] websockets.client (protocol.py:read_frame:1177) | < TEXT '{"time":1753829814,"self_id":703263936,"post_ty...true},"interval":30000}' [148 bytes]
[2025-07-30 06:56:54,028.028] DEBUG    [MainThread|MainProcess] Logger (connect.py:on_message:43) | {'time': 1753829814, 'self_id': 703263936, 'post_type': 'meta_event', 'meta_event_type': 'heartbeat', 'status': {'online': True, 'good': True}, 'interval': 30000}
[2025-07-30 06:57:24,041.041] DEBUG    [MainThread|MainProcess] websockets.client (protocol.py:read_frame:1177) | < TEXT '{"time":1753829844,"self_id":703263936,"post_ty...true},"interval":30000}' [148 bytes]
[2025-07-30 06:57:24,041.041] DEBUG    [MainThread|MainProcess] Logger (connect.py:on_message:43) | {'time': 1753829844, 'self_id': 703263936, 'post_type': 'meta_event', 'meta_event_type': 'heartbeat', 'status': {'online': True, 'good': True}, 'interval': 30000}
[2025-07-30 06:57:54,050.050] DEBUG    [MainThread|MainProcess] websockets.client (protocol.py:read_frame:1177) | < TEXT '{"time":1753829874,"self_id":703263936,"post_ty...true},"interval":30000}' [148 bytes]
[2025-07-30 06:57:54,050.050] DEBUG    [MainThread|MainProcess] Logger (connect.py:on_message:43) | {'time': 1753829874, 'self_id': 703263936, 'post_type': 'meta_event', 'meta_event_type': 'heartbeat', 'status': {'online': True, 'good': True}, 'interval': 30000}
[2025-07-30 06:58:24,063.063] DEBUG    [MainThread|MainProcess] websockets.client (protocol.py:read_frame:1177) | < TEXT '{"time":1753829904,"self_id":703263936,"post_ty...true},"interval":30000}' [148 bytes]
[2025-07-30 06:58:24,063.063] DEBUG    [MainThread|MainProcess] Logger (connect.py:on_message:43) | {'time': 1753829904, 'self_id': 703263936, 'post_type': 'meta_event', 'meta_event_type': 'heartbeat', 'status': {'online': True, 'good': True}, 'interval': 30000}
[2025-07-30 06:58:54,076.076] DEBUG    [MainThread|MainProcess] websockets.client (protocol.py:read_frame:1177) | < TEXT '{"time":1753829934,"self_id":703263936,"post_ty...true},"interval":30000}' [148 bytes]
[2025-07-30 06:58:54,076.076] DEBUG    [MainThread|MainProcess] Logger (connect.py:on_message:43) | {'time': 1753829934, 'self_id': 703263936, 'post_type': 'meta_event', 'meta_event_type': 'heartbeat', 'status': {'online': True, 'good': True}, 'interval': 30000}
[2025-07-30 06:59:24,085.085] DEBUG    [MainThread|MainProcess] websockets.client (protocol.py:read_frame:1177) | < TEXT '{"time":1753829964,"self_id":703263936,"post_ty...true},"interval":30000}' [148 bytes]
[2025-07-30 06:59:24,085.085] DEBUG    [MainThread|MainProcess] Logger (connect.py:on_message:43) | {'time': 1753829964, 'self_id': 703263936, 'post_type': 'meta_event', 'meta_event_type': 'heartbeat', 'status': {'online': True, 'good': True}, 'interval': 30000}
[2025-07-30 06:59:54,099.099] DEBUG    [MainThread|MainProcess] websockets.client (protocol.py:read_frame:1177) | < TEXT '{"time":1753829994,"self_id":703263936,"post_ty...true},"interval":30000}' [148 bytes]
[2025-07-30 06:59:54,099.099] DEBUG    [MainThread|MainProcess] Logger (connect.py:on_message:43) | {'time': 1753829994, 'self_id': 703263936, 'post_type': 'meta_event', 'meta_event_type': 'heartbeat', 'status': {'online': True, 'good': True}, 'interval': 30000}
[2025-07-30 07:00:24,112.112] DEBUG    [MainThread|MainProcess] websockets.client (protocol.py:read_frame:1177) | < TEXT '{"time":1753830024,"self_id":703263936,"post_ty...true},"interval":30000}' [148 bytes]
[2025-07-30 07:00:24,112.112] DEBUG    [MainThread|MainProcess] Logger (connect.py:on_message:43) | {'time': 1753830024, 'self_id': 703263936, 'post_type': 'meta_event', 'meta_event_type': 'heartbeat', 'status': {'online': True, 'good': True}, 'interval': 30000}
[2025-07-30 07:00:54,115.115] DEBUG    [MainThread|MainProcess] websockets.client (protocol.py:read_frame:1177) | < TEXT '{"time":1753830054,"self_id":703263936,"post_ty...true},"interval":30000}' [148 bytes]
[2025-07-30 07:00:54,115.115] DEBUG    [MainThread|MainProcess] Logger (connect.py:on_message:43) | {'time': 1753830054, 'self_id': 703263936, 'post_type': 'meta_event', 'meta_event_type': 'heartbeat', 'status': {'online': True, 'good': True}, 'interval': 30000}
[2025-07-30 07:01:24,126.126] DEBUG    [MainThread|MainProcess] websockets.client (protocol.py:read_frame:1177) | < TEXT '{"time":1753830084,"self_id":703263936,"post_ty...true},"interval":30000}' [148 bytes]
[2025-07-30 07:01:24,126.126] DEBUG    [MainThread|MainProcess] Logger (connect.py:on_message:43) | {'time': 1753830084, 'self_id': 703263936, 'post_type': 'meta_event', 'meta_event_type': 'heartbeat', 'status': {'online': True, 'good': True}, 'interval': 30000}
[2025-07-30 07:01:54,139.139] DEBUG    [MainThread|MainProcess] websockets.client (protocol.py:read_frame:1177) | < TEXT '{"time":1753830114,"self_id":703263936,"post_ty...true},"interval":30000}' [148 bytes]
[2025-07-30 07:01:54,139.139] DEBUG    [MainThread|MainProcess] Logger (connect.py:on_message:43) | {'time': 1753830114, 'self_id': 703263936, 'post_type': 'meta_event', 'meta_event_type': 'heartbeat', 'status': {'online': True, 'good': True}, 'interval': 30000}
[2025-07-30 07:02:24,153.153] DEBUG    [MainThread|MainProcess] websockets.client (protocol.py:read_frame:1177) | < TEXT '{"time":1753830144,"self_id":703263936,"post_ty...true},"interval":30000}' [148 bytes]
[2025-07-30 07:02:24,153.153] DEBUG    [MainThread|MainProcess] Logger (connect.py:on_message:43) | {'time': 1753830144, 'self_id': 703263936, 'post_type': 'meta_event', 'meta_event_type': 'heartbeat', 'status': {'online': True, 'good': True}, 'interval': 30000}
[2025-07-30 07:02:54,157.157] DEBUG    [MainThread|MainProcess] websockets.client (protocol.py:read_frame:1177) | < TEXT '{"time":1753830174,"self_id":703263936,"post_ty...true},"interval":30000}' [148 bytes]
[2025-07-30 07:02:54,157.157] DEBUG    [MainThread|MainProcess] Logger (connect.py:on_message:43) | {'time': 1753830174, 'self_id': 703263936, 'post_type': 'meta_event', 'meta_event_type': 'heartbeat', 'status': {'online': True, 'good': True}, 'interval': 30000}
[2025-07-30 07:03:24,167.167] DEBUG    [MainThread|MainProcess] websockets.client (protocol.py:read_frame:1177) | < TEXT '{"time":1753830204,"self_id":703263936,"post_ty...true},"interval":30000}' [148 bytes]
[2025-07-30 07:03:24,167.167] DEBUG    [MainThread|MainProcess] Logger (connect.py:on_message:43) | {'time': 1753830204, 'self_id': 703263936, 'post_type': 'meta_event', 'meta_event_type': 'heartbeat', 'status': {'online': True, 'good': True}, 'interval': 30000}
[2025-07-30 07:03:54,180.180] DEBUG    [MainThread|MainProcess] websockets.client (protocol.py:read_frame:1177) | < TEXT '{"time":1753830234,"self_id":703263936,"post_ty...true},"interval":30000}' [148 bytes]
[2025-07-30 07:03:54,180.180] DEBUG    [MainThread|MainProcess] Logger (connect.py:on_message:43) | {'time': 1753830234, 'self_id': 703263936, 'post_type': 'meta_event', 'meta_event_type': 'heartbeat', 'status': {'online': True, 'good': True}, 'interval': 30000}
[2025-07-30 07:04:24,194.194] DEBUG    [MainThread|MainProcess] websockets.client (protocol.py:read_frame:1177) | < TEXT '{"time":1753830264,"self_id":703263936,"post_ty...true},"interval":30000}' [148 bytes]
[2025-07-30 07:04:24,194.194] DEBUG    [MainThread|MainProcess] Logger (connect.py:on_message:43) | {'time': 1753830264, 'self_id': 703263936, 'post_type': 'meta_event', 'meta_event_type': 'heartbeat', 'status': {'online': True, 'good': True}, 'interval': 30000}
[2025-07-30 07:04:54,209.209] DEBUG    [MainThread|MainProcess] websockets.client (protocol.py:read_frame:1177) | < TEXT '{"time":1753830294,"self_id":703263936,"post_ty...true},"interval":30000}' [148 bytes]
[2025-07-30 07:04:54,209.209] DEBUG    [MainThread|MainProcess] Logger (connect.py:on_message:43) | {'time': 1753830294, 'self_id': 703263936, 'post_type': 'meta_event', 'meta_event_type': 'heartbeat', 'status': {'online': True, 'good': True}, 'interval': 30000}
[2025-07-30 07:05:24,221.221] DEBUG    [MainThread|MainProcess] websockets.client (protocol.py:read_frame:1177) | < TEXT '{"time":1753830324,"self_id":703263936,"post_ty...true},"interval":30000}' [148 bytes]
[2025-07-30 07:05:24,221.221] DEBUG    [MainThread|MainProcess] Logger (connect.py:on_message:43) | {'time': 1753830324, 'self_id': 703263936, 'post_type': 'meta_event', 'meta_event_type': 'heartbeat', 'status': {'online': True, 'good': True}, 'interval': 30000}
[2025-07-30 07:05:54,234.234] DEBUG    [MainThread|MainProcess] websockets.client (protocol.py:read_frame:1177) | < TEXT '{"time":1753830354,"self_id":703263936,"post_ty...true},"interval":30000}' [148 bytes]
[2025-07-30 07:05:54,234.234] DEBUG    [MainThread|MainProcess] Logger (connect.py:on_message:43) | {'time': 1753830354, 'self_id': 703263936, 'post_type': 'meta_event', 'meta_event_type': 'heartbeat', 'status': {'online': True, 'good': True}, 'interval': 30000}
[2025-07-30 07:06:24,248.248] DEBUG    [MainThread|MainProcess] websockets.client (protocol.py:read_frame:1177) | < TEXT '{"time":1753830384,"self_id":703263936,"post_ty...true},"interval":30000}' [148 bytes]
[2025-07-30 07:06:24,248.248] DEBUG    [MainThread|MainProcess] Logger (connect.py:on_message:43) | {'time': 1753830384, 'self_id': 703263936, 'post_type': 'meta_event', 'meta_event_type': 'heartbeat', 'status': {'online': True, 'good': True}, 'interval': 30000}
[2025-07-30 07:06:54,251.251] DEBUG    [MainThread|MainProcess] websockets.client (protocol.py:read_frame:1177) | < TEXT '{"time":1753830414,"self_id":703263936,"post_ty...true},"interval":30000}' [148 bytes]
[2025-07-30 07:06:54,251.251] DEBUG    [MainThread|MainProcess] Logger (connect.py:on_message:43) | {'time': 1753830414, 'self_id': 703263936, 'post_type': 'meta_event', 'meta_event_type': 'heartbeat', 'status': {'online': True, 'good': True}, 'interval': 30000}
[2025-07-30 07:07:24,261.261] DEBUG    [MainThread|MainProcess] websockets.client (protocol.py:read_frame:1177) | < TEXT '{"time":1753830444,"self_id":703263936,"post_ty...true},"interval":30000}' [148 bytes]
[2025-07-30 07:07:24,261.261] DEBUG    [MainThread|MainProcess] Logger (connect.py:on_message:43) | {'time': 1753830444, 'self_id': 703263936, 'post_type': 'meta_event', 'meta_event_type': 'heartbeat', 'status': {'online': True, 'good': True}, 'interval': 30000}
[2025-07-30 07:07:54,274.274] DEBUG    [MainThread|MainProcess] websockets.client (protocol.py:read_frame:1177) | < TEXT '{"time":1753830474,"self_id":703263936,"post_ty...true},"interval":30000}' [148 bytes]
[2025-07-30 07:07:54,274.274] DEBUG    [MainThread|MainProcess] Logger (connect.py:on_message:43) | {'time': 1753830474, 'self_id': 703263936, 'post_type': 'meta_event', 'meta_event_type': 'heartbeat', 'status': {'online': True, 'good': True}, 'interval': 30000}
[2025-07-30 07:08:24,288.288] DEBUG    [MainThread|MainProcess] websockets.client (protocol.py:read_frame:1177) | < TEXT '{"time":1753830504,"self_id":703263936,"post_ty...true},"interval":30000}' [148 bytes]
[2025-07-30 07:08:24,288.288] DEBUG    [MainThread|MainProcess] Logger (connect.py:on_message:43) | {'time': 1753830504, 'self_id': 703263936, 'post_type': 'meta_event', 'meta_event_type': 'heartbeat', 'status': {'online': True, 'good': True}, 'interval': 30000}
[2025-07-30 07:08:54,290.290] DEBUG    [MainThread|MainProcess] websockets.client (protocol.py:read_frame:1177) | < TEXT '{"time":1753830534,"self_id":703263936,"post_ty...true},"interval":30000}' [148 bytes]
[2025-07-30 07:08:54,290.290] DEBUG    [MainThread|MainProcess] Logger (connect.py:on_message:43) | {'time': 1753830534, 'self_id': 703263936, 'post_type': 'meta_event', 'meta_event_type': 'heartbeat', 'status': {'online': True, 'good': True}, 'interval': 30000}
[2025-07-30 07:09:24,300.300] DEBUG    [MainThread|MainProcess] websockets.client (protocol.py:read_frame:1177) | < TEXT '{"time":1753830564,"self_id":703263936,"post_ty...true},"interval":30000}' [148 bytes]
[2025-07-30 07:09:24,300.300] DEBUG    [MainThread|MainProcess] Logger (connect.py:on_message:43) | {'time': 1753830564, 'self_id': 703263936, 'post_type': 'meta_event', 'meta_event_type': 'heartbeat', 'status': {'online': True, 'good': True}, 'interval': 30000}
[2025-07-30 07:09:54,314.314] DEBUG    [MainThread|MainProcess] websockets.client (protocol.py:read_frame:1177) | < TEXT '{"time":1753830594,"self_id":703263936,"post_ty...true},"interval":30000}' [148 bytes]
[2025-07-30 07:09:54,314.314] DEBUG    [MainThread|MainProcess] Logger (connect.py:on_message:43) | {'time': 1753830594, 'self_id': 703263936, 'post_type': 'meta_event', 'meta_event_type': 'heartbeat', 'status': {'online': True, 'good': True}, 'interval': 30000}
[2025-07-30 07:10:24,327.327] DEBUG    [MainThread|MainProcess] websockets.client (protocol.py:read_frame:1177) | < TEXT '{"time":1753830624,"self_id":703263936,"post_ty...true},"interval":30000}' [148 bytes]
[2025-07-30 07:10:24,327.327] DEBUG    [MainThread|MainProcess] Logger (connect.py:on_message:43) | {'time': 1753830624, 'self_id': 703263936, 'post_type': 'meta_event', 'meta_event_type': 'heartbeat', 'status': {'online': True, 'good': True}, 'interval': 30000}
[2025-07-30 07:10:54,336.336] DEBUG    [MainThread|MainProcess] websockets.client (protocol.py:read_frame:1177) | < TEXT '{"time":1753830654,"self_id":703263936,"post_ty...true},"interval":30000}' [148 bytes]
[2025-07-30 07:10:54,336.336] DEBUG    [MainThread|MainProcess] Logger (connect.py:on_message:43) | {'time': 1753830654, 'self_id': 703263936, 'post_type': 'meta_event', 'meta_event_type': 'heartbeat', 'status': {'online': True, 'good': True}, 'interval': 30000}
[2025-07-30 07:11:24,349.349] DEBUG    [MainThread|MainProcess] websockets.client (protocol.py:read_frame:1177) | < TEXT '{"time":1753830684,"self_id":703263936,"post_ty...true},"interval":30000}' [148 bytes]
[2025-07-30 07:11:24,349.349] DEBUG    [MainThread|MainProcess] Logger (connect.py:on_message:43) | {'time': 1753830684, 'self_id': 703263936, 'post_type': 'meta_event', 'meta_event_type': 'heartbeat', 'status': {'online': True, 'good': True}, 'interval': 30000}
[2025-07-30 07:11:54,357.357] DEBUG    [MainThread|MainProcess] websockets.client (protocol.py:read_frame:1177) | < TEXT '{"time":1753830714,"self_id":703263936,"post_ty...true},"interval":30000}' [148 bytes]
[2025-07-30 07:11:54,357.357] DEBUG    [MainThread|MainProcess] Logger (connect.py:on_message:43) | {'time': 1753830714, 'self_id': 703263936, 'post_type': 'meta_event', 'meta_event_type': 'heartbeat', 'status': {'online': True, 'good': True}, 'interval': 30000}
[2025-07-30 07:12:24,370.370] DEBUG    [MainThread|MainProcess] websockets.client (protocol.py:read_frame:1177) | < TEXT '{"time":1753830744,"self_id":703263936,"post_ty...true},"interval":30000}' [148 bytes]
[2025-07-30 07:12:24,370.370] DEBUG    [MainThread|MainProcess] Logger (connect.py:on_message:43) | {'time': 1753830744, 'self_id': 703263936, 'post_type': 'meta_event', 'meta_event_type': 'heartbeat', 'status': {'online': True, 'good': True}, 'interval': 30000}
[2025-07-30 07:12:54,371.371] DEBUG    [MainThread|MainProcess] websockets.client (protocol.py:read_frame:1177) | < TEXT '{"time":1753830774,"self_id":703263936,"post_ty...true},"interval":30000}' [148 bytes]
[2025-07-30 07:12:54,371.371] DEBUG    [MainThread|MainProcess] Logger (connect.py:on_message:43) | {'time': 1753830774, 'self_id': 703263936, 'post_type': 'meta_event', 'meta_event_type': 'heartbeat', 'status': {'online': True, 'good': True}, 'interval': 30000}
[2025-07-30 07:13:24,381.381] DEBUG    [MainThread|MainProcess] websockets.client (protocol.py:read_frame:1177) | < TEXT '{"time":1753830804,"self_id":703263936,"post_ty...true},"interval":30000}' [148 bytes]
[2025-07-30 07:13:24,381.381] DEBUG    [MainThread|MainProcess] Logger (connect.py:on_message:43) | {'time': 1753830804, 'self_id': 703263936, 'post_type': 'meta_event', 'meta_event_type': 'heartbeat', 'status': {'online': True, 'good': True}, 'interval': 30000}
[2025-07-30 07:13:54,394.394] DEBUG    [MainThread|MainProcess] websockets.client (protocol.py:read_frame:1177) | < TEXT '{"time":1753830834,"self_id":703263936,"post_ty...true},"interval":30000}' [148 bytes]
[2025-07-30 07:13:54,394.394] DEBUG    [MainThread|MainProcess] Logger (connect.py:on_message:43) | {'time': 1753830834, 'self_id': 703263936, 'post_type': 'meta_event', 'meta_event_type': 'heartbeat', 'status': {'online': True, 'good': True}, 'interval': 30000}
[2025-07-30 07:14:24,408.408] DEBUG    [MainThread|MainProcess] websockets.client (protocol.py:read_frame:1177) | < TEXT '{"time":1753830864,"self_id":703263936,"post_ty...true},"interval":30000}' [148 bytes]
[2025-07-30 07:14:24,408.408] DEBUG    [MainThread|MainProcess] Logger (connect.py:on_message:43) | {'time': 1753830864, 'self_id': 703263936, 'post_type': 'meta_event', 'meta_event_type': 'heartbeat', 'status': {'online': True, 'good': True}, 'interval': 30000}
[2025-07-30 07:14:54,409.409] DEBUG    [MainThread|MainProcess] websockets.client (protocol.py:read_frame:1177) | < TEXT '{"time":1753830894,"self_id":703263936,"post_ty...true},"interval":30000}' [148 bytes]
[2025-07-30 07:14:54,409.409] DEBUG    [MainThread|MainProcess] Logger (connect.py:on_message:43) | {'time': 1753830894, 'self_id': 703263936, 'post_type': 'meta_event', 'meta_event_type': 'heartbeat', 'status': {'online': True, 'good': True}, 'interval': 30000}
[2025-07-30 07:15:24,419.419] DEBUG    [MainThread|MainProcess] websockets.client (protocol.py:read_frame:1177) | < TEXT '{"time":1753830924,"self_id":703263936,"post_ty...true},"interval":30000}' [148 bytes]
[2025-07-30 07:15:24,419.419] DEBUG    [MainThread|MainProcess] Logger (connect.py:on_message:43) | {'time': 1753830924, 'self_id': 703263936, 'post_type': 'meta_event', 'meta_event_type': 'heartbeat', 'status': {'online': True, 'good': True}, 'interval': 30000}
[2025-07-30 07:15:54,432.432] DEBUG    [MainThread|MainProcess] websockets.client (protocol.py:read_frame:1177) | < TEXT '{"time":1753830954,"self_id":703263936,"post_ty...true},"interval":30000}' [148 bytes]
[2025-07-30 07:15:54,432.432] DEBUG    [MainThread|MainProcess] Logger (connect.py:on_message:43) | {'time': 1753830954, 'self_id': 703263936, 'post_type': 'meta_event', 'meta_event_type': 'heartbeat', 'status': {'online': True, 'good': True}, 'interval': 30000}
[2025-07-30 07:16:24,446.446] DEBUG    [MainThread|MainProcess] websockets.client (protocol.py:read_frame:1177) | < TEXT '{"time":1753830984,"self_id":703263936,"post_ty...true},"interval":30000}' [148 bytes]
[2025-07-30 07:16:24,446.446] DEBUG    [MainThread|MainProcess] Logger (connect.py:on_message:43) | {'time': 1753830984, 'self_id': 703263936, 'post_type': 'meta_event', 'meta_event_type': 'heartbeat', 'status': {'online': True, 'good': True}, 'interval': 30000}
[2025-07-30 07:16:54,448.448] DEBUG    [MainThread|MainProcess] websockets.client (protocol.py:read_frame:1177) | < TEXT '{"time":1753831014,"self_id":703263936,"post_ty...true},"interval":30000}' [148 bytes]
[2025-07-30 07:16:54,448.448] DEBUG    [MainThread|MainProcess] Logger (connect.py:on_message:43) | {'time': 1753831014, 'self_id': 703263936, 'post_type': 'meta_event', 'meta_event_type': 'heartbeat', 'status': {'online': True, 'good': True}, 'interval': 30000}
[2025-07-30 07:17:24,459.459] DEBUG    [MainThread|MainProcess] websockets.client (protocol.py:read_frame:1177) | < TEXT '{"time":1753831044,"self_id":703263936,"post_ty...true},"interval":30000}' [148 bytes]
[2025-07-30 07:17:24,459.459] DEBUG    [MainThread|MainProcess] Logger (connect.py:on_message:43) | {'time': 1753831044, 'self_id': 703263936, 'post_type': 'meta_event', 'meta_event_type': 'heartbeat', 'status': {'online': True, 'good': True}, 'interval': 30000}
[2025-07-30 07:17:54,473.473] DEBUG    [MainThread|MainProcess] websockets.client (protocol.py:read_frame:1177) | < TEXT '{"time":1753831074,"self_id":703263936,"post_ty...true},"interval":30000}' [148 bytes]
[2025-07-30 07:17:54,473.473] DEBUG    [MainThread|MainProcess] Logger (connect.py:on_message:43) | {'time': 1753831074, 'self_id': 703263936, 'post_type': 'meta_event', 'meta_event_type': 'heartbeat', 'status': {'online': True, 'good': True}, 'interval': 30000}
[2025-07-30 07:18:24,486.486] DEBUG    [MainThread|MainProcess] websockets.client (protocol.py:read_frame:1177) | < TEXT '{"time":1753831104,"self_id":703263936,"post_ty...true},"interval":30000}' [148 bytes]
[2025-07-30 07:18:24,486.486] DEBUG    [MainThread|MainProcess] Logger (connect.py:on_message:43) | {'time': 1753831104, 'self_id': 703263936, 'post_type': 'meta_event', 'meta_event_type': 'heartbeat', 'status': {'online': True, 'good': True}, 'interval': 30000}
[2025-07-30 07:18:54,489.489] DEBUG    [MainThread|MainProcess] websockets.client (protocol.py:read_frame:1177) | < TEXT '{"time":1753831134,"self_id":703263936,"post_ty...true},"interval":30000}' [148 bytes]
[2025-07-30 07:18:54,489.489] DEBUG    [MainThread|MainProcess] Logger (connect.py:on_message:43) | {'time': 1753831134, 'self_id': 703263936, 'post_type': 'meta_event', 'meta_event_type': 'heartbeat', 'status': {'online': True, 'good': True}, 'interval': 30000}
[2025-07-30 07:19:24,501.501] DEBUG    [MainThread|MainProcess] websockets.client (protocol.py:read_frame:1177) | < TEXT '{"time":1753831164,"self_id":703263936,"post_ty...true},"interval":30000}' [148 bytes]
[2025-07-30 07:19:24,501.501] DEBUG    [MainThread|MainProcess] Logger (connect.py:on_message:43) | {'time': 1753831164, 'self_id': 703263936, 'post_type': 'meta_event', 'meta_event_type': 'heartbeat', 'status': {'online': True, 'good': True}, 'interval': 30000}
[2025-07-30 07:19:54,514.514] DEBUG    [MainThread|MainProcess] websockets.client (protocol.py:read_frame:1177) | < TEXT '{"time":1753831194,"self_id":703263936,"post_ty...true},"interval":30000}' [148 bytes]
[2025-07-30 07:19:54,514.514] DEBUG    [MainThread|MainProcess] Logger (connect.py:on_message:43) | {'time': 1753831194, 'self_id': 703263936, 'post_type': 'meta_event', 'meta_event_type': 'heartbeat', 'status': {'online': True, 'good': True}, 'interval': 30000}
[2025-07-30 07:20:24,528.528] DEBUG    [MainThread|MainProcess] websockets.client (protocol.py:read_frame:1177) | < TEXT '{"time":1753831224,"self_id":703263936,"post_ty...true},"interval":30000}' [148 bytes]
[2025-07-30 07:20:24,528.528] DEBUG    [MainThread|MainProcess] Logger (connect.py:on_message:43) | {'time': 1753831224, 'self_id': 703263936, 'post_type': 'meta_event', 'meta_event_type': 'heartbeat', 'status': {'online': True, 'good': True}, 'interval': 30000}
[2025-07-30 07:20:54,527.527] DEBUG    [MainThread|MainProcess] websockets.client (protocol.py:read_frame:1177) | < TEXT '{"time":1753831254,"self_id":703263936,"post_ty...true},"interval":30000}' [148 bytes]
[2025-07-30 07:20:54,527.527] DEBUG    [MainThread|MainProcess] Logger (connect.py:on_message:43) | {'time': 1753831254, 'self_id': 703263936, 'post_type': 'meta_event', 'meta_event_type': 'heartbeat', 'status': {'online': True, 'good': True}, 'interval': 30000}
[2025-07-30 07:21:24,537.537] DEBUG    [MainThread|MainProcess] websockets.client (protocol.py:read_frame:1177) | < TEXT '{"time":1753831284,"self_id":703263936,"post_ty...true},"interval":30000}' [148 bytes]
[2025-07-30 07:21:24,537.537] DEBUG    [MainThread|MainProcess] Logger (connect.py:on_message:43) | {'time': 1753831284, 'self_id': 703263936, 'post_type': 'meta_event', 'meta_event_type': 'heartbeat', 'status': {'online': True, 'good': True}, 'interval': 30000}
[2025-07-30 07:21:54,539.539] DEBUG    [MainThread|MainProcess] websockets.client (protocol.py:read_frame:1177) | < TEXT '{"time":1753831314,"self_id":703263936,"post_ty...true},"interval":30000}' [148 bytes]
[2025-07-30 07:21:54,539.539] DEBUG    [MainThread|MainProcess] Logger (connect.py:on_message:43) | {'time': 1753831314, 'self_id': 703263936, 'post_type': 'meta_event', 'meta_event_type': 'heartbeat', 'status': {'online': True, 'good': True}, 'interval': 30000}
[2025-07-30 07:22:24,553.553] DEBUG    [MainThread|MainProcess] websockets.client (protocol.py:read_frame:1177) | < TEXT '{"time":1753831344,"self_id":703263936,"post_ty...true},"interval":30000}' [148 bytes]
[2025-07-30 07:22:24,553.553] DEBUG    [MainThread|MainProcess] Logger (connect.py:on_message:43) | {'time': 1753831344, 'self_id': 703263936, 'post_type': 'meta_event', 'meta_event_type': 'heartbeat', 'status': {'online': True, 'good': True}, 'interval': 30000}
[2025-07-30 07:22:54,553.553] DEBUG    [MainThread|MainProcess] websockets.client (protocol.py:read_frame:1177) | < TEXT '{"time":1753831374,"self_id":703263936,"post_ty...true},"interval":30000}' [148 bytes]
[2025-07-30 07:22:54,553.553] DEBUG    [MainThread|MainProcess] Logger (connect.py:on_message:43) | {'time': 1753831374, 'self_id': 703263936, 'post_type': 'meta_event', 'meta_event_type': 'heartbeat', 'status': {'online': True, 'good': True}, 'interval': 30000}
[2025-07-30 07:23:24,559.559] DEBUG    [MainThread|MainProcess] websockets.client (protocol.py:read_frame:1177) | < TEXT '{"time":1753831404,"self_id":703263936,"post_ty...true},"interval":30000}' [148 bytes]
[2025-07-30 07:23:24,559.559] DEBUG    [MainThread|MainProcess] Logger (connect.py:on_message:43) | {'time': 1753831404, 'self_id': 703263936, 'post_type': 'meta_event', 'meta_event_type': 'heartbeat', 'status': {'online': True, 'good': True}, 'interval': 30000}
[2025-07-30 07:23:54,569.569] DEBUG    [MainThread|MainProcess] websockets.client (protocol.py:read_frame:1177) | < TEXT '{"time":1753831434,"self_id":703263936,"post_ty...true},"interval":30000}' [148 bytes]
[2025-07-30 07:23:54,569.569] DEBUG    [MainThread|MainProcess] Logger (connect.py:on_message:43) | {'time': 1753831434, 'self_id': 703263936, 'post_type': 'meta_event', 'meta_event_type': 'heartbeat', 'status': {'online': True, 'good': True}, 'interval': 30000}
[2025-07-30 07:24:24,582.582] DEBUG    [MainThread|MainProcess] websockets.client (protocol.py:read_frame:1177) | < TEXT '{"time":1753831464,"self_id":703263936,"post_ty...true},"interval":30000}' [148 bytes]
[2025-07-30 07:24:24,582.582] DEBUG    [MainThread|MainProcess] Logger (connect.py:on_message:43) | {'time': 1753831464, 'self_id': 703263936, 'post_type': 'meta_event', 'meta_event_type': 'heartbeat', 'status': {'online': True, 'good': True}, 'interval': 30000}
[2025-07-30 07:24:54,593.593] DEBUG    [MainThread|MainProcess] websockets.client (protocol.py:read_frame:1177) | < TEXT '{"time":1753831494,"self_id":703263936,"post_ty...true},"interval":30000}' [148 bytes]
[2025-07-30 07:24:54,593.593] DEBUG    [MainThread|MainProcess] Logger (connect.py:on_message:43) | {'time': 1753831494, 'self_id': 703263936, 'post_type': 'meta_event', 'meta_event_type': 'heartbeat', 'status': {'online': True, 'good': True}, 'interval': 30000}
[2025-07-30 07:25:24,604.604] DEBUG    [MainThread|MainProcess] websockets.client (protocol.py:read_frame:1177) | < TEXT '{"time":1753831524,"self_id":703263936,"post_ty...true},"interval":30000}' [148 bytes]
[2025-07-30 07:25:24,604.604] DEBUG    [MainThread|MainProcess] Logger (connect.py:on_message:43) | {'time': 1753831524, 'self_id': 703263936, 'post_type': 'meta_event', 'meta_event_type': 'heartbeat', 'status': {'online': True, 'good': True}, 'interval': 30000}
[2025-07-30 07:25:54,618.618] DEBUG    [MainThread|MainProcess] websockets.client (protocol.py:read_frame:1177) | < TEXT '{"time":1753831554,"self_id":703263936,"post_ty...true},"interval":30000}' [148 bytes]
[2025-07-30 07:25:54,618.618] DEBUG    [MainThread|MainProcess] Logger (connect.py:on_message:43) | {'time': 1753831554, 'self_id': 703263936, 'post_type': 'meta_event', 'meta_event_type': 'heartbeat', 'status': {'online': True, 'good': True}, 'interval': 30000}
[2025-07-30 07:26:24,631.631] DEBUG    [MainThread|MainProcess] websockets.client (protocol.py:read_frame:1177) | < TEXT '{"time":1753831584,"self_id":703263936,"post_ty...true},"interval":30000}' [148 bytes]
[2025-07-30 07:26:24,631.631] DEBUG    [MainThread|MainProcess] Logger (connect.py:on_message:43) | {'time': 1753831584, 'self_id': 703263936, 'post_type': 'meta_event', 'meta_event_type': 'heartbeat', 'status': {'online': True, 'good': True}, 'interval': 30000}
[2025-07-30 07:26:54,634.634] DEBUG    [MainThread|MainProcess] websockets.client (protocol.py:read_frame:1177) | < TEXT '{"time":1753831614,"self_id":703263936,"post_ty...true},"interval":30000}' [148 bytes]
[2025-07-30 07:26:54,634.634] DEBUG    [MainThread|MainProcess] Logger (connect.py:on_message:43) | {'time': 1753831614, 'self_id': 703263936, 'post_type': 'meta_event', 'meta_event_type': 'heartbeat', 'status': {'online': True, 'good': True}, 'interval': 30000}
[2025-07-30 07:27:24,644.644] DEBUG    [MainThread|MainProcess] websockets.client (protocol.py:read_frame:1177) | < TEXT '{"time":1753831644,"self_id":703263936,"post_ty...true},"interval":30000}' [148 bytes]
[2025-07-30 07:27:24,644.644] DEBUG    [MainThread|MainProcess] Logger (connect.py:on_message:43) | {'time': 1753831644, 'self_id': 703263936, 'post_type': 'meta_event', 'meta_event_type': 'heartbeat', 'status': {'online': True, 'good': True}, 'interval': 30000}
[2025-07-30 07:27:54,657.657] DEBUG    [MainThread|MainProcess] websockets.client (protocol.py:read_frame:1177) | < TEXT '{"time":1753831674,"self_id":703263936,"post_ty...true},"interval":30000}' [148 bytes]
[2025-07-30 07:27:54,657.657] DEBUG    [MainThread|MainProcess] Logger (connect.py:on_message:43) | {'time': 1753831674, 'self_id': 703263936, 'post_type': 'meta_event', 'meta_event_type': 'heartbeat', 'status': {'online': True, 'good': True}, 'interval': 30000}
[2025-07-30 07:28:24,671.671] DEBUG    [MainThread|MainProcess] websockets.client (protocol.py:read_frame:1177) | < TEXT '{"time":1753831704,"self_id":703263936,"post_ty...true},"interval":30000}' [148 bytes]
[2025-07-30 07:28:24,671.671] DEBUG    [MainThread|MainProcess] Logger (connect.py:on_message:43) | {'time': 1753831704, 'self_id': 703263936, 'post_type': 'meta_event', 'meta_event_type': 'heartbeat', 'status': {'online': True, 'good': True}, 'interval': 30000}
[2025-07-30 07:28:54,672.672] DEBUG    [MainThread|MainProcess] websockets.client (protocol.py:read_frame:1177) | < TEXT '{"time":1753831734,"self_id":703263936,"post_ty...true},"interval":30000}' [148 bytes]
[2025-07-30 07:28:54,672.672] DEBUG    [MainThread|MainProcess] Logger (connect.py:on_message:43) | {'time': 1753831734, 'self_id': 703263936, 'post_type': 'meta_event', 'meta_event_type': 'heartbeat', 'status': {'online': True, 'good': True}, 'interval': 30000}
[2025-07-30 07:29:24,682.682] DEBUG    [MainThread|MainProcess] websockets.client (protocol.py:read_frame:1177) | < TEXT '{"time":1753831764,"self_id":703263936,"post_ty...true},"interval":30000}' [148 bytes]
[2025-07-30 07:29:24,682.682] DEBUG    [MainThread|MainProcess] Logger (connect.py:on_message:43) | {'time': 1753831764, 'self_id': 703263936, 'post_type': 'meta_event', 'meta_event_type': 'heartbeat', 'status': {'online': True, 'good': True}, 'interval': 30000}
[2025-07-30 07:29:54,695.695] DEBUG    [MainThread|MainProcess] websockets.client (protocol.py:read_frame:1177) | < TEXT '{"time":1753831794,"self_id":703263936,"post_ty...true},"interval":30000}' [148 bytes]
[2025-07-30 07:29:54,695.695] DEBUG    [MainThread|MainProcess] Logger (connect.py:on_message:43) | {'time': 1753831794, 'self_id': 703263936, 'post_type': 'meta_event', 'meta_event_type': 'heartbeat', 'status': {'online': True, 'good': True}, 'interval': 30000}
[2025-07-30 07:30:24,709.709] DEBUG    [MainThread|MainProcess] websockets.client (protocol.py:read_frame:1177) | < TEXT '{"time":1753831824,"self_id":703263936,"post_ty...true},"interval":30000}' [148 bytes]
[2025-07-30 07:30:24,709.709] DEBUG    [MainThread|MainProcess] Logger (connect.py:on_message:43) | {'time': 1753831824, 'self_id': 703263936, 'post_type': 'meta_event', 'meta_event_type': 'heartbeat', 'status': {'online': True, 'good': True}, 'interval': 30000}
[2025-07-30 07:30:54,711.711] DEBUG    [MainThread|MainProcess] websockets.client (protocol.py:read_frame:1177) | < TEXT '{"time":1753831854,"self_id":703263936,"post_ty...true},"interval":30000}' [148 bytes]
[2025-07-30 07:30:54,711.711] DEBUG    [MainThread|MainProcess] Logger (connect.py:on_message:43) | {'time': 1753831854, 'self_id': 703263936, 'post_type': 'meta_event', 'meta_event_type': 'heartbeat', 'status': {'online': True, 'good': True}, 'interval': 30000}
[2025-07-30 07:31:24,721.721] DEBUG    [MainThread|MainProcess] websockets.client (protocol.py:read_frame:1177) | < TEXT '{"time":1753831884,"self_id":703263936,"post_ty...true},"interval":30000}' [148 bytes]
[2025-07-30 07:31:24,721.721] DEBUG    [MainThread|MainProcess] Logger (connect.py:on_message:43) | {'time': 1753831884, 'self_id': 703263936, 'post_type': 'meta_event', 'meta_event_type': 'heartbeat', 'status': {'online': True, 'good': True}, 'interval': 30000}
[2025-07-30 07:31:54,723.723] DEBUG    [MainThread|MainProcess] websockets.client (protocol.py:read_frame:1177) | < TEXT '{"time":1753831914,"self_id":703263936,"post_ty...true},"interval":30000}' [148 bytes]
[2025-07-30 07:31:54,723.723] DEBUG    [MainThread|MainProcess] Logger (connect.py:on_message:43) | {'time': 1753831914, 'self_id': 703263936, 'post_type': 'meta_event', 'meta_event_type': 'heartbeat', 'status': {'online': True, 'good': True}, 'interval': 30000}
[2025-07-30 07:32:24,736.736] DEBUG    [MainThread|MainProcess] websockets.client (protocol.py:read_frame:1177) | < TEXT '{"time":1753831944,"self_id":703263936,"post_ty...true},"interval":30000}' [148 bytes]
[2025-07-30 07:32:24,736.736] DEBUG    [MainThread|MainProcess] Logger (connect.py:on_message:43) | {'time': 1753831944, 'self_id': 703263936, 'post_type': 'meta_event', 'meta_event_type': 'heartbeat', 'status': {'online': True, 'good': True}, 'interval': 30000}
[2025-07-30 07:32:54,740.740] DEBUG    [MainThread|MainProcess] websockets.client (protocol.py:read_frame:1177) | < TEXT '{"time":1753831974,"self_id":703263936,"post_ty...true},"interval":30000}' [148 bytes]
[2025-07-30 07:32:54,740.740] DEBUG    [MainThread|MainProcess] Logger (connect.py:on_message:43) | {'time': 1753831974, 'self_id': 703263936, 'post_type': 'meta_event', 'meta_event_type': 'heartbeat', 'status': {'online': True, 'good': True}, 'interval': 30000}
[2025-07-30 07:33:24,756.756] DEBUG    [MainThread|MainProcess] websockets.client (protocol.py:read_frame:1177) | < TEXT '{"time":1753832004,"self_id":703263936,"post_ty...true},"interval":30000}' [148 bytes]
[2025-07-30 07:33:24,756.756] DEBUG    [MainThread|MainProcess] Logger (connect.py:on_message:43) | {'time': 1753832004, 'self_id': 703263936, 'post_type': 'meta_event', 'meta_event_type': 'heartbeat', 'status': {'online': True, 'good': True}, 'interval': 30000}
[2025-07-30 07:33:54,766.766] DEBUG    [MainThread|MainProcess] websockets.client (protocol.py:read_frame:1177) | < TEXT '{"time":1753832034,"self_id":703263936,"post_ty...true},"interval":30000}' [148 bytes]
[2025-07-30 07:33:54,766.766] DEBUG    [MainThread|MainProcess] Logger (connect.py:on_message:43) | {'time': 1753832034, 'self_id': 703263936, 'post_type': 'meta_event', 'meta_event_type': 'heartbeat', 'status': {'online': True, 'good': True}, 'interval': 30000}
[2025-07-30 07:34:24,779.779] DEBUG    [MainThread|MainProcess] websockets.client (protocol.py:read_frame:1177) | < TEXT '{"time":1753832064,"self_id":703263936,"post_ty...true},"interval":30000}' [148 bytes]
[2025-07-30 07:34:24,779.779] DEBUG    [MainThread|MainProcess] Logger (connect.py:on_message:43) | {'time': 1753832064, 'self_id': 703263936, 'post_type': 'meta_event', 'meta_event_type': 'heartbeat', 'status': {'online': True, 'good': True}, 'interval': 30000}
[2025-07-30 07:34:54,790.790] DEBUG    [MainThread|MainProcess] websockets.client (protocol.py:read_frame:1177) | < TEXT '{"time":1753832094,"self_id":703263936,"post_ty...true},"interval":30000}' [148 bytes]
[2025-07-30 07:34:54,790.790] DEBUG    [MainThread|MainProcess] Logger (connect.py:on_message:43) | {'time': 1753832094, 'self_id': 703263936, 'post_type': 'meta_event', 'meta_event_type': 'heartbeat', 'status': {'online': True, 'good': True}, 'interval': 30000}
[2025-07-30 07:35:24,801.801] DEBUG    [MainThread|MainProcess] websockets.client (protocol.py:read_frame:1177) | < TEXT '{"time":1753832124,"self_id":703263936,"post_ty...true},"interval":30000}' [148 bytes]
[2025-07-30 07:35:24,801.801] DEBUG    [MainThread|MainProcess] Logger (connect.py:on_message:43) | {'time': 1753832124, 'self_id': 703263936, 'post_type': 'meta_event', 'meta_event_type': 'heartbeat', 'status': {'online': True, 'good': True}, 'interval': 30000}
[2025-07-30 07:35:54,814.814] DEBUG    [MainThread|MainProcess] websockets.client (protocol.py:read_frame:1177) | < TEXT '{"time":1753832154,"self_id":703263936,"post_ty...true},"interval":30000}' [148 bytes]
[2025-07-30 07:35:54,814.814] DEBUG    [MainThread|MainProcess] Logger (connect.py:on_message:43) | {'time': 1753832154, 'self_id': 703263936, 'post_type': 'meta_event', 'meta_event_type': 'heartbeat', 'status': {'online': True, 'good': True}, 'interval': 30000}
[2025-07-30 07:36:24,828.828] DEBUG    [MainThread|MainProcess] websockets.client (protocol.py:read_frame:1177) | < TEXT '{"time":1753832184,"self_id":703263936,"post_ty...true},"interval":30000}' [148 bytes]
[2025-07-30 07:36:24,828.828] DEBUG    [MainThread|MainProcess] Logger (connect.py:on_message:43) | {'time': 1753832184, 'self_id': 703263936, 'post_type': 'meta_event', 'meta_event_type': 'heartbeat', 'status': {'online': True, 'good': True}, 'interval': 30000}
[2025-07-30 07:36:54,842.842] DEBUG    [MainThread|MainProcess] websockets.client (protocol.py:read_frame:1177) | < TEXT '{"time":1753832214,"self_id":703263936,"post_ty...true},"interval":30000}' [148 bytes]
[2025-07-30 07:36:54,842.842] DEBUG    [MainThread|MainProcess] Logger (connect.py:on_message:43) | {'time': 1753832214, 'self_id': 703263936, 'post_type': 'meta_event', 'meta_event_type': 'heartbeat', 'status': {'online': True, 'good': True}, 'interval': 30000}
[2025-07-30 07:37:24,856.856] DEBUG    [MainThread|MainProcess] websockets.client (protocol.py:read_frame:1177) | < TEXT '{"time":1753832244,"self_id":703263936,"post_ty...true},"interval":30000}' [148 bytes]
[2025-07-30 07:37:24,856.856] DEBUG    [MainThread|MainProcess] Logger (connect.py:on_message:43) | {'time': 1753832244, 'self_id': 703263936, 'post_type': 'meta_event', 'meta_event_type': 'heartbeat', 'status': {'online': True, 'good': True}, 'interval': 30000}
[2025-07-30 07:37:54,859.859] DEBUG    [MainThread|MainProcess] websockets.client (protocol.py:read_frame:1177) | < TEXT '{"time":1753832274,"self_id":703263936,"post_ty...true},"interval":30000}' [148 bytes]
[2025-07-30 07:37:54,859.859] DEBUG    [MainThread|MainProcess] Logger (connect.py:on_message:43) | {'time': 1753832274, 'self_id': 703263936, 'post_type': 'meta_event', 'meta_event_type': 'heartbeat', 'status': {'online': True, 'good': True}, 'interval': 30000}
[2025-07-30 07:38:24,873.873] DEBUG    [MainThread|MainProcess] websockets.client (protocol.py:read_frame:1177) | < TEXT '{"time":1753832304,"self_id":703263936,"post_ty...true},"interval":30000}' [148 bytes]
[2025-07-30 07:38:24,873.873] DEBUG    [MainThread|MainProcess] Logger (connect.py:on_message:43) | {'time': 1753832304, 'self_id': 703263936, 'post_type': 'meta_event', 'meta_event_type': 'heartbeat', 'status': {'online': True, 'good': True}, 'interval': 30000}
[2025-07-30 07:38:54,887.887] DEBUG    [MainThread|MainProcess] websockets.client (protocol.py:read_frame:1177) | < TEXT '{"time":1753832334,"self_id":703263936,"post_ty...true},"interval":30000}' [148 bytes]
[2025-07-30 07:38:54,887.887] DEBUG    [MainThread|MainProcess] Logger (connect.py:on_message:43) | {'time': 1753832334, 'self_id': 703263936, 'post_type': 'meta_event', 'meta_event_type': 'heartbeat', 'status': {'online': True, 'good': True}, 'interval': 30000}
[2025-07-30 07:39:24,900.900] DEBUG    [MainThread|MainProcess] websockets.client (protocol.py:read_frame:1177) | < TEXT '{"time":1753832364,"self_id":703263936,"post_ty...true},"interval":30000}' [148 bytes]
[2025-07-30 07:39:24,900.900] DEBUG    [MainThread|MainProcess] Logger (connect.py:on_message:43) | {'time': 1753832364, 'self_id': 703263936, 'post_type': 'meta_event', 'meta_event_type': 'heartbeat', 'status': {'online': True, 'good': True}, 'interval': 30000}
[2025-07-30 07:39:54,913.913] DEBUG    [MainThread|MainProcess] websockets.client (protocol.py:read_frame:1177) | < TEXT '{"time":1753832394,"self_id":703263936,"post_ty...true},"interval":30000}' [148 bytes]
[2025-07-30 07:39:54,913.913] DEBUG    [MainThread|MainProcess] Logger (connect.py:on_message:43) | {'time': 1753832394, 'self_id': 703263936, 'post_type': 'meta_event', 'meta_event_type': 'heartbeat', 'status': {'online': True, 'good': True}, 'interval': 30000}
[2025-07-30 07:40:24,927.927] DEBUG    [MainThread|MainProcess] websockets.client (protocol.py:read_frame:1177) | < TEXT '{"time":1753832424,"self_id":703263936,"post_ty...true},"interval":30000}' [148 bytes]
[2025-07-30 07:40:24,927.927] DEBUG    [MainThread|MainProcess] Logger (connect.py:on_message:43) | {'time': 1753832424, 'self_id': 703263936, 'post_type': 'meta_event', 'meta_event_type': 'heartbeat', 'status': {'online': True, 'good': True}, 'interval': 30000}
[2025-07-30 07:40:54,937.937] DEBUG    [MainThread|MainProcess] websockets.client (protocol.py:read_frame:1177) | < TEXT '{"time":1753832454,"self_id":703263936,"post_ty...true},"interval":30000}' [148 bytes]
[2025-07-30 07:40:54,937.937] DEBUG    [MainThread|MainProcess] Logger (connect.py:on_message:43) | {'time': 1753832454, 'self_id': 703263936, 'post_type': 'meta_event', 'meta_event_type': 'heartbeat', 'status': {'online': True, 'good': True}, 'interval': 30000}
[2025-07-30 07:41:24,951.951] DEBUG    [MainThread|MainProcess] websockets.client (protocol.py:read_frame:1177) | < TEXT '{"time":1753832484,"self_id":703263936,"post_ty...true},"interval":30000}' [148 bytes]
[2025-07-30 07:41:24,951.951] DEBUG    [MainThread|MainProcess] Logger (connect.py:on_message:43) | {'time': 1753832484, 'self_id': 703263936, 'post_type': 'meta_event', 'meta_event_type': 'heartbeat', 'status': {'online': True, 'good': True}, 'interval': 30000}
[2025-07-30 07:41:54,950.950] DEBUG    [MainThread|MainProcess] websockets.client (protocol.py:read_frame:1177) | < TEXT '{"time":1753832514,"self_id":703263936,"post_ty...true},"interval":30000}' [148 bytes]
[2025-07-30 07:41:54,950.950] DEBUG    [MainThread|MainProcess] Logger (connect.py:on_message:43) | {'time': 1753832514, 'self_id': 703263936, 'post_type': 'meta_event', 'meta_event_type': 'heartbeat', 'status': {'online': True, 'good': True}, 'interval': 30000}
[2025-07-30 07:42:24,963.963] DEBUG    [MainThread|MainProcess] websockets.client (protocol.py:read_frame:1177) | < TEXT '{"time":1753832544,"self_id":703263936,"post_ty...true},"interval":30000}' [148 bytes]
[2025-07-30 07:42:24,963.963] DEBUG    [MainThread|MainProcess] Logger (connect.py:on_message:43) | {'time': 1753832544, 'self_id': 703263936, 'post_type': 'meta_event', 'meta_event_type': 'heartbeat', 'status': {'online': True, 'good': True}, 'interval': 30000}
[2025-07-30 07:42:54,965.965] DEBUG    [MainThread|MainProcess] websockets.client (protocol.py:read_frame:1177) | < TEXT '{"time":1753832574,"self_id":703263936,"post_ty...true},"interval":30000}' [148 bytes]
[2025-07-30 07:42:54,965.965] DEBUG    [MainThread|MainProcess] Logger (connect.py:on_message:43) | {'time': 1753832574, 'self_id': 703263936, 'post_type': 'meta_event', 'meta_event_type': 'heartbeat', 'status': {'online': True, 'good': True}, 'interval': 30000}
[2025-07-30 07:43:24,979.979] DEBUG    [MainThread|MainProcess] websockets.client (protocol.py:read_frame:1177) | < TEXT '{"time":1753832604,"self_id":703263936,"post_ty...true},"interval":30000}' [148 bytes]
[2025-07-30 07:43:24,979.979] DEBUG    [MainThread|MainProcess] Logger (connect.py:on_message:43) | {'time': 1753832604, 'self_id': 703263936, 'post_type': 'meta_event', 'meta_event_type': 'heartbeat', 'status': {'online': True, 'good': True}, 'interval': 30000}
[2025-07-30 07:43:54,992.992] DEBUG    [MainThread|MainProcess] websockets.client (protocol.py:read_frame:1177) | < TEXT '{"time":1753832634,"self_id":703263936,"post_ty...true},"interval":30000}' [148 bytes]
[2025-07-30 07:43:54,992.992] DEBUG    [MainThread|MainProcess] Logger (connect.py:on_message:43) | {'time': 1753832634, 'self_id': 703263936, 'post_type': 'meta_event', 'meta_event_type': 'heartbeat', 'status': {'online': True, 'good': True}, 'interval': 30000}
[2025-07-30 07:44:25,005.005] DEBUG    [MainThread|MainProcess] websockets.client (protocol.py:read_frame:1177) | < TEXT '{"time":1753832665,"self_id":703263936,"post_ty...true},"interval":30000}' [148 bytes]
[2025-07-30 07:44:25,005.005] DEBUG    [MainThread|MainProcess] Logger (connect.py:on_message:43) | {'time': 1753832665, 'self_id': 703263936, 'post_type': 'meta_event', 'meta_event_type': 'heartbeat', 'status': {'online': True, 'good': True}, 'interval': 30000}
[2025-07-30 07:44:55,019.019] DEBUG    [MainThread|MainProcess] websockets.client (protocol.py:read_frame:1177) | < TEXT '{"time":1753832695,"self_id":703263936,"post_ty...true},"interval":30000}' [148 bytes]
[2025-07-30 07:44:55,019.019] DEBUG    [MainThread|MainProcess] Logger (connect.py:on_message:43) | {'time': 1753832695, 'self_id': 703263936, 'post_type': 'meta_event', 'meta_event_type': 'heartbeat', 'status': {'online': True, 'good': True}, 'interval': 30000}
[2025-07-30 07:45:25,032.032] DEBUG    [MainThread|MainProcess] websockets.client (protocol.py:read_frame:1177) | < TEXT '{"time":1753832725,"self_id":703263936,"post_ty...true},"interval":30000}' [148 bytes]
[2025-07-30 07:45:25,032.032] DEBUG    [MainThread|MainProcess] Logger (connect.py:on_message:43) | {'time': 1753832725, 'self_id': 703263936, 'post_type': 'meta_event', 'meta_event_type': 'heartbeat', 'status': {'online': True, 'good': True}, 'interval': 30000}
[2025-07-30 07:45:55,046.046] DEBUG    [MainThread|MainProcess] websockets.client (protocol.py:read_frame:1177) | < TEXT '{"time":1753832755,"self_id":703263936,"post_ty...true},"interval":30000}' [148 bytes]
[2025-07-30 07:45:55,046.046] DEBUG    [MainThread|MainProcess] Logger (connect.py:on_message:43) | {'time': 1753832755, 'self_id': 703263936, 'post_type': 'meta_event', 'meta_event_type': 'heartbeat', 'status': {'online': True, 'good': True}, 'interval': 30000}
[2025-07-30 07:46:25,060.060] DEBUG    [MainThread|MainProcess] websockets.client (protocol.py:read_frame:1177) | < TEXT '{"time":1753832785,"self_id":703263936,"post_ty...true},"interval":30000}' [148 bytes]
[2025-07-30 07:46:25,060.060] DEBUG    [MainThread|MainProcess] Logger (connect.py:on_message:43) | {'time': 1753832785, 'self_id': 703263936, 'post_type': 'meta_event', 'meta_event_type': 'heartbeat', 'status': {'online': True, 'good': True}, 'interval': 30000}
[2025-07-30 07:46:55,062.062] DEBUG    [MainThread|MainProcess] websockets.client (protocol.py:read_frame:1177) | < TEXT '{"time":1753832815,"self_id":703263936,"post_ty...true},"interval":30000}' [148 bytes]
[2025-07-30 07:46:55,062.062] DEBUG    [MainThread|MainProcess] Logger (connect.py:on_message:43) | {'time': 1753832815, 'self_id': 703263936, 'post_type': 'meta_event', 'meta_event_type': 'heartbeat', 'status': {'online': True, 'good': True}, 'interval': 30000}
[2025-07-30 07:47:25,076.076] DEBUG    [MainThread|MainProcess] websockets.client (protocol.py:read_frame:1177) | < TEXT '{"time":1753832845,"self_id":703263936,"post_ty...true},"interval":30000}' [148 bytes]
[2025-07-30 07:47:25,076.076] DEBUG    [MainThread|MainProcess] Logger (connect.py:on_message:43) | {'time': 1753832845, 'self_id': 703263936, 'post_type': 'meta_event', 'meta_event_type': 'heartbeat', 'status': {'online': True, 'good': True}, 'interval': 30000}
[2025-07-30 07:47:55,090.090] DEBUG    [MainThread|MainProcess] websockets.client (protocol.py:read_frame:1177) | < TEXT '{"time":1753832875,"self_id":703263936,"post_ty...true},"interval":30000}' [148 bytes]
[2025-07-30 07:47:55,090.090] DEBUG    [MainThread|MainProcess] Logger (connect.py:on_message:43) | {'time': 1753832875, 'self_id': 703263936, 'post_type': 'meta_event', 'meta_event_type': 'heartbeat', 'status': {'online': True, 'good': True}, 'interval': 30000}
[2025-07-30 07:48:25,103.103] DEBUG    [MainThread|MainProcess] websockets.client (protocol.py:read_frame:1177) | < TEXT '{"time":1753832905,"self_id":703263936,"post_ty...true},"interval":30000}' [148 bytes]
[2025-07-30 07:48:25,103.103] DEBUG    [MainThread|MainProcess] Logger (connect.py:on_message:43) | {'time': 1753832905, 'self_id': 703263936, 'post_type': 'meta_event', 'meta_event_type': 'heartbeat', 'status': {'online': True, 'good': True}, 'interval': 30000}
[2025-07-30 07:48:55,113.113] DEBUG    [MainThread|MainProcess] websockets.client (protocol.py:read_frame:1177) | < TEXT '{"time":1753832935,"self_id":703263936,"post_ty...true},"interval":30000}' [148 bytes]
[2025-07-30 07:48:55,113.113] DEBUG    [MainThread|MainProcess] Logger (connect.py:on_message:43) | {'time': 1753832935, 'self_id': 703263936, 'post_type': 'meta_event', 'meta_event_type': 'heartbeat', 'status': {'online': True, 'good': True}, 'interval': 30000}
[2025-07-30 07:49:25,126.126] DEBUG    [MainThread|MainProcess] websockets.client (protocol.py:read_frame:1177) | < TEXT '{"time":1753832965,"self_id":703263936,"post_ty...true},"interval":30000}' [148 bytes]
[2025-07-30 07:49:25,126.126] DEBUG    [MainThread|MainProcess] Logger (connect.py:on_message:43) | {'time': 1753832965, 'self_id': 703263936, 'post_type': 'meta_event', 'meta_event_type': 'heartbeat', 'status': {'online': True, 'good': True}, 'interval': 30000}
[2025-07-30 07:49:55,127.127] DEBUG    [MainThread|MainProcess] websockets.client (protocol.py:read_frame:1177) | < TEXT '{"time":1753832995,"self_id":703263936,"post_ty...true},"interval":30000}' [148 bytes]
[2025-07-30 07:49:55,127.127] DEBUG    [MainThread|MainProcess] Logger (connect.py:on_message:43) | {'time': 1753832995, 'self_id': 703263936, 'post_type': 'meta_event', 'meta_event_type': 'heartbeat', 'status': {'online': True, 'good': True}, 'interval': 30000}
[2025-07-30 07:50:25,140.140] DEBUG    [MainThread|MainProcess] websockets.client (protocol.py:read_frame:1177) | < TEXT '{"time":1753833025,"self_id":703263936,"post_ty...true},"interval":30000}' [148 bytes]
[2025-07-30 07:50:25,140.140] DEBUG    [MainThread|MainProcess] Logger (connect.py:on_message:43) | {'time': 1753833025, 'self_id': 703263936, 'post_type': 'meta_event', 'meta_event_type': 'heartbeat', 'status': {'online': True, 'good': True}, 'interval': 30000}
[2025-07-30 07:50:55,152.152] DEBUG    [MainThread|MainProcess] websockets.client (protocol.py:read_frame:1177) | < TEXT '{"time":1753833055,"self_id":703263936,"post_ty...true},"interval":30000}' [148 bytes]
[2025-07-30 07:50:55,152.152] DEBUG    [MainThread|MainProcess] Logger (connect.py:on_message:43) | {'time': 1753833055, 'self_id': 703263936, 'post_type': 'meta_event', 'meta_event_type': 'heartbeat', 'status': {'online': True, 'good': True}, 'interval': 30000}
[2025-07-30 07:51:25,165.165] DEBUG    [MainThread|MainProcess] websockets.client (protocol.py:read_frame:1177) | < TEXT '{"time":1753833085,"self_id":703263936,"post_ty...true},"interval":30000}' [148 bytes]
[2025-07-30 07:51:25,165.165] DEBUG    [MainThread|MainProcess] Logger (connect.py:on_message:43) | {'time': 1753833085, 'self_id': 703263936, 'post_type': 'meta_event', 'meta_event_type': 'heartbeat', 'status': {'online': True, 'good': True}, 'interval': 30000}
[2025-07-30 07:51:55,179.179] DEBUG    [MainThread|MainProcess] websockets.client (protocol.py:read_frame:1177) | < TEXT '{"time":1753833115,"self_id":703263936,"post_ty...true},"interval":30000}' [148 bytes]
[2025-07-30 07:51:55,179.179] DEBUG    [MainThread|MainProcess] Logger (connect.py:on_message:43) | {'time': 1753833115, 'self_id': 703263936, 'post_type': 'meta_event', 'meta_event_type': 'heartbeat', 'status': {'online': True, 'good': True}, 'interval': 30000}
[2025-07-30 07:52:25,192.192] DEBUG    [MainThread|MainProcess] websockets.client (protocol.py:read_frame:1177) | < TEXT '{"time":1753833145,"self_id":703263936,"post_ty...true},"interval":30000}' [148 bytes]
[2025-07-30 07:52:25,192.192] DEBUG    [MainThread|MainProcess] Logger (connect.py:on_message:43) | {'time': 1753833145, 'self_id': 703263936, 'post_type': 'meta_event', 'meta_event_type': 'heartbeat', 'status': {'online': True, 'good': True}, 'interval': 30000}
[2025-07-30 07:52:55,208.208] DEBUG    [MainThread|MainProcess] websockets.client (protocol.py:read_frame:1177) | < TEXT '{"time":1753833175,"self_id":703263936,"post_ty...true},"interval":30000}' [148 bytes]
[2025-07-30 07:52:55,208.208] DEBUG    [MainThread|MainProcess] Logger (connect.py:on_message:43) | {'time': 1753833175, 'self_id': 703263936, 'post_type': 'meta_event', 'meta_event_type': 'heartbeat', 'status': {'online': True, 'good': True}, 'interval': 30000}
[2025-07-30 07:53:25,221.221] DEBUG    [MainThread|MainProcess] websockets.client (protocol.py:read_frame:1177) | < TEXT '{"time":1753833205,"self_id":703263936,"post_ty...true},"interval":30000}' [148 bytes]
[2025-07-30 07:53:25,221.221] DEBUG    [MainThread|MainProcess] Logger (connect.py:on_message:43) | {'time': 1753833205, 'self_id': 703263936, 'post_type': 'meta_event', 'meta_event_type': 'heartbeat', 'status': {'online': True, 'good': True}, 'interval': 30000}
[2025-07-30 07:53:55,235.235] DEBUG    [MainThread|MainProcess] websockets.client (protocol.py:read_frame:1177) | < TEXT '{"time":1753833235,"self_id":703263936,"post_ty...true},"interval":30000}' [148 bytes]
[2025-07-30 07:53:55,235.235] DEBUG    [MainThread|MainProcess] Logger (connect.py:on_message:43) | {'time': 1753833235, 'self_id': 703263936, 'post_type': 'meta_event', 'meta_event_type': 'heartbeat', 'status': {'online': True, 'good': True}, 'interval': 30000}
[2025-07-30 07:54:25,248.248] DEBUG    [MainThread|MainProcess] websockets.client (protocol.py:read_frame:1177) | < TEXT '{"time":1753833265,"self_id":703263936,"post_ty...true},"interval":30000}' [148 bytes]
[2025-07-30 07:54:25,248.248] DEBUG    [MainThread|MainProcess] Logger (connect.py:on_message:43) | {'time': 1753833265, 'self_id': 703263936, 'post_type': 'meta_event', 'meta_event_type': 'heartbeat', 'status': {'online': True, 'good': True}, 'interval': 30000}
[2025-07-30 07:54:55,252.252] DEBUG    [MainThread|MainProcess] websockets.client (protocol.py:read_frame:1177) | < TEXT '{"time":1753833295,"self_id":703263936,"post_ty...true},"interval":30000}' [148 bytes]
[2025-07-30 07:54:55,252.252] DEBUG    [MainThread|MainProcess] Logger (connect.py:on_message:43) | {'time': 1753833295, 'self_id': 703263936, 'post_type': 'meta_event', 'meta_event_type': 'heartbeat', 'status': {'online': True, 'good': True}, 'interval': 30000}
[2025-07-30 07:55:25,266.266] DEBUG    [MainThread|MainProcess] websockets.client (protocol.py:read_frame:1177) | < TEXT '{"time":1753833325,"self_id":703263936,"post_ty...true},"interval":30000}' [148 bytes]
[2025-07-30 07:55:25,266.266] DEBUG    [MainThread|MainProcess] Logger (connect.py:on_message:43) | {'time': 1753833325, 'self_id': 703263936, 'post_type': 'meta_event', 'meta_event_type': 'heartbeat', 'status': {'online': True, 'good': True}, 'interval': 30000}
[2025-07-30 07:55:55,281.281] DEBUG    [MainThread|MainProcess] websockets.client (protocol.py:read_frame:1177) | < TEXT '{"time":1753833355,"self_id":703263936,"post_ty...true},"interval":30000}' [148 bytes]
[2025-07-30 07:55:55,281.281] DEBUG    [MainThread|MainProcess] Logger (connect.py:on_message:43) | {'time': 1753833355, 'self_id': 703263936, 'post_type': 'meta_event', 'meta_event_type': 'heartbeat', 'status': {'online': True, 'good': True}, 'interval': 30000}
[2025-07-30 07:56:25,295.295] DEBUG    [MainThread|MainProcess] websockets.client (protocol.py:read_frame:1177) | < TEXT '{"time":1753833385,"self_id":703263936,"post_ty...true},"interval":30000}' [148 bytes]
[2025-07-30 07:56:25,295.295] DEBUG    [MainThread|MainProcess] Logger (connect.py:on_message:43) | {'time': 1753833385, 'self_id': 703263936, 'post_type': 'meta_event', 'meta_event_type': 'heartbeat', 'status': {'online': True, 'good': True}, 'interval': 30000}
[2025-07-30 07:56:55,304.304] DEBUG    [MainThread|MainProcess] websockets.client (protocol.py:read_frame:1177) | < TEXT '{"time":1753833415,"self_id":703263936,"post_ty...true},"interval":30000}' [148 bytes]
[2025-07-30 07:56:55,304.304] DEBUG    [MainThread|MainProcess] Logger (connect.py:on_message:43) | {'time': 1753833415, 'self_id': 703263936, 'post_type': 'meta_event', 'meta_event_type': 'heartbeat', 'status': {'online': True, 'good': True}, 'interval': 30000}
[2025-07-30 07:57:25,318.318] DEBUG    [MainThread|MainProcess] websockets.client (protocol.py:read_frame:1177) | < TEXT '{"time":1753833445,"self_id":703263936,"post_ty...true},"interval":30000}' [148 bytes]
[2025-07-30 07:57:25,318.318] DEBUG    [MainThread|MainProcess] Logger (connect.py:on_message:43) | {'time': 1753833445, 'self_id': 703263936, 'post_type': 'meta_event', 'meta_event_type': 'heartbeat', 'status': {'online': True, 'good': True}, 'interval': 30000}
[2025-07-30 07:57:55,331.331] DEBUG    [MainThread|MainProcess] websockets.client (protocol.py:read_frame:1177) | < TEXT '{"time":1753833475,"self_id":703263936,"post_ty...true},"interval":30000}' [148 bytes]
[2025-07-30 07:57:55,331.331] DEBUG    [MainThread|MainProcess] Logger (connect.py:on_message:43) | {'time': 1753833475, 'self_id': 703263936, 'post_type': 'meta_event', 'meta_event_type': 'heartbeat', 'status': {'online': True, 'good': True}, 'interval': 30000}
[2025-07-30 07:58:25,344.344] DEBUG    [MainThread|MainProcess] websockets.client (protocol.py:read_frame:1177) | < TEXT '{"time":1753833505,"self_id":703263936,"post_ty...true},"interval":30000}' [148 bytes]
[2025-07-30 07:58:25,344.344] DEBUG    [MainThread|MainProcess] Logger (connect.py:on_message:43) | {'time': 1753833505, 'self_id': 703263936, 'post_type': 'meta_event', 'meta_event_type': 'heartbeat', 'status': {'online': True, 'good': True}, 'interval': 30000}
[2025-07-30 07:58:55,346.346] DEBUG    [MainThread|MainProcess] websockets.client (protocol.py:read_frame:1177) | < TEXT '{"time":1753833535,"self_id":703263936,"post_ty...true},"interval":30000}' [148 bytes]
[2025-07-30 07:58:55,346.346] DEBUG    [MainThread|MainProcess] Logger (connect.py:on_message:43) | {'time': 1753833535, 'self_id': 703263936, 'post_type': 'meta_event', 'meta_event_type': 'heartbeat', 'status': {'online': True, 'good': True}, 'interval': 30000}
[2025-07-30 07:59:25,359.359] DEBUG    [MainThread|MainProcess] websockets.client (protocol.py:read_frame:1177) | < TEXT '{"time":1753833565,"self_id":703263936,"post_ty...true},"interval":30000}' [148 bytes]
[2025-07-30 07:59:25,359.359] DEBUG    [MainThread|MainProcess] Logger (connect.py:on_message:43) | {'time': 1753833565, 'self_id': 703263936, 'post_type': 'meta_event', 'meta_event_type': 'heartbeat', 'status': {'online': True, 'good': True}, 'interval': 30000}
[2025-07-30 07:59:55,371.371] DEBUG    [MainThread|MainProcess] websockets.client (protocol.py:read_frame:1177) | < TEXT '{"time":1753833595,"self_id":703263936,"post_ty...true},"interval":30000}' [148 bytes]
[2025-07-30 07:59:55,371.371] DEBUG    [MainThread|MainProcess] Logger (connect.py:on_message:43) | {'time': 1753833595, 'self_id': 703263936, 'post_type': 'meta_event', 'meta_event_type': 'heartbeat', 'status': {'online': True, 'good': True}, 'interval': 30000}
[2025-07-30 08:00:25,400.400] DEBUG    [MainThread|MainProcess] websockets.client (protocol.py:read_frame:1177) | < TEXT '{"time":1753833625,"self_id":703263936,"post_ty...true},"interval":30000}' [148 bytes]
[2025-07-30 08:00:25,400.400] DEBUG    [MainThread|MainProcess] Logger (connect.py:on_message:43) | {'time': 1753833625, 'self_id': 703263936, 'post_type': 'meta_event', 'meta_event_type': 'heartbeat', 'status': {'online': True, 'good': True}, 'interval': 30000}
[2025-07-30 08:00:55,414.414] DEBUG    [MainThread|MainProcess] websockets.client (protocol.py:read_frame:1177) | < TEXT '{"time":1753833655,"self_id":703263936,"post_ty...true},"interval":30000}' [148 bytes]
[2025-07-30 08:00:55,414.414] DEBUG    [MainThread|MainProcess] Logger (connect.py:on_message:43) | {'time': 1753833655, 'self_id': 703263936, 'post_type': 'meta_event', 'meta_event_type': 'heartbeat', 'status': {'online': True, 'good': True}, 'interval': 30000}
[2025-07-30 08:01:25,427.427] DEBUG    [MainThread|MainProcess] websockets.client (protocol.py:read_frame:1177) | < TEXT '{"time":1753833685,"self_id":703263936,"post_ty...true},"interval":30000}' [148 bytes]
[2025-07-30 08:01:25,427.427] DEBUG    [MainThread|MainProcess] Logger (connect.py:on_message:43) | {'time': 1753833685, 'self_id': 703263936, 'post_type': 'meta_event', 'meta_event_type': 'heartbeat', 'status': {'online': True, 'good': True}, 'interval': 30000}
[2025-07-30 08:01:55,441.441] DEBUG    [MainThread|MainProcess] websockets.client (protocol.py:read_frame:1177) | < TEXT '{"time":1753833715,"self_id":703263936,"post_ty...true},"interval":30000}' [148 bytes]
[2025-07-30 08:01:55,441.441] DEBUG    [MainThread|MainProcess] Logger (connect.py:on_message:43) | {'time': 1753833715, 'self_id': 703263936, 'post_type': 'meta_event', 'meta_event_type': 'heartbeat', 'status': {'online': True, 'good': True}, 'interval': 30000}
[2025-07-30 08:02:25,455.455] DEBUG    [MainThread|MainProcess] websockets.client (protocol.py:read_frame:1177) | < TEXT '{"time":1753833745,"self_id":703263936,"post_ty...true},"interval":30000}' [148 bytes]
[2025-07-30 08:02:25,456.456] DEBUG    [MainThread|MainProcess] Logger (connect.py:on_message:43) | {'time': 1753833745, 'self_id': 703263936, 'post_type': 'meta_event', 'meta_event_type': 'heartbeat', 'status': {'online': True, 'good': True}, 'interval': 30000}
[2025-07-30 08:02:55,470.470] DEBUG    [MainThread|MainProcess] websockets.client (protocol.py:read_frame:1177) | < TEXT '{"time":1753833775,"self_id":703263936,"post_ty...true},"interval":30000}' [148 bytes]
[2025-07-30 08:02:55,470.470] DEBUG    [MainThread|MainProcess] Logger (connect.py:on_message:43) | {'time': 1753833775, 'self_id': 703263936, 'post_type': 'meta_event', 'meta_event_type': 'heartbeat', 'status': {'online': True, 'good': True}, 'interval': 30000}
[2025-07-30 08:03:25,483.483] DEBUG    [MainThread|MainProcess] websockets.client (protocol.py:read_frame:1177) | < TEXT '{"time":1753833805,"self_id":703263936,"post_ty...true},"interval":30000}' [148 bytes]
[2025-07-30 08:03:25,483.483] DEBUG    [MainThread|MainProcess] Logger (connect.py:on_message:43) | {'time': 1753833805, 'self_id': 703263936, 'post_type': 'meta_event', 'meta_event_type': 'heartbeat', 'status': {'online': True, 'good': True}, 'interval': 30000}
[2025-07-30 08:03:55,496.496] DEBUG    [MainThread|MainProcess] websockets.client (protocol.py:read_frame:1177) | < TEXT '{"time":1753833835,"self_id":703263936,"post_ty...true},"interval":30000}' [148 bytes]
[2025-07-30 08:03:55,496.496] DEBUG    [MainThread|MainProcess] Logger (connect.py:on_message:43) | {'time': 1753833835, 'self_id': 703263936, 'post_type': 'meta_event', 'meta_event_type': 'heartbeat', 'status': {'online': True, 'good': True}, 'interval': 30000}
[2025-07-30 08:04:25,509.509] DEBUG    [MainThread|MainProcess] websockets.client (protocol.py:read_frame:1177) | < TEXT '{"time":1753833865,"self_id":703263936,"post_ty...true},"interval":30000}' [148 bytes]
[2025-07-30 08:04:25,510.510] DEBUG    [MainThread|MainProcess] Logger (connect.py:on_message:43) | {'time': 1753833865, 'self_id': 703263936, 'post_type': 'meta_event', 'meta_event_type': 'heartbeat', 'status': {'online': True, 'good': True}, 'interval': 30000}
[2025-07-30 08:04:55,512.512] DEBUG    [MainThread|MainProcess] websockets.client (protocol.py:read_frame:1177) | < TEXT '{"time":1753833895,"self_id":703263936,"post_ty...true},"interval":30000}' [148 bytes]
[2025-07-30 08:04:55,512.512] DEBUG    [MainThread|MainProcess] Logger (connect.py:on_message:43) | {'time': 1753833895, 'self_id': 703263936, 'post_type': 'meta_event', 'meta_event_type': 'heartbeat', 'status': {'online': True, 'good': True}, 'interval': 30000}
[2025-07-30 08:05:25,518.518] DEBUG    [MainThread|MainProcess] websockets.client (protocol.py:read_frame:1177) | < TEXT '{"time":1753833925,"self_id":703263936,"post_ty...true},"interval":30000}' [148 bytes]
[2025-07-30 08:05:25,518.518] DEBUG    [MainThread|MainProcess] Logger (connect.py:on_message:43) | {'time': 1753833925, 'self_id': 703263936, 'post_type': 'meta_event', 'meta_event_type': 'heartbeat', 'status': {'online': True, 'good': True}, 'interval': 30000}
[2025-07-30 08:05:55,524.524] DEBUG    [MainThread|MainProcess] websockets.client (protocol.py:read_frame:1177) | < TEXT '{"time":1753833955,"self_id":703263936,"post_ty...true},"interval":30000}' [148 bytes]
[2025-07-30 08:05:55,524.524] DEBUG    [MainThread|MainProcess] Logger (connect.py:on_message:43) | {'time': 1753833955, 'self_id': 703263936, 'post_type': 'meta_event', 'meta_event_type': 'heartbeat', 'status': {'online': True, 'good': True}, 'interval': 30000}
[2025-07-30 08:06:25,527.527] DEBUG    [MainThread|MainProcess] websockets.client (protocol.py:read_frame:1177) | < TEXT '{"time":1753833985,"self_id":703263936,"post_ty...true},"interval":30000}' [148 bytes]
[2025-07-30 08:06:25,527.527] DEBUG    [MainThread|MainProcess] Logger (connect.py:on_message:43) | {'time': 1753833985, 'self_id': 703263936, 'post_type': 'meta_event', 'meta_event_type': 'heartbeat', 'status': {'online': True, 'good': True}, 'interval': 30000}
[2025-07-30 08:06:55,532.532] DEBUG    [MainThread|MainProcess] websockets.client (protocol.py:read_frame:1177) | < TEXT '{"time":1753834015,"self_id":703263936,"post_ty...true},"interval":30000}' [148 bytes]
[2025-07-30 08:06:55,532.532] DEBUG    [MainThread|MainProcess] Logger (connect.py:on_message:43) | {'time': 1753834015, 'self_id': 703263936, 'post_type': 'meta_event', 'meta_event_type': 'heartbeat', 'status': {'online': True, 'good': True}, 'interval': 30000}
[2025-07-30 08:07:25,546.546] DEBUG    [MainThread|MainProcess] websockets.client (protocol.py:read_frame:1177) | < TEXT '{"time":1753834045,"self_id":703263936,"post_ty...true},"interval":30000}' [148 bytes]
[2025-07-30 08:07:25,546.546] DEBUG    [MainThread|MainProcess] Logger (connect.py:on_message:43) | {'time': 1753834045, 'self_id': 703263936, 'post_type': 'meta_event', 'meta_event_type': 'heartbeat', 'status': {'online': True, 'good': True}, 'interval': 30000}
[2025-07-30 08:07:55,559.559] DEBUG    [MainThread|MainProcess] websockets.client (protocol.py:read_frame:1177) | < TEXT '{"time":1753834075,"self_id":703263936,"post_ty...true},"interval":30000}' [148 bytes]
[2025-07-30 08:07:55,559.559] DEBUG    [MainThread|MainProcess] Logger (connect.py:on_message:43) | {'time': 1753834075, 'self_id': 703263936, 'post_type': 'meta_event', 'meta_event_type': 'heartbeat', 'status': {'online': True, 'good': True}, 'interval': 30000}
[2025-07-30 08:08:25,570.570] DEBUG    [MainThread|MainProcess] websockets.client (protocol.py:read_frame:1177) | < TEXT '{"time":1753834105,"self_id":703263936,"post_ty...true},"interval":30000}' [148 bytes]
[2025-07-30 08:08:25,570.570] DEBUG    [MainThread|MainProcess] Logger (connect.py:on_message:43) | {'time': 1753834105, 'self_id': 703263936, 'post_type': 'meta_event', 'meta_event_type': 'heartbeat', 'status': {'online': True, 'good': True}, 'interval': 30000}
[2025-07-30 08:08:55,576.576] DEBUG    [MainThread|MainProcess] websockets.client (protocol.py:read_frame:1177) | < TEXT '{"time":1753834135,"self_id":703263936,"post_ty...true},"interval":30000}' [148 bytes]
[2025-07-30 08:08:55,576.576] DEBUG    [MainThread|MainProcess] Logger (connect.py:on_message:43) | {'time': 1753834135, 'self_id': 703263936, 'post_type': 'meta_event', 'meta_event_type': 'heartbeat', 'status': {'online': True, 'good': True}, 'interval': 30000}
[2025-07-30 08:09:25,586.586] DEBUG    [MainThread|MainProcess] websockets.client (protocol.py:read_frame:1177) | < TEXT '{"time":1753834165,"self_id":703263936,"post_ty...true},"interval":30000}' [148 bytes]
[2025-07-30 08:09:25,586.586] DEBUG    [MainThread|MainProcess] Logger (connect.py:on_message:43) | {'time': 1753834165, 'self_id': 703263936, 'post_type': 'meta_event', 'meta_event_type': 'heartbeat', 'status': {'online': True, 'good': True}, 'interval': 30000}
[2025-07-30 08:09:55,586.586] DEBUG    [MainThread|MainProcess] websockets.client (protocol.py:read_frame:1177) | < TEXT '{"time":1753834195,"self_id":703263936,"post_ty...true},"interval":30000}' [148 bytes]
[2025-07-30 08:09:55,586.586] DEBUG    [MainThread|MainProcess] Logger (connect.py:on_message:43) | {'time': 1753834195, 'self_id': 703263936, 'post_type': 'meta_event', 'meta_event_type': 'heartbeat', 'status': {'online': True, 'good': True}, 'interval': 30000}
[2025-07-30 08:10:25,599.599] DEBUG    [MainThread|MainProcess] websockets.client (protocol.py:read_frame:1177) | < TEXT '{"time":1753834225,"self_id":703263936,"post_ty...true},"interval":30000}' [148 bytes]
[2025-07-30 08:10:25,599.599] DEBUG    [MainThread|MainProcess] Logger (connect.py:on_message:43) | {'time': 1753834225, 'self_id': 703263936, 'post_type': 'meta_event', 'meta_event_type': 'heartbeat', 'status': {'online': True, 'good': True}, 'interval': 30000}
[2025-07-30 08:10:55,606.606] DEBUG    [MainThread|MainProcess] websockets.client (protocol.py:read_frame:1177) | < TEXT '{"time":1753834255,"self_id":703263936,"post_ty...true},"interval":30000}' [148 bytes]
[2025-07-30 08:10:55,606.606] DEBUG    [MainThread|MainProcess] Logger (connect.py:on_message:43) | {'time': 1753834255, 'self_id': 703263936, 'post_type': 'meta_event', 'meta_event_type': 'heartbeat', 'status': {'online': True, 'good': True}, 'interval': 30000}
[2025-07-30 08:11:25,619.619] DEBUG    [MainThread|MainProcess] websockets.client (protocol.py:read_frame:1177) | < TEXT '{"time":1753834285,"self_id":703263936,"post_ty...true},"interval":30000}' [148 bytes]
[2025-07-30 08:11:25,619.619] DEBUG    [MainThread|MainProcess] Logger (connect.py:on_message:43) | {'time': 1753834285, 'self_id': 703263936, 'post_type': 'meta_event', 'meta_event_type': 'heartbeat', 'status': {'online': True, 'good': True}, 'interval': 30000}
[2025-07-30 08:11:55,626.626] DEBUG    [MainThread|MainProcess] websockets.client (protocol.py:read_frame:1177) | < TEXT '{"time":1753834315,"self_id":703263936,"post_ty...true},"interval":30000}' [148 bytes]
[2025-07-30 08:11:55,626.626] DEBUG    [MainThread|MainProcess] Logger (connect.py:on_message:43) | {'time': 1753834315, 'self_id': 703263936, 'post_type': 'meta_event', 'meta_event_type': 'heartbeat', 'status': {'online': True, 'good': True}, 'interval': 30000}
[2025-07-30 08:12:25,630.630] DEBUG    [MainThread|MainProcess] websockets.client (protocol.py:read_frame:1177) | < TEXT '{"time":1753834345,"self_id":703263936,"post_ty...true},"interval":30000}' [148 bytes]
[2025-07-30 08:12:25,631.631] DEBUG    [MainThread|MainProcess] Logger (connect.py:on_message:43) | {'time': 1753834345, 'self_id': 703263936, 'post_type': 'meta_event', 'meta_event_type': 'heartbeat', 'status': {'online': True, 'good': True}, 'interval': 30000}
[2025-07-30 08:12:55,641.641] DEBUG    [MainThread|MainProcess] websockets.client (protocol.py:read_frame:1177) | < TEXT '{"time":1753834375,"self_id":703263936,"post_ty...true},"interval":30000}' [148 bytes]
[2025-07-30 08:12:55,641.641] DEBUG    [MainThread|MainProcess] Logger (connect.py:on_message:43) | {'time': 1753834375, 'self_id': 703263936, 'post_type': 'meta_event', 'meta_event_type': 'heartbeat', 'status': {'online': True, 'good': True}, 'interval': 30000}
[2025-07-30 08:13:25,653.653] DEBUG    [MainThread|MainProcess] websockets.client (protocol.py:read_frame:1177) | < TEXT '{"time":1753834405,"self_id":703263936,"post_ty...true},"interval":30000}' [148 bytes]
[2025-07-30 08:13:25,653.653] DEBUG    [MainThread|MainProcess] Logger (connect.py:on_message:43) | {'time': 1753834405, 'self_id': 703263936, 'post_type': 'meta_event', 'meta_event_type': 'heartbeat', 'status': {'online': True, 'good': True}, 'interval': 30000}
[2025-07-30 08:13:55,666.666] DEBUG    [MainThread|MainProcess] websockets.client (protocol.py:read_frame:1177) | < TEXT '{"time":1753834435,"self_id":703263936,"post_ty...true},"interval":30000}' [148 bytes]
[2025-07-30 08:13:55,666.666] DEBUG    [MainThread|MainProcess] Logger (connect.py:on_message:43) | {'time': 1753834435, 'self_id': 703263936, 'post_type': 'meta_event', 'meta_event_type': 'heartbeat', 'status': {'online': True, 'good': True}, 'interval': 30000}
[2025-07-30 08:14:25,678.678] DEBUG    [MainThread|MainProcess] websockets.client (protocol.py:read_frame:1177) | < TEXT '{"time":1753834465,"self_id":703263936,"post_ty...true},"interval":30000}' [148 bytes]
[2025-07-30 08:14:25,678.678] DEBUG    [MainThread|MainProcess] Logger (connect.py:on_message:43) | {'time': 1753834465, 'self_id': 703263936, 'post_type': 'meta_event', 'meta_event_type': 'heartbeat', 'status': {'online': True, 'good': True}, 'interval': 30000}
[2025-07-30 08:14:55,691.691] DEBUG    [MainThread|MainProcess] websockets.client (protocol.py:read_frame:1177) | < TEXT '{"time":1753834495,"self_id":703263936,"post_ty...true},"interval":30000}' [148 bytes]
[2025-07-30 08:14:55,691.691] DEBUG    [MainThread|MainProcess] Logger (connect.py:on_message:43) | {'time': 1753834495, 'self_id': 703263936, 'post_type': 'meta_event', 'meta_event_type': 'heartbeat', 'status': {'online': True, 'good': True}, 'interval': 30000}
[2025-07-30 08:15:25,706.706] DEBUG    [MainThread|MainProcess] websockets.client (protocol.py:read_frame:1177) | < TEXT '{"time":1753834525,"self_id":703263936,"post_ty...true},"interval":30000}' [148 bytes]
[2025-07-30 08:15:25,706.706] DEBUG    [MainThread|MainProcess] Logger (connect.py:on_message:43) | {'time': 1753834525, 'self_id': 703263936, 'post_type': 'meta_event', 'meta_event_type': 'heartbeat', 'status': {'online': True, 'good': True}, 'interval': 30000}
[2025-07-30 08:15:55,720.720] DEBUG    [MainThread|MainProcess] websockets.client (protocol.py:read_frame:1177) | < TEXT '{"time":1753834555,"self_id":703263936,"post_ty...true},"interval":30000}' [148 bytes]
[2025-07-30 08:15:55,720.720] DEBUG    [MainThread|MainProcess] Logger (connect.py:on_message:43) | {'time': 1753834555, 'self_id': 703263936, 'post_type': 'meta_event', 'meta_event_type': 'heartbeat', 'status': {'online': True, 'good': True}, 'interval': 30000}
[2025-07-30 08:16:25,733.733] DEBUG    [MainThread|MainProcess] websockets.client (protocol.py:read_frame:1177) | < TEXT '{"time":1753834585,"self_id":703263936,"post_ty...true},"interval":30000}' [148 bytes]
[2025-07-30 08:16:25,733.733] DEBUG    [MainThread|MainProcess] Logger (connect.py:on_message:43) | {'time': 1753834585, 'self_id': 703263936, 'post_type': 'meta_event', 'meta_event_type': 'heartbeat', 'status': {'online': True, 'good': True}, 'interval': 30000}
[2025-07-30 08:16:55,746.746] DEBUG    [MainThread|MainProcess] websockets.client (protocol.py:read_frame:1177) | < TEXT '{"time":1753834615,"self_id":703263936,"post_ty...true},"interval":30000}' [148 bytes]
[2025-07-30 08:16:55,746.746] DEBUG    [MainThread|MainProcess] Logger (connect.py:on_message:43) | {'time': 1753834615, 'self_id': 703263936, 'post_type': 'meta_event', 'meta_event_type': 'heartbeat', 'status': {'online': True, 'good': True}, 'interval': 30000}
[2025-07-30 08:17:25,747.747] DEBUG    [MainThread|MainProcess] websockets.client (protocol.py:read_frame:1177) | < TEXT '{"time":1753834645,"self_id":703263936,"post_ty...true},"interval":30000}' [148 bytes]
[2025-07-30 08:17:25,747.747] DEBUG    [MainThread|MainProcess] Logger (connect.py:on_message:43) | {'time': 1753834645, 'self_id': 703263936, 'post_type': 'meta_event', 'meta_event_type': 'heartbeat', 'status': {'online': True, 'good': True}, 'interval': 30000}
[2025-07-30 08:17:55,760.760] DEBUG    [MainThread|MainProcess] websockets.client (protocol.py:read_frame:1177) | < TEXT '{"time":1753834675,"self_id":703263936,"post_ty...true},"interval":30000}' [148 bytes]
[2025-07-30 08:17:55,760.760] DEBUG    [MainThread|MainProcess] Logger (connect.py:on_message:43) | {'time': 1753834675, 'self_id': 703263936, 'post_type': 'meta_event', 'meta_event_type': 'heartbeat', 'status': {'online': True, 'good': True}, 'interval': 30000}
[2025-07-30 08:18:25,762.762] DEBUG    [MainThread|MainProcess] websockets.client (protocol.py:read_frame:1177) | < TEXT '{"time":1753834705,"self_id":703263936,"post_ty...true},"interval":30000}' [148 bytes]
[2025-07-30 08:18:25,762.762] DEBUG    [MainThread|MainProcess] Logger (connect.py:on_message:43) | {'time': 1753834705, 'self_id': 703263936, 'post_type': 'meta_event', 'meta_event_type': 'heartbeat', 'status': {'online': True, 'good': True}, 'interval': 30000}
[2025-07-30 08:18:55,775.775] DEBUG    [MainThread|MainProcess] websockets.client (protocol.py:read_frame:1177) | < TEXT '{"time":1753834735,"self_id":703263936,"post_ty...true},"interval":30000}' [148 bytes]
[2025-07-30 08:18:55,775.775] DEBUG    [MainThread|MainProcess] Logger (connect.py:on_message:43) | {'time': 1753834735, 'self_id': 703263936, 'post_type': 'meta_event', 'meta_event_type': 'heartbeat', 'status': {'online': True, 'good': True}, 'interval': 30000}
[2025-07-30 08:19:25,785.785] DEBUG    [MainThread|MainProcess] websockets.client (protocol.py:read_frame:1177) | < TEXT '{"time":1753834765,"self_id":703263936,"post_ty...true},"interval":30000}' [148 bytes]
[2025-07-30 08:19:25,785.785] DEBUG    [MainThread|MainProcess] Logger (connect.py:on_message:43) | {'time': 1753834765, 'self_id': 703263936, 'post_type': 'meta_event', 'meta_event_type': 'heartbeat', 'status': {'online': True, 'good': True}, 'interval': 30000}
[2025-07-30 08:19:55,798.798] DEBUG    [MainThread|MainProcess] websockets.client (protocol.py:read_frame:1177) | < TEXT '{"time":1753834795,"self_id":703263936,"post_ty...true},"interval":30000}' [148 bytes]
[2025-07-30 08:19:55,798.798] DEBUG    [MainThread|MainProcess] Logger (connect.py:on_message:43) | {'time': 1753834795, 'self_id': 703263936, 'post_type': 'meta_event', 'meta_event_type': 'heartbeat', 'status': {'online': True, 'good': True}, 'interval': 30000}
[2025-07-30 08:20:25,812.812] DEBUG    [MainThread|MainProcess] websockets.client (protocol.py:read_frame:1177) | < TEXT '{"time":1753834825,"self_id":703263936,"post_ty...true},"interval":30000}' [148 bytes]
[2025-07-30 08:20:25,812.812] DEBUG    [MainThread|MainProcess] Logger (connect.py:on_message:43) | {'time': 1753834825, 'self_id': 703263936, 'post_type': 'meta_event', 'meta_event_type': 'heartbeat', 'status': {'online': True, 'good': True}, 'interval': 30000}
[2025-07-30 08:20:55,826.826] DEBUG    [MainThread|MainProcess] websockets.client (protocol.py:read_frame:1177) | < TEXT '{"time":1753834855,"self_id":703263936,"post_ty...true},"interval":30000}' [148 bytes]
[2025-07-30 08:20:55,826.826] DEBUG    [MainThread|MainProcess] Logger (connect.py:on_message:43) | {'time': 1753834855, 'self_id': 703263936, 'post_type': 'meta_event', 'meta_event_type': 'heartbeat', 'status': {'online': True, 'good': True}, 'interval': 30000}
[2025-07-30 08:21:25,839.839] DEBUG    [MainThread|MainProcess] websockets.client (protocol.py:read_frame:1177) | < TEXT '{"time":1753834885,"self_id":703263936,"post_ty...true},"interval":30000}' [148 bytes]
[2025-07-30 08:21:25,839.839] DEBUG    [MainThread|MainProcess] Logger (connect.py:on_message:43) | {'time': 1753834885, 'self_id': 703263936, 'post_type': 'meta_event', 'meta_event_type': 'heartbeat', 'status': {'online': True, 'good': True}, 'interval': 30000}
[2025-07-30 08:21:55,852.852] DEBUG    [MainThread|MainProcess] websockets.client (protocol.py:read_frame:1177) | < TEXT '{"time":1753834915,"self_id":703263936,"post_ty...true},"interval":30000}' [148 bytes]
[2025-07-30 08:21:55,852.852] DEBUG    [MainThread|MainProcess] Logger (connect.py:on_message:43) | {'time': 1753834915, 'self_id': 703263936, 'post_type': 'meta_event', 'meta_event_type': 'heartbeat', 'status': {'online': True, 'good': True}, 'interval': 30000}
[2025-07-30 08:22:25,869.869] DEBUG    [MainThread|MainProcess] websockets.client (protocol.py:read_frame:1177) | < TEXT '{"time":1753834945,"self_id":703263936,"post_ty...true},"interval":30000}' [148 bytes]
[2025-07-30 08:22:25,869.869] DEBUG    [MainThread|MainProcess] Logger (connect.py:on_message:43) | {'time': 1753834945, 'self_id': 703263936, 'post_type': 'meta_event', 'meta_event_type': 'heartbeat', 'status': {'online': True, 'good': True}, 'interval': 30000}
[2025-07-30 08:22:55,882.882] DEBUG    [MainThread|MainProcess] websockets.client (protocol.py:read_frame:1177) | < TEXT '{"time":1753834975,"self_id":703263936,"post_ty...true},"interval":30000}' [148 bytes]
[2025-07-30 08:22:55,882.882] DEBUG    [MainThread|MainProcess] Logger (connect.py:on_message:43) | {'time': 1753834975, 'self_id': 703263936, 'post_type': 'meta_event', 'meta_event_type': 'heartbeat', 'status': {'online': True, 'good': True}, 'interval': 30000}
[2025-07-30 08:23:25,898.898] DEBUG    [MainThread|MainProcess] websockets.client (protocol.py:read_frame:1177) | < TEXT '{"time":1753835005,"self_id":703263936,"post_ty...true},"interval":30000}' [148 bytes]
[2025-07-30 08:23:25,898.898] DEBUG    [MainThread|MainProcess] Logger (connect.py:on_message:43) | {'time': 1753835005, 'self_id': 703263936, 'post_type': 'meta_event', 'meta_event_type': 'heartbeat', 'status': {'online': True, 'good': True}, 'interval': 30000}
[2025-07-30 08:23:55,911.911] DEBUG    [MainThread|MainProcess] websockets.client (protocol.py:read_frame:1177) | < TEXT '{"time":1753835035,"self_id":703263936,"post_ty...true},"interval":30000}' [148 bytes]
[2025-07-30 08:23:55,911.911] DEBUG    [MainThread|MainProcess] Logger (connect.py:on_message:43) | {'time': 1753835035, 'self_id': 703263936, 'post_type': 'meta_event', 'meta_event_type': 'heartbeat', 'status': {'online': True, 'good': True}, 'interval': 30000}
[2025-07-30 08:24:25,922.922] DEBUG    [MainThread|MainProcess] websockets.client (protocol.py:read_frame:1177) | < TEXT '{"time":1753835065,"self_id":703263936,"post_ty...true},"interval":30000}' [148 bytes]
[2025-07-30 08:24:25,922.922] DEBUG    [MainThread|MainProcess] Logger (connect.py:on_message:43) | {'time': 1753835065, 'self_id': 703263936, 'post_type': 'meta_event', 'meta_event_type': 'heartbeat', 'status': {'online': True, 'good': True}, 'interval': 30000}
[2025-07-30 08:24:55,935.935] DEBUG    [MainThread|MainProcess] websockets.client (protocol.py:read_frame:1177) | < TEXT '{"time":1753835095,"self_id":703263936,"post_ty...true},"interval":30000}' [148 bytes]
[2025-07-30 08:24:55,935.935] DEBUG    [MainThread|MainProcess] Logger (connect.py:on_message:43) | {'time': 1753835095, 'self_id': 703263936, 'post_type': 'meta_event', 'meta_event_type': 'heartbeat', 'status': {'online': True, 'good': True}, 'interval': 30000}
[2025-07-30 08:25:25,937.937] DEBUG    [MainThread|MainProcess] websockets.client (protocol.py:read_frame:1177) | < TEXT '{"time":1753835125,"self_id":703263936,"post_ty...true},"interval":30000}' [148 bytes]
[2025-07-30 08:25:25,937.937] DEBUG    [MainThread|MainProcess] Logger (connect.py:on_message:43) | {'time': 1753835125, 'self_id': 703263936, 'post_type': 'meta_event', 'meta_event_type': 'heartbeat', 'status': {'online': True, 'good': True}, 'interval': 30000}
[2025-07-30 08:25:55,950.950] DEBUG    [MainThread|MainProcess] websockets.client (protocol.py:read_frame:1177) | < TEXT '{"time":1753835155,"self_id":703263936,"post_ty...true},"interval":30000}' [148 bytes]
[2025-07-30 08:25:55,950.950] DEBUG    [MainThread|MainProcess] Logger (connect.py:on_message:43) | {'time': 1753835155, 'self_id': 703263936, 'post_type': 'meta_event', 'meta_event_type': 'heartbeat', 'status': {'online': True, 'good': True}, 'interval': 30000}
[2025-07-30 08:26:25,951.951] DEBUG    [MainThread|MainProcess] websockets.client (protocol.py:read_frame:1177) | < TEXT '{"time":1753835185,"self_id":703263936,"post_ty...true},"interval":30000}' [148 bytes]
[2025-07-30 08:26:25,951.951] DEBUG    [MainThread|MainProcess] Logger (connect.py:on_message:43) | {'time': 1753835185, 'self_id': 703263936, 'post_type': 'meta_event', 'meta_event_type': 'heartbeat', 'status': {'online': True, 'good': True}, 'interval': 30000}
[2025-07-30 08:26:55,964.964] DEBUG    [MainThread|MainProcess] websockets.client (protocol.py:read_frame:1177) | < TEXT '{"time":1753835215,"self_id":703263936,"post_ty...true},"interval":30000}' [148 bytes]
[2025-07-30 08:26:55,964.964] DEBUG    [MainThread|MainProcess] Logger (connect.py:on_message:43) | {'time': 1753835215, 'self_id': 703263936, 'post_type': 'meta_event', 'meta_event_type': 'heartbeat', 'status': {'online': True, 'good': True}, 'interval': 30000}
[2025-07-30 08:27:25,978.978] DEBUG    [MainThread|MainProcess] websockets.client (protocol.py:read_frame:1177) | < TEXT '{"time":1753835245,"self_id":703263936,"post_ty...true},"interval":30000}' [148 bytes]
[2025-07-30 08:27:25,978.978] DEBUG    [MainThread|MainProcess] Logger (connect.py:on_message:43) | {'time': 1753835245, 'self_id': 703263936, 'post_type': 'meta_event', 'meta_event_type': 'heartbeat', 'status': {'online': True, 'good': True}, 'interval': 30000}
[2025-07-30 08:27:55,991.991] DEBUG    [MainThread|MainProcess] websockets.client (protocol.py:read_frame:1177) | < TEXT '{"time":1753835275,"self_id":703263936,"post_ty...true},"interval":30000}' [148 bytes]
[2025-07-30 08:27:55,991.991] DEBUG    [MainThread|MainProcess] Logger (connect.py:on_message:43) | {'time': 1753835275, 'self_id': 703263936, 'post_type': 'meta_event', 'meta_event_type': 'heartbeat', 'status': {'online': True, 'good': True}, 'interval': 30000}
[2025-07-30 08:28:26,002.002] DEBUG    [MainThread|MainProcess] websockets.client (protocol.py:read_frame:1177) | < TEXT '{"time":1753835306,"self_id":703263936,"post_ty...true},"interval":30000}' [148 bytes]
[2025-07-30 08:28:26,002.002] DEBUG    [MainThread|MainProcess] Logger (connect.py:on_message:43) | {'time': 1753835306, 'self_id': 703263936, 'post_type': 'meta_event', 'meta_event_type': 'heartbeat', 'status': {'online': True, 'good': True}, 'interval': 30000}
[2025-07-30 08:28:56,016.016] DEBUG    [MainThread|MainProcess] websockets.client (protocol.py:read_frame:1177) | < TEXT '{"time":1753835336,"self_id":703263936,"post_ty...true},"interval":30000}' [148 bytes]
[2025-07-30 08:28:56,016.016] DEBUG    [MainThread|MainProcess] Logger (connect.py:on_message:43) | {'time': 1753835336, 'self_id': 703263936, 'post_type': 'meta_event', 'meta_event_type': 'heartbeat', 'status': {'online': True, 'good': True}, 'interval': 30000}
[2025-07-30 08:29:26,017.017] DEBUG    [MainThread|MainProcess] websockets.client (protocol.py:read_frame:1177) | < TEXT '{"time":1753835366,"self_id":703263936,"post_ty...true},"interval":30000}' [148 bytes]
[2025-07-30 08:29:26,017.017] DEBUG    [MainThread|MainProcess] Logger (connect.py:on_message:43) | {'time': 1753835366, 'self_id': 703263936, 'post_type': 'meta_event', 'meta_event_type': 'heartbeat', 'status': {'online': True, 'good': True}, 'interval': 30000}
[2025-07-30 08:29:56,031.031] DEBUG    [MainThread|MainProcess] websockets.client (protocol.py:read_frame:1177) | < TEXT '{"time":1753835396,"self_id":703263936,"post_ty...true},"interval":30000}' [148 bytes]
[2025-07-30 08:29:56,031.031] DEBUG    [MainThread|MainProcess] Logger (connect.py:on_message:43) | {'time': 1753835396, 'self_id': 703263936, 'post_type': 'meta_event', 'meta_event_type': 'heartbeat', 'status': {'online': True, 'good': True}, 'interval': 30000}
[2025-07-30 08:30:26,451.451] DEBUG    [MainThread|MainProcess] websockets.client (protocol.py:read_frame:1177) | < TEXT '{"time":1753835426,"self_id":703263936,"post_ty...true},"interval":30000}' [148 bytes]
[2025-07-30 08:30:26,451.451] DEBUG    [MainThread|MainProcess] Logger (connect.py:on_message:43) | {'time': 1753835426, 'self_id': 703263936, 'post_type': 'meta_event', 'meta_event_type': 'heartbeat', 'status': {'online': True, 'good': True}, 'interval': 30000}
[2025-07-30 08:30:56,462.462] DEBUG    [MainThread|MainProcess] websockets.client (protocol.py:read_frame:1177) | < TEXT '{"time":1753835456,"self_id":703263936,"post_ty...true},"interval":30000}' [148 bytes]
[2025-07-30 08:30:56,462.462] DEBUG    [MainThread|MainProcess] Logger (connect.py:on_message:43) | {'time': 1753835456, 'self_id': 703263936, 'post_type': 'meta_event', 'meta_event_type': 'heartbeat', 'status': {'online': True, 'good': True}, 'interval': 30000}
[2025-07-30 08:31:26,473.473] DEBUG    [MainThread|MainProcess] websockets.client (protocol.py:read_frame:1177) | < TEXT '{"time":1753835486,"self_id":703263936,"post_ty...true},"interval":30000}' [148 bytes]
[2025-07-30 08:31:26,474.474] DEBUG    [MainThread|MainProcess] Logger (connect.py:on_message:43) | {'time': 1753835486, 'self_id': 703263936, 'post_type': 'meta_event', 'meta_event_type': 'heartbeat', 'status': {'online': True, 'good': True}, 'interval': 30000}
[2025-07-30 08:31:56,474.474] DEBUG    [MainThread|MainProcess] websockets.client (protocol.py:read_frame:1177) | < TEXT '{"time":1753835516,"self_id":703263936,"post_ty...true},"interval":30000}' [148 bytes]
[2025-07-30 08:31:56,474.474] DEBUG    [MainThread|MainProcess] Logger (connect.py:on_message:43) | {'time': 1753835516, 'self_id': 703263936, 'post_type': 'meta_event', 'meta_event_type': 'heartbeat', 'status': {'online': True, 'good': True}, 'interval': 30000}
[2025-07-30 08:32:26,487.487] DEBUG    [MainThread|MainProcess] websockets.client (protocol.py:read_frame:1177) | < TEXT '{"time":1753835546,"self_id":703263936,"post_ty...true},"interval":30000}' [148 bytes]
[2025-07-30 08:32:26,487.487] DEBUG    [MainThread|MainProcess] Logger (connect.py:on_message:43) | {'time': 1753835546, 'self_id': 703263936, 'post_type': 'meta_event', 'meta_event_type': 'heartbeat', 'status': {'online': True, 'good': True}, 'interval': 30000}
[2025-07-30 08:32:56,500.500] DEBUG    [MainThread|MainProcess] websockets.client (protocol.py:read_frame:1177) | < TEXT '{"time":1753835576,"self_id":703263936,"post_ty...true},"interval":30000}' [148 bytes]
[2025-07-30 08:32:56,500.500] DEBUG    [MainThread|MainProcess] Logger (connect.py:on_message:43) | {'time': 1753835576, 'self_id': 703263936, 'post_type': 'meta_event', 'meta_event_type': 'heartbeat', 'status': {'online': True, 'good': True}, 'interval': 30000}
[2025-07-30 08:33:26,501.501] DEBUG    [MainThread|MainProcess] websockets.client (protocol.py:read_frame:1177) | < TEXT '{"time":1753835606,"self_id":703263936,"post_ty...true},"interval":30000}' [148 bytes]
[2025-07-30 08:33:26,502.502] DEBUG    [MainThread|MainProcess] Logger (connect.py:on_message:43) | {'time': 1753835606, 'self_id': 703263936, 'post_type': 'meta_event', 'meta_event_type': 'heartbeat', 'status': {'online': True, 'good': True}, 'interval': 30000}
[2025-07-30 08:33:56,513.513] DEBUG    [MainThread|MainProcess] websockets.client (protocol.py:read_frame:1177) | < TEXT '{"time":1753835636,"self_id":703263936,"post_ty...true},"interval":30000}' [148 bytes]
[2025-07-30 08:33:56,513.513] DEBUG    [MainThread|MainProcess] Logger (connect.py:on_message:43) | {'time': 1753835636, 'self_id': 703263936, 'post_type': 'meta_event', 'meta_event_type': 'heartbeat', 'status': {'online': True, 'good': True}, 'interval': 30000}
[2025-07-30 08:34:26,521.521] DEBUG    [MainThread|MainProcess] websockets.client (protocol.py:read_frame:1177) | < TEXT '{"time":1753835666,"self_id":703263936,"post_ty...true},"interval":30000}' [148 bytes]
[2025-07-30 08:34:26,521.521] DEBUG    [MainThread|MainProcess] Logger (connect.py:on_message:43) | {'time': 1753835666, 'self_id': 703263936, 'post_type': 'meta_event', 'meta_event_type': 'heartbeat', 'status': {'online': True, 'good': True}, 'interval': 30000}
[2025-07-30 08:34:56,533.533] DEBUG    [MainThread|MainProcess] websockets.client (protocol.py:read_frame:1177) | < TEXT '{"time":1753835696,"self_id":703263936,"post_ty...true},"interval":30000}' [148 bytes]
[2025-07-30 08:34:56,533.533] DEBUG    [MainThread|MainProcess] Logger (connect.py:on_message:43) | {'time': 1753835696, 'self_id': 703263936, 'post_type': 'meta_event', 'meta_event_type': 'heartbeat', 'status': {'online': True, 'good': True}, 'interval': 30000}
[2025-07-30 08:35:26,543.543] DEBUG    [MainThread|MainProcess] websockets.client (protocol.py:read_frame:1177) | < TEXT '{"time":1753835726,"self_id":703263936,"post_ty...true},"interval":30000}' [148 bytes]
[2025-07-30 08:35:26,544.544] DEBUG    [MainThread|MainProcess] Logger (connect.py:on_message:43) | {'time': 1753835726, 'self_id': 703263936, 'post_type': 'meta_event', 'meta_event_type': 'heartbeat', 'status': {'online': True, 'good': True}, 'interval': 30000}
[2025-07-30 08:35:56,553.553] DEBUG    [MainThread|MainProcess] websockets.client (protocol.py:read_frame:1177) | < TEXT '{"time":1753835756,"self_id":703263936,"post_ty...true},"interval":30000}' [148 bytes]
[2025-07-30 08:35:56,553.553] DEBUG    [MainThread|MainProcess] Logger (connect.py:on_message:43) | {'time': 1753835756, 'self_id': 703263936, 'post_type': 'meta_event', 'meta_event_type': 'heartbeat', 'status': {'online': True, 'good': True}, 'interval': 30000}
[2025-07-30 08:36:26,564.564] DEBUG    [MainThread|MainProcess] websockets.client (protocol.py:read_frame:1177) | < TEXT '{"time":1753835786,"self_id":703263936,"post_ty...true},"interval":30000}' [148 bytes]
[2025-07-30 08:36:26,564.564] DEBUG    [MainThread|MainProcess] Logger (connect.py:on_message:43) | {'time': 1753835786, 'self_id': 703263936, 'post_type': 'meta_event', 'meta_event_type': 'heartbeat', 'status': {'online': True, 'good': True}, 'interval': 30000}
[2025-07-30 08:36:37,186.186] DEBUG    [MainThread|MainProcess] websockets.client (protocol.py:read_frame:1177) | < TEXT '{"self_id":703263936,"user_id":2585690555,"time...","group_id":465281893}' [469 bytes]
[2025-07-30 08:36:37,186.186] DEBUG    [MainThread|MainProcess] Logger (client.py:handle_group_event:67) | {'group_id': '465281893', 'user_id': '2585690555', 'message_type': 'group', 'sub_type': 'normal', 'font': '14', 'sender': "{'user_id': 2585690555, 'nickname': 'Yuze_Yaooo', 'card': 'Yuze_Yaooo'}", 'message_id': '2029772202', 'message_seq': '2029772202', 'real_id': '2029772202', 'message': "[{'type': 'text', 'data': {'text': 'print(Bye-bye, World!)'}}]", 'message_format': 'array'}
[2025-07-30 08:36:37,186.186] INFO     [MainThread|MainProcess] Logger (main.py:on_group_message:34) | {'group_id': '465281893', 'user_id': '2585690555', 'message_type': 'group', 'sub_type': 'normal', 'font': '14', 'sender': "{'user_id': 2585690555, 'nickname': 'Yuze_Yaooo', 'card': 'Yuze_Yaooo'}", 'message_id': '2029772202', 'message_seq': '2029772202', 'real_id': '2029772202', 'message': "[{'type': 'text', 'data': {'text': 'print(Bye-bye, World!)'}}]", 'message_format': 'array'}
[2025-07-30 08:36:56,574.574] DEBUG    [MainThread|MainProcess] websockets.client (protocol.py:read_frame:1177) | < TEXT '{"time":1753835816,"self_id":703263936,"post_ty...true},"interval":30000}' [148 bytes]
[2025-07-30 08:36:56,574.574] DEBUG    [MainThread|MainProcess] Logger (connect.py:on_message:43) | {'time': 1753835816, 'self_id': 703263936, 'post_type': 'meta_event', 'meta_event_type': 'heartbeat', 'status': {'online': True, 'good': True}, 'interval': 30000}
[2025-07-30 08:37:06,866.866] DEBUG    [MainThread|MainProcess] websockets.client (protocol.py:read_frame:1177) | < TEXT '{"self_id":703263936,"user_id":2585690555,"time...","group_id":465281893}' [445 bytes]
[2025-07-30 08:37:06,866.866] DEBUG    [MainThread|MainProcess] Logger (client.py:handle_group_event:67) | {'group_id': '465281893', 'user_id': '2585690555', 'message_type': 'group', 'sub_type': 'normal', 'font': '14', 'sender': "{'user_id': 2585690555, 'nickname': 'Yuze_Yaooo', 'card': 'Yuze_Yaooo'}", 'message_id': '1160953896', 'message_seq': '1160953896', 'real_id': '1160953896', 'message': "[{'type': 'text', 'data': {'text': '搜歌 423'}}]", 'message_format': 'array'}
[2025-07-30 08:37:06,913.913] INFO     [MainThread|MainProcess] Logger (main.py:on_group_message:34) | {'group_id': '465281893', 'user_id': '2585690555', 'message_type': 'group', 'sub_type': 'normal', 'font': '14', 'sender': "{'user_id': 2585690555, 'nickname': 'Yuze_Yaooo', 'card': 'Yuze_Yaooo'}", 'message_id': '1160953896', 'message_seq': '1160953896', 'real_id': '1160953896', 'message': "[{'type': 'text', 'data': {'text': '搜歌 423'}}]", 'message_format': 'array'}
[2025-07-30 08:37:06,929.929] DEBUG    [MainThread|MainProcess] urllib3.connectionpool (connectionpool.py:_new_conn:1022) | Starting new HTTPS connection (1): chunithm.sega.jp:443
[2025-07-30 08:37:07,871.871] DEBUG    [MainThread|MainProcess] urllib3.connectionpool (connectionpool.py:_make_request:475) | https://chunithm.sega.jp:443 "GET /storage/json/music.json HTTP/1.1" 200 None
[2025-07-30 08:37:08,199.199] DEBUG    [MainThread|MainProcess] websockets.client (protocol.py:__init__:256) | = connection is CONNECTING
[2025-07-30 08:37:08,214.214] DEBUG    [MainThread|MainProcess] websockets.client (client.py:write_http_request:114) | > GET /api HTTP/1.1
[2025-07-30 08:37:08,214.214] DEBUG    [MainThread|MainProcess] websockets.client (client.py:write_http_request:116) | > Host: localhost:8082
[2025-07-30 08:37:08,214.214] DEBUG    [MainThread|MainProcess] websockets.client (client.py:write_http_request:116) | > Upgrade: websocket
[2025-07-30 08:37:08,214.214] DEBUG    [MainThread|MainProcess] websockets.client (client.py:write_http_request:116) | > Connection: Upgrade
[2025-07-30 08:37:08,214.214] DEBUG    [MainThread|MainProcess] websockets.client (client.py:write_http_request:116) | > Sec-WebSocket-Key: fv/aY0G0G8ZBedmTGb6ohQ==
[2025-07-30 08:37:08,214.214] DEBUG    [MainThread|MainProcess] websockets.client (client.py:write_http_request:116) | > Sec-WebSocket-Version: 13
[2025-07-30 08:37:08,214.214] DEBUG    [MainThread|MainProcess] websockets.client (client.py:write_http_request:116) | > Sec-WebSocket-Extensions: permessage-deflate; client_max_window_bits
[2025-07-30 08:37:08,214.214] DEBUG    [MainThread|MainProcess] websockets.client (client.py:write_http_request:116) | > Content-Type: application/json
[2025-07-30 08:37:08,214.214] DEBUG    [MainThread|MainProcess] websockets.client (client.py:write_http_request:116) | > Authorization: Bearer chcat13201145
[2025-07-30 08:37:08,214.214] DEBUG    [MainThread|MainProcess] websockets.client (client.py:write_http_request:116) | > User-Agent: Python/3.10 websockets/10.4
[2025-07-30 08:37:08,214.214] DEBUG    [MainThread|MainProcess] websockets.client (client.py:read_http_response:147) | < HTTP/1.1 101 Switching Protocols
[2025-07-30 08:37:08,214.214] DEBUG    [MainThread|MainProcess] websockets.client (client.py:read_http_response:149) | < Upgrade: websocket
[2025-07-30 08:37:08,214.214] DEBUG    [MainThread|MainProcess] websockets.client (client.py:read_http_response:149) | < Connection: Upgrade
[2025-07-30 08:37:08,214.214] DEBUG    [MainThread|MainProcess] websockets.client (client.py:read_http_response:149) | < Sec-WebSocket-Accept: sAVWL0Xhee7jCmfGqLIM59hBivM=
[2025-07-30 08:37:08,214.214] DEBUG    [MainThread|MainProcess] websockets.client (protocol.py:connection_open:357) | = connection is OPEN
[2025-07-30 08:37:08,214.214] DEBUG    [MainThread|MainProcess] websockets.client (protocol.py:write_frame_sync:1183) | > TEXT '{"action": "send_group_msg", "params": {"group_...]}, "echo": 1753835828}' [166 bytes]
[2025-07-30 08:37:08,673.673] DEBUG    [MainThread|MainProcess] websockets.client (protocol.py:read_frame:1177) | < TEXT '{"status":"ok","retcode":0,"data":{"message_id"...":"","echo":1753835828}' [104 bytes]
[2025-07-30 08:37:08,673.673] DEBUG    [MainThread|MainProcess] websockets.client (protocol.py:write_close_frame:1232) | = connection is CLOSING
[2025-07-30 08:37:08,673.673] DEBUG    [MainThread|MainProcess] websockets.client (protocol.py:write_frame_sync:1183) | > CLOSE 1000 (OK) [2 bytes]
[2025-07-30 08:37:08,673.673] DEBUG    [MainThread|MainProcess] websockets.client (protocol.py:read_frame:1177) | < CLOSE 1000 (OK) [2 bytes]
[2025-07-30 08:37:08,673.673] DEBUG    [MainThread|MainProcess] websockets.client (protocol.py:connection_lost:1514) | = connection is CLOSED
[2025-07-30 08:37:08,673.673] DEBUG    [MainThread|MainProcess] Logger (api.py:check_and_log:32) | {'status': 'ok', 'retcode': 0, 'data': {'message_id': 1199994363}, 'message': '', 'wording': '', 'echo': 1753835828}
[2025-07-30 08:37:16,261.261] DEBUG    [MainThread|MainProcess] websockets.client (protocol.py:read_frame:1177) | < TEXT '{"self_id":703263936,"user_id":2585690555,"time...","group_id":465281893}' [449 bytes]
[2025-07-30 08:37:16,261.261] DEBUG    [MainThread|MainProcess] Logger (client.py:handle_group_event:67) | {'group_id': '465281893', 'user_id': '2585690555', 'message_type': 'group', 'sub_type': 'normal', 'font': '14', 'sender': "{'user_id': 2585690555, 'nickname': 'Yuze_Yaooo', 'card': 'Yuze_Yaooo'}", 'message_id': '1028207468', 'message_seq': '1028207468', 'real_id': '1028207468', 'message': "[{'type': 'text', 'data': {'text': '搜歌 Faded'}}]", 'message_format': 'array'}
[2025-07-30 08:37:16,261.261] INFO     [MainThread|MainProcess] Logger (main.py:on_group_message:34) | {'group_id': '465281893', 'user_id': '2585690555', 'message_type': 'group', 'sub_type': 'normal', 'font': '14', 'sender': "{'user_id': 2585690555, 'nickname': 'Yuze_Yaooo', 'card': 'Yuze_Yaooo'}", 'message_id': '1028207468', 'message_seq': '1028207468', 'real_id': '1028207468', 'message': "[{'type': 'text', 'data': {'text': '搜歌 Faded'}}]", 'message_format': 'array'}
[2025-07-30 08:37:16,261.261] DEBUG    [MainThread|MainProcess] urllib3.connectionpool (connectionpool.py:_new_conn:1022) | Starting new HTTPS connection (1): chunithm.sega.jp:443
[2025-07-30 08:37:16,922.922] DEBUG    [MainThread|MainProcess] urllib3.connectionpool (connectionpool.py:_make_request:475) | https://chunithm.sega.jp:443 "GET /storage/json/music.json HTTP/1.1" 200 None
[2025-07-30 08:37:17,297.297] DEBUG    [MainThread|MainProcess] websockets.client (protocol.py:__init__:256) | = connection is CONNECTING
[2025-07-30 08:37:17,297.297] DEBUG    [MainThread|MainProcess] websockets.client (client.py:write_http_request:114) | > GET /api HTTP/1.1
[2025-07-30 08:37:17,297.297] DEBUG    [MainThread|MainProcess] websockets.client (client.py:write_http_request:116) | > Host: localhost:8082
[2025-07-30 08:37:17,297.297] DEBUG    [MainThread|MainProcess] websockets.client (client.py:write_http_request:116) | > Upgrade: websocket
[2025-07-30 08:37:17,313.313] DEBUG    [MainThread|MainProcess] websockets.client (client.py:write_http_request:116) | > Connection: Upgrade
[2025-07-30 08:37:17,313.313] DEBUG    [MainThread|MainProcess] websockets.client (client.py:write_http_request:116) | > Sec-WebSocket-Key: j9+5GbjRLbKViH2A6gxIpQ==
[2025-07-30 08:37:17,313.313] DEBUG    [MainThread|MainProcess] websockets.client (client.py:write_http_request:116) | > Sec-WebSocket-Version: 13
[2025-07-30 08:37:17,313.313] DEBUG    [MainThread|MainProcess] websockets.client (client.py:write_http_request:116) | > Sec-WebSocket-Extensions: permessage-deflate; client_max_window_bits
[2025-07-30 08:37:17,313.313] DEBUG    [MainThread|MainProcess] websockets.client (client.py:write_http_request:116) | > Content-Type: application/json
[2025-07-30 08:37:17,314.314] DEBUG    [MainThread|MainProcess] websockets.client (client.py:write_http_request:116) | > Authorization: Bearer chcat13201145
[2025-07-30 08:37:17,314.314] DEBUG    [MainThread|MainProcess] websockets.client (client.py:write_http_request:116) | > User-Agent: Python/3.10 websockets/10.4
[2025-07-30 08:37:17,314.314] DEBUG    [MainThread|MainProcess] websockets.client (client.py:read_http_response:147) | < HTTP/1.1 101 Switching Protocols
[2025-07-30 08:37:17,314.314] DEBUG    [MainThread|MainProcess] websockets.client (client.py:read_http_response:149) | < Upgrade: websocket
[2025-07-30 08:37:17,314.314] DEBUG    [MainThread|MainProcess] websockets.client (client.py:read_http_response:149) | < Connection: Upgrade
[2025-07-30 08:37:17,314.314] DEBUG    [MainThread|MainProcess] websockets.client (client.py:read_http_response:149) | < Sec-WebSocket-Accept: IjthS0OMvXfQSvXup+GRmaekRkI=
[2025-07-30 08:37:17,314.314] DEBUG    [MainThread|MainProcess] websockets.client (protocol.py:connection_open:357) | = connection is OPEN
[2025-07-30 08:37:17,314.314] DEBUG    [MainThread|MainProcess] websockets.client (protocol.py:write_frame_sync:1183) | > TEXT '{"action": "send_group_msg", "params": {"group_...]}, "echo": 1753835837}' [166 bytes]
[2025-07-30 08:37:17,786.786] DEBUG    [MainThread|MainProcess] websockets.client (protocol.py:read_frame:1177) | < TEXT '{"status":"ok","retcode":0,"data":{"message_id"...":"","echo":1753835837}' [103 bytes]
[2025-07-30 08:37:17,786.786] DEBUG    [MainThread|MainProcess] websockets.client (protocol.py:write_close_frame:1232) | = connection is CLOSING
[2025-07-30 08:37:17,786.786] DEBUG    [MainThread|MainProcess] websockets.client (protocol.py:write_frame_sync:1183) | > CLOSE 1000 (OK) [2 bytes]
[2025-07-30 08:37:17,786.786] DEBUG    [MainThread|MainProcess] websockets.client (protocol.py:read_frame:1177) | < CLOSE 1000 (OK) [2 bytes]
[2025-07-30 08:37:17,786.786] DEBUG    [MainThread|MainProcess] websockets.client (protocol.py:connection_lost:1514) | = connection is CLOSED
[2025-07-30 08:37:17,786.786] DEBUG    [MainThread|MainProcess] Logger (api.py:check_and_log:32) | {'status': 'ok', 'retcode': 0, 'data': {'message_id': 678226699}, 'message': '', 'wording': '', 'echo': 1753835837}
[2025-07-30 08:37:26,586.586] DEBUG    [MainThread|MainProcess] websockets.client (protocol.py:read_frame:1177) | < TEXT '{"time":1753835846,"self_id":703263936,"post_ty...true},"interval":30000}' [148 bytes]
[2025-07-30 08:37:26,586.586] DEBUG    [MainThread|MainProcess] Logger (connect.py:on_message:43) | {'time': 1753835846, 'self_id': 703263936, 'post_type': 'meta_event', 'meta_event_type': 'heartbeat', 'status': {'online': True, 'good': True}, 'interval': 30000}
[2025-07-30 08:37:34,064.064] DEBUG    [MainThread|MainProcess] websockets.client (protocol.py:read_frame:1177) | < TEXT '{"self_id":703263936,"user_id":2585690555,"time...","group_id":465281893}' [454 bytes]
[2025-07-30 08:37:34,064.064] DEBUG    [MainThread|MainProcess] Logger (client.py:handle_group_event:67) | {'group_id': '465281893', 'user_id': '2585690555', 'message_type': 'group', 'sub_type': 'normal', 'font': '14', 'sender': "{'user_id': 2585690555, 'nickname': 'Yuze_Yaooo', 'card': 'Yuze_Yaooo'}", 'message_id': '313157629', 'message_seq': '313157629', 'real_id': '313157629', 'message': "[{'type': 'text', 'data': {'text': '搜歌 うぁぇ'}}]", 'message_format': 'array'}
[2025-07-30 08:37:34,064.064] INFO     [MainThread|MainProcess] Logger (main.py:on_group_message:34) | {'group_id': '465281893', 'user_id': '2585690555', 'message_type': 'group', 'sub_type': 'normal', 'font': '14', 'sender': "{'user_id': 2585690555, 'nickname': 'Yuze_Yaooo', 'card': 'Yuze_Yaooo'}", 'message_id': '313157629', 'message_seq': '313157629', 'real_id': '313157629', 'message': "[{'type': 'text', 'data': {'text': '搜歌 うぁぇ'}}]", 'message_format': 'array'}
[2025-07-30 08:37:34,064.064] DEBUG    [MainThread|MainProcess] urllib3.connectionpool (connectionpool.py:_new_conn:1022) | Starting new HTTPS connection (1): chunithm.sega.jp:443
[2025-07-30 08:37:34,650.650] DEBUG    [MainThread|MainProcess] urllib3.connectionpool (connectionpool.py:_make_request:475) | https://chunithm.sega.jp:443 "GET /storage/json/music.json HTTP/1.1" 200 None
[2025-07-30 08:37:34,944.944] DEBUG    [MainThread|MainProcess] websockets.client (protocol.py:__init__:256) | = connection is CONNECTING
[2025-07-30 08:37:34,944.944] DEBUG    [MainThread|MainProcess] websockets.client (client.py:write_http_request:114) | > GET /api HTTP/1.1
[2025-07-30 08:37:34,944.944] DEBUG    [MainThread|MainProcess] websockets.client (client.py:write_http_request:116) | > Host: localhost:8082
[2025-07-30 08:37:34,944.944] DEBUG    [MainThread|MainProcess] websockets.client (client.py:write_http_request:116) | > Upgrade: websocket
[2025-07-30 08:37:34,944.944] DEBUG    [MainThread|MainProcess] websockets.client (client.py:write_http_request:116) | > Connection: Upgrade
[2025-07-30 08:37:34,944.944] DEBUG    [MainThread|MainProcess] websockets.client (client.py:write_http_request:116) | > Sec-WebSocket-Key: 28GpAZA1AvgOeGPfkVObtg==
[2025-07-30 08:37:34,944.944] DEBUG    [MainThread|MainProcess] websockets.client (client.py:write_http_request:116) | > Sec-WebSocket-Version: 13
[2025-07-30 08:37:34,944.944] DEBUG    [MainThread|MainProcess] websockets.client (client.py:write_http_request:116) | > Sec-WebSocket-Extensions: permessage-deflate; client_max_window_bits
[2025-07-30 08:37:34,944.944] DEBUG    [MainThread|MainProcess] websockets.client (client.py:write_http_request:116) | > Content-Type: application/json
[2025-07-30 08:37:34,944.944] DEBUG    [MainThread|MainProcess] websockets.client (client.py:write_http_request:116) | > Authorization: Bearer chcat13201145
[2025-07-30 08:37:34,944.944] DEBUG    [MainThread|MainProcess] websockets.client (client.py:write_http_request:116) | > User-Agent: Python/3.10 websockets/10.4
[2025-07-30 08:37:34,944.944] DEBUG    [MainThread|MainProcess] websockets.client (client.py:read_http_response:147) | < HTTP/1.1 101 Switching Protocols
[2025-07-30 08:37:34,959.959] DEBUG    [MainThread|MainProcess] websockets.client (client.py:read_http_response:149) | < Upgrade: websocket
[2025-07-30 08:37:34,959.959] DEBUG    [MainThread|MainProcess] websockets.client (client.py:read_http_response:149) | < Connection: Upgrade
[2025-07-30 08:37:34,959.959] DEBUG    [MainThread|MainProcess] websockets.client (client.py:read_http_response:149) | < Sec-WebSocket-Accept: 6a7D7VQhb3AUX46zwbHUsh6FFyk=
[2025-07-30 08:37:34,959.959] DEBUG    [MainThread|MainProcess] websockets.client (protocol.py:connection_open:357) | = connection is OPEN
[2025-07-30 08:37:34,959.959] DEBUG    [MainThread|MainProcess] websockets.client (protocol.py:write_frame_sync:1183) | > TEXT '{"action": "send_group_msg", "params": {"group_...]}, "echo": 1753835854}' [166 bytes]
[2025-07-30 08:37:35,415.415] DEBUG    [MainThread|MainProcess] websockets.client (protocol.py:read_frame:1177) | < TEXT '{"status":"ok","retcode":0,"data":{"message_id"...":"","echo":1753835854}' [103 bytes]
[2025-07-30 08:37:35,415.415] DEBUG    [MainThread|MainProcess] websockets.client (protocol.py:write_close_frame:1232) | = connection is CLOSING
[2025-07-30 08:37:35,415.415] DEBUG    [MainThread|MainProcess] websockets.client (protocol.py:write_frame_sync:1183) | > CLOSE 1000 (OK) [2 bytes]
[2025-07-30 08:37:35,415.415] DEBUG    [MainThread|MainProcess] websockets.client (protocol.py:read_frame:1177) | < CLOSE 1000 (OK) [2 bytes]
[2025-07-30 08:37:35,415.415] DEBUG    [MainThread|MainProcess] websockets.client (protocol.py:connection_lost:1514) | = connection is CLOSED
[2025-07-30 08:37:35,415.415] DEBUG    [MainThread|MainProcess] Logger (api.py:check_and_log:32) | {'status': 'ok', 'retcode': 0, 'data': {'message_id': 718403860}, 'message': '', 'wording': '', 'echo': 1753835854}
[2025-07-30 08:37:54,363.363] DEBUG    [MainThread|MainProcess] websockets.client (protocol.py:read_frame:1177) | < TEXT '{"self_id":703263936,"user_id":2585690555,"time...","group_id":465281893}' [475 bytes]
[2025-07-30 08:37:54,363.363] DEBUG    [MainThread|MainProcess] Logger (client.py:handle_group_event:67) | {'group_id': '465281893', 'user_id': '2585690555', 'message_type': 'group', 'sub_type': 'normal', 'font': '14', 'sender': "{'user_id': 2585690555, 'nickname': 'Yuze_Yaooo', 'card': 'Yuze_Yaooo'}", 'message_id': '1016312396', 'message_seq': '1016312396', 'real_id': '1016312396', 'message': "[{'type': 'text', 'data': {'text': '搜歌 イェウいぁぇ'}}]", 'message_format': 'array'}
[2025-07-30 08:37:54,363.363] INFO     [MainThread|MainProcess] Logger (main.py:on_group_message:34) | {'group_id': '465281893', 'user_id': '2585690555', 'message_type': 'group', 'sub_type': 'normal', 'font': '14', 'sender': "{'user_id': 2585690555, 'nickname': 'Yuze_Yaooo', 'card': 'Yuze_Yaooo'}", 'message_id': '1016312396', 'message_seq': '1016312396', 'real_id': '1016312396', 'message': "[{'type': 'text', 'data': {'text': '搜歌 イェウいぁぇ'}}]", 'message_format': 'array'}
[2025-07-30 08:37:54,378.378] DEBUG    [MainThread|MainProcess] urllib3.connectionpool (connectionpool.py:_new_conn:1022) | Starting new HTTPS connection (1): chunithm.sega.jp:443
[2025-07-30 08:37:55,040.040] DEBUG    [MainThread|MainProcess] urllib3.connectionpool (connectionpool.py:_make_request:475) | https://chunithm.sega.jp:443 "GET /storage/json/music.json HTTP/1.1" 200 None
[2025-07-30 08:37:55,384.384] DEBUG    [MainThread|MainProcess] websockets.client (protocol.py:__init__:256) | = connection is CONNECTING
[2025-07-30 08:37:55,384.384] DEBUG    [MainThread|MainProcess] websockets.client (client.py:write_http_request:114) | > GET /api HTTP/1.1
[2025-07-30 08:37:55,384.384] DEBUG    [MainThread|MainProcess] websockets.client (client.py:write_http_request:116) | > Host: localhost:8082
[2025-07-30 08:37:55,384.384] DEBUG    [MainThread|MainProcess] websockets.client (client.py:write_http_request:116) | > Upgrade: websocket
[2025-07-30 08:37:55,384.384] DEBUG    [MainThread|MainProcess] websockets.client (client.py:write_http_request:116) | > Connection: Upgrade
[2025-07-30 08:37:55,384.384] DEBUG    [MainThread|MainProcess] websockets.client (client.py:write_http_request:116) | > Sec-WebSocket-Key: vKd7E5riKQVpdnhjD8K7Dg==
[2025-07-30 08:37:55,384.384] DEBUG    [MainThread|MainProcess] websockets.client (client.py:write_http_request:116) | > Sec-WebSocket-Version: 13
[2025-07-30 08:37:55,384.384] DEBUG    [MainThread|MainProcess] websockets.client (client.py:write_http_request:116) | > Sec-WebSocket-Extensions: permessage-deflate; client_max_window_bits
[2025-07-30 08:37:55,384.384] DEBUG    [MainThread|MainProcess] websockets.client (client.py:write_http_request:116) | > Content-Type: application/json
[2025-07-30 08:37:55,384.384] DEBUG    [MainThread|MainProcess] websockets.client (client.py:write_http_request:116) | > Authorization: Bearer chcat13201145
[2025-07-30 08:37:55,384.384] DEBUG    [MainThread|MainProcess] websockets.client (client.py:write_http_request:116) | > User-Agent: Python/3.10 websockets/10.4
[2025-07-30 08:37:55,384.384] DEBUG    [MainThread|MainProcess] websockets.client (client.py:read_http_response:147) | < HTTP/1.1 101 Switching Protocols
[2025-07-30 08:37:55,384.384] DEBUG    [MainThread|MainProcess] websockets.client (client.py:read_http_response:149) | < Upgrade: websocket
[2025-07-30 08:37:55,384.384] DEBUG    [MainThread|MainProcess] websockets.client (client.py:read_http_response:149) | < Connection: Upgrade
[2025-07-30 08:37:55,384.384] DEBUG    [MainThread|MainProcess] websockets.client (client.py:read_http_response:149) | < Sec-WebSocket-Accept: UnEVBhKBNaMVKUsT2CxAPA2hBRQ=
[2025-07-30 08:37:55,384.384] DEBUG    [MainThread|MainProcess] websockets.client (protocol.py:connection_open:357) | = connection is OPEN
[2025-07-30 08:37:55,384.384] DEBUG    [MainThread|MainProcess] websockets.client (protocol.py:write_frame_sync:1183) | > TEXT '{"action": "send_group_msg", "params": {"group_...]}, "echo": 1753835875}' [166 bytes]
[2025-07-30 08:37:55,981.981] DEBUG    [MainThread|MainProcess] websockets.client (protocol.py:read_frame:1177) | < TEXT '{"status":"ok","retcode":0,"data":{"message_id"...":"","echo":1753835875}' [103 bytes]
[2025-07-30 08:37:55,981.981] DEBUG    [MainThread|MainProcess] websockets.client (protocol.py:write_close_frame:1232) | = connection is CLOSING
[2025-07-30 08:37:55,981.981] DEBUG    [MainThread|MainProcess] websockets.client (protocol.py:write_frame_sync:1183) | > CLOSE 1000 (OK) [2 bytes]
[2025-07-30 08:37:55,981.981] DEBUG    [MainThread|MainProcess] websockets.client (protocol.py:read_frame:1177) | < CLOSE 1000 (OK) [2 bytes]
[2025-07-30 08:37:55,981.981] DEBUG    [MainThread|MainProcess] websockets.client (protocol.py:connection_lost:1514) | = connection is CLOSED
[2025-07-30 08:37:55,981.981] DEBUG    [MainThread|MainProcess] Logger (api.py:check_and_log:32) | {'status': 'ok', 'retcode': 0, 'data': {'message_id': 329170598}, 'message': '', 'wording': '', 'echo': 1753835875}
[2025-07-30 08:37:56,594.594] DEBUG    [MainThread|MainProcess] websockets.client (protocol.py:read_frame:1177) | < TEXT '{"time":1753835876,"self_id":703263936,"post_ty...true},"interval":30000}' [148 bytes]
[2025-07-30 08:37:56,594.594] DEBUG    [MainThread|MainProcess] Logger (connect.py:on_message:43) | {'time': 1753835876, 'self_id': 703263936, 'post_type': 'meta_event', 'meta_event_type': 'heartbeat', 'status': {'online': True, 'good': True}, 'interval': 30000}
[2025-07-30 08:38:26,605.605] DEBUG    [MainThread|MainProcess] websockets.client (protocol.py:read_frame:1177) | < TEXT '{"time":1753835906,"self_id":703263936,"post_ty...true},"interval":30000}' [148 bytes]
[2025-07-30 08:38:26,605.605] DEBUG    [MainThread|MainProcess] Logger (connect.py:on_message:43) | {'time': 1753835906, 'self_id': 703263936, 'post_type': 'meta_event', 'meta_event_type': 'heartbeat', 'status': {'online': True, 'good': True}, 'interval': 30000}
[2025-07-30 08:38:30,628.628] DEBUG    [MainThread|MainProcess] websockets.client (protocol.py:read_frame:1177) | < TEXT '{"self_id":703263936,"user_id":1095216448,"time...","group_id":465281893}' [508 bytes]
[2025-07-30 08:38:30,644.644] DEBUG    [MainThread|MainProcess] Logger (client.py:handle_group_event:67) | {'group_id': '465281893', 'user_id': '1095216448', 'message_type': 'group', 'sub_type': 'normal', 'font': '14', 'sender': "{'user_id': 1095216448, 'nickname': '冰如猫', 'card': '冰の猫'}", 'message_id': '660615154', 'message_seq': '660615154', 'real_id': '660615154', 'message': "[{'type': 'at', 'data': {'qq': '2585690555'}}, {'type': 'text', 'data': {'text': ' 中二节奏'}}]", 'message_format': 'array'}
[2025-07-30 08:38:30,644.644] INFO     [MainThread|MainProcess] Logger (main.py:on_group_message:34) | {'group_id': '465281893', 'user_id': '1095216448', 'message_type': 'group', 'sub_type': 'normal', 'font': '14', 'sender': "{'user_id': 1095216448, 'nickname': '冰如猫', 'card': '冰の猫'}", 'message_id': '660615154', 'message_seq': '660615154', 'real_id': '660615154', 'message': "[{'type': 'at', 'data': {'qq': '2585690555'}}, {'type': 'text', 'data': {'text': ' 中二节奏'}}]", 'message_format': 'array'}
[2025-07-30 08:38:46,261.261] DEBUG    [MainThread|MainProcess] websockets.client (protocol.py:read_frame:1177) | < TEXT '{"self_id":703263936,"user_id":2585690555,"time...","group_id":465281893}' [463 bytes]
[2025-07-30 08:38:46,261.261] DEBUG    [MainThread|MainProcess] Logger (client.py:handle_group_event:67) | {'group_id': '465281893', 'user_id': '2585690555', 'message_type': 'group', 'sub_type': 'normal', 'font': '14', 'sender': "{'user_id': 2585690555, 'nickname': 'Yuze_Yaooo', 'card': 'Yuze_Yaooo'}", 'message_id': '1251939506', 'message_seq': '1251939506', 'real_id': '1251939506', 'message': "[{'type': 'text', 'data': {'text': '搜歌 中二节奏'}}]", 'message_format': 'array'}
[2025-07-30 08:38:46,261.261] INFO     [MainThread|MainProcess] Logger (main.py:on_group_message:34) | {'group_id': '465281893', 'user_id': '2585690555', 'message_type': 'group', 'sub_type': 'normal', 'font': '14', 'sender': "{'user_id': 2585690555, 'nickname': 'Yuze_Yaooo', 'card': 'Yuze_Yaooo'}", 'message_id': '1251939506', 'message_seq': '1251939506', 'real_id': '1251939506', 'message': "[{'type': 'text', 'data': {'text': '搜歌 中二节奏'}}]", 'message_format': 'array'}
[2025-07-30 08:38:46,277.277] DEBUG    [MainThread|MainProcess] urllib3.connectionpool (connectionpool.py:_new_conn:1022) | Starting new HTTPS connection (1): chunithm.sega.jp:443
[2025-07-30 08:38:47,127.127] DEBUG    [MainThread|MainProcess] urllib3.connectionpool (connectionpool.py:_make_request:475) | https://chunithm.sega.jp:443 "GET /storage/json/music.json HTTP/1.1" 200 None
[2025-07-30 08:38:47,474.474] DEBUG    [MainThread|MainProcess] websockets.client (protocol.py:__init__:256) | = connection is CONNECTING
[2025-07-30 08:38:47,489.489] DEBUG    [MainThread|MainProcess] websockets.client (client.py:write_http_request:114) | > GET /api HTTP/1.1
[2025-07-30 08:38:47,489.489] DEBUG    [MainThread|MainProcess] websockets.client (client.py:write_http_request:116) | > Host: localhost:8082
[2025-07-30 08:38:47,489.489] DEBUG    [MainThread|MainProcess] websockets.client (client.py:write_http_request:116) | > Upgrade: websocket
[2025-07-30 08:38:47,489.489] DEBUG    [MainThread|MainProcess] websockets.client (client.py:write_http_request:116) | > Connection: Upgrade
[2025-07-30 08:38:47,489.489] DEBUG    [MainThread|MainProcess] websockets.client (client.py:write_http_request:116) | > Sec-WebSocket-Key: AgJRtBJObnXPRBcq4+9T3A==
[2025-07-30 08:38:47,489.489] DEBUG    [MainThread|MainProcess] websockets.client (client.py:write_http_request:116) | > Sec-WebSocket-Version: 13
[2025-07-30 08:38:47,489.489] DEBUG    [MainThread|MainProcess] websockets.client (client.py:write_http_request:116) | > Sec-WebSocket-Extensions: permessage-deflate; client_max_window_bits
[2025-07-30 08:38:47,489.489] DEBUG    [MainThread|MainProcess] websockets.client (client.py:write_http_request:116) | > Content-Type: application/json
[2025-07-30 08:38:47,489.489] DEBUG    [MainThread|MainProcess] websockets.client (client.py:write_http_request:116) | > Authorization: Bearer chcat13201145
[2025-07-30 08:38:47,489.489] DEBUG    [MainThread|MainProcess] websockets.client (client.py:write_http_request:116) | > User-Agent: Python/3.10 websockets/10.4
[2025-07-30 08:38:47,489.489] DEBUG    [MainThread|MainProcess] websockets.client (client.py:read_http_response:147) | < HTTP/1.1 101 Switching Protocols
[2025-07-30 08:38:47,489.489] DEBUG    [MainThread|MainProcess] websockets.client (client.py:read_http_response:149) | < Upgrade: websocket
[2025-07-30 08:38:47,489.489] DEBUG    [MainThread|MainProcess] websockets.client (client.py:read_http_response:149) | < Connection: Upgrade
[2025-07-30 08:38:47,489.489] DEBUG    [MainThread|MainProcess] websockets.client (client.py:read_http_response:149) | < Sec-WebSocket-Accept: FU1nETf4nZqaL68xPQjaXRXWMYc=
[2025-07-30 08:38:47,489.489] DEBUG    [MainThread|MainProcess] websockets.client (protocol.py:connection_open:357) | = connection is OPEN
[2025-07-30 08:38:47,489.489] DEBUG    [MainThread|MainProcess] websockets.client (protocol.py:write_frame_sync:1183) | > TEXT '{"action": "send_group_msg", "params": {"group_...]}, "echo": 1753835927}' [166 bytes]
[2025-07-30 08:38:47,948.948] DEBUG    [MainThread|MainProcess] websockets.client (protocol.py:read_frame:1177) | < TEXT '{"status":"ok","retcode":0,"data":{"message_id"...":"","echo":1753835927}' [104 bytes]
[2025-07-30 08:38:47,948.948] DEBUG    [MainThread|MainProcess] websockets.client (protocol.py:write_close_frame:1232) | = connection is CLOSING
[2025-07-30 08:38:47,948.948] DEBUG    [MainThread|MainProcess] websockets.client (protocol.py:write_frame_sync:1183) | > CLOSE 1000 (OK) [2 bytes]
[2025-07-30 08:38:47,948.948] DEBUG    [MainThread|MainProcess] websockets.client (protocol.py:read_frame:1177) | < CLOSE 1000 (OK) [2 bytes]
[2025-07-30 08:38:47,948.948] DEBUG    [MainThread|MainProcess] websockets.client (protocol.py:connection_lost:1514) | = connection is CLOSED
[2025-07-30 08:38:47,948.948] DEBUG    [MainThread|MainProcess] Logger (api.py:check_and_log:32) | {'status': 'ok', 'retcode': 0, 'data': {'message_id': 1862306046}, 'message': '', 'wording': '', 'echo': 1753835927}
[2025-07-30 08:38:56,617.617] DEBUG    [MainThread|MainProcess] websockets.client (protocol.py:read_frame:1177) | < TEXT '{"time":1753835936,"self_id":703263936,"post_ty...true},"interval":30000}' [148 bytes]
[2025-07-30 08:38:56,617.617] DEBUG    [MainThread|MainProcess] Logger (connect.py:on_message:43) | {'time': 1753835936, 'self_id': 703263936, 'post_type': 'meta_event', 'meta_event_type': 'heartbeat', 'status': {'online': True, 'good': True}, 'interval': 30000}
[2025-07-30 08:39:26,633.633] DEBUG    [MainThread|MainProcess] websockets.client (protocol.py:read_frame:1177) | < TEXT '{"time":1753835966,"self_id":703263936,"post_ty...true},"interval":30000}' [148 bytes]
[2025-07-30 08:39:26,634.634] DEBUG    [MainThread|MainProcess] Logger (connect.py:on_message:43) | {'time': 1753835966, 'self_id': 703263936, 'post_type': 'meta_event', 'meta_event_type': 'heartbeat', 'status': {'online': True, 'good': True}, 'interval': 30000}
[2025-07-30 08:39:55,446.446] DEBUG    [MainThread|MainProcess] websockets.client (protocol.py:read_frame:1177) | < TEXT '{"self_id":703263936,"user_id":3996382575,"time...","group_id":465281893}' [1050 bytes]
[2025-07-30 08:39:55,446.446] DEBUG    [MainThread|MainProcess] Logger (client.py:handle_group_event:67) | {'group_id': '465281893', 'user_id': '3996382575', 'message_type': 'group', 'sub_type': 'normal', 'font': '14', 'sender': "{'user_id': 3996382575, 'nickname': 'yuhaoya', 'card': ''}", 'message_id': '114416752', 'message_seq': '114416752', 'real_id': '114416752', 'message': "[{'type': 'image', 'data': {'summary': '', 'file': '942EACDA10AB44A18BFF835BC7B703F6.jpg', 'sub_type': 0, 'url': 'https://multimedia.nt.qq.com.cn/download?appid=1407&fileid=EhQxRfsgZ1ZkD8KyCT6WMc8h92KL0BiXRiD_Ciip-fmarOOOAzIEcHJvZFCAvaMBWhD5rey2XJIiwRVHpHkZWbuCegIuPw&rkey=CAQSMLdcqLXGpYMMEw37UmiWQBT4JTD5pwRMFnOOzb9C9_WP-JXdHwP9xYIVgZxmaYcFCg', 'file_size': '8983'}}]", 'message_format': 'array'}
[2025-07-30 08:39:55,446.446] INFO     [MainThread|MainProcess] Logger (main.py:on_group_message:34) | {'group_id': '465281893', 'user_id': '3996382575', 'message_type': 'group', 'sub_type': 'normal', 'font': '14', 'sender': "{'user_id': 3996382575, 'nickname': 'yuhaoya', 'card': ''}", 'message_id': '114416752', 'message_seq': '114416752', 'real_id': '114416752', 'message': "[{'type': 'image', 'data': {'summary': '', 'file': '942EACDA10AB44A18BFF835BC7B703F6.jpg', 'sub_type': 0, 'url': 'https://multimedia.nt.qq.com.cn/download?appid=1407&fileid=EhQxRfsgZ1ZkD8KyCT6WMc8h92KL0BiXRiD_Ciip-fmarOOOAzIEcHJvZFCAvaMBWhD5rey2XJIiwRVHpHkZWbuCegIuPw&rkey=CAQSMLdcqLXGpYMMEw37UmiWQBT4JTD5pwRMFnOOzb9C9_WP-JXdHwP9xYIVgZxmaYcFCg', 'file_size': '8983'}}]", 'message_format': 'array'}
[2025-07-30 08:39:56,636.636] DEBUG    [MainThread|MainProcess] websockets.client (protocol.py:read_frame:1177) | < TEXT '{"time":1753835996,"self_id":703263936,"post_ty...true},"interval":30000}' [148 bytes]
[2025-07-30 08:39:56,636.636] DEBUG    [MainThread|MainProcess] Logger (connect.py:on_message:43) | {'time': 1753835996, 'self_id': 703263936, 'post_type': 'meta_event', 'meta_event_type': 'heartbeat', 'status': {'online': True, 'good': True}, 'interval': 30000}
[2025-07-30 08:40:05,672.672] DEBUG    [MainThread|MainProcess] websockets.client (protocol.py:read_frame:1177) | < TEXT '{"self_id":703263936,"user_id":3996382575,"time...","group_id":465281893}' [445 bytes]
[2025-07-30 08:40:05,672.672] DEBUG    [MainThread|MainProcess] Logger (client.py:handle_group_event:67) | {'group_id': '465281893', 'user_id': '3996382575', 'message_type': 'group', 'sub_type': 'normal', 'font': '14', 'sender': "{'user_id': 3996382575, 'nickname': 'yuhaoya', 'card': ''}", 'message_id': '2036142023', 'message_seq': '2036142023', 'real_id': '2036142023', 'message': "[{'type': 'text', 'data': {'text': 'B站怎么回事'}}]", 'message_format': 'array'}
[2025-07-30 08:40:05,672.672] INFO     [MainThread|MainProcess] Logger (main.py:on_group_message:34) | {'group_id': '465281893', 'user_id': '3996382575', 'message_type': 'group', 'sub_type': 'normal', 'font': '14', 'sender': "{'user_id': 3996382575, 'nickname': 'yuhaoya', 'card': ''}", 'message_id': '2036142023', 'message_seq': '2036142023', 'real_id': '2036142023', 'message': "[{'type': 'text', 'data': {'text': 'B站怎么回事'}}]", 'message_format': 'array'}
[2025-07-30 08:40:13,560.560] DEBUG    [MainThread|MainProcess] websockets.client (protocol.py:read_frame:1177) | < TEXT '{"self_id":703263936,"user_id":3996382575,"time...","group_id":465281893}' [464 bytes]
[2025-07-30 08:40:13,560.560] DEBUG    [MainThread|MainProcess] Logger (client.py:handle_group_event:67) | {'group_id': '465281893', 'user_id': '3996382575', 'message_type': 'group', 'sub_type': 'normal', 'font': '14', 'sender': "{'user_id': 3996382575, 'nickname': 'yuhaoya', 'card': ''}", 'message_id': '735669197', 'message_seq': '735669197', 'real_id': '735669197', 'message': "[{'type': 'text', 'data': {'text': '关注别人给我弹这个'}}]", 'message_format': 'array'}
[2025-07-30 08:40:13,560.560] INFO     [MainThread|MainProcess] Logger (main.py:on_group_message:34) | {'group_id': '465281893', 'user_id': '3996382575', 'message_type': 'group', 'sub_type': 'normal', 'font': '14', 'sender': "{'user_id': 3996382575, 'nickname': 'yuhaoya', 'card': ''}", 'message_id': '735669197', 'message_seq': '735669197', 'real_id': '735669197', 'message': "[{'type': 'text', 'data': {'text': '关注别人给我弹这个'}}]", 'message_format': 'array'}
[2025-07-30 08:40:26,651.651] DEBUG    [MainThread|MainProcess] websockets.client (protocol.py:read_frame:1177) | < TEXT '{"time":1753836026,"self_id":703263936,"post_ty...true},"interval":30000}' [148 bytes]
[2025-07-30 08:40:26,651.651] DEBUG    [MainThread|MainProcess] Logger (connect.py:on_message:43) | {'time': 1753836026, 'self_id': 703263936, 'post_type': 'meta_event', 'meta_event_type': 'heartbeat', 'status': {'online': True, 'good': True}, 'interval': 30000}
[2025-07-30 08:40:26,666.666] DEBUG    [MainThread|MainProcess] websockets.client (protocol.py:read_frame:1177) | < TEXT '{"self_id":703263936,"user_id":1095216448,"time...","group_id":465281893}' [591 bytes]
[2025-07-30 08:40:26,666.666] DEBUG    [MainThread|MainProcess] Logger (client.py:handle_group_event:67) | {'group_id': '465281893', 'user_id': '1095216448', 'message_type': 'group', 'sub_type': 'normal', 'font': '14', 'sender': "{'user_id': 1095216448, 'nickname': '冰如猫', 'card': '冰の猫'}", 'message_id': '64228293', 'message_seq': '64228293', 'real_id': '64228293', 'message': "[{'type': 'reply', 'data': {'id': '1251939506'}}, {'type': 'at', 'data': {'qq': '2585690555'}}, {'type': 'text', 'data': {'text': ' 中二节奏是游戏'}}]", 'message_format': 'array'}
[2025-07-30 08:40:26,666.666] INFO     [MainThread|MainProcess] Logger (main.py:on_group_message:34) | {'group_id': '465281893', 'user_id': '1095216448', 'message_type': 'group', 'sub_type': 'normal', 'font': '14', 'sender': "{'user_id': 1095216448, 'nickname': '冰如猫', 'card': '冰の猫'}", 'message_id': '64228293', 'message_seq': '64228293', 'real_id': '64228293', 'message': "[{'type': 'reply', 'data': {'id': '1251939506'}}, {'type': 'at', 'data': {'qq': '2585690555'}}, {'type': 'text', 'data': {'text': ' 中二节奏是游戏'}}]", 'message_format': 'array'}
[2025-07-30 08:40:56,674.674] DEBUG    [MainThread|MainProcess] websockets.client (protocol.py:read_frame:1177) | < TEXT '{"time":1753836056,"self_id":703263936,"post_ty...true},"interval":30000}' [148 bytes]
[2025-07-30 08:40:56,674.674] DEBUG    [MainThread|MainProcess] Logger (connect.py:on_message:43) | {'time': 1753836056, 'self_id': 703263936, 'post_type': 'meta_event', 'meta_event_type': 'heartbeat', 'status': {'online': True, 'good': True}, 'interval': 30000}
[2025-07-30 08:40:58,042.042] DEBUG    [MainThread|MainProcess] websockets.client (protocol.py:read_frame:1177) | < TEXT '{"self_id":703263936,"user_id":1095216448,"time...","group_id":465281893}' [491 bytes]
[2025-07-30 08:40:58,042.042] DEBUG    [MainThread|MainProcess] Logger (client.py:handle_group_event:67) | {'group_id': '465281893', 'user_id': '1095216448', 'message_type': 'group', 'sub_type': 'normal', 'font': '14', 'sender': "{'user_id': 1095216448, 'nickname': '冰如猫', 'card': '冰の猫'}", 'message_id': '1800962587', 'message_seq': '1800962587', 'real_id': '1800962587', 'message': "[{'type': 'text', 'data': {'text': 'b站音游圈昨天发生大事了'}}]", 'message_format': 'array'}
[2025-07-30 08:40:58,042.042] INFO     [MainThread|MainProcess] Logger (main.py:on_group_message:34) | {'group_id': '465281893', 'user_id': '1095216448', 'message_type': 'group', 'sub_type': 'normal', 'font': '14', 'sender': "{'user_id': 1095216448, 'nickname': '冰如猫', 'card': '冰の猫'}", 'message_id': '1800962587', 'message_seq': '1800962587', 'real_id': '1800962587', 'message': "[{'type': 'text', 'data': {'text': 'b站音游圈昨天发生大事了'}}]", 'message_format': 'array'}
[2025-07-30 08:41:00,885.885] DEBUG    [MainThread|MainProcess] websockets.client (protocol.py:read_frame:1177) | < TEXT '{"self_id":703263936,"user_id":2585690555,"time...","group_id":465281893}' [445 bytes]
[2025-07-30 08:41:00,885.885] DEBUG    [MainThread|MainProcess] Logger (client.py:handle_group_event:67) | {'group_id': '465281893', 'user_id': '2585690555', 'message_type': 'group', 'sub_type': 'normal', 'font': '14', 'sender': "{'user_id': 2585690555, 'nickname': 'Yuze_Yaooo', 'card': 'Yuze_Yaooo'}", 'message_id': '1632415290', 'message_seq': '1632415290', 'real_id': '1632415290', 'message': "[{'type': 'text', 'data': {'text': '搜歌 虫'}}]", 'message_format': 'array'}
[2025-07-30 08:41:00,885.885] INFO     [MainThread|MainProcess] Logger (main.py:on_group_message:34) | {'group_id': '465281893', 'user_id': '2585690555', 'message_type': 'group', 'sub_type': 'normal', 'font': '14', 'sender': "{'user_id': 2585690555, 'nickname': 'Yuze_Yaooo', 'card': 'Yuze_Yaooo'}", 'message_id': '1632415290', 'message_seq': '1632415290', 'real_id': '1632415290', 'message': "[{'type': 'text', 'data': {'text': '搜歌 虫'}}]", 'message_format': 'array'}
[2025-07-30 08:41:00,901.901] DEBUG    [MainThread|MainProcess] urllib3.connectionpool (connectionpool.py:_new_conn:1022) | Starting new HTTPS connection (1): chunithm.sega.jp:443
[2025-07-30 08:41:01,640.640] DEBUG    [MainThread|MainProcess] urllib3.connectionpool (connectionpool.py:_make_request:475) | https://chunithm.sega.jp:443 "GET /storage/json/music.json HTTP/1.1" 200 None
[2025-07-30 08:41:02,015.015] DEBUG    [MainThread|MainProcess] websockets.client (protocol.py:__init__:256) | = connection is CONNECTING
[2025-07-30 08:41:02,015.015] DEBUG    [MainThread|MainProcess] websockets.client (client.py:write_http_request:114) | > GET /api HTTP/1.1
[2025-07-30 08:41:02,015.015] DEBUG    [MainThread|MainProcess] websockets.client (client.py:write_http_request:116) | > Host: localhost:8082
[2025-07-30 08:41:02,015.015] DEBUG    [MainThread|MainProcess] websockets.client (client.py:write_http_request:116) | > Upgrade: websocket
[2025-07-30 08:41:02,015.015] DEBUG    [MainThread|MainProcess] websockets.client (client.py:write_http_request:116) | > Connection: Upgrade
[2025-07-30 08:41:02,015.015] DEBUG    [MainThread|MainProcess] websockets.client (client.py:write_http_request:116) | > Sec-WebSocket-Key: bOfV6Bv4BcTq7/WYrQ1/YA==
[2025-07-30 08:41:02,015.015] DEBUG    [MainThread|MainProcess] websockets.client (client.py:write_http_request:116) | > Sec-WebSocket-Version: 13
[2025-07-30 08:41:02,015.015] DEBUG    [MainThread|MainProcess] websockets.client (client.py:write_http_request:116) | > Sec-WebSocket-Extensions: permessage-deflate; client_max_window_bits
[2025-07-30 08:41:02,015.015] DEBUG    [MainThread|MainProcess] websockets.client (client.py:write_http_request:116) | > Content-Type: application/json
[2025-07-30 08:41:02,015.015] DEBUG    [MainThread|MainProcess] websockets.client (client.py:write_http_request:116) | > Authorization: Bearer chcat13201145
[2025-07-30 08:41:02,015.015] DEBUG    [MainThread|MainProcess] websockets.client (client.py:write_http_request:116) | > User-Agent: Python/3.10 websockets/10.4
[2025-07-30 08:41:02,015.015] DEBUG    [MainThread|MainProcess] websockets.client (client.py:read_http_response:147) | < HTTP/1.1 101 Switching Protocols
[2025-07-30 08:41:02,015.015] DEBUG    [MainThread|MainProcess] websockets.client (client.py:read_http_response:149) | < Upgrade: websocket
[2025-07-30 08:41:02,015.015] DEBUG    [MainThread|MainProcess] websockets.client (client.py:read_http_response:149) | < Connection: Upgrade
[2025-07-30 08:41:02,015.015] DEBUG    [MainThread|MainProcess] websockets.client (client.py:read_http_response:149) | < Sec-WebSocket-Accept: wNU4sVjwpyT3wXVPXLRz2Qtyxqs=
[2025-07-30 08:41:02,015.015] DEBUG    [MainThread|MainProcess] websockets.client (protocol.py:connection_open:357) | = connection is OPEN
[2025-07-30 08:41:02,015.015] DEBUG    [MainThread|MainProcess] websockets.client (protocol.py:write_frame_sync:1183) | > TEXT '{"action": "send_group_msg", "params": {"group_...]}, "echo": 1753836062}' [166 bytes]
[2025-07-30 08:41:02,520.520] DEBUG    [MainThread|MainProcess] websockets.client (protocol.py:read_frame:1177) | < TEXT '{"status":"ok","retcode":0,"data":{"message_id"...":"","echo":1753836062}' [104 bytes]
[2025-07-30 08:41:02,520.520] DEBUG    [MainThread|MainProcess] websockets.client (protocol.py:write_close_frame:1232) | = connection is CLOSING
[2025-07-30 08:41:02,520.520] DEBUG    [MainThread|MainProcess] websockets.client (protocol.py:write_frame_sync:1183) | > CLOSE 1000 (OK) [2 bytes]
[2025-07-30 08:41:02,520.520] DEBUG    [MainThread|MainProcess] websockets.client (protocol.py:read_frame:1177) | < CLOSE 1000 (OK) [2 bytes]
[2025-07-30 08:41:02,520.520] DEBUG    [MainThread|MainProcess] websockets.client (protocol.py:connection_lost:1514) | = connection is CLOSED
[2025-07-30 08:41:02,520.520] DEBUG    [MainThread|MainProcess] Logger (api.py:check_and_log:32) | {'status': 'ok', 'retcode': 0, 'data': {'message_id': 1227968989}, 'message': '', 'wording': '', 'echo': 1753836062}
[2025-07-30 08:41:23,526.526] DEBUG    [MainThread|MainProcess] websockets.client (protocol.py:read_frame:1177) | < TEXT '{"self_id":703263936,"user_id":1095216448,"time...","group_id":465281893}' [621 bytes]
[2025-07-30 08:41:23,526.526] DEBUG    [MainThread|MainProcess] Logger (client.py:handle_group_event:67) | {'group_id': '465281893', 'user_id': '1095216448', 'message_type': 'group', 'sub_type': 'normal', 'font': '14', 'sender': "{'user_id': 1095216448, 'nickname': '冰如猫', 'card': '冰の猫'}", 'message_id': '1723309382', 'message_seq': '1723309382', 'real_id': '1723309382', 'message': "[{'type': 'reply', 'data': {'id': '1632415290'}}, {'type': 'at', 'data': {'qq': '2585690555'}}, {'type': 'text', 'data': {'text': ' 这搜歌只能搜中二节奏的'}}]", 'message_format': 'array'}
[2025-07-30 08:41:23,526.526] INFO     [MainThread|MainProcess] Logger (main.py:on_group_message:34) | {'group_id': '465281893', 'user_id': '1095216448', 'message_type': 'group', 'sub_type': 'normal', 'font': '14', 'sender': "{'user_id': 1095216448, 'nickname': '冰如猫', 'card': '冰の猫'}", 'message_id': '1723309382', 'message_seq': '1723309382', 'real_id': '1723309382', 'message': "[{'type': 'reply', 'data': {'id': '1632415290'}}, {'type': 'at', 'data': {'qq': '2585690555'}}, {'type': 'text', 'data': {'text': ' 这搜歌只能搜中二节奏的'}}]", 'message_format': 'array'}
[2025-07-30 08:41:26,686.686] DEBUG    [MainThread|MainProcess] websockets.client (protocol.py:read_frame:1177) | < TEXT '{"time":1753836086,"self_id":703263936,"post_ty...true},"interval":30000}' [148 bytes]
[2025-07-30 08:41:26,686.686] DEBUG    [MainThread|MainProcess] Logger (connect.py:on_message:43) | {'time': 1753836086, 'self_id': 703263936, 'post_type': 'meta_event', 'meta_event_type': 'heartbeat', 'status': {'online': True, 'good': True}, 'interval': 30000}
[2025-07-30 08:41:41,943.943] DEBUG    [MainThread|MainProcess] websockets.client (protocol.py:read_frame:1177) | < TEXT '{"self_id":703263936,"user_id":2585690555,"time...","group_id":465281893}' [483 bytes]
[2025-07-30 08:41:41,943.943] DEBUG    [MainThread|MainProcess] Logger (client.py:handle_group_event:67) | {'group_id': '465281893', 'user_id': '2585690555', 'message_type': 'group', 'sub_type': 'normal', 'font': '14', 'sender': "{'user_id': 2585690555, 'nickname': 'Yuze_Yaooo', 'card': 'Yuze_Yaooo'}", 'message_id': '61903497', 'message_seq': '61903497', 'real_id': '61903497', 'message': "[{'type': 'text', 'data': {'text': '怎么不能搜kugou和网易云'}}]", 'message_format': 'array'}
[2025-07-30 08:41:41,943.943] INFO     [MainThread|MainProcess] Logger (main.py:on_group_message:34) | {'group_id': '465281893', 'user_id': '2585690555', 'message_type': 'group', 'sub_type': 'normal', 'font': '14', 'sender': "{'user_id': 2585690555, 'nickname': 'Yuze_Yaooo', 'card': 'Yuze_Yaooo'}", 'message_id': '61903497', 'message_seq': '61903497', 'real_id': '61903497', 'message': "[{'type': 'text', 'data': {'text': '怎么不能搜kugou和网易云'}}]", 'message_format': 'array'}
[2025-07-30 08:41:56,697.697] DEBUG    [MainThread|MainProcess] websockets.client (protocol.py:read_frame:1177) | < TEXT '{"time":1753836116,"self_id":703263936,"post_ty...true},"interval":30000}' [148 bytes]
[2025-07-30 08:41:56,697.697] DEBUG    [MainThread|MainProcess] Logger (connect.py:on_message:43) | {'time': 1753836116, 'self_id': 703263936, 'post_type': 'meta_event', 'meta_event_type': 'heartbeat', 'status': {'online': True, 'good': True}, 'interval': 30000}
[2025-07-30 08:42:26,707.707] DEBUG    [MainThread|MainProcess] websockets.client (protocol.py:read_frame:1177) | < TEXT '{"time":1753836146,"self_id":703263936,"post_ty...true},"interval":30000}' [148 bytes]
[2025-07-30 08:42:26,707.707] DEBUG    [MainThread|MainProcess] Logger (connect.py:on_message:43) | {'time': 1753836146, 'self_id': 703263936, 'post_type': 'meta_event', 'meta_event_type': 'heartbeat', 'status': {'online': True, 'good': True}, 'interval': 30000}
[2025-07-30 08:42:28,233.233] DEBUG    [MainThread|MainProcess] websockets.client (protocol.py:read_frame:1177) | < TEXT '{"self_id":703263936,"user_id":1095216448,"time...","group_id":465281893}' [469 bytes]
[2025-07-30 08:42:28,233.233] DEBUG    [MainThread|MainProcess] Logger (client.py:handle_group_event:67) | {'group_id': '465281893', 'user_id': '1095216448', 'message_type': 'group', 'sub_type': 'normal', 'font': '14', 'sender': "{'user_id': 1095216448, 'nickname': '冰如猫', 'card': '冰の猫'}", 'message_id': '1208304379', 'message_seq': '1208304379', 'real_id': '1208304379', 'message': "[{'type': 'text', 'data': {'text': '搜歌 TECHNOPOLIS 2085'}}]", 'message_format': 'array'}
[2025-07-30 08:42:28,233.233] INFO     [MainThread|MainProcess] Logger (main.py:on_group_message:34) | {'group_id': '465281893', 'user_id': '1095216448', 'message_type': 'group', 'sub_type': 'normal', 'font': '14', 'sender': "{'user_id': 1095216448, 'nickname': '冰如猫', 'card': '冰の猫'}", 'message_id': '1208304379', 'message_seq': '1208304379', 'real_id': '1208304379', 'message': "[{'type': 'text', 'data': {'text': '搜歌 TECHNOPOLIS 2085'}}]", 'message_format': 'array'}
[2025-07-30 08:42:28,249.249] DEBUG    [MainThread|MainProcess] urllib3.connectionpool (connectionpool.py:_new_conn:1022) | Starting new HTTPS connection (1): chunithm.sega.jp:443
[2025-07-30 08:42:29,000.000] DEBUG    [MainThread|MainProcess] urllib3.connectionpool (connectionpool.py:_make_request:475) | https://chunithm.sega.jp:443 "GET /storage/json/music.json HTTP/1.1" 200 None
[2025-07-30 08:42:29,313.313] DEBUG    [MainThread|MainProcess] websockets.client (protocol.py:__init__:256) | = connection is CONNECTING
[2025-07-30 08:42:29,313.313] DEBUG    [MainThread|MainProcess] websockets.client (client.py:write_http_request:114) | > GET /api HTTP/1.1
[2025-07-30 08:42:29,313.313] DEBUG    [MainThread|MainProcess] websockets.client (client.py:write_http_request:116) | > Host: localhost:8082
[2025-07-30 08:42:29,313.313] DEBUG    [MainThread|MainProcess] websockets.client (client.py:write_http_request:116) | > Upgrade: websocket
[2025-07-30 08:42:29,328.328] DEBUG    [MainThread|MainProcess] websockets.client (client.py:write_http_request:116) | > Connection: Upgrade
[2025-07-30 08:42:29,328.328] DEBUG    [MainThread|MainProcess] websockets.client (client.py:write_http_request:116) | > Sec-WebSocket-Key: A+eLqQ4koD978BbNXTLEDg==
[2025-07-30 08:42:29,328.328] DEBUG    [MainThread|MainProcess] websockets.client (client.py:write_http_request:116) | > Sec-WebSocket-Version: 13
[2025-07-30 08:42:29,328.328] DEBUG    [MainThread|MainProcess] websockets.client (client.py:write_http_request:116) | > Sec-WebSocket-Extensions: permessage-deflate; client_max_window_bits
[2025-07-30 08:42:29,328.328] DEBUG    [MainThread|MainProcess] websockets.client (client.py:write_http_request:116) | > Content-Type: application/json
[2025-07-30 08:42:29,328.328] DEBUG    [MainThread|MainProcess] websockets.client (client.py:write_http_request:116) | > Authorization: Bearer chcat13201145
[2025-07-30 08:42:29,328.328] DEBUG    [MainThread|MainProcess] websockets.client (client.py:write_http_request:116) | > User-Agent: Python/3.10 websockets/10.4
[2025-07-30 08:42:29,328.328] DEBUG    [MainThread|MainProcess] websockets.client (client.py:read_http_response:147) | < HTTP/1.1 101 Switching Protocols
[2025-07-30 08:42:29,328.328] DEBUG    [MainThread|MainProcess] websockets.client (client.py:read_http_response:149) | < Upgrade: websocket
[2025-07-30 08:42:29,328.328] DEBUG    [MainThread|MainProcess] websockets.client (client.py:read_http_response:149) | < Connection: Upgrade
[2025-07-30 08:42:29,328.328] DEBUG    [MainThread|MainProcess] websockets.client (client.py:read_http_response:149) | < Sec-WebSocket-Accept: MO7kY++tEKsIBPl/jNGL8wCtbgE=
[2025-07-30 08:42:29,328.328] DEBUG    [MainThread|MainProcess] websockets.client (protocol.py:connection_open:357) | = connection is OPEN
[2025-07-30 08:42:29,328.328] DEBUG    [MainThread|MainProcess] websockets.client (protocol.py:write_frame_sync:1183) | > TEXT '{"action": "send_group_msg", "params": {"group_...]}, "echo": 1753836149}' [166 bytes]
[2025-07-30 08:42:29,786.786] DEBUG    [MainThread|MainProcess] websockets.client (protocol.py:read_frame:1177) | < TEXT '{"status":"ok","retcode":0,"data":{"message_id"...":"","echo":1753836149}' [102 bytes]
[2025-07-30 08:42:29,786.786] DEBUG    [MainThread|MainProcess] websockets.client (protocol.py:write_close_frame:1232) | = connection is CLOSING
[2025-07-30 08:42:29,802.802] DEBUG    [MainThread|MainProcess] websockets.client (protocol.py:write_frame_sync:1183) | > CLOSE 1000 (OK) [2 bytes]
[2025-07-30 08:42:29,802.802] DEBUG    [MainThread|MainProcess] websockets.client (protocol.py:read_frame:1177) | < CLOSE 1000 (OK) [2 bytes]
[2025-07-30 08:42:29,802.802] DEBUG    [MainThread|MainProcess] websockets.client (protocol.py:connection_lost:1514) | = connection is CLOSED
[2025-07-30 08:42:29,802.802] DEBUG    [MainThread|MainProcess] Logger (api.py:check_and_log:32) | {'status': 'ok', 'retcode': 0, 'data': {'message_id': 49799666}, 'message': '', 'wording': '', 'echo': 1753836149}
[2025-07-30 08:42:34,413.413] DEBUG    [MainThread|MainProcess] websockets.client (protocol.py:read_frame:1177) | < TEXT '{"self_id":703263936,"user_id":1095216448,"time...","group_id":465281893}' [429 bytes]
[2025-07-30 08:42:34,413.413] DEBUG    [MainThread|MainProcess] Logger (client.py:handle_group_event:67) | {'group_id': '465281893', 'user_id': '1095216448', 'message_type': 'group', 'sub_type': 'normal', 'font': '14', 'sender': "{'user_id': 1095216448, 'nickname': '冰如猫', 'card': '冰の猫'}", 'message_id': '1920857995', 'message_seq': '1920857995', 'real_id': '1920857995', 'message': "[{'type': 'text', 'data': {'text': '？'}}]", 'message_format': 'array'}
[2025-07-30 08:42:34,413.413] INFO     [MainThread|MainProcess] Logger (main.py:on_group_message:34) | {'group_id': '465281893', 'user_id': '1095216448', 'message_type': 'group', 'sub_type': 'normal', 'font': '14', 'sender': "{'user_id': 1095216448, 'nickname': '冰如猫', 'card': '冰の猫'}", 'message_id': '1920857995', 'message_seq': '1920857995', 'real_id': '1920857995', 'message': "[{'type': 'text', 'data': {'text': '？'}}]", 'message_format': 'array'}
[2025-07-30 08:42:56,718.718] DEBUG    [MainThread|MainProcess] websockets.client (protocol.py:read_frame:1177) | < TEXT '{"time":1753836176,"self_id":703263936,"post_ty...true},"interval":30000}' [148 bytes]
[2025-07-30 08:42:56,718.718] DEBUG    [MainThread|MainProcess] Logger (connect.py:on_message:43) | {'time': 1753836176, 'self_id': 703263936, 'post_type': 'meta_event', 'meta_event_type': 'heartbeat', 'status': {'online': True, 'good': True}, 'interval': 30000}
[2025-07-30 08:43:11,550.550] DEBUG    [MainThread|MainProcess] websockets.client (protocol.py:read_frame:1177) | < TEXT '{"self_id":703263936,"user_id":1095216448,"time...","group_id":465281893}' [647 bytes]
[2025-07-30 08:43:11,550.550] DEBUG    [MainThread|MainProcess] Logger (client.py:handle_group_event:67) | {'group_id': '465281893', 'user_id': '1095216448', 'message_type': 'group', 'sub_type': 'normal', 'font': '14', 'sender': "{'user_id': 1095216448, 'nickname': '冰如猫', 'card': '冰の猫'}", 'message_id': '50793858', 'message_seq': '50793858', 'real_id': '50793858', 'message': "[{'type': 'reply', 'data': {'id': '61903497'}}, {'type': 'at', 'data': {'qq': '2585690555'}}, {'type': 'text', 'data': {'text': ' 我说过了，这个bot是对街机音游服务的'}}]", 'message_format': 'array'}
[2025-07-30 08:43:11,550.550] INFO     [MainThread|MainProcess] Logger (main.py:on_group_message:34) | {'group_id': '465281893', 'user_id': '1095216448', 'message_type': 'group', 'sub_type': 'normal', 'font': '14', 'sender': "{'user_id': 1095216448, 'nickname': '冰如猫', 'card': '冰の猫'}", 'message_id': '50793858', 'message_seq': '50793858', 'real_id': '50793858', 'message': "[{'type': 'reply', 'data': {'id': '61903497'}}, {'type': 'at', 'data': {'qq': '2585690555'}}, {'type': 'text', 'data': {'text': ' 我说过了，这个bot是对街机音游服务的'}}]", 'message_format': 'array'}
[2025-07-30 08:43:26,729.729] DEBUG    [MainThread|MainProcess] websockets.client (protocol.py:read_frame:1177) | < TEXT '{"time":1753836206,"self_id":703263936,"post_ty...true},"interval":30000}' [148 bytes]
[2025-07-30 08:43:26,730.730] DEBUG    [MainThread|MainProcess] Logger (connect.py:on_message:43) | {'time': 1753836206, 'self_id': 703263936, 'post_type': 'meta_event', 'meta_event_type': 'heartbeat', 'status': {'online': True, 'good': True}, 'interval': 30000}
[2025-07-30 08:43:37,067.067] DEBUG    [MainThread|MainProcess] websockets.client (protocol.py:read_frame:1177) | < TEXT '{"self_id":703263936,"user_id":1095216448,"time...","group_id":465281893}' [474 bytes]
[2025-07-30 08:43:37,067.067] DEBUG    [MainThread|MainProcess] Logger (client.py:handle_group_event:67) | {'group_id': '465281893', 'user_id': '1095216448', 'message_type': 'group', 'sub_type': 'normal', 'font': '14', 'sender': "{'user_id': 1095216448, 'nickname': '冰如猫', 'card': '冰の猫'}", 'message_id': '343906514', 'message_seq': '343906514', 'real_id': '343906514', 'message': "[{'type': 'text', 'data': {'text': '666我知道什么原因了'}}]", 'message_format': 'array'}
[2025-07-30 08:43:37,067.067] INFO     [MainThread|MainProcess] Logger (main.py:on_group_message:34) | {'group_id': '465281893', 'user_id': '1095216448', 'message_type': 'group', 'sub_type': 'normal', 'font': '14', 'sender': "{'user_id': 1095216448, 'nickname': '冰如猫', 'card': '冰の猫'}", 'message_id': '343906514', 'message_seq': '343906514', 'real_id': '343906514', 'message': "[{'type': 'text', 'data': {'text': '666我知道什么原因了'}}]", 'message_format': 'array'}
[2025-07-30 08:43:45,960.960] DEBUG    [MainThread|MainProcess] websockets.client (protocol.py:read_frame:1177) | < TEXT '{"self_id":703263936,"user_id":1095216448,"time...","group_id":465281893}' [453 bytes]
[2025-07-30 08:43:45,960.960] DEBUG    [MainThread|MainProcess] Logger (client.py:handle_group_event:67) | {'group_id': '465281893', 'user_id': '1095216448', 'message_type': 'group', 'sub_type': 'normal', 'font': '14', 'sender': "{'user_id': 1095216448, 'nickname': '冰如猫', 'card': '冰の猫'}", 'message_id': '2037702346', 'message_seq': '2037702346', 'real_id': '2037702346', 'message': "[{'type': 'text', 'data': {'text': '空格分开了'}}]", 'message_format': 'array'}
[2025-07-30 08:43:45,960.960] INFO     [MainThread|MainProcess] Logger (main.py:on_group_message:34) | {'group_id': '465281893', 'user_id': '1095216448', 'message_type': 'group', 'sub_type': 'normal', 'font': '14', 'sender': "{'user_id': 1095216448, 'nickname': '冰如猫', 'card': '冰の猫'}", 'message_id': '2037702346', 'message_seq': '2037702346', 'real_id': '2037702346', 'message': "[{'type': 'text', 'data': {'text': '空格分开了'}}]", 'message_format': 'array'}
[2025-07-30 08:43:56,739.739] DEBUG    [MainThread|MainProcess] websockets.client (protocol.py:read_frame:1177) | < TEXT '{"time":1753836236,"self_id":703263936,"post_ty...true},"interval":30000}' [148 bytes]
[2025-07-30 08:43:56,739.739] DEBUG    [MainThread|MainProcess] Logger (connect.py:on_message:43) | {'time': 1753836236, 'self_id': 703263936, 'post_type': 'meta_event', 'meta_event_type': 'heartbeat', 'status': {'online': True, 'good': True}, 'interval': 30000}
[2025-07-30 08:44:26,750.750] DEBUG    [MainThread|MainProcess] websockets.client (protocol.py:read_frame:1177) | < TEXT '{"time":1753836266,"self_id":703263936,"post_ty...true},"interval":30000}' [148 bytes]
[2025-07-30 08:44:26,750.750] DEBUG    [MainThread|MainProcess] Logger (connect.py:on_message:43) | {'time': 1753836266, 'self_id': 703263936, 'post_type': 'meta_event', 'meta_event_type': 'heartbeat', 'status': {'online': True, 'good': True}, 'interval': 30000}
[2025-07-30 08:44:56,752.752] DEBUG    [MainThread|MainProcess] websockets.client (protocol.py:read_frame:1177) | < TEXT '{"time":1753836296,"self_id":703263936,"post_ty...true},"interval":30000}' [148 bytes]
[2025-07-30 08:44:56,752.752] DEBUG    [MainThread|MainProcess] Logger (connect.py:on_message:43) | {'time': 1753836296, 'self_id': 703263936, 'post_type': 'meta_event', 'meta_event_type': 'heartbeat', 'status': {'online': True, 'good': True}, 'interval': 30000}
[2025-07-30 08:45:26,756.756] DEBUG    [MainThread|MainProcess] websockets.client (protocol.py:read_frame:1177) | < TEXT '{"time":1753836326,"self_id":703263936,"post_ty...true},"interval":30000}' [148 bytes]
[2025-07-30 08:45:26,756.756] DEBUG    [MainThread|MainProcess] Logger (connect.py:on_message:43) | {'time': 1753836326, 'self_id': 703263936, 'post_type': 'meta_event', 'meta_event_type': 'heartbeat', 'status': {'online': True, 'good': True}, 'interval': 30000}
[2025-07-30 08:45:56,767.767] DEBUG    [MainThread|MainProcess] websockets.client (protocol.py:read_frame:1177) | < TEXT '{"time":1753836356,"self_id":703263936,"post_ty...true},"interval":30000}' [148 bytes]
[2025-07-30 08:45:56,767.767] DEBUG    [MainThread|MainProcess] Logger (connect.py:on_message:43) | {'time': 1753836356, 'self_id': 703263936, 'post_type': 'meta_event', 'meta_event_type': 'heartbeat', 'status': {'online': True, 'good': True}, 'interval': 30000}
[2025-07-30 08:46:26,775.775] DEBUG    [MainThread|MainProcess] websockets.client (protocol.py:read_frame:1177) | < TEXT '{"time":1753836386,"self_id":703263936,"post_ty...true},"interval":30000}' [148 bytes]
[2025-07-30 08:46:26,775.775] DEBUG    [MainThread|MainProcess] Logger (connect.py:on_message:43) | {'time': 1753836386, 'self_id': 703263936, 'post_type': 'meta_event', 'meta_event_type': 'heartbeat', 'status': {'online': True, 'good': True}, 'interval': 30000}
[2025-07-30 08:46:56,788.788] DEBUG    [MainThread|MainProcess] websockets.client (protocol.py:read_frame:1177) | < TEXT '{"time":1753836416,"self_id":703263936,"post_ty...true},"interval":30000}' [148 bytes]
[2025-07-30 08:46:56,788.788] DEBUG    [MainThread|MainProcess] Logger (connect.py:on_message:43) | {'time': 1753836416, 'self_id': 703263936, 'post_type': 'meta_event', 'meta_event_type': 'heartbeat', 'status': {'online': True, 'good': True}, 'interval': 30000}
[2025-07-30 08:47:26,796.796] DEBUG    [MainThread|MainProcess] websockets.client (protocol.py:read_frame:1177) | < TEXT '{"time":1753836446,"self_id":703263936,"post_ty...true},"interval":30000}' [148 bytes]
[2025-07-30 08:47:26,796.796] DEBUG    [MainThread|MainProcess] Logger (connect.py:on_message:43) | {'time': 1753836446, 'self_id': 703263936, 'post_type': 'meta_event', 'meta_event_type': 'heartbeat', 'status': {'online': True, 'good': True}, 'interval': 30000}
[2025-07-30 08:47:56,808.808] DEBUG    [MainThread|MainProcess] websockets.client (protocol.py:read_frame:1177) | < TEXT '{"time":1753836476,"self_id":703263936,"post_ty...true},"interval":30000}' [148 bytes]
[2025-07-30 08:47:56,808.808] DEBUG    [MainThread|MainProcess] Logger (connect.py:on_message:43) | {'time': 1753836476, 'self_id': 703263936, 'post_type': 'meta_event', 'meta_event_type': 'heartbeat', 'status': {'online': True, 'good': True}, 'interval': 30000}
[2025-07-30 08:48:26,820.820] DEBUG    [MainThread|MainProcess] websockets.client (protocol.py:read_frame:1177) | < TEXT '{"time":1753836506,"self_id":703263936,"post_ty...true},"interval":30000}' [148 bytes]
[2025-07-30 08:48:26,820.820] DEBUG    [MainThread|MainProcess] Logger (connect.py:on_message:43) | {'time': 1753836506, 'self_id': 703263936, 'post_type': 'meta_event', 'meta_event_type': 'heartbeat', 'status': {'online': True, 'good': True}, 'interval': 30000}
[2025-07-30 08:48:56,829.829] DEBUG    [MainThread|MainProcess] websockets.client (protocol.py:read_frame:1177) | < TEXT '{"time":1753836536,"self_id":703263936,"post_ty...true},"interval":30000}' [148 bytes]
[2025-07-30 08:48:56,829.829] DEBUG    [MainThread|MainProcess] Logger (connect.py:on_message:43) | {'time': 1753836536, 'self_id': 703263936, 'post_type': 'meta_event', 'meta_event_type': 'heartbeat', 'status': {'online': True, 'good': True}, 'interval': 30000}
[2025-07-30 08:49:26,840.840] DEBUG    [MainThread|MainProcess] websockets.client (protocol.py:read_frame:1177) | < TEXT '{"time":1753836566,"self_id":703263936,"post_ty...true},"interval":30000}' [148 bytes]
[2025-07-30 08:49:26,840.840] DEBUG    [MainThread|MainProcess] Logger (connect.py:on_message:43) | {'time': 1753836566, 'self_id': 703263936, 'post_type': 'meta_event', 'meta_event_type': 'heartbeat', 'status': {'online': True, 'good': True}, 'interval': 30000}
[2025-07-30 08:49:56,852.852] DEBUG    [MainThread|MainProcess] websockets.client (protocol.py:read_frame:1177) | < TEXT '{"time":1753836596,"self_id":703263936,"post_ty...true},"interval":30000}' [148 bytes]
[2025-07-30 08:49:56,852.852] DEBUG    [MainThread|MainProcess] Logger (connect.py:on_message:43) | {'time': 1753836596, 'self_id': 703263936, 'post_type': 'meta_event', 'meta_event_type': 'heartbeat', 'status': {'online': True, 'good': True}, 'interval': 30000}
[2025-07-30 08:50:04,000.000] DEBUG    [MainThread|MainProcess] websockets.client (protocol.py:read_frame:1177) | < TEXT '{"self_id":703263936,"user_id":1095216448,"time...","group_id":465281893}' [467 bytes]
[2025-07-30 08:50:04,000.000] DEBUG    [MainThread|MainProcess] Logger (client.py:handle_group_event:67) | {'group_id': '465281893', 'user_id': '1095216448', 'message_type': 'group', 'sub_type': 'normal', 'font': '14', 'sender': "{'user_id': 1095216448, 'nickname': '冰如猫', 'card': '冰の猫'}", 'message_id': '88036588', 'message_seq': '88036588', 'real_id': '88036588', 'message': "[{'type': 'text', 'data': {'text': '搜歌 ラグトレイン'}}]", 'message_format': 'array'}
[2025-07-30 08:50:04,000.000] INFO     [MainThread|MainProcess] Logger (main.py:on_group_message:34) | {'group_id': '465281893', 'user_id': '1095216448', 'message_type': 'group', 'sub_type': 'normal', 'font': '14', 'sender': "{'user_id': 1095216448, 'nickname': '冰如猫', 'card': '冰の猫'}", 'message_id': '88036588', 'message_seq': '88036588', 'real_id': '88036588', 'message': "[{'type': 'text', 'data': {'text': '搜歌 ラグトレイン'}}]", 'message_format': 'array'}
[2025-07-30 08:50:04,000.000] DEBUG    [MainThread|MainProcess] urllib3.connectionpool (connectionpool.py:_new_conn:1022) | Starting new HTTPS connection (1): chunithm.sega.jp:443
[2025-07-30 08:50:04,772.772] DEBUG    [MainThread|MainProcess] urllib3.connectionpool (connectionpool.py:_make_request:475) | https://chunithm.sega.jp:443 "GET /storage/json/music.json HTTP/1.1" 200 None
[2025-07-30 08:50:05,177.177] DEBUG    [MainThread|MainProcess] httpcore.connection (_trace.py:trace:47) | connect_tcp.started host='new.chunithm-net.com' port=443 local_address=None timeout=5.0 socket_options=None
[2025-07-30 08:50:05,650.650] DEBUG    [MainThread|MainProcess] httpcore.connection (_trace.py:trace:47) | connect_tcp.complete return_value=<httpcore._backends.sync.SyncStream object at 0x000001B351C95870>
[2025-07-30 08:50:05,650.650] DEBUG    [MainThread|MainProcess] httpcore.connection (_trace.py:trace:47) | start_tls.started ssl_context=<ssl.SSLContext object at 0x000001B351C0FAC0> server_hostname='new.chunithm-net.com' timeout=5.0
[2025-07-30 08:50:05,775.775] DEBUG    [MainThread|MainProcess] httpcore.connection (_trace.py:trace:47) | start_tls.complete return_value=<httpcore._backends.sync.SyncStream object at 0x000001B351C955A0>
[2025-07-30 08:50:05,790.790] DEBUG    [MainThread|MainProcess] httpcore.http11 (_trace.py:trace:47) | send_request_headers.started request=<Request [b'GET']>
[2025-07-30 08:50:05,790.790] DEBUG    [MainThread|MainProcess] httpcore.http11 (_trace.py:trace:47) | send_request_headers.complete
[2025-07-30 08:50:05,790.790] DEBUG    [MainThread|MainProcess] httpcore.http11 (_trace.py:trace:47) | send_request_body.started request=<Request [b'GET']>
[2025-07-30 08:50:05,790.790] DEBUG    [MainThread|MainProcess] httpcore.http11 (_trace.py:trace:47) | send_request_body.complete
[2025-07-30 08:50:05,790.790] DEBUG    [MainThread|MainProcess] httpcore.http11 (_trace.py:trace:47) | receive_response_headers.started request=<Request [b'GET']>
[2025-07-30 08:50:05,855.855] DEBUG    [MainThread|MainProcess] httpcore.http11 (_trace.py:trace:47) | receive_response_headers.complete return_value=(b'HTTP/1.1', 200, b'OK', [(b'server', b'nginx'), (b'date', b'Wed, 30 Jul 2025 00:50:04 GMT'), (b'content-type', b'image/jpeg'), (b'content-length', b'12821'), (b'last-modified', b'Wed, 07 Feb 2024 19:04:17 GMT'), (b'expires', b'Thu, 31 Jul 2025 00:50:04 GMT'), (b'cache-control', b'max-age=86400'), (b'x-xss-protection', b'1; mode=block'), (b'strict-transport-security', b'max-age=31536000; includeSubDomains'), (b'x-frame-options', b'SAMEORIGIN'), (b'x-content-type-options', b'nosniff'), (b'accept-ranges', b'bytes'), (b'pragma', b'no-cache'), (b'cache-control', b'private, max-age-0, no-cache, no-store')])
[2025-07-30 08:50:05,855.855] INFO     [MainThread|MainProcess] httpx (_client.py:_send_single_request:1025) | HTTP Request: GET https://new.chunithm-net.com/chuni-mobile/html/mobile/img/c21f76836ed85075.jpg "HTTP/1.1 200 OK"
[2025-07-30 08:50:05,855.855] DEBUG    [MainThread|MainProcess] httpcore.http11 (_trace.py:trace:47) | receive_response_body.started request=<Request [b'GET']>
[2025-07-30 08:50:05,855.855] DEBUG    [MainThread|MainProcess] httpcore.http11 (_trace.py:trace:47) | receive_response_body.complete
[2025-07-30 08:50:05,855.855] DEBUG    [MainThread|MainProcess] httpcore.http11 (_trace.py:trace:47) | response_closed.started
[2025-07-30 08:50:05,855.855] DEBUG    [MainThread|MainProcess] httpcore.http11 (_trace.py:trace:47) | response_closed.complete
[2025-07-30 08:50:05,855.855] DEBUG    [MainThread|MainProcess] httpcore.connection (_trace.py:trace:47) | close.started
[2025-07-30 08:50:05,855.855] DEBUG    [MainThread|MainProcess] httpcore.connection (_trace.py:trace:47) | close.complete
[2025-07-30 08:50:05,871.871] DEBUG    [MainThread|MainProcess] websockets.client (protocol.py:__init__:256) | = connection is CONNECTING
[2025-07-30 08:50:05,871.871] DEBUG    [MainThread|MainProcess] websockets.client (client.py:write_http_request:114) | > GET /api HTTP/1.1
[2025-07-30 08:50:05,871.871] DEBUG    [MainThread|MainProcess] websockets.client (client.py:write_http_request:116) | > Host: localhost:8082
[2025-07-30 08:50:05,871.871] DEBUG    [MainThread|MainProcess] websockets.client (client.py:write_http_request:116) | > Upgrade: websocket
[2025-07-30 08:50:05,871.871] DEBUG    [MainThread|MainProcess] websockets.client (client.py:write_http_request:116) | > Connection: Upgrade
[2025-07-30 08:50:05,871.871] DEBUG    [MainThread|MainProcess] websockets.client (client.py:write_http_request:116) | > Sec-WebSocket-Key: 2WKn8K/D87PZMuySW5loiQ==
[2025-07-30 08:50:05,871.871] DEBUG    [MainThread|MainProcess] websockets.client (client.py:write_http_request:116) | > Sec-WebSocket-Version: 13
[2025-07-30 08:50:05,871.871] DEBUG    [MainThread|MainProcess] websockets.client (client.py:write_http_request:116) | > Sec-WebSocket-Extensions: permessage-deflate; client_max_window_bits
[2025-07-30 08:50:05,871.871] DEBUG    [MainThread|MainProcess] websockets.client (client.py:write_http_request:116) | > Content-Type: application/json
[2025-07-30 08:50:05,871.871] DEBUG    [MainThread|MainProcess] websockets.client (client.py:write_http_request:116) | > Authorization: Bearer chcat13201145
[2025-07-30 08:50:05,871.871] DEBUG    [MainThread|MainProcess] websockets.client (client.py:write_http_request:116) | > User-Agent: Python/3.10 websockets/10.4
[2025-07-30 08:50:05,871.871] DEBUG    [MainThread|MainProcess] websockets.client (client.py:read_http_response:147) | < HTTP/1.1 101 Switching Protocols
[2025-07-30 08:50:05,871.871] DEBUG    [MainThread|MainProcess] websockets.client (client.py:read_http_response:149) | < Upgrade: websocket
[2025-07-30 08:50:05,871.871] DEBUG    [MainThread|MainProcess] websockets.client (client.py:read_http_response:149) | < Connection: Upgrade
[2025-07-30 08:50:05,871.871] DEBUG    [MainThread|MainProcess] websockets.client (client.py:read_http_response:149) | < Sec-WebSocket-Accept: 9XoIKikdIlZPOCyR72iRuCs+VpQ=
[2025-07-30 08:50:05,887.887] DEBUG    [MainThread|MainProcess] websockets.client (protocol.py:connection_open:357) | = connection is OPEN
[2025-07-30 08:50:05,887.887] DEBUG    [MainThread|MainProcess] websockets.client (protocol.py:write_frame_sync:1183) | > TEXT '{"action": "send_group_msg", "params": {"group_...]}, "echo": 1753836605}' [17515 bytes]
[2025-07-30 08:50:07,441.441] DEBUG    [MainThread|MainProcess] websockets.client (protocol.py:read_frame:1177) | < TEXT '{"status":"ok","retcode":0,"data":{"message_id"...":"","echo":1753836605}' [104 bytes]
[2025-07-30 08:50:07,441.441] DEBUG    [MainThread|MainProcess] websockets.client (protocol.py:write_close_frame:1232) | = connection is CLOSING
[2025-07-30 08:50:07,441.441] DEBUG    [MainThread|MainProcess] websockets.client (protocol.py:write_frame_sync:1183) | > CLOSE 1000 (OK) [2 bytes]
[2025-07-30 08:50:07,457.457] DEBUG    [MainThread|MainProcess] websockets.client (protocol.py:read_frame:1177) | < CLOSE 1000 (OK) [2 bytes]
[2025-07-30 08:50:07,457.457] DEBUG    [MainThread|MainProcess] websockets.client (protocol.py:connection_lost:1514) | = connection is CLOSED
[2025-07-30 08:50:07,457.457] DEBUG    [MainThread|MainProcess] Logger (api.py:check_and_log:32) | {'status': 'ok', 'retcode': 0, 'data': {'message_id': 1560296057}, 'message': '', 'wording': '', 'echo': 1753836605}
[2025-07-30 08:50:26,853.853] DEBUG    [MainThread|MainProcess] websockets.client (protocol.py:read_frame:1177) | < TEXT '{"time":1753836626,"self_id":703263936,"post_ty...true},"interval":30000}' [148 bytes]
[2025-07-30 08:50:26,853.853] DEBUG    [MainThread|MainProcess] Logger (connect.py:on_message:43) | {'time': 1753836626, 'self_id': 703263936, 'post_type': 'meta_event', 'meta_event_type': 'heartbeat', 'status': {'online': True, 'good': True}, 'interval': 30000}
[2025-07-30 08:50:56,858.858] DEBUG    [MainThread|MainProcess] websockets.client (protocol.py:read_frame:1177) | < TEXT '{"time":1753836656,"self_id":703263936,"post_ty...true},"interval":30000}' [148 bytes]
[2025-07-30 08:50:56,858.858] DEBUG    [MainThread|MainProcess] Logger (connect.py:on_message:43) | {'time': 1753836656, 'self_id': 703263936, 'post_type': 'meta_event', 'meta_event_type': 'heartbeat', 'status': {'online': True, 'good': True}, 'interval': 30000}
[2025-07-30 08:51:26,865.865] DEBUG    [MainThread|MainProcess] websockets.client (protocol.py:read_frame:1177) | < TEXT '{"time":1753836686,"self_id":703263936,"post_ty...true},"interval":30000}' [148 bytes]
[2025-07-30 08:51:26,865.865] DEBUG    [MainThread|MainProcess] Logger (connect.py:on_message:43) | {'time': 1753836686, 'self_id': 703263936, 'post_type': 'meta_event', 'meta_event_type': 'heartbeat', 'status': {'online': True, 'good': True}, 'interval': 30000}
[2025-07-30 08:51:56,878.878] DEBUG    [MainThread|MainProcess] websockets.client (protocol.py:read_frame:1177) | < TEXT '{"time":1753836716,"self_id":703263936,"post_ty...true},"interval":30000}' [148 bytes]
[2025-07-30 08:51:56,878.878] DEBUG    [MainThread|MainProcess] Logger (connect.py:on_message:43) | {'time': 1753836716, 'self_id': 703263936, 'post_type': 'meta_event', 'meta_event_type': 'heartbeat', 'status': {'online': True, 'good': True}, 'interval': 30000}
[2025-07-30 08:52:26,890.890] DEBUG    [MainThread|MainProcess] websockets.client (protocol.py:read_frame:1177) | < TEXT '{"time":1753836746,"self_id":703263936,"post_ty...true},"interval":30000}' [148 bytes]
[2025-07-30 08:52:26,890.890] DEBUG    [MainThread|MainProcess] Logger (connect.py:on_message:43) | {'time': 1753836746, 'self_id': 703263936, 'post_type': 'meta_event', 'meta_event_type': 'heartbeat', 'status': {'online': True, 'good': True}, 'interval': 30000}
[2025-07-30 08:52:56,898.898] DEBUG    [MainThread|MainProcess] websockets.client (protocol.py:read_frame:1177) | < TEXT '{"time":1753836776,"self_id":703263936,"post_ty...true},"interval":30000}' [148 bytes]
[2025-07-30 08:52:56,898.898] DEBUG    [MainThread|MainProcess] Logger (connect.py:on_message:43) | {'time': 1753836776, 'self_id': 703263936, 'post_type': 'meta_event', 'meta_event_type': 'heartbeat', 'status': {'online': True, 'good': True}, 'interval': 30000}
[2025-07-30 08:53:26,910.910] DEBUG    [MainThread|MainProcess] websockets.client (protocol.py:read_frame:1177) | < TEXT '{"time":1753836806,"self_id":703263936,"post_ty...true},"interval":30000}' [148 bytes]
[2025-07-30 08:53:26,910.910] DEBUG    [MainThread|MainProcess] Logger (connect.py:on_message:43) | {'time': 1753836806, 'self_id': 703263936, 'post_type': 'meta_event', 'meta_event_type': 'heartbeat', 'status': {'online': True, 'good': True}, 'interval': 30000}
[2025-07-30 08:53:56,919.919] DEBUG    [MainThread|MainProcess] websockets.client (protocol.py:read_frame:1177) | < TEXT '{"time":1753836836,"self_id":703263936,"post_ty...true},"interval":30000}' [148 bytes]
[2025-07-30 08:53:56,920.920] DEBUG    [MainThread|MainProcess] Logger (connect.py:on_message:43) | {'time': 1753836836, 'self_id': 703263936, 'post_type': 'meta_event', 'meta_event_type': 'heartbeat', 'status': {'online': True, 'good': True}, 'interval': 30000}
[2025-07-30 08:54:26,931.931] DEBUG    [MainThread|MainProcess] websockets.client (protocol.py:read_frame:1177) | < TEXT '{"time":1753836866,"self_id":703263936,"post_ty...true},"interval":30000}' [148 bytes]
[2025-07-30 08:54:26,931.931] DEBUG    [MainThread|MainProcess] Logger (connect.py:on_message:43) | {'time': 1753836866, 'self_id': 703263936, 'post_type': 'meta_event', 'meta_event_type': 'heartbeat', 'status': {'online': True, 'good': True}, 'interval': 30000}
[2025-07-30 08:54:46,037.037] DEBUG    [MainThread|MainProcess] websockets.client (protocol.py:read_frame:1177) | < TEXT '{"self_id":703263936,"user_id":1095216448,"time...","group_id":465281893}' [446 bytes]
[2025-07-30 08:54:46,037.037] DEBUG    [MainThread|MainProcess] Logger (client.py:handle_group_event:67) | {'group_id': '465281893', 'user_id': '1095216448', 'message_type': 'group', 'sub_type': 'normal', 'font': '14', 'sender': "{'user_id': 1095216448, 'nickname': '冰如猫', 'card': '冰の猫'}", 'message_id': '692809523', 'message_seq': '692809523', 'real_id': '692809523', 'message': "[{'type': 'text', 'data': {'text': '搜歌 R.I.P.'}}]", 'message_format': 'array'}
[2025-07-30 08:54:46,037.037] INFO     [MainThread|MainProcess] Logger (main.py:on_group_message:34) | {'group_id': '465281893', 'user_id': '1095216448', 'message_type': 'group', 'sub_type': 'normal', 'font': '14', 'sender': "{'user_id': 1095216448, 'nickname': '冰如猫', 'card': '冰の猫'}", 'message_id': '692809523', 'message_seq': '692809523', 'real_id': '692809523', 'message': "[{'type': 'text', 'data': {'text': '搜歌 R.I.P.'}}]", 'message_format': 'array'}
[2025-07-30 08:54:46,053.053] DEBUG    [MainThread|MainProcess] urllib3.connectionpool (connectionpool.py:_new_conn:1022) | Starting new HTTPS connection (1): chunithm.sega.jp:443
[2025-07-30 08:54:46,920.920] DEBUG    [MainThread|MainProcess] urllib3.connectionpool (connectionpool.py:_make_request:475) | https://chunithm.sega.jp:443 "GET /storage/json/music.json HTTP/1.1" 200 None
[2025-07-30 08:54:47,295.295] DEBUG    [MainThread|MainProcess] httpcore.connection (_trace.py:trace:47) | connect_tcp.started host='new.chunithm-net.com' port=443 local_address=None timeout=5.0 socket_options=None
[2025-07-30 08:54:47,845.845] DEBUG    [MainThread|MainProcess] httpcore.connection (_trace.py:trace:47) | connect_tcp.complete return_value=<httpcore._backends.sync.SyncStream object at 0x000001B351C94940>
[2025-07-30 08:54:47,845.845] DEBUG    [MainThread|MainProcess] httpcore.connection (_trace.py:trace:47) | start_tls.started ssl_context=<ssl.SSLContext object at 0x000001B351C0FAC0> server_hostname='new.chunithm-net.com' timeout=5.0
[2025-07-30 08:54:47,986.986] DEBUG    [MainThread|MainProcess] httpcore.connection (_trace.py:trace:47) | start_tls.complete return_value=<httpcore._backends.sync.SyncStream object at 0x000001B351C953C0>
[2025-07-30 08:54:47,986.986] DEBUG    [MainThread|MainProcess] httpcore.http11 (_trace.py:trace:47) | send_request_headers.started request=<Request [b'GET']>
[2025-07-30 08:54:47,986.986] DEBUG    [MainThread|MainProcess] httpcore.http11 (_trace.py:trace:47) | send_request_headers.complete
[2025-07-30 08:54:47,986.986] DEBUG    [MainThread|MainProcess] httpcore.http11 (_trace.py:trace:47) | send_request_body.started request=<Request [b'GET']>
[2025-07-30 08:54:47,986.986] DEBUG    [MainThread|MainProcess] httpcore.http11 (_trace.py:trace:47) | send_request_body.complete
[2025-07-30 08:54:47,986.986] DEBUG    [MainThread|MainProcess] httpcore.http11 (_trace.py:trace:47) | receive_response_headers.started request=<Request [b'GET']>
[2025-07-30 08:54:48,064.064] DEBUG    [MainThread|MainProcess] httpcore.http11 (_trace.py:trace:47) | receive_response_headers.complete return_value=(b'HTTP/1.1', 200, b'OK', [(b'server', b'nginx'), (b'date', b'Wed, 30 Jul 2025 00:54:46 GMT'), (b'content-type', b'image/jpeg'), (b'content-length', b'11369'), (b'last-modified', b'Wed, 07 Feb 2024 19:04:13 GMT'), (b'expires', b'Thu, 31 Jul 2025 00:54:46 GMT'), (b'cache-control', b'max-age=86400'), (b'x-xss-protection', b'1; mode=block'), (b'strict-transport-security', b'max-age=31536000; includeSubDomains'), (b'x-frame-options', b'SAMEORIGIN'), (b'x-content-type-options', b'nosniff'), (b'accept-ranges', b'bytes'), (b'pragma', b'no-cache'), (b'cache-control', b'private, max-age-0, no-cache, no-store')])
[2025-07-30 08:54:48,064.064] INFO     [MainThread|MainProcess] httpx (_client.py:_send_single_request:1025) | HTTP Request: GET https://new.chunithm-net.com/chuni-mobile/html/mobile/img/a338f1888ea29d77.jpg "HTTP/1.1 200 OK"
[2025-07-30 08:54:48,064.064] DEBUG    [MainThread|MainProcess] httpcore.http11 (_trace.py:trace:47) | receive_response_body.started request=<Request [b'GET']>
[2025-07-30 08:54:48,064.064] DEBUG    [MainThread|MainProcess] httpcore.http11 (_trace.py:trace:47) | receive_response_body.complete
[2025-07-30 08:54:48,064.064] DEBUG    [MainThread|MainProcess] httpcore.http11 (_trace.py:trace:47) | response_closed.started
[2025-07-30 08:54:48,064.064] DEBUG    [MainThread|MainProcess] httpcore.http11 (_trace.py:trace:47) | response_closed.complete
[2025-07-30 08:54:48,064.064] DEBUG    [MainThread|MainProcess] httpcore.connection (_trace.py:trace:47) | close.started
[2025-07-30 08:54:48,064.064] DEBUG    [MainThread|MainProcess] httpcore.connection (_trace.py:trace:47) | close.complete
[2025-07-30 08:54:48,064.064] DEBUG    [MainThread|MainProcess] websockets.client (protocol.py:__init__:256) | = connection is CONNECTING
[2025-07-30 08:54:48,080.080] DEBUG    [MainThread|MainProcess] websockets.client (client.py:write_http_request:114) | > GET /api HTTP/1.1
[2025-07-30 08:54:48,080.080] DEBUG    [MainThread|MainProcess] websockets.client (client.py:write_http_request:116) | > Host: localhost:8082
[2025-07-30 08:54:48,080.080] DEBUG    [MainThread|MainProcess] websockets.client (client.py:write_http_request:116) | > Upgrade: websocket
[2025-07-30 08:54:48,080.080] DEBUG    [MainThread|MainProcess] websockets.client (client.py:write_http_request:116) | > Connection: Upgrade
[2025-07-30 08:54:48,080.080] DEBUG    [MainThread|MainProcess] websockets.client (client.py:write_http_request:116) | > Sec-WebSocket-Key: GlJB4U2mTLoxCAUckKmX8w==
[2025-07-30 08:54:48,080.080] DEBUG    [MainThread|MainProcess] websockets.client (client.py:write_http_request:116) | > Sec-WebSocket-Version: 13
[2025-07-30 08:54:48,080.080] DEBUG    [MainThread|MainProcess] websockets.client (client.py:write_http_request:116) | > Sec-WebSocket-Extensions: permessage-deflate; client_max_window_bits
[2025-07-30 08:54:48,080.080] DEBUG    [MainThread|MainProcess] websockets.client (client.py:write_http_request:116) | > Content-Type: application/json
[2025-07-30 08:54:48,080.080] DEBUG    [MainThread|MainProcess] websockets.client (client.py:write_http_request:116) | > Authorization: Bearer chcat13201145
[2025-07-30 08:54:48,080.080] DEBUG    [MainThread|MainProcess] websockets.client (client.py:write_http_request:116) | > User-Agent: Python/3.10 websockets/10.4
[2025-07-30 08:54:48,080.080] DEBUG    [MainThread|MainProcess] websockets.client (client.py:read_http_response:147) | < HTTP/1.1 101 Switching Protocols
[2025-07-30 08:54:48,080.080] DEBUG    [MainThread|MainProcess] websockets.client (client.py:read_http_response:149) | < Upgrade: websocket
[2025-07-30 08:54:48,080.080] DEBUG    [MainThread|MainProcess] websockets.client (client.py:read_http_response:149) | < Connection: Upgrade
[2025-07-30 08:54:48,080.080] DEBUG    [MainThread|MainProcess] websockets.client (client.py:read_http_response:149) | < Sec-WebSocket-Accept: 0qksEP71RT9GNFoP+WSigYAkrFA=
[2025-07-30 08:54:48,080.080] DEBUG    [MainThread|MainProcess] websockets.client (protocol.py:connection_open:357) | = connection is OPEN
[2025-07-30 08:54:48,080.080] DEBUG    [MainThread|MainProcess] websockets.client (protocol.py:write_frame_sync:1183) | > TEXT '{"action": "send_group_msg", "params": {"group_...]}, "echo": 1753836888}' [15546 bytes]
[2025-07-30 08:54:49,070.070] DEBUG    [MainThread|MainProcess] websockets.client (protocol.py:read_frame:1177) | < TEXT '{"status":"ok","retcode":0,"data":{"message_id"...":"","echo":1753836888}' [104 bytes]
[2025-07-30 08:54:49,070.070] DEBUG    [MainThread|MainProcess] websockets.client (protocol.py:write_close_frame:1232) | = connection is CLOSING
[2025-07-30 08:54:49,070.070] DEBUG    [MainThread|MainProcess] websockets.client (protocol.py:write_frame_sync:1183) | > CLOSE 1000 (OK) [2 bytes]
[2025-07-30 08:54:49,070.070] DEBUG    [MainThread|MainProcess] websockets.client (protocol.py:read_frame:1177) | < CLOSE 1000 (OK) [2 bytes]
[2025-07-30 08:54:49,086.086] DEBUG    [MainThread|MainProcess] websockets.client (protocol.py:connection_lost:1514) | = connection is CLOSED
[2025-07-30 08:54:49,086.086] DEBUG    [MainThread|MainProcess] Logger (api.py:check_and_log:32) | {'status': 'ok', 'retcode': 0, 'data': {'message_id': 1077690033}, 'message': '', 'wording': '', 'echo': 1753836888}
[2025-07-30 08:54:56,943.943] DEBUG    [MainThread|MainProcess] websockets.client (protocol.py:read_frame:1177) | < TEXT '{"time":1753836896,"self_id":703263936,"post_ty...true},"interval":30000}' [148 bytes]
[2025-07-30 08:54:56,943.943] DEBUG    [MainThread|MainProcess] Logger (connect.py:on_message:43) | {'time': 1753836896, 'self_id': 703263936, 'post_type': 'meta_event', 'meta_event_type': 'heartbeat', 'status': {'online': True, 'good': True}, 'interval': 30000}
[2025-07-30 08:55:26,952.952] DEBUG    [MainThread|MainProcess] websockets.client (protocol.py:read_frame:1177) | < TEXT '{"time":1753836926,"self_id":703263936,"post_ty...true},"interval":30000}' [148 bytes]
[2025-07-30 08:55:26,952.952] DEBUG    [MainThread|MainProcess] Logger (connect.py:on_message:43) | {'time': 1753836926, 'self_id': 703263936, 'post_type': 'meta_event', 'meta_event_type': 'heartbeat', 'status': {'online': True, 'good': True}, 'interval': 30000}
[2025-07-30 08:55:56,963.963] DEBUG    [MainThread|MainProcess] websockets.client (protocol.py:read_frame:1177) | < TEXT '{"time":1753836956,"self_id":703263936,"post_ty...true},"interval":30000}' [148 bytes]
[2025-07-30 08:55:56,963.963] DEBUG    [MainThread|MainProcess] Logger (connect.py:on_message:43) | {'time': 1753836956, 'self_id': 703263936, 'post_type': 'meta_event', 'meta_event_type': 'heartbeat', 'status': {'online': True, 'good': True}, 'interval': 30000}
[2025-07-30 08:56:26,974.974] DEBUG    [MainThread|MainProcess] websockets.client (protocol.py:read_frame:1177) | < TEXT '{"time":1753836986,"self_id":703263936,"post_ty...true},"interval":30000}' [148 bytes]
[2025-07-30 08:56:26,974.974] DEBUG    [MainThread|MainProcess] Logger (connect.py:on_message:43) | {'time': 1753836986, 'self_id': 703263936, 'post_type': 'meta_event', 'meta_event_type': 'heartbeat', 'status': {'online': True, 'good': True}, 'interval': 30000}
[2025-07-30 08:56:56,983.983] DEBUG    [MainThread|MainProcess] websockets.client (protocol.py:read_frame:1177) | < TEXT '{"time":1753837016,"self_id":703263936,"post_ty...true},"interval":30000}' [148 bytes]
[2025-07-30 08:56:56,983.983] DEBUG    [MainThread|MainProcess] Logger (connect.py:on_message:43) | {'time': 1753837016, 'self_id': 703263936, 'post_type': 'meta_event', 'meta_event_type': 'heartbeat', 'status': {'online': True, 'good': True}, 'interval': 30000}
[2025-07-30 08:57:26,994.994] DEBUG    [MainThread|MainProcess] websockets.client (protocol.py:read_frame:1177) | < TEXT '{"time":1753837046,"self_id":703263936,"post_ty...true},"interval":30000}' [148 bytes]
[2025-07-30 08:57:26,994.994] DEBUG    [MainThread|MainProcess] Logger (connect.py:on_message:43) | {'time': 1753837046, 'self_id': 703263936, 'post_type': 'meta_event', 'meta_event_type': 'heartbeat', 'status': {'online': True, 'good': True}, 'interval': 30000}
[2025-07-30 08:57:57,007.007] DEBUG    [MainThread|MainProcess] websockets.client (protocol.py:read_frame:1177) | < TEXT '{"time":1753837077,"self_id":703263936,"post_ty...true},"interval":30000}' [148 bytes]
[2025-07-30 08:57:57,007.007] DEBUG    [MainThread|MainProcess] Logger (connect.py:on_message:43) | {'time': 1753837077, 'self_id': 703263936, 'post_type': 'meta_event', 'meta_event_type': 'heartbeat', 'status': {'online': True, 'good': True}, 'interval': 30000}
[2025-07-30 08:58:27,016.016] DEBUG    [MainThread|MainProcess] websockets.client (protocol.py:read_frame:1177) | < TEXT '{"time":1753837107,"self_id":703263936,"post_ty...true},"interval":30000}' [148 bytes]
[2025-07-30 08:58:27,016.016] DEBUG    [MainThread|MainProcess] Logger (connect.py:on_message:43) | {'time': 1753837107, 'self_id': 703263936, 'post_type': 'meta_event', 'meta_event_type': 'heartbeat', 'status': {'online': True, 'good': True}, 'interval': 30000}
[2025-07-30 08:58:57,027.027] DEBUG    [MainThread|MainProcess] websockets.client (protocol.py:read_frame:1177) | < TEXT '{"time":1753837137,"self_id":703263936,"post_ty...true},"interval":30000}' [148 bytes]
[2025-07-30 08:58:57,027.027] DEBUG    [MainThread|MainProcess] Logger (connect.py:on_message:43) | {'time': 1753837137, 'self_id': 703263936, 'post_type': 'meta_event', 'meta_event_type': 'heartbeat', 'status': {'online': True, 'good': True}, 'interval': 30000}
[2025-07-30 08:59:27,030.030] DEBUG    [MainThread|MainProcess] websockets.client (protocol.py:read_frame:1177) | < TEXT '{"time":1753837167,"self_id":703263936,"post_ty...true},"interval":30000}' [148 bytes]
[2025-07-30 08:59:27,030.030] DEBUG    [MainThread|MainProcess] Logger (connect.py:on_message:43) | {'time': 1753837167, 'self_id': 703263936, 'post_type': 'meta_event', 'meta_event_type': 'heartbeat', 'status': {'online': True, 'good': True}, 'interval': 30000}
[2025-07-30 08:59:57,033.033] DEBUG    [MainThread|MainProcess] websockets.client (protocol.py:read_frame:1177) | < TEXT '{"time":1753837197,"self_id":703263936,"post_ty...true},"interval":30000}' [148 bytes]
[2025-07-30 08:59:57,033.033] DEBUG    [MainThread|MainProcess] Logger (connect.py:on_message:43) | {'time': 1753837197, 'self_id': 703263936, 'post_type': 'meta_event', 'meta_event_type': 'heartbeat', 'status': {'online': True, 'good': True}, 'interval': 30000}
[2025-07-30 09:00:27,043.043] DEBUG    [MainThread|MainProcess] websockets.client (protocol.py:read_frame:1177) | < TEXT '{"time":1753837227,"self_id":703263936,"post_ty...true},"interval":30000}' [148 bytes]
[2025-07-30 09:00:27,043.043] DEBUG    [MainThread|MainProcess] Logger (connect.py:on_message:43) | {'time': 1753837227, 'self_id': 703263936, 'post_type': 'meta_event', 'meta_event_type': 'heartbeat', 'status': {'online': True, 'good': True}, 'interval': 30000}
[2025-07-30 09:00:57,053.053] DEBUG    [MainThread|MainProcess] websockets.client (protocol.py:read_frame:1177) | < TEXT '{"time":1753837257,"self_id":703263936,"post_ty...true},"interval":30000}' [148 bytes]
[2025-07-30 09:00:57,053.053] DEBUG    [MainThread|MainProcess] Logger (connect.py:on_message:43) | {'time': 1753837257, 'self_id': 703263936, 'post_type': 'meta_event', 'meta_event_type': 'heartbeat', 'status': {'online': True, 'good': True}, 'interval': 30000}
[2025-07-30 09:01:27,065.065] DEBUG    [MainThread|MainProcess] websockets.client (protocol.py:read_frame:1177) | < TEXT '{"time":1753837287,"self_id":703263936,"post_ty...true},"interval":30000}' [148 bytes]
[2025-07-30 09:01:27,065.065] DEBUG    [MainThread|MainProcess] Logger (connect.py:on_message:43) | {'time': 1753837287, 'self_id': 703263936, 'post_type': 'meta_event', 'meta_event_type': 'heartbeat', 'status': {'online': True, 'good': True}, 'interval': 30000}
[2025-07-30 09:01:57,074.074] DEBUG    [MainThread|MainProcess] websockets.client (protocol.py:read_frame:1177) | < TEXT '{"time":1753837317,"self_id":703263936,"post_ty...true},"interval":30000}' [148 bytes]
[2025-07-30 09:01:57,075.075] DEBUG    [MainThread|MainProcess] Logger (connect.py:on_message:43) | {'time': 1753837317, 'self_id': 703263936, 'post_type': 'meta_event', 'meta_event_type': 'heartbeat', 'status': {'online': True, 'good': True}, 'interval': 30000}
[2025-07-30 09:02:27,085.085] DEBUG    [MainThread|MainProcess] websockets.client (protocol.py:read_frame:1177) | < TEXT '{"time":1753837347,"self_id":703263936,"post_ty...true},"interval":30000}' [148 bytes]
[2025-07-30 09:02:27,085.085] DEBUG    [MainThread|MainProcess] Logger (connect.py:on_message:43) | {'time': 1753837347, 'self_id': 703263936, 'post_type': 'meta_event', 'meta_event_type': 'heartbeat', 'status': {'online': True, 'good': True}, 'interval': 30000}
[2025-07-30 09:02:57,098.098] DEBUG    [MainThread|MainProcess] websockets.client (protocol.py:read_frame:1177) | < TEXT '{"time":1753837377,"self_id":703263936,"post_ty...true},"interval":30000}' [148 bytes]
[2025-07-30 09:02:57,098.098] DEBUG    [MainThread|MainProcess] Logger (connect.py:on_message:43) | {'time': 1753837377, 'self_id': 703263936, 'post_type': 'meta_event', 'meta_event_type': 'heartbeat', 'status': {'online': True, 'good': True}, 'interval': 30000}
[2025-07-30 09:03:27,105.105] DEBUG    [MainThread|MainProcess] websockets.client (protocol.py:read_frame:1177) | < TEXT '{"time":1753837407,"self_id":703263936,"post_ty...true},"interval":30000}' [148 bytes]
[2025-07-30 09:03:27,105.105] DEBUG    [MainThread|MainProcess] Logger (connect.py:on_message:43) | {'time': 1753837407, 'self_id': 703263936, 'post_type': 'meta_event', 'meta_event_type': 'heartbeat', 'status': {'online': True, 'good': True}, 'interval': 30000}
[2025-07-30 09:03:57,119.119] DEBUG    [MainThread|MainProcess] websockets.client (protocol.py:read_frame:1177) | < TEXT '{"time":1753837437,"self_id":703263936,"post_ty...true},"interval":30000}' [148 bytes]
[2025-07-30 09:03:57,119.119] DEBUG    [MainThread|MainProcess] Logger (connect.py:on_message:43) | {'time': 1753837437, 'self_id': 703263936, 'post_type': 'meta_event', 'meta_event_type': 'heartbeat', 'status': {'online': True, 'good': True}, 'interval': 30000}
[2025-07-30 09:04:27,129.129] DEBUG    [MainThread|MainProcess] websockets.client (protocol.py:read_frame:1177) | < TEXT '{"time":1753837467,"self_id":703263936,"post_ty...true},"interval":30000}' [148 bytes]
[2025-07-30 09:04:27,129.129] DEBUG    [MainThread|MainProcess] Logger (connect.py:on_message:43) | {'time': 1753837467, 'self_id': 703263936, 'post_type': 'meta_event', 'meta_event_type': 'heartbeat', 'status': {'online': True, 'good': True}, 'interval': 30000}
[2025-07-30 09:04:57,138.138] DEBUG    [MainThread|MainProcess] websockets.client (protocol.py:read_frame:1177) | < TEXT '{"time":1753837497,"self_id":703263936,"post_ty...true},"interval":30000}' [148 bytes]
[2025-07-30 09:04:57,138.138] DEBUG    [MainThread|MainProcess] Logger (connect.py:on_message:43) | {'time': 1753837497, 'self_id': 703263936, 'post_type': 'meta_event', 'meta_event_type': 'heartbeat', 'status': {'online': True, 'good': True}, 'interval': 30000}
[2025-07-30 09:05:27,150.150] DEBUG    [MainThread|MainProcess] websockets.client (protocol.py:read_frame:1177) | < TEXT '{"time":1753837527,"self_id":703263936,"post_ty...true},"interval":30000}' [148 bytes]
[2025-07-30 09:05:27,150.150] DEBUG    [MainThread|MainProcess] Logger (connect.py:on_message:43) | {'time': 1753837527, 'self_id': 703263936, 'post_type': 'meta_event', 'meta_event_type': 'heartbeat', 'status': {'online': True, 'good': True}, 'interval': 30000}
[2025-07-30 09:05:57,161.161] DEBUG    [MainThread|MainProcess] websockets.client (protocol.py:read_frame:1177) | < TEXT '{"time":1753837557,"self_id":703263936,"post_ty...true},"interval":30000}' [148 bytes]
[2025-07-30 09:05:57,162.162] DEBUG    [MainThread|MainProcess] Logger (connect.py:on_message:43) | {'time': 1753837557, 'self_id': 703263936, 'post_type': 'meta_event', 'meta_event_type': 'heartbeat', 'status': {'online': True, 'good': True}, 'interval': 30000}
[2025-07-30 09:06:27,170.170] DEBUG    [MainThread|MainProcess] websockets.client (protocol.py:read_frame:1177) | < TEXT '{"time":1753837587,"self_id":703263936,"post_ty...true},"interval":30000}' [148 bytes]
[2025-07-30 09:06:27,170.170] DEBUG    [MainThread|MainProcess] Logger (connect.py:on_message:43) | {'time': 1753837587, 'self_id': 703263936, 'post_type': 'meta_event', 'meta_event_type': 'heartbeat', 'status': {'online': True, 'good': True}, 'interval': 30000}
[2025-07-30 09:06:57,181.181] DEBUG    [MainThread|MainProcess] websockets.client (protocol.py:read_frame:1177) | < TEXT '{"time":1753837617,"self_id":703263936,"post_ty...true},"interval":30000}' [148 bytes]
[2025-07-30 09:06:57,181.181] DEBUG    [MainThread|MainProcess] Logger (connect.py:on_message:43) | {'time': 1753837617, 'self_id': 703263936, 'post_type': 'meta_event', 'meta_event_type': 'heartbeat', 'status': {'online': True, 'good': True}, 'interval': 30000}
[2025-07-30 09:07:27,191.191] DEBUG    [MainThread|MainProcess] websockets.client (protocol.py:read_frame:1177) | < TEXT '{"time":1753837647,"self_id":703263936,"post_ty...true},"interval":30000}' [148 bytes]
[2025-07-30 09:07:27,191.191] DEBUG    [MainThread|MainProcess] Logger (connect.py:on_message:43) | {'time': 1753837647, 'self_id': 703263936, 'post_type': 'meta_event', 'meta_event_type': 'heartbeat', 'status': {'online': True, 'good': True}, 'interval': 30000}
[2025-07-30 09:07:57,203.203] DEBUG    [MainThread|MainProcess] websockets.client (protocol.py:read_frame:1177) | < TEXT '{"time":1753837677,"self_id":703263936,"post_ty...true},"interval":30000}' [148 bytes]
[2025-07-30 09:07:57,203.203] DEBUG    [MainThread|MainProcess] Logger (connect.py:on_message:43) | {'time': 1753837677, 'self_id': 703263936, 'post_type': 'meta_event', 'meta_event_type': 'heartbeat', 'status': {'online': True, 'good': True}, 'interval': 30000}
[2025-07-30 09:08:27,214.214] DEBUG    [MainThread|MainProcess] websockets.client (protocol.py:read_frame:1177) | < TEXT '{"time":1753837707,"self_id":703263936,"post_ty...true},"interval":30000}' [148 bytes]
[2025-07-30 09:08:27,214.214] DEBUG    [MainThread|MainProcess] Logger (connect.py:on_message:43) | {'time': 1753837707, 'self_id': 703263936, 'post_type': 'meta_event', 'meta_event_type': 'heartbeat', 'status': {'online': True, 'good': True}, 'interval': 30000}
[2025-07-30 09:08:57,223.223] DEBUG    [MainThread|MainProcess] websockets.client (protocol.py:read_frame:1177) | < TEXT '{"time":1753837737,"self_id":703263936,"post_ty...true},"interval":30000}' [148 bytes]
[2025-07-30 09:08:57,223.223] DEBUG    [MainThread|MainProcess] Logger (connect.py:on_message:43) | {'time': 1753837737, 'self_id': 703263936, 'post_type': 'meta_event', 'meta_event_type': 'heartbeat', 'status': {'online': True, 'good': True}, 'interval': 30000}
[2025-07-30 09:09:27,235.235] DEBUG    [MainThread|MainProcess] websockets.client (protocol.py:read_frame:1177) | < TEXT '{"time":1753837767,"self_id":703263936,"post_ty...true},"interval":30000}' [148 bytes]
[2025-07-30 09:09:27,235.235] DEBUG    [MainThread|MainProcess] Logger (connect.py:on_message:43) | {'time': 1753837767, 'self_id': 703263936, 'post_type': 'meta_event', 'meta_event_type': 'heartbeat', 'status': {'online': True, 'good': True}, 'interval': 30000}
[2025-07-30 09:09:57,246.246] DEBUG    [MainThread|MainProcess] websockets.client (protocol.py:read_frame:1177) | < TEXT '{"time":1753837797,"self_id":703263936,"post_ty...true},"interval":30000}' [148 bytes]
[2025-07-30 09:09:57,247.247] DEBUG    [MainThread|MainProcess] Logger (connect.py:on_message:43) | {'time': 1753837797, 'self_id': 703263936, 'post_type': 'meta_event', 'meta_event_type': 'heartbeat', 'status': {'online': True, 'good': True}, 'interval': 30000}
[2025-07-30 09:10:27,255.255] DEBUG    [MainThread|MainProcess] websockets.client (protocol.py:read_frame:1177) | < TEXT '{"time":1753837827,"self_id":703263936,"post_ty...true},"interval":30000}' [148 bytes]
[2025-07-30 09:10:27,255.255] DEBUG    [MainThread|MainProcess] Logger (connect.py:on_message:43) | {'time': 1753837827, 'self_id': 703263936, 'post_type': 'meta_event', 'meta_event_type': 'heartbeat', 'status': {'online': True, 'good': True}, 'interval': 30000}
[2025-07-30 09:10:57,268.268] DEBUG    [MainThread|MainProcess] websockets.client (protocol.py:read_frame:1177) | < TEXT '{"time":1753837857,"self_id":703263936,"post_ty...true},"interval":30000}' [148 bytes]
[2025-07-30 09:10:57,268.268] DEBUG    [MainThread|MainProcess] Logger (connect.py:on_message:43) | {'time': 1753837857, 'self_id': 703263936, 'post_type': 'meta_event', 'meta_event_type': 'heartbeat', 'status': {'online': True, 'good': True}, 'interval': 30000}
[2025-07-30 09:11:27,278.278] DEBUG    [MainThread|MainProcess] websockets.client (protocol.py:read_frame:1177) | < TEXT '{"time":1753837887,"self_id":703263936,"post_ty...true},"interval":30000}' [148 bytes]
[2025-07-30 09:11:27,278.278] DEBUG    [MainThread|MainProcess] Logger (connect.py:on_message:43) | {'time': 1753837887, 'self_id': 703263936, 'post_type': 'meta_event', 'meta_event_type': 'heartbeat', 'status': {'online': True, 'good': True}, 'interval': 30000}
[2025-07-30 09:11:57,287.287] DEBUG    [MainThread|MainProcess] websockets.client (protocol.py:read_frame:1177) | < TEXT '{"time":1753837917,"self_id":703263936,"post_ty...true},"interval":30000}' [148 bytes]
[2025-07-30 09:11:57,287.287] DEBUG    [MainThread|MainProcess] Logger (connect.py:on_message:43) | {'time': 1753837917, 'self_id': 703263936, 'post_type': 'meta_event', 'meta_event_type': 'heartbeat', 'status': {'online': True, 'good': True}, 'interval': 30000}
[2025-07-30 09:12:27,300.300] DEBUG    [MainThread|MainProcess] websockets.client (protocol.py:read_frame:1177) | < TEXT '{"time":1753837947,"self_id":703263936,"post_ty...true},"interval":30000}' [148 bytes]
[2025-07-30 09:12:27,300.300] DEBUG    [MainThread|MainProcess] Logger (connect.py:on_message:43) | {'time': 1753837947, 'self_id': 703263936, 'post_type': 'meta_event', 'meta_event_type': 'heartbeat', 'status': {'online': True, 'good': True}, 'interval': 30000}
[2025-07-30 09:12:57,308.308] DEBUG    [MainThread|MainProcess] websockets.client (protocol.py:read_frame:1177) | < TEXT '{"time":1753837977,"self_id":703263936,"post_ty...true},"interval":30000}' [148 bytes]
[2025-07-30 09:12:57,308.308] DEBUG    [MainThread|MainProcess] Logger (connect.py:on_message:43) | {'time': 1753837977, 'self_id': 703263936, 'post_type': 'meta_event', 'meta_event_type': 'heartbeat', 'status': {'online': True, 'good': True}, 'interval': 30000}
[2025-07-30 09:13:27,321.321] DEBUG    [MainThread|MainProcess] websockets.client (protocol.py:read_frame:1177) | < TEXT '{"time":1753838007,"self_id":703263936,"post_ty...true},"interval":30000}' [148 bytes]
[2025-07-30 09:13:27,321.321] DEBUG    [MainThread|MainProcess] Logger (connect.py:on_message:43) | {'time': 1753838007, 'self_id': 703263936, 'post_type': 'meta_event', 'meta_event_type': 'heartbeat', 'status': {'online': True, 'good': True}, 'interval': 30000}
[2025-07-30 09:13:57,330.330] DEBUG    [MainThread|MainProcess] websockets.client (protocol.py:read_frame:1177) | < TEXT '{"time":1753838037,"self_id":703263936,"post_ty...true},"interval":30000}' [148 bytes]
[2025-07-30 09:13:57,331.331] DEBUG    [MainThread|MainProcess] Logger (connect.py:on_message:43) | {'time': 1753838037, 'self_id': 703263936, 'post_type': 'meta_event', 'meta_event_type': 'heartbeat', 'status': {'online': True, 'good': True}, 'interval': 30000}
[2025-07-30 09:14:27,340.340] DEBUG    [MainThread|MainProcess] websockets.client (protocol.py:read_frame:1177) | < TEXT '{"time":1753838067,"self_id":703263936,"post_ty...true},"interval":30000}' [148 bytes]
[2025-07-30 09:14:27,340.340] DEBUG    [MainThread|MainProcess] Logger (connect.py:on_message:43) | {'time': 1753838067, 'self_id': 703263936, 'post_type': 'meta_event', 'meta_event_type': 'heartbeat', 'status': {'online': True, 'good': True}, 'interval': 30000}
[2025-07-30 09:14:57,353.353] DEBUG    [MainThread|MainProcess] websockets.client (protocol.py:read_frame:1177) | < TEXT '{"time":1753838097,"self_id":703263936,"post_ty...true},"interval":30000}' [148 bytes]
[2025-07-30 09:14:57,353.353] DEBUG    [MainThread|MainProcess] Logger (connect.py:on_message:43) | {'time': 1753838097, 'self_id': 703263936, 'post_type': 'meta_event', 'meta_event_type': 'heartbeat', 'status': {'online': True, 'good': True}, 'interval': 30000}
[2025-07-30 09:15:27,362.362] DEBUG    [MainThread|MainProcess] websockets.client (protocol.py:read_frame:1177) | < TEXT '{"time":1753838127,"self_id":703263936,"post_ty...true},"interval":30000}' [148 bytes]
[2025-07-30 09:15:27,362.362] DEBUG    [MainThread|MainProcess] Logger (connect.py:on_message:43) | {'time': 1753838127, 'self_id': 703263936, 'post_type': 'meta_event', 'meta_event_type': 'heartbeat', 'status': {'online': True, 'good': True}, 'interval': 30000}
[2025-07-30 09:15:57,374.374] DEBUG    [MainThread|MainProcess] websockets.client (protocol.py:read_frame:1177) | < TEXT '{"time":1753838157,"self_id":703263936,"post_ty...true},"interval":30000}' [148 bytes]
[2025-07-30 09:15:57,374.374] DEBUG    [MainThread|MainProcess] Logger (connect.py:on_message:43) | {'time': 1753838157, 'self_id': 703263936, 'post_type': 'meta_event', 'meta_event_type': 'heartbeat', 'status': {'online': True, 'good': True}, 'interval': 30000}
[2025-07-30 09:16:27,384.384] DEBUG    [MainThread|MainProcess] websockets.client (protocol.py:read_frame:1177) | < TEXT '{"time":1753838187,"self_id":703263936,"post_ty...true},"interval":30000}' [148 bytes]
[2025-07-30 09:16:27,384.384] DEBUG    [MainThread|MainProcess] Logger (connect.py:on_message:43) | {'time': 1753838187, 'self_id': 703263936, 'post_type': 'meta_event', 'meta_event_type': 'heartbeat', 'status': {'online': True, 'good': True}, 'interval': 30000}
[2025-07-30 09:16:57,395.395] DEBUG    [MainThread|MainProcess] websockets.client (protocol.py:read_frame:1177) | < TEXT '{"time":1753838217,"self_id":703263936,"post_ty...true},"interval":30000}' [148 bytes]
[2025-07-30 09:16:57,395.395] DEBUG    [MainThread|MainProcess] Logger (connect.py:on_message:43) | {'time': 1753838217, 'self_id': 703263936, 'post_type': 'meta_event', 'meta_event_type': 'heartbeat', 'status': {'online': True, 'good': True}, 'interval': 30000}
[2025-07-30 09:17:27,407.407] DEBUG    [MainThread|MainProcess] websockets.client (protocol.py:read_frame:1177) | < TEXT '{"time":1753838247,"self_id":703263936,"post_ty...true},"interval":30000}' [148 bytes]
[2025-07-30 09:17:27,407.407] DEBUG    [MainThread|MainProcess] Logger (connect.py:on_message:43) | {'time': 1753838247, 'self_id': 703263936, 'post_type': 'meta_event', 'meta_event_type': 'heartbeat', 'status': {'online': True, 'good': True}, 'interval': 30000}
[2025-07-30 09:17:57,415.415] DEBUG    [MainThread|MainProcess] websockets.client (protocol.py:read_frame:1177) | < TEXT '{"time":1753838277,"self_id":703263936,"post_ty...true},"interval":30000}' [148 bytes]
[2025-07-30 09:17:57,415.415] DEBUG    [MainThread|MainProcess] Logger (connect.py:on_message:43) | {'time': 1753838277, 'self_id': 703263936, 'post_type': 'meta_event', 'meta_event_type': 'heartbeat', 'status': {'online': True, 'good': True}, 'interval': 30000}
[2025-07-30 09:18:27,426.426] DEBUG    [MainThread|MainProcess] websockets.client (protocol.py:read_frame:1177) | < TEXT '{"time":1753838307,"self_id":703263936,"post_ty...true},"interval":30000}' [148 bytes]
[2025-07-30 09:18:27,426.426] DEBUG    [MainThread|MainProcess] Logger (connect.py:on_message:43) | {'time': 1753838307, 'self_id': 703263936, 'post_type': 'meta_event', 'meta_event_type': 'heartbeat', 'status': {'online': True, 'good': True}, 'interval': 30000}
[2025-07-30 09:18:57,438.438] DEBUG    [MainThread|MainProcess] websockets.client (protocol.py:read_frame:1177) | < TEXT '{"time":1753838337,"self_id":703263936,"post_ty...true},"interval":30000}' [148 bytes]
[2025-07-30 09:18:57,438.438] DEBUG    [MainThread|MainProcess] Logger (connect.py:on_message:43) | {'time': 1753838337, 'self_id': 703263936, 'post_type': 'meta_event', 'meta_event_type': 'heartbeat', 'status': {'online': True, 'good': True}, 'interval': 30000}
[2025-07-30 09:19:27,445.445] DEBUG    [MainThread|MainProcess] websockets.client (protocol.py:read_frame:1177) | < TEXT '{"time":1753838367,"self_id":703263936,"post_ty...true},"interval":30000}' [148 bytes]
[2025-07-30 09:19:27,445.445] DEBUG    [MainThread|MainProcess] Logger (connect.py:on_message:43) | {'time': 1753838367, 'self_id': 703263936, 'post_type': 'meta_event', 'meta_event_type': 'heartbeat', 'status': {'online': True, 'good': True}, 'interval': 30000}
[2025-07-30 09:19:57,458.458] DEBUG    [MainThread|MainProcess] websockets.client (protocol.py:read_frame:1177) | < TEXT '{"time":1753838397,"self_id":703263936,"post_ty...true},"interval":30000}' [148 bytes]
[2025-07-30 09:19:57,459.459] DEBUG    [MainThread|MainProcess] Logger (connect.py:on_message:43) | {'time': 1753838397, 'self_id': 703263936, 'post_type': 'meta_event', 'meta_event_type': 'heartbeat', 'status': {'online': True, 'good': True}, 'interval': 30000}
[2025-07-30 09:20:27,482.482] DEBUG    [MainThread|MainProcess] websockets.client (protocol.py:read_frame:1177) | < TEXT '{"time":1753838427,"self_id":703263936,"post_ty...true},"interval":30000}' [148 bytes]
[2025-07-30 09:20:27,482.482] DEBUG    [MainThread|MainProcess] Logger (connect.py:on_message:43) | {'time': 1753838427, 'self_id': 703263936, 'post_type': 'meta_event', 'meta_event_type': 'heartbeat', 'status': {'online': True, 'good': True}, 'interval': 30000}
[2025-07-30 09:20:57,489.489] DEBUG    [MainThread|MainProcess] websockets.client (protocol.py:read_frame:1177) | < TEXT '{"time":1753838457,"self_id":703263936,"post_ty...true},"interval":30000}' [148 bytes]
[2025-07-30 09:20:57,490.490] DEBUG    [MainThread|MainProcess] Logger (connect.py:on_message:43) | {'time': 1753838457, 'self_id': 703263936, 'post_type': 'meta_event', 'meta_event_type': 'heartbeat', 'status': {'online': True, 'good': True}, 'interval': 30000}
[2025-07-30 09:21:27,499.499] DEBUG    [MainThread|MainProcess] websockets.client (protocol.py:read_frame:1177) | < TEXT '{"time":1753838487,"self_id":703263936,"post_ty...true},"interval":30000}' [148 bytes]
[2025-07-30 09:21:27,499.499] DEBUG    [MainThread|MainProcess] Logger (connect.py:on_message:43) | {'time': 1753838487, 'self_id': 703263936, 'post_type': 'meta_event', 'meta_event_type': 'heartbeat', 'status': {'online': True, 'good': True}, 'interval': 30000}
[2025-07-30 09:21:57,508.508] DEBUG    [MainThread|MainProcess] websockets.client (protocol.py:read_frame:1177) | < TEXT '{"time":1753838517,"self_id":703263936,"post_ty...true},"interval":30000}' [148 bytes]
[2025-07-30 09:21:57,508.508] DEBUG    [MainThread|MainProcess] Logger (connect.py:on_message:43) | {'time': 1753838517, 'self_id': 703263936, 'post_type': 'meta_event', 'meta_event_type': 'heartbeat', 'status': {'online': True, 'good': True}, 'interval': 30000}
[2025-07-30 09:22:27,520.520] DEBUG    [MainThread|MainProcess] websockets.client (protocol.py:read_frame:1177) | < TEXT '{"time":1753838547,"self_id":703263936,"post_ty...true},"interval":30000}' [148 bytes]
[2025-07-30 09:22:27,520.520] DEBUG    [MainThread|MainProcess] Logger (connect.py:on_message:43) | {'time': 1753838547, 'self_id': 703263936, 'post_type': 'meta_event', 'meta_event_type': 'heartbeat', 'status': {'online': True, 'good': True}, 'interval': 30000}
[2025-07-30 09:22:57,532.532] DEBUG    [MainThread|MainProcess] websockets.client (protocol.py:read_frame:1177) | < TEXT '{"time":1753838577,"self_id":703263936,"post_ty...true},"interval":30000}' [148 bytes]
[2025-07-30 09:22:57,533.533] DEBUG    [MainThread|MainProcess] Logger (connect.py:on_message:43) | {'time': 1753838577, 'self_id': 703263936, 'post_type': 'meta_event', 'meta_event_type': 'heartbeat', 'status': {'online': True, 'good': True}, 'interval': 30000}
[2025-07-30 09:23:27,540.540] DEBUG    [MainThread|MainProcess] websockets.client (protocol.py:read_frame:1177) | < TEXT '{"time":1753838607,"self_id":703263936,"post_ty...true},"interval":30000}' [148 bytes]
[2025-07-30 09:23:27,540.540] DEBUG    [MainThread|MainProcess] Logger (connect.py:on_message:43) | {'time': 1753838607, 'self_id': 703263936, 'post_type': 'meta_event', 'meta_event_type': 'heartbeat', 'status': {'online': True, 'good': True}, 'interval': 30000}
[2025-07-30 09:23:57,553.553] DEBUG    [MainThread|MainProcess] websockets.client (protocol.py:read_frame:1177) | < TEXT '{"time":1753838637,"self_id":703263936,"post_ty...true},"interval":30000}' [148 bytes]
[2025-07-30 09:23:57,553.553] DEBUG    [MainThread|MainProcess] Logger (connect.py:on_message:43) | {'time': 1753838637, 'self_id': 703263936, 'post_type': 'meta_event', 'meta_event_type': 'heartbeat', 'status': {'online': True, 'good': True}, 'interval': 30000}
[2025-07-30 09:24:27,561.561] DEBUG    [MainThread|MainProcess] websockets.client (protocol.py:read_frame:1177) | < TEXT '{"time":1753838667,"self_id":703263936,"post_ty...true},"interval":30000}' [148 bytes]
[2025-07-30 09:24:27,561.561] DEBUG    [MainThread|MainProcess] Logger (connect.py:on_message:43) | {'time': 1753838667, 'self_id': 703263936, 'post_type': 'meta_event', 'meta_event_type': 'heartbeat', 'status': {'online': True, 'good': True}, 'interval': 30000}
[2025-07-30 09:24:57,575.575] DEBUG    [MainThread|MainProcess] websockets.client (protocol.py:read_frame:1177) | < TEXT '{"time":1753838697,"self_id":703263936,"post_ty...true},"interval":30000}' [148 bytes]
[2025-07-30 09:24:57,575.575] DEBUG    [MainThread|MainProcess] Logger (connect.py:on_message:43) | {'time': 1753838697, 'self_id': 703263936, 'post_type': 'meta_event', 'meta_event_type': 'heartbeat', 'status': {'online': True, 'good': True}, 'interval': 30000}
[2025-07-30 09:25:27,600.600] DEBUG    [MainThread|MainProcess] websockets.client (protocol.py:read_frame:1177) | < TEXT '{"time":1753838727,"self_id":703263936,"post_ty...true},"interval":30000}' [148 bytes]
[2025-07-30 09:25:27,600.600] DEBUG    [MainThread|MainProcess] Logger (connect.py:on_message:43) | {'time': 1753838727, 'self_id': 703263936, 'post_type': 'meta_event', 'meta_event_type': 'heartbeat', 'status': {'online': True, 'good': True}, 'interval': 30000}
[2025-07-30 09:25:57,609.609] DEBUG    [MainThread|MainProcess] websockets.client (protocol.py:read_frame:1177) | < TEXT '{"time":1753838757,"self_id":703263936,"post_ty...true},"interval":30000}' [148 bytes]
[2025-07-30 09:25:57,609.609] DEBUG    [MainThread|MainProcess] Logger (connect.py:on_message:43) | {'time': 1753838757, 'self_id': 703263936, 'post_type': 'meta_event', 'meta_event_type': 'heartbeat', 'status': {'online': True, 'good': True}, 'interval': 30000}
[2025-07-30 09:26:27,620.620] DEBUG    [MainThread|MainProcess] websockets.client (protocol.py:read_frame:1177) | < TEXT '{"time":1753838787,"self_id":703263936,"post_ty...true},"interval":30000}' [148 bytes]
[2025-07-30 09:26:27,620.620] DEBUG    [MainThread|MainProcess] Logger (connect.py:on_message:43) | {'time': 1753838787, 'self_id': 703263936, 'post_type': 'meta_event', 'meta_event_type': 'heartbeat', 'status': {'online': True, 'good': True}, 'interval': 30000}
[2025-07-30 09:26:57,631.631] DEBUG    [MainThread|MainProcess] websockets.client (protocol.py:read_frame:1177) | < TEXT '{"time":1753838817,"self_id":703263936,"post_ty...true},"interval":30000}' [148 bytes]
[2025-07-30 09:26:57,631.631] DEBUG    [MainThread|MainProcess] Logger (connect.py:on_message:43) | {'time': 1753838817, 'self_id': 703263936, 'post_type': 'meta_event', 'meta_event_type': 'heartbeat', 'status': {'online': True, 'good': True}, 'interval': 30000}
[2025-07-30 09:27:27,641.641] DEBUG    [MainThread|MainProcess] websockets.client (protocol.py:read_frame:1177) | < TEXT '{"time":1753838847,"self_id":703263936,"post_ty...true},"interval":30000}' [148 bytes]
[2025-07-30 09:27:27,641.641] DEBUG    [MainThread|MainProcess] Logger (connect.py:on_message:43) | {'time': 1753838847, 'self_id': 703263936, 'post_type': 'meta_event', 'meta_event_type': 'heartbeat', 'status': {'online': True, 'good': True}, 'interval': 30000}
[2025-07-30 09:27:57,652.652] DEBUG    [MainThread|MainProcess] websockets.client (protocol.py:read_frame:1177) | < TEXT '{"time":1753838877,"self_id":703263936,"post_ty...true},"interval":30000}' [148 bytes]
[2025-07-30 09:27:57,652.652] DEBUG    [MainThread|MainProcess] Logger (connect.py:on_message:43) | {'time': 1753838877, 'self_id': 703263936, 'post_type': 'meta_event', 'meta_event_type': 'heartbeat', 'status': {'online': True, 'good': True}, 'interval': 30000}
[2025-07-30 09:28:27,662.662] DEBUG    [MainThread|MainProcess] websockets.client (protocol.py:read_frame:1177) | < TEXT '{"time":1753838907,"self_id":703263936,"post_ty...true},"interval":30000}' [148 bytes]
[2025-07-30 09:28:27,662.662] DEBUG    [MainThread|MainProcess] Logger (connect.py:on_message:43) | {'time': 1753838907, 'self_id': 703263936, 'post_type': 'meta_event', 'meta_event_type': 'heartbeat', 'status': {'online': True, 'good': True}, 'interval': 30000}
[2025-07-30 09:28:57,674.674] DEBUG    [MainThread|MainProcess] websockets.client (protocol.py:read_frame:1177) | < TEXT '{"time":1753838937,"self_id":703263936,"post_ty...true},"interval":30000}' [148 bytes]
[2025-07-30 09:28:57,674.674] DEBUG    [MainThread|MainProcess] Logger (connect.py:on_message:43) | {'time': 1753838937, 'self_id': 703263936, 'post_type': 'meta_event', 'meta_event_type': 'heartbeat', 'status': {'online': True, 'good': True}, 'interval': 30000}
[2025-07-30 09:28:58,977.977] DEBUG    [MainThread|MainProcess] websockets.client (protocol.py:read_frame:1177) | < TEXT '{"self_id":703263936,"user_id":3863501516,"time...","group_id":465281893}' [464 bytes]
[2025-07-30 09:28:58,977.977] DEBUG    [MainThread|MainProcess] Logger (client.py:handle_group_event:67) | {'group_id': '465281893', 'user_id': '3863501516', 'message_type': 'group', 'sub_type': 'normal', 'font': '14', 'sender': "{'user_id': 3863501516, 'nickname': 'mtr_mcfunction', 'card': '我要op😭🙏'}", 'message_id': '1053449442', 'message_seq': '1053449442', 'real_id': '1053449442', 'message': "[{'type': 'text', 'data': {'text': '搜歌 Revenge'}}]", 'message_format': 'array'}
[2025-07-30 09:28:58,977.977] INFO     [MainThread|MainProcess] Logger (main.py:on_group_message:34) | {'group_id': '465281893', 'user_id': '3863501516', 'message_type': 'group', 'sub_type': 'normal', 'font': '14', 'sender': "{'user_id': 3863501516, 'nickname': 'mtr_mcfunction', 'card': '我要op😭🙏'}", 'message_id': '1053449442', 'message_seq': '1053449442', 'real_id': '1053449442', 'message': "[{'type': 'text', 'data': {'text': '搜歌 Revenge'}}]", 'message_format': 'array'}
[2025-07-30 09:28:58,995.995] DEBUG    [MainThread|MainProcess] urllib3.connectionpool (connectionpool.py:_new_conn:1022) | Starting new HTTPS connection (1): chunithm.sega.jp:443
[2025-07-30 09:29:00,158.158] DEBUG    [MainThread|MainProcess] urllib3.connectionpool (connectionpool.py:_make_request:475) | https://chunithm.sega.jp:443 "GET /storage/json/music.json HTTP/1.1" 200 None
[2025-07-30 09:29:01,136.136] DEBUG    [MainThread|MainProcess] websockets.client (protocol.py:__init__:256) | = connection is CONNECTING
[2025-07-30 09:29:01,137.137] DEBUG    [MainThread|MainProcess] websockets.client (client.py:write_http_request:114) | > GET /api HTTP/1.1
[2025-07-30 09:29:01,137.137] DEBUG    [MainThread|MainProcess] websockets.client (client.py:write_http_request:116) | > Host: localhost:8082
[2025-07-30 09:29:01,137.137] DEBUG    [MainThread|MainProcess] websockets.client (client.py:write_http_request:116) | > Upgrade: websocket
[2025-07-30 09:29:01,138.138] DEBUG    [MainThread|MainProcess] websockets.client (client.py:write_http_request:116) | > Connection: Upgrade
[2025-07-30 09:29:01,138.138] DEBUG    [MainThread|MainProcess] websockets.client (client.py:write_http_request:116) | > Sec-WebSocket-Key: mLst/3iOdc6+RP0FqdhUyg==
[2025-07-30 09:29:01,138.138] DEBUG    [MainThread|MainProcess] websockets.client (client.py:write_http_request:116) | > Sec-WebSocket-Version: 13
[2025-07-30 09:29:01,138.138] DEBUG    [MainThread|MainProcess] websockets.client (client.py:write_http_request:116) | > Sec-WebSocket-Extensions: permessage-deflate; client_max_window_bits
[2025-07-30 09:29:01,138.138] DEBUG    [MainThread|MainProcess] websockets.client (client.py:write_http_request:116) | > Content-Type: application/json
[2025-07-30 09:29:01,138.138] DEBUG    [MainThread|MainProcess] websockets.client (client.py:write_http_request:116) | > Authorization: Bearer chcat13201145
[2025-07-30 09:29:01,138.138] DEBUG    [MainThread|MainProcess] websockets.client (client.py:write_http_request:116) | > User-Agent: Python/3.10 websockets/10.4
[2025-07-30 09:29:01,144.144] DEBUG    [MainThread|MainProcess] websockets.client (client.py:read_http_response:147) | < HTTP/1.1 101 Switching Protocols
[2025-07-30 09:29:01,144.144] DEBUG    [MainThread|MainProcess] websockets.client (client.py:read_http_response:149) | < Upgrade: websocket
[2025-07-30 09:29:01,145.145] DEBUG    [MainThread|MainProcess] websockets.client (client.py:read_http_response:149) | < Connection: Upgrade
[2025-07-30 09:29:01,145.145] DEBUG    [MainThread|MainProcess] websockets.client (client.py:read_http_response:149) | < Sec-WebSocket-Accept: BNzP1dfkikjxIu3nDvfGeIOUYQg=
[2025-07-30 09:29:01,145.145] DEBUG    [MainThread|MainProcess] websockets.client (protocol.py:connection_open:357) | = connection is OPEN
[2025-07-30 09:29:01,146.146] DEBUG    [MainThread|MainProcess] websockets.client (protocol.py:write_frame_sync:1183) | > TEXT '{"action": "send_group_msg", "params": {"group_...]}, "echo": 1753838941}' [166 bytes]
[2025-07-30 09:29:01,601.601] DEBUG    [MainThread|MainProcess] websockets.client (protocol.py:read_frame:1177) | < TEXT '{"status":"ok","retcode":0,"data":{"message_id"...":"","echo":1753838941}' [103 bytes]
[2025-07-30 09:29:01,601.601] DEBUG    [MainThread|MainProcess] websockets.client (protocol.py:write_close_frame:1232) | = connection is CLOSING
[2025-07-30 09:29:01,601.601] DEBUG    [MainThread|MainProcess] websockets.client (protocol.py:write_frame_sync:1183) | > CLOSE 1000 (OK) [2 bytes]
[2025-07-30 09:29:01,601.601] DEBUG    [MainThread|MainProcess] websockets.client (protocol.py:read_frame:1177) | < CLOSE 1000 (OK) [2 bytes]
[2025-07-30 09:29:01,601.601] DEBUG    [MainThread|MainProcess] websockets.client (protocol.py:connection_lost:1514) | = connection is CLOSED
[2025-07-30 09:29:01,601.601] DEBUG    [MainThread|MainProcess] Logger (api.py:check_and_log:32) | {'status': 'ok', 'retcode': 0, 'data': {'message_id': 793646861}, 'message': '', 'wording': '', 'echo': 1753838941}
[2025-07-30 09:29:14,612.612] DEBUG    [MainThread|MainProcess] websockets.client (protocol.py:read_frame:1177) | < TEXT '{"self_id":703263936,"user_id":3830876470,"time...","group_id":465281893}' [442 bytes]
[2025-07-30 09:29:14,612.612] DEBUG    [MainThread|MainProcess] Logger (client.py:handle_group_event:67) | {'group_id': '465281893', 'user_id': '3830876470', 'message_type': 'group', 'sub_type': 'normal', 'font': '14', 'sender': "{'user_id': 3830876470, 'nickname': '小晴', 'card': ''}", 'message_id': '1993727899', 'message_seq': '1993727899', 'real_id': '1993727899', 'message': "[{'type': 'text', 'data': {'text': '未找到歌曲'}}]", 'message_format': 'array'}
[2025-07-30 09:29:14,612.612] INFO     [MainThread|MainProcess] Logger (main.py:on_group_message:34) | {'group_id': '465281893', 'user_id': '3830876470', 'message_type': 'group', 'sub_type': 'normal', 'font': '14', 'sender': "{'user_id': 3830876470, 'nickname': '小晴', 'card': ''}", 'message_id': '1993727899', 'message_seq': '1993727899', 'real_id': '1993727899', 'message': "[{'type': 'text', 'data': {'text': '未找到歌曲'}}]", 'message_format': 'array'}
[2025-07-30 09:29:27,685.685] DEBUG    [MainThread|MainProcess] websockets.client (protocol.py:read_frame:1177) | < TEXT '{"time":1753838967,"self_id":703263936,"post_ty...true},"interval":30000}' [148 bytes]
[2025-07-30 09:29:27,685.685] DEBUG    [MainThread|MainProcess] Logger (connect.py:on_message:43) | {'time': 1753838967, 'self_id': 703263936, 'post_type': 'meta_event', 'meta_event_type': 'heartbeat', 'status': {'online': True, 'good': True}, 'interval': 30000}
[2025-07-30 09:29:57,695.695] DEBUG    [MainThread|MainProcess] websockets.client (protocol.py:read_frame:1177) | < TEXT '{"time":1753838997,"self_id":703263936,"post_ty...true},"interval":30000}' [148 bytes]
[2025-07-30 09:29:57,695.695] DEBUG    [MainThread|MainProcess] Logger (connect.py:on_message:43) | {'time': 1753838997, 'self_id': 703263936, 'post_type': 'meta_event', 'meta_event_type': 'heartbeat', 'status': {'online': True, 'good': True}, 'interval': 30000}
[2025-07-30 09:30:27,703.703] DEBUG    [MainThread|MainProcess] websockets.client (protocol.py:read_frame:1177) | < TEXT '{"time":1753839027,"self_id":703263936,"post_ty...true},"interval":30000}' [148 bytes]
[2025-07-30 09:30:27,704.704] DEBUG    [MainThread|MainProcess] Logger (connect.py:on_message:43) | {'time': 1753839027, 'self_id': 703263936, 'post_type': 'meta_event', 'meta_event_type': 'heartbeat', 'status': {'online': True, 'good': True}, 'interval': 30000}
[2025-07-30 09:30:57,714.714] DEBUG    [MainThread|MainProcess] websockets.client (protocol.py:read_frame:1177) | < TEXT '{"time":1753839057,"self_id":703263936,"post_ty...true},"interval":30000}' [148 bytes]
[2025-07-30 09:30:57,715.715] DEBUG    [MainThread|MainProcess] Logger (connect.py:on_message:43) | {'time': 1753839057, 'self_id': 703263936, 'post_type': 'meta_event', 'meta_event_type': 'heartbeat', 'status': {'online': True, 'good': True}, 'interval': 30000}
[2025-07-30 09:31:27,726.726] DEBUG    [MainThread|MainProcess] websockets.client (protocol.py:read_frame:1177) | < TEXT '{"time":1753839087,"self_id":703263936,"post_ty...true},"interval":30000}' [148 bytes]
[2025-07-30 09:31:27,726.726] DEBUG    [MainThread|MainProcess] Logger (connect.py:on_message:43) | {'time': 1753839087, 'self_id': 703263936, 'post_type': 'meta_event', 'meta_event_type': 'heartbeat', 'status': {'online': True, 'good': True}, 'interval': 30000}
[2025-07-30 09:31:52,861.861] DEBUG    [MainThread|MainProcess] websockets.client (protocol.py:read_frame:1177) | < TEXT '{"self_id":703263936,"user_id":1095216448,"time...","group_id":465281893}' [444 bytes]
[2025-07-30 09:31:52,861.861] DEBUG    [MainThread|MainProcess] Logger (client.py:handle_group_event:67) | {'group_id': '465281893', 'user_id': '1095216448', 'message_type': 'group', 'sub_type': 'normal', 'font': '14', 'sender': "{'user_id': 1095216448, 'nickname': '冰如猫', 'card': '冰の猫'}", 'message_id': '105897715', 'message_seq': '105897715', 'real_id': '105897715', 'message': "[{'type': 'text', 'data': {'text': '我说过了'}}]", 'message_format': 'array'}
[2025-07-30 09:31:52,862.862] INFO     [MainThread|MainProcess] Logger (main.py:on_group_message:34) | {'group_id': '465281893', 'user_id': '1095216448', 'message_type': 'group', 'sub_type': 'normal', 'font': '14', 'sender': "{'user_id': 1095216448, 'nickname': '冰如猫', 'card': '冰の猫'}", 'message_id': '105897715', 'message_seq': '105897715', 'real_id': '105897715', 'message': "[{'type': 'text', 'data': {'text': '我说过了'}}]", 'message_format': 'array'}
[2025-07-30 09:31:57,739.739] DEBUG    [MainThread|MainProcess] websockets.client (protocol.py:read_frame:1177) | < TEXT '{"time":1753839117,"self_id":703263936,"post_ty...true},"interval":30000}' [148 bytes]
[2025-07-30 09:31:57,739.739] DEBUG    [MainThread|MainProcess] Logger (connect.py:on_message:43) | {'time': 1753839117, 'self_id': 703263936, 'post_type': 'meta_event', 'meta_event_type': 'heartbeat', 'status': {'online': True, 'good': True}, 'interval': 30000}
[2025-07-30 09:32:06,381.381] DEBUG    [MainThread|MainProcess] websockets.client (protocol.py:read_frame:1177) | < TEXT '{"self_id":703263936,"user_id":1095216448,"time...","group_id":465281893}' [489 bytes]
[2025-07-30 09:32:06,396.396] DEBUG    [MainThread|MainProcess] Logger (client.py:handle_group_event:67) | {'group_id': '465281893', 'user_id': '1095216448', 'message_type': 'group', 'sub_type': 'normal', 'font': '14', 'sender': "{'user_id': 1095216448, 'nickname': '冰如猫', 'card': '冰の猫'}", 'message_id': '1548537019', 'message_seq': '1548537019', 'real_id': '1548537019', 'message': "[{'type': 'text', 'data': {'text': '这个bot不接任何音乐平台'}}]", 'message_format': 'array'}
[2025-07-30 09:32:06,396.396] INFO     [MainThread|MainProcess] Logger (main.py:on_group_message:34) | {'group_id': '465281893', 'user_id': '1095216448', 'message_type': 'group', 'sub_type': 'normal', 'font': '14', 'sender': "{'user_id': 1095216448, 'nickname': '冰如猫', 'card': '冰の猫'}", 'message_id': '1548537019', 'message_seq': '1548537019', 'real_id': '1548537019', 'message': "[{'type': 'text', 'data': {'text': '这个bot不接任何音乐平台'}}]", 'message_format': 'array'}
[2025-07-30 09:32:27,747.747] DEBUG    [MainThread|MainProcess] websockets.client (protocol.py:read_frame:1177) | < TEXT '{"time":1753839147,"self_id":703263936,"post_ty...true},"interval":30000}' [148 bytes]
[2025-07-30 09:32:27,747.747] DEBUG    [MainThread|MainProcess] Logger (connect.py:on_message:43) | {'time': 1753839147, 'self_id': 703263936, 'post_type': 'meta_event', 'meta_event_type': 'heartbeat', 'status': {'online': True, 'good': True}, 'interval': 30000}
[2025-07-30 09:32:57,758.758] DEBUG    [MainThread|MainProcess] websockets.client (protocol.py:read_frame:1177) | < TEXT '{"time":1753839177,"self_id":703263936,"post_ty...true},"interval":30000}' [148 bytes]
[2025-07-30 09:32:57,758.758] DEBUG    [MainThread|MainProcess] Logger (connect.py:on_message:43) | {'time': 1753839177, 'self_id': 703263936, 'post_type': 'meta_event', 'meta_event_type': 'heartbeat', 'status': {'online': True, 'good': True}, 'interval': 30000}
[2025-07-30 09:33:27,771.771] DEBUG    [MainThread|MainProcess] websockets.client (protocol.py:read_frame:1177) | < TEXT '{"time":1753839207,"self_id":703263936,"post_ty...true},"interval":30000}' [148 bytes]
[2025-07-30 09:33:27,771.771] DEBUG    [MainThread|MainProcess] Logger (connect.py:on_message:43) | {'time': 1753839207, 'self_id': 703263936, 'post_type': 'meta_event', 'meta_event_type': 'heartbeat', 'status': {'online': True, 'good': True}, 'interval': 30000}
[2025-07-30 09:33:57,779.779] DEBUG    [MainThread|MainProcess] websockets.client (protocol.py:read_frame:1177) | < TEXT '{"time":1753839237,"self_id":703263936,"post_ty...true},"interval":30000}' [148 bytes]
[2025-07-30 09:33:57,779.779] DEBUG    [MainThread|MainProcess] Logger (connect.py:on_message:43) | {'time': 1753839237, 'self_id': 703263936, 'post_type': 'meta_event', 'meta_event_type': 'heartbeat', 'status': {'online': True, 'good': True}, 'interval': 30000}
[2025-07-30 09:34:27,791.791] DEBUG    [MainThread|MainProcess] websockets.client (protocol.py:read_frame:1177) | < TEXT '{"time":1753839267,"self_id":703263936,"post_ty...true},"interval":30000}' [148 bytes]
[2025-07-30 09:34:27,791.791] DEBUG    [MainThread|MainProcess] Logger (connect.py:on_message:43) | {'time': 1753839267, 'self_id': 703263936, 'post_type': 'meta_event', 'meta_event_type': 'heartbeat', 'status': {'online': True, 'good': True}, 'interval': 30000}
[2025-07-30 09:34:57,802.802] DEBUG    [MainThread|MainProcess] websockets.client (protocol.py:read_frame:1177) | < TEXT '{"time":1753839297,"self_id":703263936,"post_ty...true},"interval":30000}' [148 bytes]
[2025-07-30 09:34:57,803.803] DEBUG    [MainThread|MainProcess] Logger (connect.py:on_message:43) | {'time': 1753839297, 'self_id': 703263936, 'post_type': 'meta_event', 'meta_event_type': 'heartbeat', 'status': {'online': True, 'good': True}, 'interval': 30000}
[2025-07-30 09:35:27,802.802] DEBUG    [MainThread|MainProcess] websockets.client (protocol.py:read_frame:1177) | < TEXT '{"time":1753839327,"self_id":703263936,"post_ty...true},"interval":30000}' [148 bytes]
[2025-07-30 09:35:27,803.803] DEBUG    [MainThread|MainProcess] Logger (connect.py:on_message:43) | {'time': 1753839327, 'self_id': 703263936, 'post_type': 'meta_event', 'meta_event_type': 'heartbeat', 'status': {'online': True, 'good': True}, 'interval': 30000}
[2025-07-30 09:35:57,808.808] DEBUG    [MainThread|MainProcess] websockets.client (protocol.py:read_frame:1177) | < TEXT '{"time":1753839357,"self_id":703263936,"post_ty...true},"interval":30000}' [148 bytes]
[2025-07-30 09:35:57,809.809] DEBUG    [MainThread|MainProcess] Logger (connect.py:on_message:43) | {'time': 1753839357, 'self_id': 703263936, 'post_type': 'meta_event', 'meta_event_type': 'heartbeat', 'status': {'online': True, 'good': True}, 'interval': 30000}
[2025-07-30 09:36:27,829.829] DEBUG    [MainThread|MainProcess] websockets.client (protocol.py:read_frame:1177) | < TEXT '{"time":1753839387,"self_id":703263936,"post_ty...true},"interval":30000}' [148 bytes]
[2025-07-30 09:36:27,830.830] DEBUG    [MainThread|MainProcess] Logger (connect.py:on_message:43) | {'time': 1753839387, 'self_id': 703263936, 'post_type': 'meta_event', 'meta_event_type': 'heartbeat', 'status': {'online': True, 'good': True}, 'interval': 30000}
[2025-07-30 09:36:57,834.834] DEBUG    [MainThread|MainProcess] websockets.client (protocol.py:read_frame:1177) | < TEXT '{"time":1753839417,"self_id":703263936,"post_ty...true},"interval":30000}' [148 bytes]
[2025-07-30 09:36:57,836.836] DEBUG    [MainThread|MainProcess] Logger (connect.py:on_message:43) | {'time': 1753839417, 'self_id': 703263936, 'post_type': 'meta_event', 'meta_event_type': 'heartbeat', 'status': {'online': True, 'good': True}, 'interval': 30000}
[2025-07-30 09:37:27,845.845] DEBUG    [MainThread|MainProcess] websockets.client (protocol.py:read_frame:1177) | < TEXT '{"time":1753839447,"self_id":703263936,"post_ty...true},"interval":30000}' [148 bytes]
[2025-07-30 09:37:27,845.845] DEBUG    [MainThread|MainProcess] Logger (connect.py:on_message:43) | {'time': 1753839447, 'self_id': 703263936, 'post_type': 'meta_event', 'meta_event_type': 'heartbeat', 'status': {'online': True, 'good': True}, 'interval': 30000}
[2025-07-30 09:37:57,859.859] DEBUG    [MainThread|MainProcess] websockets.client (protocol.py:read_frame:1177) | < TEXT '{"time":1753839477,"self_id":703263936,"post_ty...true},"interval":30000}' [148 bytes]
[2025-07-30 09:37:57,860.860] DEBUG    [MainThread|MainProcess] Logger (connect.py:on_message:43) | {'time': 1753839477, 'self_id': 703263936, 'post_type': 'meta_event', 'meta_event_type': 'heartbeat', 'status': {'online': True, 'good': True}, 'interval': 30000}
[2025-07-30 09:38:27,875.875] DEBUG    [MainThread|MainProcess] websockets.client (protocol.py:read_frame:1177) | < TEXT '{"time":1753839507,"self_id":703263936,"post_ty...true},"interval":30000}' [148 bytes]
[2025-07-30 09:38:27,876.876] DEBUG    [MainThread|MainProcess] Logger (connect.py:on_message:43) | {'time': 1753839507, 'self_id': 703263936, 'post_type': 'meta_event', 'meta_event_type': 'heartbeat', 'status': {'online': True, 'good': True}, 'interval': 30000}
[2025-07-30 09:38:57,881.881] DEBUG    [MainThread|MainProcess] websockets.client (protocol.py:read_frame:1177) | < TEXT '{"time":1753839537,"self_id":703263936,"post_ty...true},"interval":30000}' [148 bytes]
[2025-07-30 09:38:57,882.882] DEBUG    [MainThread|MainProcess] Logger (connect.py:on_message:43) | {'time': 1753839537, 'self_id': 703263936, 'post_type': 'meta_event', 'meta_event_type': 'heartbeat', 'status': {'online': True, 'good': True}, 'interval': 30000}
[2025-07-30 09:39:27,888.888] DEBUG    [MainThread|MainProcess] websockets.client (protocol.py:read_frame:1177) | < TEXT '{"time":1753839567,"self_id":703263936,"post_ty...true},"interval":30000}' [148 bytes]
[2025-07-30 09:39:27,889.889] DEBUG    [MainThread|MainProcess] Logger (connect.py:on_message:43) | {'time': 1753839567, 'self_id': 703263936, 'post_type': 'meta_event', 'meta_event_type': 'heartbeat', 'status': {'online': True, 'good': True}, 'interval': 30000}
[2025-07-30 09:39:57,900.900] DEBUG    [MainThread|MainProcess] websockets.client (protocol.py:read_frame:1177) | < TEXT '{"time":1753839597,"self_id":703263936,"post_ty...true},"interval":30000}' [148 bytes]
[2025-07-30 09:39:57,900.900] DEBUG    [MainThread|MainProcess] Logger (connect.py:on_message:43) | {'time': 1753839597, 'self_id': 703263936, 'post_type': 'meta_event', 'meta_event_type': 'heartbeat', 'status': {'online': True, 'good': True}, 'interval': 30000}
[2025-07-30 09:40:27,907.907] DEBUG    [MainThread|MainProcess] websockets.client (protocol.py:read_frame:1177) | < TEXT '{"time":1753839627,"self_id":703263936,"post_ty...true},"interval":30000}' [148 bytes]
[2025-07-30 09:40:27,908.908] DEBUG    [MainThread|MainProcess] Logger (connect.py:on_message:43) | {'time': 1753839627, 'self_id': 703263936, 'post_type': 'meta_event', 'meta_event_type': 'heartbeat', 'status': {'online': True, 'good': True}, 'interval': 30000}
[2025-07-30 09:40:35,343.343] DEBUG    [MainThread|MainProcess] websockets.client (protocol.py:read_frame:1177) | < TEXT '{"self_id":703263936,"user_id":3863501516,"time...","group_id":465281893}' [452 bytes]
[2025-07-30 09:40:35,343.343] DEBUG    [MainThread|MainProcess] Logger (client.py:handle_group_event:67) | {'group_id': '465281893', 'user_id': '3863501516', 'message_type': 'group', 'sub_type': 'normal', 'font': '14', 'sender': "{'user_id': 3863501516, 'nickname': 'mtr_mcfunction', 'card': '我要op😭🙏'}", 'message_id': '1517461529', 'message_seq': '1517461529', 'real_id': '1517461529', 'message': "[{'type': 'text', 'data': {'text': '😡😡'}}]", 'message_format': 'array'}
[2025-07-30 09:40:35,343.343] INFO     [MainThread|MainProcess] Logger (main.py:on_group_message:34) | {'group_id': '465281893', 'user_id': '3863501516', 'message_type': 'group', 'sub_type': 'normal', 'font': '14', 'sender': "{'user_id': 3863501516, 'nickname': 'mtr_mcfunction', 'card': '我要op😭🙏'}", 'message_id': '1517461529', 'message_seq': '1517461529', 'real_id': '1517461529', 'message': "[{'type': 'text', 'data': {'text': '😡😡'}}]", 'message_format': 'array'}
[2025-07-30 09:40:57,910.910] DEBUG    [MainThread|MainProcess] websockets.client (protocol.py:read_frame:1177) | < TEXT '{"time":1753839657,"self_id":703263936,"post_ty...true},"interval":30000}' [148 bytes]
[2025-07-30 09:40:57,910.910] DEBUG    [MainThread|MainProcess] Logger (connect.py:on_message:43) | {'time': 1753839657, 'self_id': 703263936, 'post_type': 'meta_event', 'meta_event_type': 'heartbeat', 'status': {'online': True, 'good': True}, 'interval': 30000}
[2025-07-30 09:41:27,919.919] DEBUG    [MainThread|MainProcess] websockets.client (protocol.py:read_frame:1177) | < TEXT '{"time":1753839687,"self_id":703263936,"post_ty...true},"interval":30000}' [148 bytes]
[2025-07-30 09:41:27,919.919] DEBUG    [MainThread|MainProcess] Logger (connect.py:on_message:43) | {'time': 1753839687, 'self_id': 703263936, 'post_type': 'meta_event', 'meta_event_type': 'heartbeat', 'status': {'online': True, 'good': True}, 'interval': 30000}
[2025-07-30 09:41:57,924.924] DEBUG    [MainThread|MainProcess] websockets.client (protocol.py:read_frame:1177) | < TEXT '{"time":1753839717,"self_id":703263936,"post_ty...true},"interval":30000}' [148 bytes]
[2025-07-30 09:41:57,924.924] DEBUG    [MainThread|MainProcess] Logger (connect.py:on_message:43) | {'time': 1753839717, 'self_id': 703263936, 'post_type': 'meta_event', 'meta_event_type': 'heartbeat', 'status': {'online': True, 'good': True}, 'interval': 30000}
[2025-07-30 09:42:27,937.937] DEBUG    [MainThread|MainProcess] websockets.client (protocol.py:read_frame:1177) | < TEXT '{"time":1753839747,"self_id":703263936,"post_ty...true},"interval":30000}' [148 bytes]
[2025-07-30 09:42:27,937.937] DEBUG    [MainThread|MainProcess] Logger (connect.py:on_message:43) | {'time': 1753839747, 'self_id': 703263936, 'post_type': 'meta_event', 'meta_event_type': 'heartbeat', 'status': {'online': True, 'good': True}, 'interval': 30000}
[2025-07-30 09:42:57,951.951] DEBUG    [MainThread|MainProcess] websockets.client (protocol.py:read_frame:1177) | < TEXT '{"time":1753839777,"self_id":703263936,"post_ty...true},"interval":30000}' [148 bytes]
[2025-07-30 09:42:57,951.951] DEBUG    [MainThread|MainProcess] Logger (connect.py:on_message:43) | {'time': 1753839777, 'self_id': 703263936, 'post_type': 'meta_event', 'meta_event_type': 'heartbeat', 'status': {'online': True, 'good': True}, 'interval': 30000}
[2025-07-30 09:43:27,964.964] DEBUG    [MainThread|MainProcess] websockets.client (protocol.py:read_frame:1177) | < TEXT '{"time":1753839807,"self_id":703263936,"post_ty...true},"interval":30000}' [148 bytes]
[2025-07-30 09:43:27,964.964] DEBUG    [MainThread|MainProcess] Logger (connect.py:on_message:43) | {'time': 1753839807, 'self_id': 703263936, 'post_type': 'meta_event', 'meta_event_type': 'heartbeat', 'status': {'online': True, 'good': True}, 'interval': 30000}
[2025-07-30 09:43:29,855.855] DEBUG    [MainThread|MainProcess] websockets.client (protocol.py:read_frame:1177) | < TEXT '{"self_id":703263936,"user_id":3904675023,"time...","group_id":465281893}' [493 bytes]
[2025-07-30 09:43:29,855.855] DEBUG    [MainThread|MainProcess] Logger (client.py:handle_group_event:67) | {'group_id': '465281893', 'user_id': '3904675023', 'message_type': 'group', 'sub_type': 'normal', 'font': '14', 'sender': "{'user_id': 3904675023, 'nickname': 'Infinity', 'card': ''}", 'message_id': '453728069', 'message_seq': '453728069', 'real_id': '453728069', 'message': "[{'type': 'at', 'data': {'qq': '3830876470'}}, {'type': 'text', 'data': {'text': ' 黑凤梨'}}]", 'message_format': 'array'}
[2025-07-30 09:43:29,855.855] INFO     [MainThread|MainProcess] Logger (main.py:on_group_message:34) | {'group_id': '465281893', 'user_id': '3904675023', 'message_type': 'group', 'sub_type': 'normal', 'font': '14', 'sender': "{'user_id': 3904675023, 'nickname': 'Infinity', 'card': ''}", 'message_id': '453728069', 'message_seq': '453728069', 'real_id': '453728069', 'message': "[{'type': 'at', 'data': {'qq': '3830876470'}}, {'type': 'text', 'data': {'text': ' 黑凤梨'}}]", 'message_format': 'array'}
[2025-07-30 09:43:41,510.510] DEBUG    [MainThread|MainProcess] websockets.client (protocol.py:read_frame:1177) | < TEXT '{"self_id":703263936,"user_id":3830876470,"time...","group_id":465281893}' [415 bytes]
[2025-07-30 09:43:41,510.510] DEBUG    [MainThread|MainProcess] Logger (client.py:handle_group_event:67) | {'group_id': '465281893', 'user_id': '3830876470', 'message_type': 'group', 'sub_type': 'normal', 'font': '14', 'sender': "{'user_id': 3830876470, 'nickname': '小晴', 'card': ''}", 'message_id': '910105145', 'message_seq': '910105145', 'real_id': '910105145', 'message': "[{'type': 'text', 'data': {'text': '？'}}]", 'message_format': 'array'}
[2025-07-30 09:43:41,510.510] INFO     [MainThread|MainProcess] Logger (main.py:on_group_message:34) | {'group_id': '465281893', 'user_id': '3830876470', 'message_type': 'group', 'sub_type': 'normal', 'font': '14', 'sender': "{'user_id': 3830876470, 'nickname': '小晴', 'card': ''}", 'message_id': '910105145', 'message_seq': '910105145', 'real_id': '910105145', 'message': "[{'type': 'text', 'data': {'text': '？'}}]", 'message_format': 'array'}
[2025-07-30 09:43:44,744.744] DEBUG    [MainThread|MainProcess] websockets.client (protocol.py:read_frame:1177) | < TEXT '{"self_id":703263936,"user_id":3830876470,"time...","group_id":465281893}' [430 bytes]
[2025-07-30 09:43:44,744.744] DEBUG    [MainThread|MainProcess] Logger (client.py:handle_group_event:67) | {'group_id': '465281893', 'user_id': '3830876470', 'message_type': 'group', 'sub_type': 'normal', 'font': '14', 'sender': "{'user_id': 3830876470, 'nickname': '小晴', 'card': ''}", 'message_id': '1230387335', 'message_seq': '1230387335', 'real_id': '1230387335', 'message': "[{'type': 'text', 'data': {'text': '听不懂'}}]", 'message_format': 'array'}
[2025-07-30 09:43:44,744.744] INFO     [MainThread|MainProcess] Logger (main.py:on_group_message:34) | {'group_id': '465281893', 'user_id': '3830876470', 'message_type': 'group', 'sub_type': 'normal', 'font': '14', 'sender': "{'user_id': 3830876470, 'nickname': '小晴', 'card': ''}", 'message_id': '1230387335', 'message_seq': '1230387335', 'real_id': '1230387335', 'message': "[{'type': 'text', 'data': {'text': '听不懂'}}]", 'message_format': 'array'}
[2025-07-30 09:43:49,541.541] DEBUG    [MainThread|MainProcess] websockets.client (protocol.py:read_frame:1177) | < TEXT '{"self_id":703263936,"user_id":3830876470,"time...","group_id":465281893}' [436 bytes]
[2025-07-30 09:43:49,541.541] DEBUG    [MainThread|MainProcess] Logger (client.py:handle_group_event:67) | {'group_id': '465281893', 'user_id': '3830876470', 'message_type': 'group', 'sub_type': 'normal', 'font': '14', 'sender': "{'user_id': 3830876470, 'nickname': '小晴', 'card': ''}", 'message_id': '1745207265', 'message_seq': '1745207265', 'real_id': '1745207265', 'message': "[{'type': 'text', 'data': {'text': '干什么！'}}]", 'message_format': 'array'}
[2025-07-30 09:43:49,541.541] INFO     [MainThread|MainProcess] Logger (main.py:on_group_message:34) | {'group_id': '465281893', 'user_id': '3830876470', 'message_type': 'group', 'sub_type': 'normal', 'font': '14', 'sender': "{'user_id': 3830876470, 'nickname': '小晴', 'card': ''}", 'message_id': '1745207265', 'message_seq': '1745207265', 'real_id': '1745207265', 'message': "[{'type': 'text', 'data': {'text': '干什么！'}}]", 'message_format': 'array'}
[2025-07-30 09:43:57,976.976] DEBUG    [MainThread|MainProcess] websockets.client (protocol.py:read_frame:1177) | < TEXT '{"time":1753839837,"self_id":703263936,"post_ty...true},"interval":30000}' [148 bytes]
[2025-07-30 09:43:57,976.976] DEBUG    [MainThread|MainProcess] Logger (connect.py:on_message:43) | {'time': 1753839837, 'self_id': 703263936, 'post_type': 'meta_event', 'meta_event_type': 'heartbeat', 'status': {'online': True, 'good': True}, 'interval': 30000}
[2025-07-30 09:44:08,319.319] DEBUG    [MainThread|MainProcess] websockets.client (protocol.py:read_frame:1177) | < TEXT '{"self_id":703263936,"user_id":3863501516,"time...","group_id":465281893}' [442 bytes]
[2025-07-30 09:44:08,319.319] DEBUG    [MainThread|MainProcess] Logger (client.py:handle_group_event:67) | {'group_id': '465281893', 'user_id': '3863501516', 'message_type': 'group', 'sub_type': 'normal', 'font': '14', 'sender': "{'user_id': 3863501516, 'nickname': 'mtr_mcfunction', 'card': '我要op😭🙏'}", 'message_id': '1335137163', 'message_seq': '1335137163', 'real_id': '1335137163', 'message': "[{'type': 'text', 'data': {'text': '？'}}]", 'message_format': 'array'}
[2025-07-30 09:44:08,319.319] INFO     [MainThread|MainProcess] Logger (main.py:on_group_message:34) | {'group_id': '465281893', 'user_id': '3863501516', 'message_type': 'group', 'sub_type': 'normal', 'font': '14', 'sender': "{'user_id': 3863501516, 'nickname': 'mtr_mcfunction', 'card': '我要op😭🙏'}", 'message_id': '1335137163', 'message_seq': '1335137163', 'real_id': '1335137163', 'message': "[{'type': 'text', 'data': {'text': '？'}}]", 'message_format': 'array'}
[2025-07-30 09:44:15,850.850] DEBUG    [MainThread|MainProcess] websockets.client (protocol.py:read_frame:1177) | < TEXT '{"self_id":703263936,"user_id":3830876470,"time...","group_id":465281893}' [544 bytes]
[2025-07-30 09:44:15,850.850] DEBUG    [MainThread|MainProcess] Logger (client.py:handle_group_event:67) | {'group_id': '465281893', 'user_id': '3830876470', 'message_type': 'group', 'sub_type': 'normal', 'font': '14', 'sender': "{'user_id': 3830876470, 'nickname': '小晴', 'card': ''}", 'message_id': '1880284591', 'message_seq': '1880284591', 'real_id': '1880284591', 'message': "[{'type': 'reply', 'data': {'id': '453728069'}}, {'type': 'at', 'data': {'qq': '3904675023'}}, {'type': 'text', 'data': {'text': ' 1'}}]", 'message_format': 'array'}
[2025-07-30 09:44:15,850.850] INFO     [MainThread|MainProcess] Logger (main.py:on_group_message:34) | {'group_id': '465281893', 'user_id': '3830876470', 'message_type': 'group', 'sub_type': 'normal', 'font': '14', 'sender': "{'user_id': 3830876470, 'nickname': '小晴', 'card': ''}", 'message_id': '1880284591', 'message_seq': '1880284591', 'real_id': '1880284591', 'message': "[{'type': 'reply', 'data': {'id': '453728069'}}, {'type': 'at', 'data': {'qq': '3904675023'}}, {'type': 'text', 'data': {'text': ' 1'}}]", 'message_format': 'array'}
[2025-07-30 09:44:17,491.491] DEBUG    [MainThread|MainProcess] websockets.client (protocol.py:read_frame:1177) | < TEXT '{"time":1753839857,"self_id":703263936,"post_ty...apev4。","type":"nor"}]}' [534 bytes]
[2025-07-30 09:44:17,491.491] DEBUG    [MainThread|MainProcess] Logger (client.py:handle_notice_event:94) | {'time': 1753839857, 'self_id': 703263936, 'post_type': 'notice', 'notice_type': 'notify', 'sub_type': 'poke', 'target_id': 3863501516, 'user_id': 3830876470, 'group_id': 465281893, 'raw_info': [{'col': '1', 'nm': '', 'type': 'qq', 'uid': 'u_A1gty4pN89BmAcMwGQsW8w'}, {'jp': 'https://zb.vip.qq.com/v2/pages/nudgeMall?_wv=2&actionId=7', 'src': 'http://tianquan.gtimg.cn/nudgeaction/item/7/expression.jpg', 'type': 'img'}, {'txt': '喷了喷', 'type': 'nor'}, {'col': '1', 'nm': '', 'tp': '0', 'type': 'qq', 'uid': 'u_dXEtTsCdoUUkC7MzEWHtWQ'}, {'txt': '的vapev4。', 'type': 'nor'}]}
[2025-07-30 09:44:17,491.491] INFO     [MainThread|MainProcess] Logger (main.py:on_notice:63) | {'time': 1753839857, 'self_id': 703263936, 'post_type': 'notice', 'notice_type': 'notify', 'sub_type': 'poke', 'target_id': 3863501516, 'user_id': 3830876470, 'group_id': 465281893, 'raw_info': [{'col': '1', 'nm': '', 'type': 'qq', 'uid': 'u_A1gty4pN89BmAcMwGQsW8w'}, {'jp': 'https://zb.vip.qq.com/v2/pages/nudgeMall?_wv=2&actionId=7', 'src': 'http://tianquan.gtimg.cn/nudgeaction/item/7/expression.jpg', 'type': 'img'}, {'txt': '喷了喷', 'type': 'nor'}, {'col': '1', 'nm': '', 'tp': '0', 'type': 'qq', 'uid': 'u_dXEtTsCdoUUkC7MzEWHtWQ'}, {'txt': '的vapev4。', 'type': 'nor'}]}
[2025-07-30 09:44:23,209.209] DEBUG    [MainThread|MainProcess] websockets.client (protocol.py:read_frame:1177) | < TEXT '{"self_id":703263936,"user_id":3830876470,"time...","group_id":465281893}' [418 bytes]
[2025-07-30 09:44:23,209.209] DEBUG    [MainThread|MainProcess] Logger (client.py:handle_group_event:67) | {'group_id': '465281893', 'user_id': '3830876470', 'message_type': 'group', 'sub_type': 'normal', 'font': '14', 'sender': "{'user_id': 3830876470, 'nickname': '小晴', 'card': ''}", 'message_id': '1713492635', 'message_seq': '1713492635', 'real_id': '1713492635', 'message': "[{'type': 'text', 'data': {'text': '？'}}]", 'message_format': 'array'}
[2025-07-30 09:44:23,209.209] INFO     [MainThread|MainProcess] Logger (main.py:on_group_message:34) | {'group_id': '465281893', 'user_id': '3830876470', 'message_type': 'group', 'sub_type': 'normal', 'font': '14', 'sender': "{'user_id': 3830876470, 'nickname': '小晴', 'card': ''}", 'message_id': '1713492635', 'message_seq': '1713492635', 'real_id': '1713492635', 'message': "[{'type': 'text', 'data': {'text': '？'}}]", 'message_format': 'array'}
[2025-07-30 09:44:27,990.990] DEBUG    [MainThread|MainProcess] websockets.client (protocol.py:read_frame:1177) | < TEXT '{"time":1753839867,"self_id":703263936,"post_ty...true},"interval":30000}' [148 bytes]
[2025-07-30 09:44:27,990.990] DEBUG    [MainThread|MainProcess] Logger (connect.py:on_message:43) | {'time': 1753839867, 'self_id': 703263936, 'post_type': 'meta_event', 'meta_event_type': 'heartbeat', 'status': {'online': True, 'good': True}, 'interval': 30000}
[2025-07-30 09:44:44,332.332] DEBUG    [MainThread|MainProcess] websockets.client (protocol.py:read_frame:1177) | < TEXT '{"self_id":703263936,"user_id":3863501516,"time...","group_id":465281893}' [546 bytes]
[2025-07-30 09:44:44,332.332] DEBUG    [MainThread|MainProcess] Logger (client.py:handle_group_event:67) | {'group_id': '465281893', 'user_id': '3863501516', 'message_type': 'group', 'sub_type': 'normal', 'font': '14', 'sender': "{'user_id': 3863501516, 'nickname': 'mtr_mcfunction', 'card': '我要op😭🙏'}", 'message_id': '1855957397', 'message_seq': '1855957397', 'real_id': '1855957397', 'message': "[{'type': 'text', 'data': {'text': '测试'}}, {'type': 'at', 'data': {'qq': '3904675023'}}, {'type': 'text', 'data': {'text': ' '}}]", 'message_format': 'array'}
[2025-07-30 09:44:44,332.332] INFO     [MainThread|MainProcess] Logger (main.py:on_group_message:34) | {'group_id': '465281893', 'user_id': '3863501516', 'message_type': 'group', 'sub_type': 'normal', 'font': '14', 'sender': "{'user_id': 3863501516, 'nickname': 'mtr_mcfunction', 'card': '我要op😭🙏'}", 'message_id': '1855957397', 'message_seq': '1855957397', 'real_id': '1855957397', 'message': "[{'type': 'text', 'data': {'text': '测试'}}, {'type': 'at', 'data': {'qq': '3904675023'}}, {'type': 'text', 'data': {'text': ' '}}]", 'message_format': 'array'}
[2025-07-30 09:44:57,998.998] DEBUG    [MainThread|MainProcess] websockets.client (protocol.py:read_frame:1177) | < TEXT '{"time":1753839897,"self_id":703263936,"post_ty...true},"interval":30000}' [148 bytes]
[2025-07-30 09:44:57,998.998] DEBUG    [MainThread|MainProcess] Logger (connect.py:on_message:43) | {'time': 1753839897, 'self_id': 703263936, 'post_type': 'meta_event', 'meta_event_type': 'heartbeat', 'status': {'online': True, 'good': True}, 'interval': 30000}
[2025-07-30 09:45:10,143.143] DEBUG    [MainThread|MainProcess] websockets.client (protocol.py:read_frame:1177) | < TEXT '{"self_id":703263936,"user_id":3904675023,"time...","group_id":465281893}' [468 bytes]
[2025-07-30 09:45:10,143.143] DEBUG    [MainThread|MainProcess] Logger (client.py:handle_group_event:67) | {'group_id': '465281893', 'user_id': '3904675023', 'message_type': 'group', 'sub_type': 'normal', 'font': '14', 'sender': "{'user_id': 3904675023, 'nickname': 'Infinity', 'card': ''}", 'message_id': '1720061219', 'message_seq': '1720061219', 'real_id': '1720061219', 'message': "[{'type': 'text', 'data': {'text': 'SyntaxError: invalid syntax'}}]", 'message_format': 'array'}
[2025-07-30 09:45:10,143.143] INFO     [MainThread|MainProcess] Logger (main.py:on_group_message:34) | {'group_id': '465281893', 'user_id': '3904675023', 'message_type': 'group', 'sub_type': 'normal', 'font': '14', 'sender': "{'user_id': 3904675023, 'nickname': 'Infinity', 'card': ''}", 'message_id': '1720061219', 'message_seq': '1720061219', 'real_id': '1720061219', 'message': "[{'type': 'text', 'data': {'text': 'SyntaxError: invalid syntax'}}]", 'message_format': 'array'}
