[2025-11-24 00:04:50,191.191] INFO     [MainThread|MainProcess] Logger (client.py:check_config:41) | [BOTQQ]: 703263936 | [WSURI]: ws://localhost:8082 | [TOKEN]: chcat13201145
[2025-11-24 00:04:50,192.192] DEBUG    [MainThread|MainProcess] Logger (event.py:_load_access:289) | 加载权限
[2025-11-24 00:04:50,192.192] WARNING  [MainThread|MainProcess] Logger (event.py:_load_access:295) | 权限文件不存在, 将创建新的权限文件
[2025-11-24 00:04:50,195.195] WARNING  [MainThread|MainProcess] Logger (event.py:_load_access:300) | 权限文件不存在, 将创建新的权限文件
[2025-11-24 00:04:53,951.951] DEBUG    [MainThread|MainProcess] urllib3.connectionpool (connectionpool.py:_new_conn:1022) | Starting new HTTPS connection (1): pypi.org:443
[2025-11-24 00:04:54,647.647] DEBUG    [MainThread|MainProcess] urllib3.connectionpool (connectionpool.py:_make_request:475) | https://pypi.org:443 "GET /pypi/ncatbot/json HTTP/1.1" 200 55853
[2025-11-24 00:04:54,784.784] WARNING  [MainThread|MainProcess] Logger (env_checker.py:check_version:127) | NcatBot 有可用更新！
[2025-11-24 00:04:54,785.785] INFO     [MainThread|MainProcess] Logger (env_checker.py:check_version:128) | 若使用 main.exe 或者 NcatBot CLI 启动, CLI 输入 update 即可更新
[2025-11-24 00:04:54,785.785] INFO     [MainThread|MainProcess] Logger (env_checker.py:check_version:129) | 若手动安装, 推荐您使用以下命令更新: pip install --upgrade ncatbot
[2025-11-24 00:04:54,786.786] DEBUG    [MainThread|MainProcess] asyncio (proactor_events.py:__init__:630) | Using proactor: IocpProactor
[2025-11-24 00:04:55,023.023] DEBUG    [MainThread|MainProcess] websockets.client (protocol.py:__init__:256) | = connection is CONNECTING
[2025-11-24 00:04:55,024.024] DEBUG    [MainThread|MainProcess] websockets.client (client.py:write_http_request:114) | > GET / HTTP/1.1
[2025-11-24 00:04:55,024.024] DEBUG    [MainThread|MainProcess] websockets.client (client.py:write_http_request:116) | > Host: localhost:8082
[2025-11-24 00:04:55,024.024] DEBUG    [MainThread|MainProcess] websockets.client (client.py:write_http_request:116) | > Upgrade: websocket
[2025-11-24 00:04:55,024.024] DEBUG    [MainThread|MainProcess] websockets.client (client.py:write_http_request:116) | > Connection: Upgrade
[2025-11-24 00:04:55,025.025] DEBUG    [MainThread|MainProcess] websockets.client (client.py:write_http_request:116) | > Sec-WebSocket-Key: Dg9udaB+XwFMGqxxypXE8g==
[2025-11-24 00:04:55,025.025] DEBUG    [MainThread|MainProcess] websockets.client (client.py:write_http_request:116) | > Sec-WebSocket-Version: 13
[2025-11-24 00:04:55,025.025] DEBUG    [MainThread|MainProcess] websockets.client (client.py:write_http_request:116) | > Sec-WebSocket-Extensions: permessage-deflate; client_max_window_bits
[2025-11-24 00:04:55,025.025] DEBUG    [MainThread|MainProcess] websockets.client (client.py:write_http_request:116) | > Content-Type: application/json
[2025-11-24 00:04:55,025.025] DEBUG    [MainThread|MainProcess] websockets.client (client.py:write_http_request:116) | > Authorization: Bearer chcat13201145
[2025-11-24 00:04:55,025.025] DEBUG    [MainThread|MainProcess] websockets.client (client.py:write_http_request:116) | > User-Agent: Python/3.10 websockets/10.4
[2025-11-24 00:04:55,079.079] DEBUG    [MainThread|MainProcess] websockets.client (client.py:read_http_response:147) | < HTTP/1.1 101 Switching Protocols
[2025-11-24 00:04:55,079.079] DEBUG    [MainThread|MainProcess] websockets.client (client.py:read_http_response:149) | < Upgrade: websocket
[2025-11-24 00:04:55,080.080] DEBUG    [MainThread|MainProcess] websockets.client (client.py:read_http_response:149) | < Connection: Upgrade
[2025-11-24 00:04:55,080.080] DEBUG    [MainThread|MainProcess] websockets.client (client.py:read_http_response:149) | < Sec-WebSocket-Accept: 8HuICSqIcNEzHqKWrW5JoYwImac=
[2025-11-24 00:04:55,080.080] DEBUG    [MainThread|MainProcess] websockets.client (protocol.py:connection_open:357) | = connection is OPEN
[2025-11-24 00:04:55,081.081] INFO     [MainThread|MainProcess] Logger (wsroute.py:check_websocket:30) | WebSocket ws://localhost:8082 可用.
[2025-11-24 00:04:55,082.082] DEBUG    [MainThread|MainProcess] websockets.client (protocol.py:write_close_frame:1232) | = connection is CLOSING
[2025-11-24 00:04:55,083.083] DEBUG    [MainThread|MainProcess] websockets.client (protocol.py:write_frame_sync:1183) | > CLOSE 1000 (OK) [2 bytes]
[2025-11-24 00:04:55,084.084] DEBUG    [MainThread|MainProcess] websockets.client (protocol.py:read_frame:1177) | < TEXT '{"time":1763913895,"self_id":703263936,"post_ty...","sub_type":"connect"}' [115 bytes]
[2025-11-24 00:04:55,087.087] DEBUG    [MainThread|MainProcess] websockets.client (protocol.py:read_frame:1177) | < CLOSE 1000 (OK) [2 bytes]
[2025-11-24 00:04:55,088.088] DEBUG    [MainThread|MainProcess] websockets.client (protocol.py:connection_lost:1514) | = connection is CLOSED
[2025-11-24 00:04:55,104.104] INFO     [MainThread|MainProcess] Logger (client.py:ncatbot_quick_start:230) | napcat 服务器 ws://localhost:8082 在线, 连接中...
[2025-11-24 00:04:55,106.106] DEBUG    [MainThread|MainProcess] asyncio (proactor_events.py:__init__:630) | Using proactor: IocpProactor
[2025-11-24 00:04:55,107.107] INFO     [MainThread|MainProcess] Logger (client.py:info_subscribe_message_types:149) | 已订阅消息类型:[群聊]->全部消息类型
[2025-11-24 00:04:55,107.107] INFO     [MainThread|MainProcess] Logger (client.py:info_subscribe_message_types:150) | 已订阅消息类型:[私聊]->[]
[2025-11-24 00:04:55,108.108] INFO     [MainThread|MainProcess] PluginLoader (loader.py:load_plugins:237) | 插件目录: d:\1code\qqbot\plugins 不存在......跳过加载插件
[2025-11-24 00:04:55,149.149] DEBUG    [MainThread|MainProcess] websockets.client (protocol.py:__init__:256) | = connection is CONNECTING
[2025-11-24 00:04:55,150.150] DEBUG    [MainThread|MainProcess] websockets.client (client.py:write_http_request:114) | > GET /event HTTP/1.1
[2025-11-24 00:04:55,150.150] DEBUG    [MainThread|MainProcess] websockets.client (client.py:write_http_request:116) | > Host: localhost:8082
[2025-11-24 00:04:55,150.150] DEBUG    [MainThread|MainProcess] websockets.client (client.py:write_http_request:116) | > Upgrade: websocket
[2025-11-24 00:04:55,150.150] DEBUG    [MainThread|MainProcess] websockets.client (client.py:write_http_request:116) | > Connection: Upgrade
[2025-11-24 00:04:55,150.150] DEBUG    [MainThread|MainProcess] websockets.client (client.py:write_http_request:116) | > Sec-WebSocket-Key: +vL1DJDfq+3yEgJInGhDIA==
[2025-11-24 00:04:55,150.150] DEBUG    [MainThread|MainProcess] websockets.client (client.py:write_http_request:116) | > Sec-WebSocket-Version: 13
[2025-11-24 00:04:55,150.150] DEBUG    [MainThread|MainProcess] websockets.client (client.py:write_http_request:116) | > Sec-WebSocket-Extensions: permessage-deflate; client_max_window_bits
[2025-11-24 00:04:55,151.151] DEBUG    [MainThread|MainProcess] websockets.client (client.py:write_http_request:116) | > Content-Type: application/json
[2025-11-24 00:04:55,151.151] DEBUG    [MainThread|MainProcess] websockets.client (client.py:write_http_request:116) | > Authorization: Bearer chcat13201145
[2025-11-24 00:04:55,151.151] DEBUG    [MainThread|MainProcess] websockets.client (client.py:write_http_request:116) | > User-Agent: Python/3.10 websockets/10.4
[2025-11-24 00:04:55,152.152] DEBUG    [MainThread|MainProcess] websockets.client (client.py:read_http_response:147) | < HTTP/1.1 101 Switching Protocols
[2025-11-24 00:04:55,153.153] DEBUG    [MainThread|MainProcess] websockets.client (client.py:read_http_response:149) | < Upgrade: websocket
[2025-11-24 00:04:55,153.153] DEBUG    [MainThread|MainProcess] websockets.client (client.py:read_http_response:149) | < Connection: Upgrade
[2025-11-24 00:04:55,153.153] DEBUG    [MainThread|MainProcess] websockets.client (client.py:read_http_response:149) | < Sec-WebSocket-Accept: 9RtqvKBmc+o3KACWi3eUKE0oe6I=
[2025-11-24 00:04:55,153.153] DEBUG    [MainThread|MainProcess] websockets.client (protocol.py:connection_open:357) | = connection is OPEN
[2025-11-24 00:04:55,154.154] DEBUG    [MainThread|MainProcess] websockets.client (protocol.py:read_frame:1177) | < TEXT '{"time":1763913895,"self_id":703263936,"post_ty...","sub_type":"connect"}' [115 bytes]
[2025-11-24 00:04:55,154.154] INFO     [MainThread|MainProcess] Logger (connect.py:on_message:41) | 机器人 703263936 成功启动
[2025-11-24 00:04:56,834.834] DEBUG    [MainThread|MainProcess] websockets.client (protocol.py:read_frame:1177) | < TEXT '{"time":1763913896,"self_id":703263936,"post_ty...true},"interval":30000}' [148 bytes]
[2025-11-24 00:04:56,835.835] DEBUG    [MainThread|MainProcess] Logger (connect.py:on_message:43) | {'time': 1763913896, 'self_id': 703263936, 'post_type': 'meta_event', 'meta_event_type': 'heartbeat', 'status': {'online': True, 'good': True}, 'interval': 30000}
[2025-11-24 00:05:26,846.846] DEBUG    [MainThread|MainProcess] websockets.client (protocol.py:read_frame:1177) | < TEXT '{"time":1763913926,"self_id":703263936,"post_ty...true},"interval":30000}' [148 bytes]
[2025-11-24 00:05:26,847.847] DEBUG    [MainThread|MainProcess] Logger (connect.py:on_message:43) | {'time': 1763913926, 'self_id': 703263936, 'post_type': 'meta_event', 'meta_event_type': 'heartbeat', 'status': {'online': True, 'good': True}, 'interval': 30000}
[2025-11-24 00:05:27,467.467] DEBUG    [MainThread|MainProcess] websockets.client (protocol.py:read_frame:1177) | < TEXT '{"self_id":703263936,"user_id":1095216448,"time...","group_id":912458345}' [449 bytes]
[2025-11-24 00:05:27,467.467] DEBUG    [MainThread|MainProcess] Logger (client.py:handle_group_event:67) | {'group_id': '912458345', 'user_id': '1095216448', 'message_type': 'group', 'sub_type': 'normal', 'font': '14', 'sender': "{'user_id': 1095216448, 'nickname': '冰如猫', 'card': ''}", 'message_id': '2039635999', 'message_seq': '2039635999', 'real_id': '2039635999', 'message': "[{'type': 'text', 'data': {'text': '死眼是什么歌'}}]", 'message_format': 'array'}
[2025-11-24 00:05:27,468.468] INFO     [MainThread|MainProcess] Logger (main.py:on_group_message:34) | {'group_id': '912458345', 'user_id': '1095216448', 'message_type': 'group', 'sub_type': 'normal', 'font': '14', 'sender': "{'user_id': 1095216448, 'nickname': '冰如猫', 'card': ''}", 'message_id': '2039635999', 'message_seq': '2039635999', 'real_id': '2039635999', 'message': "[{'type': 'text', 'data': {'text': '死眼是什么歌'}}]", 'message_format': 'array'}
[2025-11-24 00:05:27,471.471] ERROR    [MainThread|MainProcess] asyncio (base_events.py:default_exception_handler:1758) | Task exception was never retrieved
future: <Task finished name='Task-15' coro=<BotClient.handle_group_event() done, defined at D:\1code\python3.10\lib\site-packages\ncatbot\core\client.py:65> exception=AttributeError("module 'getChuMusicInfo' has no attribute 'ChuMusicInfo'")>
Traceback (most recent call last):
  File "D:\1code\python3.10\lib\site-packages\ncatbot\core\client.py", line 70, in handle_group_event
    await handler(msg)
  File "d:\1code\qqbot\main.py", line 58, in on_group_message
    searchChuMusicInfo = getChuMusicInfo.ChuMusicInfo()
AttributeError: module 'getChuMusicInfo' has no attribute 'ChuMusicInfo'
[2025-11-24 00:05:56,853.853] DEBUG    [MainThread|MainProcess] websockets.client (protocol.py:read_frame:1177) | < TEXT '{"time":1763913956,"self_id":703263936,"post_ty...true},"interval":30000}' [148 bytes]
[2025-11-24 00:05:56,854.854] DEBUG    [MainThread|MainProcess] Logger (connect.py:on_message:43) | {'time': 1763913956, 'self_id': 703263936, 'post_type': 'meta_event', 'meta_event_type': 'heartbeat', 'status': {'online': True, 'good': True}, 'interval': 30000}
[2025-11-24 00:06:26,858.858] DEBUG    [MainThread|MainProcess] websockets.client (protocol.py:read_frame:1177) | < TEXT '{"time":1763913986,"self_id":703263936,"post_ty...true},"interval":30000}' [148 bytes]
[2025-11-24 00:06:26,859.859] DEBUG    [MainThread|MainProcess] Logger (connect.py:on_message:43) | {'time': 1763913986, 'self_id': 703263936, 'post_type': 'meta_event', 'meta_event_type': 'heartbeat', 'status': {'online': True, 'good': True}, 'interval': 30000}
[2025-11-24 00:06:56,875.875] DEBUG    [MainThread|MainProcess] websockets.client (protocol.py:read_frame:1177) | < TEXT '{"time":1763914016,"self_id":703263936,"post_ty...true},"interval":30000}' [148 bytes]
[2025-11-24 00:06:56,876.876] DEBUG    [MainThread|MainProcess] Logger (connect.py:on_message:43) | {'time': 1763914016, 'self_id': 703263936, 'post_type': 'meta_event', 'meta_event_type': 'heartbeat', 'status': {'online': True, 'good': True}, 'interval': 30000}
[2025-11-24 00:07:25,176.176] INFO     [MainThread|MainProcess] Logger (client.py:check_config:41) | [BOTQQ]: 703263936 | [WSURI]: ws://localhost:8082 | [TOKEN]: chcat13201145
[2025-11-24 00:07:25,207.207] DEBUG    [MainThread|MainProcess] Logger (event.py:_load_access:289) | 加载权限
[2025-11-24 00:07:25,208.208] WARNING  [MainThread|MainProcess] Logger (event.py:_load_access:295) | 权限文件不存在, 将创建新的权限文件
[2025-11-24 00:07:25,209.209] WARNING  [MainThread|MainProcess] Logger (event.py:_load_access:300) | 权限文件不存在, 将创建新的权限文件
[2025-11-24 00:07:27,910.910] DEBUG    [MainThread|MainProcess] urllib3.connectionpool (connectionpool.py:_new_conn:1022) | Starting new HTTPS connection (1): pypi.org:443
[2025-11-24 00:07:28,257.257] DEBUG    [MainThread|MainProcess] urllib3.connectionpool (connectionpool.py:_make_request:475) | https://pypi.org:443 "GET /pypi/ncatbot/json HTTP/1.1" 200 55853
[2025-11-24 00:07:28,505.505] WARNING  [MainThread|MainProcess] Logger (env_checker.py:check_version:127) | NcatBot 有可用更新！
[2025-11-24 00:07:28,505.505] INFO     [MainThread|MainProcess] Logger (env_checker.py:check_version:128) | 若使用 main.exe 或者 NcatBot CLI 启动, CLI 输入 update 即可更新
[2025-11-24 00:07:28,506.506] INFO     [MainThread|MainProcess] Logger (env_checker.py:check_version:129) | 若手动安装, 推荐您使用以下命令更新: pip install --upgrade ncatbot
[2025-11-24 00:07:28,506.506] DEBUG    [MainThread|MainProcess] asyncio (proactor_events.py:__init__:630) | Using proactor: IocpProactor
[2025-11-24 00:07:28,542.542] DEBUG    [MainThread|MainProcess] websockets.client (protocol.py:__init__:256) | = connection is CONNECTING
[2025-11-24 00:07:28,543.543] DEBUG    [MainThread|MainProcess] websockets.client (client.py:write_http_request:114) | > GET / HTTP/1.1
[2025-11-24 00:07:28,543.543] DEBUG    [MainThread|MainProcess] websockets.client (client.py:write_http_request:116) | > Host: localhost:8082
[2025-11-24 00:07:28,543.543] DEBUG    [MainThread|MainProcess] websockets.client (client.py:write_http_request:116) | > Upgrade: websocket
[2025-11-24 00:07:28,543.543] DEBUG    [MainThread|MainProcess] websockets.client (client.py:write_http_request:116) | > Connection: Upgrade
[2025-11-24 00:07:28,544.544] DEBUG    [MainThread|MainProcess] websockets.client (client.py:write_http_request:116) | > Sec-WebSocket-Key: uZgtJ2KWzmxMYIlgtqg93Q==
[2025-11-24 00:07:28,544.544] DEBUG    [MainThread|MainProcess] websockets.client (client.py:write_http_request:116) | > Sec-WebSocket-Version: 13
[2025-11-24 00:07:28,544.544] DEBUG    [MainThread|MainProcess] websockets.client (client.py:write_http_request:116) | > Sec-WebSocket-Extensions: permessage-deflate; client_max_window_bits
[2025-11-24 00:07:28,544.544] DEBUG    [MainThread|MainProcess] websockets.client (client.py:write_http_request:116) | > Content-Type: application/json
[2025-11-24 00:07:28,544.544] DEBUG    [MainThread|MainProcess] websockets.client (client.py:write_http_request:116) | > Authorization: Bearer chcat13201145
[2025-11-24 00:07:28,544.544] DEBUG    [MainThread|MainProcess] websockets.client (client.py:write_http_request:116) | > User-Agent: Python/3.10 websockets/10.4
[2025-11-24 00:07:28,546.546] DEBUG    [MainThread|MainProcess] websockets.client (client.py:read_http_response:147) | < HTTP/1.1 101 Switching Protocols
[2025-11-24 00:07:28,547.547] DEBUG    [MainThread|MainProcess] websockets.client (client.py:read_http_response:149) | < Upgrade: websocket
[2025-11-24 00:07:28,547.547] DEBUG    [MainThread|MainProcess] websockets.client (client.py:read_http_response:149) | < Connection: Upgrade
[2025-11-24 00:07:28,547.547] DEBUG    [MainThread|MainProcess] websockets.client (client.py:read_http_response:149) | < Sec-WebSocket-Accept: M/6R2linVhOdp8rqnlDyfMgAAXM=
[2025-11-24 00:07:28,547.547] DEBUG    [MainThread|MainProcess] websockets.client (protocol.py:connection_open:357) | = connection is OPEN
[2025-11-24 00:07:28,547.547] DEBUG    [MainThread|MainProcess] websockets.client (protocol.py:read_frame:1177) | < TEXT '{"time":1763914048,"self_id":703263936,"post_ty...","sub_type":"connect"}' [115 bytes]
[2025-11-24 00:07:28,548.548] INFO     [MainThread|MainProcess] Logger (wsroute.py:check_websocket:30) | WebSocket ws://localhost:8082 可用.
[2025-11-24 00:07:28,548.548] DEBUG    [MainThread|MainProcess] websockets.client (protocol.py:write_close_frame:1232) | = connection is CLOSING
[2025-11-24 00:07:28,549.549] DEBUG    [MainThread|MainProcess] websockets.client (protocol.py:write_frame_sync:1183) | > CLOSE 1000 (OK) [2 bytes]
[2025-11-24 00:07:28,551.551] DEBUG    [MainThread|MainProcess] websockets.client (protocol.py:read_frame:1177) | < CLOSE 1000 (OK) [2 bytes]
[2025-11-24 00:07:28,551.551] DEBUG    [MainThread|MainProcess] websockets.client (protocol.py:connection_lost:1514) | = connection is CLOSED
[2025-11-24 00:07:28,581.581] INFO     [MainThread|MainProcess] Logger (client.py:ncatbot_quick_start:230) | napcat 服务器 ws://localhost:8082 在线, 连接中...
[2025-11-24 00:07:28,581.581] DEBUG    [MainThread|MainProcess] asyncio (proactor_events.py:__init__:630) | Using proactor: IocpProactor
[2025-11-24 00:07:28,582.582] INFO     [MainThread|MainProcess] Logger (client.py:info_subscribe_message_types:149) | 已订阅消息类型:[群聊]->全部消息类型
[2025-11-24 00:07:28,582.582] INFO     [MainThread|MainProcess] Logger (client.py:info_subscribe_message_types:150) | 已订阅消息类型:[私聊]->[]
[2025-11-24 00:07:28,582.582] INFO     [MainThread|MainProcess] PluginLoader (loader.py:load_plugins:237) | 插件目录: d:\1code\qqbot\plugins 不存在......跳过加载插件
[2025-11-24 00:07:28,593.593] DEBUG    [MainThread|MainProcess] websockets.client (protocol.py:__init__:256) | = connection is CONNECTING
[2025-11-24 00:07:28,593.593] DEBUG    [MainThread|MainProcess] websockets.client (client.py:write_http_request:114) | > GET /event HTTP/1.1
[2025-11-24 00:07:28,593.593] DEBUG    [MainThread|MainProcess] websockets.client (client.py:write_http_request:116) | > Host: localhost:8082
[2025-11-24 00:07:28,594.594] DEBUG    [MainThread|MainProcess] websockets.client (client.py:write_http_request:116) | > Upgrade: websocket
[2025-11-24 00:07:28,594.594] DEBUG    [MainThread|MainProcess] websockets.client (client.py:write_http_request:116) | > Connection: Upgrade
[2025-11-24 00:07:28,594.594] DEBUG    [MainThread|MainProcess] websockets.client (client.py:write_http_request:116) | > Sec-WebSocket-Key: BSG3DkVH86ONds8eDT/5WQ==
[2025-11-24 00:07:28,594.594] DEBUG    [MainThread|MainProcess] websockets.client (client.py:write_http_request:116) | > Sec-WebSocket-Version: 13
[2025-11-24 00:07:28,594.594] DEBUG    [MainThread|MainProcess] websockets.client (client.py:write_http_request:116) | > Sec-WebSocket-Extensions: permessage-deflate; client_max_window_bits
[2025-11-24 00:07:28,594.594] DEBUG    [MainThread|MainProcess] websockets.client (client.py:write_http_request:116) | > Content-Type: application/json
[2025-11-24 00:07:28,594.594] DEBUG    [MainThread|MainProcess] websockets.client (client.py:write_http_request:116) | > Authorization: Bearer chcat13201145
[2025-11-24 00:07:28,594.594] DEBUG    [MainThread|MainProcess] websockets.client (client.py:write_http_request:116) | > User-Agent: Python/3.10 websockets/10.4
[2025-11-24 00:07:28,596.596] DEBUG    [MainThread|MainProcess] websockets.client (client.py:read_http_response:147) | < HTTP/1.1 101 Switching Protocols
[2025-11-24 00:07:28,596.596] DEBUG    [MainThread|MainProcess] websockets.client (client.py:read_http_response:149) | < Upgrade: websocket
[2025-11-24 00:07:28,596.596] DEBUG    [MainThread|MainProcess] websockets.client (client.py:read_http_response:149) | < Connection: Upgrade
[2025-11-24 00:07:28,596.596] DEBUG    [MainThread|MainProcess] websockets.client (client.py:read_http_response:149) | < Sec-WebSocket-Accept: K6CkDohUvkv5I0t/iyooMkN/o9E=
[2025-11-24 00:07:28,596.596] DEBUG    [MainThread|MainProcess] websockets.client (protocol.py:connection_open:357) | = connection is OPEN
[2025-11-24 00:07:28,597.597] DEBUG    [MainThread|MainProcess] websockets.client (protocol.py:read_frame:1177) | < TEXT '{"time":1763914048,"self_id":703263936,"post_ty...","sub_type":"connect"}' [115 bytes]
[2025-11-24 00:07:28,598.598] INFO     [MainThread|MainProcess] Logger (connect.py:on_message:41) | 机器人 703263936 成功启动
[2025-11-24 00:07:36,508.508] DEBUG    [MainThread|MainProcess] websockets.client (protocol.py:read_frame:1177) | < TEXT '{"self_id":703263936,"user_id":1095216448,"time...","group_id":912458345}' [449 bytes]
[2025-11-24 00:07:36,508.508] DEBUG    [MainThread|MainProcess] Logger (client.py:handle_group_event:67) | {'group_id': '912458345', 'user_id': '1095216448', 'message_type': 'group', 'sub_type': 'normal', 'font': '14', 'sender': "{'user_id': 1095216448, 'nickname': '冰如猫', 'card': ''}", 'message_id': '2095158311', 'message_seq': '2095158311', 'real_id': '2095158311', 'message': "[{'type': 'text', 'data': {'text': '死眼是什么歌'}}]", 'message_format': 'array'}
[2025-11-24 00:07:36,508.508] INFO     [MainThread|MainProcess] Logger (main.py:on_group_message:34) | {'group_id': '912458345', 'user_id': '1095216448', 'message_type': 'group', 'sub_type': 'normal', 'font': '14', 'sender': "{'user_id': 1095216448, 'nickname': '冰如猫', 'card': ''}", 'message_id': '2095158311', 'message_seq': '2095158311', 'real_id': '2095158311', 'message': "[{'type': 'text', 'data': {'text': '死眼是什么歌'}}]", 'message_format': 'array'}
[2025-11-24 00:07:36,509.509] ERROR    [MainThread|MainProcess] asyncio (base_events.py:default_exception_handler:1758) | Task exception was never retrieved
future: <Task finished name='Task-15' coro=<BotClient.handle_group_event() done, defined at D:\1code\python3.10\lib\site-packages\ncatbot\core\client.py:65> exception=AttributeError("module 'getChuMusicInfo' has no attribute 'sendMusicInfoByName'")>
Traceback (most recent call last):
  File "D:\1code\python3.10\lib\site-packages\ncatbot\core\client.py", line 70, in handle_group_event
    await handler(msg)
  File "d:\1code\qqbot\main.py", line 59, in on_group_message
    await getChuMusicInfo.sendMusicInfoByName(msg.raw_message, msg.group_id, msg.user_id, bot)
AttributeError: module 'getChuMusicInfo' has no attribute 'sendMusicInfoByName'
[2025-11-24 00:07:56,896.896] DEBUG    [MainThread|MainProcess] websockets.client (protocol.py:read_frame:1177) | < TEXT '{"time":1763914076,"self_id":703263936,"post_ty...true},"interval":30000}' [148 bytes]
[2025-11-24 00:07:56,897.897] DEBUG    [MainThread|MainProcess] Logger (connect.py:on_message:43) | {'time': 1763914076, 'self_id': 703263936, 'post_type': 'meta_event', 'meta_event_type': 'heartbeat', 'status': {'online': True, 'good': True}, 'interval': 30000}
[2025-11-24 00:08:26,902.902] DEBUG    [MainThread|MainProcess] websockets.client (protocol.py:read_frame:1177) | < TEXT '{"time":1763914106,"self_id":703263936,"post_ty...true},"interval":30000}' [148 bytes]
[2025-11-24 00:08:26,903.903] DEBUG    [MainThread|MainProcess] Logger (connect.py:on_message:43) | {'time': 1763914106, 'self_id': 703263936, 'post_type': 'meta_event', 'meta_event_type': 'heartbeat', 'status': {'online': True, 'good': True}, 'interval': 30000}
[2025-11-24 00:08:39,700.700] INFO     [MainThread|MainProcess] Logger (client.py:check_config:41) | [BOTQQ]: 703263936 | [WSURI]: ws://localhost:8082 | [TOKEN]: chcat13201145
[2025-11-24 00:08:39,724.724] DEBUG    [MainThread|MainProcess] Logger (event.py:_load_access:289) | 加载权限
[2025-11-24 00:08:39,725.725] WARNING  [MainThread|MainProcess] Logger (event.py:_load_access:295) | 权限文件不存在, 将创建新的权限文件
[2025-11-24 00:08:39,726.726] WARNING  [MainThread|MainProcess] Logger (event.py:_load_access:300) | 权限文件不存在, 将创建新的权限文件
[2025-11-24 00:08:41,817.817] DEBUG    [MainThread|MainProcess] urllib3.connectionpool (connectionpool.py:_new_conn:1022) | Starting new HTTPS connection (1): pypi.org:443
[2025-11-24 00:08:42,260.260] DEBUG    [MainThread|MainProcess] urllib3.connectionpool (connectionpool.py:_make_request:475) | https://pypi.org:443 "GET /pypi/ncatbot/json HTTP/1.1" 200 55853
[2025-11-24 00:08:42,366.366] WARNING  [MainThread|MainProcess] Logger (env_checker.py:check_version:127) | NcatBot 有可用更新！
[2025-11-24 00:08:42,367.367] INFO     [MainThread|MainProcess] Logger (env_checker.py:check_version:128) | 若使用 main.exe 或者 NcatBot CLI 启动, CLI 输入 update 即可更新
[2025-11-24 00:08:42,367.367] INFO     [MainThread|MainProcess] Logger (env_checker.py:check_version:129) | 若手动安装, 推荐您使用以下命令更新: pip install --upgrade ncatbot
[2025-11-24 00:08:42,368.368] DEBUG    [MainThread|MainProcess] asyncio (proactor_events.py:__init__:630) | Using proactor: IocpProactor
[2025-11-24 00:08:42,380.380] DEBUG    [MainThread|MainProcess] websockets.client (protocol.py:__init__:256) | = connection is CONNECTING
[2025-11-24 00:08:42,381.381] DEBUG    [MainThread|MainProcess] websockets.client (client.py:write_http_request:114) | > GET / HTTP/1.1
[2025-11-24 00:08:42,381.381] DEBUG    [MainThread|MainProcess] websockets.client (client.py:write_http_request:116) | > Host: localhost:8082
[2025-11-24 00:08:42,381.381] DEBUG    [MainThread|MainProcess] websockets.client (client.py:write_http_request:116) | > Upgrade: websocket
[2025-11-24 00:08:42,388.388] DEBUG    [MainThread|MainProcess] websockets.client (client.py:write_http_request:116) | > Connection: Upgrade
[2025-11-24 00:08:42,389.389] DEBUG    [MainThread|MainProcess] websockets.client (client.py:write_http_request:116) | > Sec-WebSocket-Key: iwJd2wshv3f6tQpxDf66gA==
[2025-11-24 00:08:42,389.389] DEBUG    [MainThread|MainProcess] websockets.client (client.py:write_http_request:116) | > Sec-WebSocket-Version: 13
[2025-11-24 00:08:42,389.389] DEBUG    [MainThread|MainProcess] websockets.client (client.py:write_http_request:116) | > Sec-WebSocket-Extensions: permessage-deflate; client_max_window_bits
[2025-11-24 00:08:42,389.389] DEBUG    [MainThread|MainProcess] websockets.client (client.py:write_http_request:116) | > Content-Type: application/json
[2025-11-24 00:08:42,389.389] DEBUG    [MainThread|MainProcess] websockets.client (client.py:write_http_request:116) | > Authorization: Bearer chcat13201145
[2025-11-24 00:08:42,389.389] DEBUG    [MainThread|MainProcess] websockets.client (client.py:write_http_request:116) | > User-Agent: Python/3.10 websockets/10.4
[2025-11-24 00:08:42,521.521] DEBUG    [MainThread|MainProcess] websockets.client (client.py:read_http_response:147) | < HTTP/1.1 101 Switching Protocols
[2025-11-24 00:08:42,521.521] DEBUG    [MainThread|MainProcess] websockets.client (client.py:read_http_response:149) | < Upgrade: websocket
[2025-11-24 00:08:42,521.521] DEBUG    [MainThread|MainProcess] websockets.client (client.py:read_http_response:149) | < Connection: Upgrade
[2025-11-24 00:08:42,521.521] DEBUG    [MainThread|MainProcess] websockets.client (client.py:read_http_response:149) | < Sec-WebSocket-Accept: BmCVsLrv9Ub2G2IPpX6UQ6Uo61U=
[2025-11-24 00:08:42,521.521] DEBUG    [MainThread|MainProcess] websockets.client (protocol.py:connection_open:357) | = connection is OPEN
[2025-11-24 00:08:42,521.521] DEBUG    [MainThread|MainProcess] websockets.client (protocol.py:read_frame:1177) | < TEXT '{"time":1763914122,"self_id":703263936,"post_ty...","sub_type":"connect"}' [115 bytes]
[2025-11-24 00:08:42,522.522] INFO     [MainThread|MainProcess] Logger (wsroute.py:check_websocket:30) | WebSocket ws://localhost:8082 可用.
[2025-11-24 00:08:42,522.522] DEBUG    [MainThread|MainProcess] websockets.client (protocol.py:write_close_frame:1232) | = connection is CLOSING
[2025-11-24 00:08:42,522.522] DEBUG    [MainThread|MainProcess] websockets.client (protocol.py:write_frame_sync:1183) | > CLOSE 1000 (OK) [2 bytes]
[2025-11-24 00:08:42,524.524] DEBUG    [MainThread|MainProcess] websockets.client (protocol.py:read_frame:1177) | < CLOSE 1000 (OK) [2 bytes]
[2025-11-24 00:08:42,524.524] DEBUG    [MainThread|MainProcess] websockets.client (protocol.py:connection_lost:1514) | = connection is CLOSED
[2025-11-24 00:08:42,632.632] INFO     [MainThread|MainProcess] Logger (client.py:ncatbot_quick_start:230) | napcat 服务器 ws://localhost:8082 在线, 连接中...
[2025-11-24 00:08:42,632.632] DEBUG    [MainThread|MainProcess] asyncio (proactor_events.py:__init__:630) | Using proactor: IocpProactor
[2025-11-24 00:08:42,633.633] INFO     [MainThread|MainProcess] Logger (client.py:info_subscribe_message_types:149) | 已订阅消息类型:[群聊]->全部消息类型
[2025-11-24 00:08:42,634.634] INFO     [MainThread|MainProcess] Logger (client.py:info_subscribe_message_types:150) | 已订阅消息类型:[私聊]->[]
[2025-11-24 00:08:42,634.634] INFO     [MainThread|MainProcess] PluginLoader (loader.py:load_plugins:237) | 插件目录: d:\1code\qqbot\plugins 不存在......跳过加载插件
[2025-11-24 00:08:42,669.669] DEBUG    [MainThread|MainProcess] websockets.client (protocol.py:__init__:256) | = connection is CONNECTING
[2025-11-24 00:08:42,669.669] DEBUG    [MainThread|MainProcess] websockets.client (client.py:write_http_request:114) | > GET /event HTTP/1.1
[2025-11-24 00:08:42,669.669] DEBUG    [MainThread|MainProcess] websockets.client (client.py:write_http_request:116) | > Host: localhost:8082
[2025-11-24 00:08:42,670.670] DEBUG    [MainThread|MainProcess] websockets.client (client.py:write_http_request:116) | > Upgrade: websocket
[2025-11-24 00:08:42,670.670] DEBUG    [MainThread|MainProcess] websockets.client (client.py:write_http_request:116) | > Connection: Upgrade
[2025-11-24 00:08:42,670.670] DEBUG    [MainThread|MainProcess] websockets.client (client.py:write_http_request:116) | > Sec-WebSocket-Key: 98T5011tykb54WdEJkxPWg==
[2025-11-24 00:08:42,670.670] DEBUG    [MainThread|MainProcess] websockets.client (client.py:write_http_request:116) | > Sec-WebSocket-Version: 13
[2025-11-24 00:08:42,670.670] DEBUG    [MainThread|MainProcess] websockets.client (client.py:write_http_request:116) | > Sec-WebSocket-Extensions: permessage-deflate; client_max_window_bits
[2025-11-24 00:08:42,670.670] DEBUG    [MainThread|MainProcess] websockets.client (client.py:write_http_request:116) | > Content-Type: application/json
[2025-11-24 00:08:42,670.670] DEBUG    [MainThread|MainProcess] websockets.client (client.py:write_http_request:116) | > Authorization: Bearer chcat13201145
[2025-11-24 00:08:42,670.670] DEBUG    [MainThread|MainProcess] websockets.client (client.py:write_http_request:116) | > User-Agent: Python/3.10 websockets/10.4
[2025-11-24 00:08:42,672.672] DEBUG    [MainThread|MainProcess] websockets.client (client.py:read_http_response:147) | < HTTP/1.1 101 Switching Protocols
[2025-11-24 00:08:42,673.673] DEBUG    [MainThread|MainProcess] websockets.client (client.py:read_http_response:149) | < Upgrade: websocket
[2025-11-24 00:08:42,673.673] DEBUG    [MainThread|MainProcess] websockets.client (client.py:read_http_response:149) | < Connection: Upgrade
[2025-11-24 00:08:42,673.673] DEBUG    [MainThread|MainProcess] websockets.client (client.py:read_http_response:149) | < Sec-WebSocket-Accept: 5gk+NZNtqwHnrU/v18zCGV/6c6I=
[2025-11-24 00:08:42,673.673] DEBUG    [MainThread|MainProcess] websockets.client (protocol.py:connection_open:357) | = connection is OPEN
[2025-11-24 00:08:42,673.673] DEBUG    [MainThread|MainProcess] websockets.client (protocol.py:read_frame:1177) | < TEXT '{"time":1763914122,"self_id":703263936,"post_ty...","sub_type":"connect"}' [115 bytes]
[2025-11-24 00:08:42,674.674] INFO     [MainThread|MainProcess] Logger (connect.py:on_message:41) | 机器人 703263936 成功启动
[2025-11-24 00:08:53,920.920] DEBUG    [MainThread|MainProcess] websockets.client (protocol.py:read_frame:1177) | < TEXT '{"self_id":703263936,"user_id":1095216448,"time...","group_id":912458345}' [446 bytes]
[2025-11-24 00:08:53,920.920] DEBUG    [MainThread|MainProcess] Logger (client.py:handle_group_event:67) | {'group_id': '912458345', 'user_id': '1095216448', 'message_type': 'group', 'sub_type': 'normal', 'font': '14', 'sender': "{'user_id': 1095216448, 'nickname': '冰如猫', 'card': ''}", 'message_id': '656472739', 'message_seq': '656472739', 'real_id': '656472739', 'message': "[{'type': 'text', 'data': {'text': '死眼是什么歌'}}]", 'message_format': 'array'}
[2025-11-24 00:08:53,921.921] INFO     [MainThread|MainProcess] Logger (main.py:on_group_message:34) | {'group_id': '912458345', 'user_id': '1095216448', 'message_type': 'group', 'sub_type': 'normal', 'font': '14', 'sender': "{'user_id': 1095216448, 'nickname': '冰如猫', 'card': ''}", 'message_id': '656472739', 'message_seq': '656472739', 'real_id': '656472739', 'message': "[{'type': 'text', 'data': {'text': '死眼是什么歌'}}]", 'message_format': 'array'}
[2025-11-24 00:08:53,924.924] DEBUG    [MainThread|MainProcess] urllib3.connectionpool (connectionpool.py:_new_conn:1022) | Starting new HTTPS connection (1): maimai.lxns.net:443
[2025-11-24 00:08:54,297.297] DEBUG    [MainThread|MainProcess] urllib3.connectionpool (connectionpool.py:_make_request:475) | https://maimai.lxns.net:443 "GET /api/v0/chunithm/song/list?notes=true HTTP/1.1" 200 None
[2025-11-24 00:08:55,478.478] DEBUG    [MainThread|MainProcess] urllib3.connectionpool (connectionpool.py:_new_conn:1022) | Starting new HTTPS connection (1): maimai.lxns.net:443
[2025-11-24 00:08:55,619.619] DEBUG    [MainThread|MainProcess] urllib3.connectionpool (connectionpool.py:_make_request:475) | https://maimai.lxns.net:443 "GET /api/v0/chunithm/alias/list HTTP/1.1" 200 None
[2025-11-24 00:08:56,921.921] DEBUG    [MainThread|MainProcess] httpcore.connection (_trace.py:trace:47) | connect_tcp.started host='assets2.lxns.net' port=443 local_address=None timeout=5.0 socket_options=None
[2025-11-24 00:08:57,122.122] DEBUG    [MainThread|MainProcess] httpcore.connection (_trace.py:trace:47) | connect_tcp.complete return_value=<httpcore._backends.sync.SyncStream object at 0x00000212410FEB00>
[2025-11-24 00:08:57,122.122] DEBUG    [MainThread|MainProcess] httpcore.connection (_trace.py:trace:47) | start_tls.started ssl_context=<ssl.SSLContext object at 0x0000021240B97E40> server_hostname='assets2.lxns.net' timeout=5.0
[2025-11-24 00:08:57,149.149] DEBUG    [MainThread|MainProcess] httpcore.connection (_trace.py:trace:47) | start_tls.complete return_value=<httpcore._backends.sync.SyncStream object at 0x00000212410FEAD0>
[2025-11-24 00:08:57,149.149] DEBUG    [MainThread|MainProcess] httpcore.http11 (_trace.py:trace:47) | send_request_headers.started request=<Request [b'GET']>
[2025-11-24 00:08:57,151.151] DEBUG    [MainThread|MainProcess] httpcore.http11 (_trace.py:trace:47) | send_request_headers.complete
[2025-11-24 00:08:57,151.151] DEBUG    [MainThread|MainProcess] httpcore.http11 (_trace.py:trace:47) | send_request_body.started request=<Request [b'GET']>
[2025-11-24 00:08:57,151.151] DEBUG    [MainThread|MainProcess] httpcore.http11 (_trace.py:trace:47) | send_request_body.complete
[2025-11-24 00:08:57,151.151] DEBUG    [MainThread|MainProcess] httpcore.http11 (_trace.py:trace:47) | receive_response_headers.started request=<Request [b'GET']>
[2025-11-24 00:08:57,179.179] DEBUG    [MainThread|MainProcess] httpcore.http11 (_trace.py:trace:47) | receive_response_headers.complete return_value=(b'HTTP/1.1', 200, b'OK', [(b'Content-Type', b'text/html'), (b'Set-Cookie', b'path=/'), (b'Content-Length', b'988'), (b'Connection', b'keep-alive'), (b'Server', b'EdgeOne_IS_OC'), (b'Date', b'Sun, 23 Nov 2025 16:08:57 GMT'), (b'EO-LOG-UUID', b'4361045195503417110'), (b'Cache-Control', b'max-age=3600')])
[2025-11-24 00:08:57,180.180] INFO     [MainThread|MainProcess] httpx (_client.py:_send_single_request:1025) | HTTP Request: GET https://assets2.lxns.net/chunithm/jacket/0.png "HTTP/1.1 200 OK"
[2025-11-24 00:08:57,180.180] DEBUG    [MainThread|MainProcess] httpcore.http11 (_trace.py:trace:47) | receive_response_body.started request=<Request [b'GET']>
[2025-11-24 00:08:57,180.180] DEBUG    [MainThread|MainProcess] httpcore.http11 (_trace.py:trace:47) | receive_response_body.complete
[2025-11-24 00:08:57,181.181] DEBUG    [MainThread|MainProcess] httpcore.http11 (_trace.py:trace:47) | response_closed.started
[2025-11-24 00:08:57,181.181] DEBUG    [MainThread|MainProcess] httpcore.http11 (_trace.py:trace:47) | response_closed.complete
[2025-11-24 00:08:57,181.181] DEBUG    [MainThread|MainProcess] httpcore.connection (_trace.py:trace:47) | close.started
[2025-11-24 00:08:57,181.181] DEBUG    [MainThread|MainProcess] httpcore.connection (_trace.py:trace:47) | close.complete
[2025-11-24 00:08:57,182.182] DEBUG    [MainThread|MainProcess] websockets.client (protocol.py:read_frame:1177) | < TEXT '{"time":1763914136,"self_id":703263936,"post_ty...true},"interval":30000}' [148 bytes]
[2025-11-24 00:08:57,182.182] DEBUG    [MainThread|MainProcess] Logger (connect.py:on_message:43) | {'time': 1763914136, 'self_id': 703263936, 'post_type': 'meta_event', 'meta_event_type': 'heartbeat', 'status': {'online': True, 'good': True}, 'interval': 30000}
[2025-11-24 00:08:57,183.183] DEBUG    [MainThread|MainProcess] websockets.client (protocol.py:__init__:256) | = connection is CONNECTING
[2025-11-24 00:08:57,184.184] DEBUG    [MainThread|MainProcess] websockets.client (client.py:write_http_request:114) | > GET /api HTTP/1.1
[2025-11-24 00:08:57,186.186] DEBUG    [MainThread|MainProcess] websockets.client (client.py:write_http_request:116) | > Host: localhost:8082
[2025-11-24 00:08:57,187.187] DEBUG    [MainThread|MainProcess] websockets.client (client.py:write_http_request:116) | > Upgrade: websocket
[2025-11-24 00:08:57,187.187] DEBUG    [MainThread|MainProcess] websockets.client (client.py:write_http_request:116) | > Connection: Upgrade
[2025-11-24 00:08:57,187.187] DEBUG    [MainThread|MainProcess] websockets.client (client.py:write_http_request:116) | > Sec-WebSocket-Key: 0zm+cshqSsalG3WoZmtQzA==
[2025-11-24 00:08:57,187.187] DEBUG    [MainThread|MainProcess] websockets.client (client.py:write_http_request:116) | > Sec-WebSocket-Version: 13
[2025-11-24 00:08:57,187.187] DEBUG    [MainThread|MainProcess] websockets.client (client.py:write_http_request:116) | > Sec-WebSocket-Extensions: permessage-deflate; client_max_window_bits
[2025-11-24 00:08:57,187.187] DEBUG    [MainThread|MainProcess] websockets.client (client.py:write_http_request:116) | > Content-Type: application/json
[2025-11-24 00:08:57,187.187] DEBUG    [MainThread|MainProcess] websockets.client (client.py:write_http_request:116) | > Authorization: Bearer chcat13201145
[2025-11-24 00:08:57,187.187] DEBUG    [MainThread|MainProcess] websockets.client (client.py:write_http_request:116) | > User-Agent: Python/3.10 websockets/10.4
[2025-11-24 00:08:57,204.204] DEBUG    [MainThread|MainProcess] websockets.client (client.py:read_http_response:147) | < HTTP/1.1 101 Switching Protocols
[2025-11-24 00:08:57,205.205] DEBUG    [MainThread|MainProcess] websockets.client (client.py:read_http_response:149) | < Upgrade: websocket
[2025-11-24 00:08:57,205.205] DEBUG    [MainThread|MainProcess] websockets.client (client.py:read_http_response:149) | < Connection: Upgrade
[2025-11-24 00:08:57,205.205] DEBUG    [MainThread|MainProcess] websockets.client (client.py:read_http_response:149) | < Sec-WebSocket-Accept: tDaV4FlgSaY+AY3wZsJoTeKn2A4=
[2025-11-24 00:08:57,205.205] DEBUG    [MainThread|MainProcess] websockets.client (protocol.py:connection_open:357) | = connection is OPEN
[2025-11-24 00:08:57,205.205] DEBUG    [MainThread|MainProcess] websockets.client (protocol.py:write_frame_sync:1183) | > TEXT '{"action": "send_group_msg", "params": {"group_...]}, "echo": 1763914137}' [1604 bytes]
[2025-11-24 00:09:00,390.390] DEBUG    [MainThread|MainProcess] websockets.client (protocol.py:read_frame:1177) | < TEXT '{"status":"failed","retcode":1200,"data":null,"...\\n","echo":1763914137}' [526 bytes]
[2025-11-24 00:09:00,391.391] DEBUG    [MainThread|MainProcess] websockets.client (protocol.py:write_close_frame:1232) | = connection is CLOSING
[2025-11-24 00:09:00,391.391] DEBUG    [MainThread|MainProcess] websockets.client (protocol.py:write_frame_sync:1183) | > CLOSE 1000 (OK) [2 bytes]
[2025-11-24 00:09:00,394.394] DEBUG    [MainThread|MainProcess] websockets.client (protocol.py:read_frame:1177) | < CLOSE 1000 (OK) [2 bytes]
[2025-11-24 00:09:00,395.395] DEBUG    [MainThread|MainProcess] websockets.client (protocol.py:connection_lost:1514) | = connection is CLOSED
[2025-11-24 00:09:00,396.396] WARNING  [MainThread|MainProcess] Logger (api.py:check_and_log:34) | {'status': 'failed', 'retcode': 1200, 'data': None, 'message': 'EventChecker Failed: NTEvent serviceAndMethod:NodeIKernelMsgService/sendMsg ListenerName:NodeIKernelMsgListener/onMsgInfoListUpdate EventRet:\n{\n    "result": -1,\n    "errMsg": "rich media transfer failed"\n}\n', 'wording': 'EventChecker Failed: NTEvent serviceAndMethod:NodeIKernelMsgService/sendMsg ListenerName:NodeIKernelMsgListener/onMsgInfoListUpdate EventRet:\n{\n    "result": -1,\n    "errMsg": "rich media transfer failed"\n}\n', 'echo': 1763914137}
[2025-11-24 00:09:26,928.928] DEBUG    [MainThread|MainProcess] websockets.client (protocol.py:read_frame:1177) | < TEXT '{"time":1763914166,"self_id":703263936,"post_ty...true},"interval":30000}' [148 bytes]
[2025-11-24 00:09:26,929.929] DEBUG    [MainThread|MainProcess] Logger (connect.py:on_message:43) | {'time': 1763914166, 'self_id': 703263936, 'post_type': 'meta_event', 'meta_event_type': 'heartbeat', 'status': {'online': True, 'good': True}, 'interval': 30000}
[2025-11-24 00:09:56,940.940] DEBUG    [MainThread|MainProcess] websockets.client (protocol.py:read_frame:1177) | < TEXT '{"time":1763914196,"self_id":703263936,"post_ty...true},"interval":30000}' [148 bytes]
[2025-11-24 00:09:56,941.941] DEBUG    [MainThread|MainProcess] Logger (connect.py:on_message:43) | {'time': 1763914196, 'self_id': 703263936, 'post_type': 'meta_event', 'meta_event_type': 'heartbeat', 'status': {'online': True, 'good': True}, 'interval': 30000}
[2025-11-24 00:10:26,955.955] DEBUG    [MainThread|MainProcess] websockets.client (protocol.py:read_frame:1177) | < TEXT '{"time":1763914226,"self_id":703263936,"post_ty...true},"interval":30000}' [148 bytes]
[2025-11-24 00:10:26,957.957] DEBUG    [MainThread|MainProcess] Logger (connect.py:on_message:43) | {'time': 1763914226, 'self_id': 703263936, 'post_type': 'meta_event', 'meta_event_type': 'heartbeat', 'status': {'online': True, 'good': True}, 'interval': 30000}
[2025-11-24 00:10:49,412.412] INFO     [MainThread|MainProcess] Logger (client.py:check_config:41) | [BOTQQ]: 703263936 | [WSURI]: ws://localhost:8082 | [TOKEN]: chcat13201145
[2025-11-24 00:10:49,414.414] DEBUG    [MainThread|MainProcess] Logger (event.py:_load_access:289) | 加载权限
[2025-11-24 00:10:49,415.415] WARNING  [MainThread|MainProcess] Logger (event.py:_load_access:295) | 权限文件不存在, 将创建新的权限文件
[2025-11-24 00:10:49,417.417] WARNING  [MainThread|MainProcess] Logger (event.py:_load_access:300) | 权限文件不存在, 将创建新的权限文件
[2025-11-24 00:10:51,761.761] DEBUG    [MainThread|MainProcess] urllib3.connectionpool (connectionpool.py:_new_conn:1022) | Starting new HTTPS connection (1): pypi.org:443
[2025-11-24 00:10:52,184.184] DEBUG    [MainThread|MainProcess] urllib3.connectionpool (connectionpool.py:_make_request:475) | https://pypi.org:443 "GET /pypi/ncatbot/json HTTP/1.1" 200 55853
[2025-11-24 00:10:52,240.240] WARNING  [MainThread|MainProcess] Logger (env_checker.py:check_version:127) | NcatBot 有可用更新！
[2025-11-24 00:10:52,241.241] INFO     [MainThread|MainProcess] Logger (env_checker.py:check_version:128) | 若使用 main.exe 或者 NcatBot CLI 启动, CLI 输入 update 即可更新
[2025-11-24 00:10:52,241.241] INFO     [MainThread|MainProcess] Logger (env_checker.py:check_version:129) | 若手动安装, 推荐您使用以下命令更新: pip install --upgrade ncatbot
[2025-11-24 00:10:52,242.242] DEBUG    [MainThread|MainProcess] asyncio (proactor_events.py:__init__:630) | Using proactor: IocpProactor
[2025-11-24 00:10:52,263.263] DEBUG    [MainThread|MainProcess] websockets.client (protocol.py:__init__:256) | = connection is CONNECTING
[2025-11-24 00:10:52,264.264] DEBUG    [MainThread|MainProcess] websockets.client (client.py:write_http_request:114) | > GET / HTTP/1.1
[2025-11-24 00:10:52,264.264] DEBUG    [MainThread|MainProcess] websockets.client (client.py:write_http_request:116) | > Host: localhost:8082
[2025-11-24 00:10:52,264.264] DEBUG    [MainThread|MainProcess] websockets.client (client.py:write_http_request:116) | > Upgrade: websocket
[2025-11-24 00:10:52,264.264] DEBUG    [MainThread|MainProcess] websockets.client (client.py:write_http_request:116) | > Connection: Upgrade
[2025-11-24 00:10:52,264.264] DEBUG    [MainThread|MainProcess] websockets.client (client.py:write_http_request:116) | > Sec-WebSocket-Key: HJHGEs1imk8VR409lhxX2w==
[2025-11-24 00:10:52,265.265] DEBUG    [MainThread|MainProcess] websockets.client (client.py:write_http_request:116) | > Sec-WebSocket-Version: 13
[2025-11-24 00:10:52,265.265] DEBUG    [MainThread|MainProcess] websockets.client (client.py:write_http_request:116) | > Sec-WebSocket-Extensions: permessage-deflate; client_max_window_bits
[2025-11-24 00:10:52,265.265] DEBUG    [MainThread|MainProcess] websockets.client (client.py:write_http_request:116) | > Content-Type: application/json
[2025-11-24 00:10:52,265.265] DEBUG    [MainThread|MainProcess] websockets.client (client.py:write_http_request:116) | > Authorization: Bearer chcat13201145
[2025-11-24 00:10:52,265.265] DEBUG    [MainThread|MainProcess] websockets.client (client.py:write_http_request:116) | > User-Agent: Python/3.10 websockets/10.4
[2025-11-24 00:10:52,269.269] DEBUG    [MainThread|MainProcess] websockets.client (client.py:read_http_response:147) | < HTTP/1.1 101 Switching Protocols
[2025-11-24 00:10:52,270.270] DEBUG    [MainThread|MainProcess] websockets.client (client.py:read_http_response:149) | < Upgrade: websocket
[2025-11-24 00:10:52,270.270] DEBUG    [MainThread|MainProcess] websockets.client (client.py:read_http_response:149) | < Connection: Upgrade
[2025-11-24 00:10:52,270.270] DEBUG    [MainThread|MainProcess] websockets.client (client.py:read_http_response:149) | < Sec-WebSocket-Accept: oSBsrOK4ljVJVWdLsU9YWqTwYV4=
[2025-11-24 00:10:52,270.270] DEBUG    [MainThread|MainProcess] websockets.client (protocol.py:connection_open:357) | = connection is OPEN
[2025-11-24 00:10:52,271.271] DEBUG    [MainThread|MainProcess] websockets.client (protocol.py:read_frame:1177) | < TEXT '{"time":1763914252,"self_id":703263936,"post_ty...","sub_type":"connect"}' [115 bytes]
[2025-11-24 00:10:52,271.271] INFO     [MainThread|MainProcess] Logger (wsroute.py:check_websocket:30) | WebSocket ws://localhost:8082 可用.
[2025-11-24 00:10:52,272.272] DEBUG    [MainThread|MainProcess] websockets.client (protocol.py:write_close_frame:1232) | = connection is CLOSING
[2025-11-24 00:10:52,272.272] DEBUG    [MainThread|MainProcess] websockets.client (protocol.py:write_frame_sync:1183) | > CLOSE 1000 (OK) [2 bytes]
[2025-11-24 00:10:52,282.282] DEBUG    [MainThread|MainProcess] websockets.client (protocol.py:read_frame:1177) | < CLOSE 1000 (OK) [2 bytes]
[2025-11-24 00:10:52,282.282] DEBUG    [MainThread|MainProcess] websockets.client (protocol.py:connection_lost:1514) | = connection is CLOSED
[2025-11-24 00:10:52,304.304] INFO     [MainThread|MainProcess] Logger (client.py:ncatbot_quick_start:230) | napcat 服务器 ws://localhost:8082 在线, 连接中...
[2025-11-24 00:10:52,304.304] DEBUG    [MainThread|MainProcess] asyncio (proactor_events.py:__init__:630) | Using proactor: IocpProactor
[2025-11-24 00:10:52,305.305] INFO     [MainThread|MainProcess] Logger (client.py:info_subscribe_message_types:149) | 已订阅消息类型:[群聊]->全部消息类型
[2025-11-24 00:10:52,305.305] INFO     [MainThread|MainProcess] Logger (client.py:info_subscribe_message_types:150) | 已订阅消息类型:[私聊]->[]
[2025-11-24 00:10:52,306.306] INFO     [MainThread|MainProcess] PluginLoader (loader.py:load_plugins:237) | 插件目录: d:\1code\qqbot\plugins 不存在......跳过加载插件
[2025-11-24 00:10:52,313.313] DEBUG    [MainThread|MainProcess] websockets.client (protocol.py:__init__:256) | = connection is CONNECTING
[2025-11-24 00:10:52,314.314] DEBUG    [MainThread|MainProcess] websockets.client (client.py:write_http_request:114) | > GET /event HTTP/1.1
[2025-11-24 00:10:52,314.314] DEBUG    [MainThread|MainProcess] websockets.client (client.py:write_http_request:116) | > Host: localhost:8082
[2025-11-24 00:10:52,314.314] DEBUG    [MainThread|MainProcess] websockets.client (client.py:write_http_request:116) | > Upgrade: websocket
[2025-11-24 00:10:52,314.314] DEBUG    [MainThread|MainProcess] websockets.client (client.py:write_http_request:116) | > Connection: Upgrade
[2025-11-24 00:10:52,314.314] DEBUG    [MainThread|MainProcess] websockets.client (client.py:write_http_request:116) | > Sec-WebSocket-Key: M8NuUQwsoOqOd7j/cibTgg==
[2025-11-24 00:10:52,314.314] DEBUG    [MainThread|MainProcess] websockets.client (client.py:write_http_request:116) | > Sec-WebSocket-Version: 13
[2025-11-24 00:10:52,315.315] DEBUG    [MainThread|MainProcess] websockets.client (client.py:write_http_request:116) | > Sec-WebSocket-Extensions: permessage-deflate; client_max_window_bits
[2025-11-24 00:10:52,315.315] DEBUG    [MainThread|MainProcess] websockets.client (client.py:write_http_request:116) | > Content-Type: application/json
[2025-11-24 00:10:52,315.315] DEBUG    [MainThread|MainProcess] websockets.client (client.py:write_http_request:116) | > Authorization: Bearer chcat13201145
[2025-11-24 00:10:52,315.315] DEBUG    [MainThread|MainProcess] websockets.client (client.py:write_http_request:116) | > User-Agent: Python/3.10 websockets/10.4
[2025-11-24 00:10:52,329.329] DEBUG    [MainThread|MainProcess] websockets.client (client.py:read_http_response:147) | < HTTP/1.1 101 Switching Protocols
[2025-11-24 00:10:52,329.329] DEBUG    [MainThread|MainProcess] websockets.client (client.py:read_http_response:149) | < Upgrade: websocket
[2025-11-24 00:10:52,330.330] DEBUG    [MainThread|MainProcess] websockets.client (client.py:read_http_response:149) | < Connection: Upgrade
[2025-11-24 00:10:52,330.330] DEBUG    [MainThread|MainProcess] websockets.client (client.py:read_http_response:149) | < Sec-WebSocket-Accept: 1FS2AZga/CXcRPYIeUOFWw3QotQ=
[2025-11-24 00:10:52,330.330] DEBUG    [MainThread|MainProcess] websockets.client (protocol.py:connection_open:357) | = connection is OPEN
[2025-11-24 00:10:52,330.330] DEBUG    [MainThread|MainProcess] websockets.client (protocol.py:read_frame:1177) | < TEXT '{"time":1763914252,"self_id":703263936,"post_ty...","sub_type":"connect"}' [115 bytes]
[2025-11-24 00:10:52,330.330] INFO     [MainThread|MainProcess] Logger (connect.py:on_message:41) | 机器人 703263936 成功启动
[2025-11-24 00:10:56,968.968] DEBUG    [MainThread|MainProcess] websockets.client (protocol.py:read_frame:1177) | < TEXT '{"time":1763914256,"self_id":703263936,"post_ty...true},"interval":30000}' [148 bytes]
[2025-11-24 00:10:56,969.969] DEBUG    [MainThread|MainProcess] Logger (connect.py:on_message:43) | {'time': 1763914256, 'self_id': 703263936, 'post_type': 'meta_event', 'meta_event_type': 'heartbeat', 'status': {'online': True, 'good': True}, 'interval': 30000}
[2025-11-24 00:10:58,061.061] DEBUG    [MainThread|MainProcess] websockets.client (protocol.py:read_frame:1177) | < TEXT '{"self_id":703263936,"user_id":1095216448,"time...","group_id":912458345}' [446 bytes]
[2025-11-24 00:10:58,061.061] DEBUG    [MainThread|MainProcess] Logger (client.py:handle_group_event:67) | {'group_id': '912458345', 'user_id': '1095216448', 'message_type': 'group', 'sub_type': 'normal', 'font': '14', 'sender': "{'user_id': 1095216448, 'nickname': '冰如猫', 'card': ''}", 'message_id': '306666552', 'message_seq': '306666552', 'real_id': '306666552', 'message': "[{'type': 'text', 'data': {'text': '死眼是什么歌'}}]", 'message_format': 'array'}
[2025-11-24 00:10:58,062.062] INFO     [MainThread|MainProcess] Logger (main.py:on_group_message:34) | {'group_id': '912458345', 'user_id': '1095216448', 'message_type': 'group', 'sub_type': 'normal', 'font': '14', 'sender': "{'user_id': 1095216448, 'nickname': '冰如猫', 'card': ''}", 'message_id': '306666552', 'message_seq': '306666552', 'real_id': '306666552', 'message': "[{'type': 'text', 'data': {'text': '死眼是什么歌'}}]", 'message_format': 'array'}
[2025-11-24 00:10:58,065.065] DEBUG    [MainThread|MainProcess] urllib3.connectionpool (connectionpool.py:_new_conn:1022) | Starting new HTTPS connection (1): maimai.lxns.net:443
[2025-11-24 00:10:58,367.367] DEBUG    [MainThread|MainProcess] urllib3.connectionpool (connectionpool.py:_make_request:475) | https://maimai.lxns.net:443 "GET /api/v0/chunithm/song/list?notes=true HTTP/1.1" 200 None
[2025-11-24 00:10:59,545.545] DEBUG    [MainThread|MainProcess] urllib3.connectionpool (connectionpool.py:_new_conn:1022) | Starting new HTTPS connection (1): maimai.lxns.net:443
[2025-11-24 00:10:59,730.730] DEBUG    [MainThread|MainProcess] urllib3.connectionpool (connectionpool.py:_make_request:475) | https://maimai.lxns.net:443 "GET /api/v0/chunithm/alias/list HTTP/1.1" 200 None
[2025-11-24 00:11:01,046.046] DEBUG    [MainThread|MainProcess] httpcore.connection (_trace.py:trace:47) | connect_tcp.started host='assets2.lxns.net' port=443 local_address=None timeout=5.0 socket_options=None
[2025-11-24 00:11:01,067.067] DEBUG    [MainThread|MainProcess] httpcore.connection (_trace.py:trace:47) | connect_tcp.complete return_value=<httpcore._backends.sync.SyncStream object at 0x000001F3104A2AA0>
[2025-11-24 00:11:01,067.067] DEBUG    [MainThread|MainProcess] httpcore.connection (_trace.py:trace:47) | start_tls.started ssl_context=<ssl.SSLContext object at 0x000001F30FD47E40> server_hostname='assets2.lxns.net' timeout=5.0
[2025-11-24 00:11:01,090.090] DEBUG    [MainThread|MainProcess] httpcore.connection (_trace.py:trace:47) | start_tls.complete return_value=<httpcore._backends.sync.SyncStream object at 0x000001F3104A2A70>
[2025-11-24 00:11:01,090.090] DEBUG    [MainThread|MainProcess] httpcore.http11 (_trace.py:trace:47) | send_request_headers.started request=<Request [b'GET']>
[2025-11-24 00:11:01,091.091] DEBUG    [MainThread|MainProcess] httpcore.http11 (_trace.py:trace:47) | send_request_headers.complete
[2025-11-24 00:11:01,091.091] DEBUG    [MainThread|MainProcess] httpcore.http11 (_trace.py:trace:47) | send_request_body.started request=<Request [b'GET']>
[2025-11-24 00:11:01,091.091] DEBUG    [MainThread|MainProcess] httpcore.http11 (_trace.py:trace:47) | send_request_body.complete
[2025-11-24 00:11:01,091.091] DEBUG    [MainThread|MainProcess] httpcore.http11 (_trace.py:trace:47) | receive_response_headers.started request=<Request [b'GET']>
[2025-11-24 00:11:01,114.114] DEBUG    [MainThread|MainProcess] httpcore.http11 (_trace.py:trace:47) | receive_response_headers.complete return_value=(b'HTTP/1.1', 200, b'OK', [(b'Content-Type', b'text/html'), (b'Set-Cookie', b'path=/'), (b'Content-Length', b'987'), (b'Connection', b'keep-alive'), (b'Server', b'EdgeOne_IS_OC'), (b'Date', b'Sun, 23 Nov 2025 16:11:01 GMT'), (b'EO-LOG-UUID', b'2258776730082049010'), (b'Cache-Control', b'max-age=3600')])
[2025-11-24 00:11:01,115.115] INFO     [MainThread|MainProcess] httpx (_client.py:_send_single_request:1025) | HTTP Request: GET https://assets2.lxns.net/chunithm/jacket/0.png "HTTP/1.1 200 OK"
[2025-11-24 00:11:01,115.115] DEBUG    [MainThread|MainProcess] httpcore.http11 (_trace.py:trace:47) | receive_response_body.started request=<Request [b'GET']>
[2025-11-24 00:11:01,115.115] DEBUG    [MainThread|MainProcess] httpcore.http11 (_trace.py:trace:47) | receive_response_body.complete
[2025-11-24 00:11:01,115.115] DEBUG    [MainThread|MainProcess] httpcore.http11 (_trace.py:trace:47) | response_closed.started
[2025-11-24 00:11:01,116.116] DEBUG    [MainThread|MainProcess] httpcore.http11 (_trace.py:trace:47) | response_closed.complete
[2025-11-24 00:11:01,116.116] DEBUG    [MainThread|MainProcess] httpcore.connection (_trace.py:trace:47) | close.started
[2025-11-24 00:11:01,116.116] DEBUG    [MainThread|MainProcess] httpcore.connection (_trace.py:trace:47) | close.complete
[2025-11-24 00:11:01,118.118] DEBUG    [MainThread|MainProcess] websockets.client (protocol.py:__init__:256) | = connection is CONNECTING
[2025-11-24 00:11:01,118.118] DEBUG    [MainThread|MainProcess] websockets.client (client.py:write_http_request:114) | > GET /api HTTP/1.1
[2025-11-24 00:11:01,119.119] DEBUG    [MainThread|MainProcess] websockets.client (client.py:write_http_request:116) | > Host: localhost:8082
[2025-11-24 00:11:01,119.119] DEBUG    [MainThread|MainProcess] websockets.client (client.py:write_http_request:116) | > Upgrade: websocket
[2025-11-24 00:11:01,119.119] DEBUG    [MainThread|MainProcess] websockets.client (client.py:write_http_request:116) | > Connection: Upgrade
[2025-11-24 00:11:01,119.119] DEBUG    [MainThread|MainProcess] websockets.client (client.py:write_http_request:116) | > Sec-WebSocket-Key: kZfe2pkgKg0IzVNJ+z132Q==
[2025-11-24 00:11:01,119.119] DEBUG    [MainThread|MainProcess] websockets.client (client.py:write_http_request:116) | > Sec-WebSocket-Version: 13
[2025-11-24 00:11:01,119.119] DEBUG    [MainThread|MainProcess] websockets.client (client.py:write_http_request:116) | > Sec-WebSocket-Extensions: permessage-deflate; client_max_window_bits
[2025-11-24 00:11:01,119.119] DEBUG    [MainThread|MainProcess] websockets.client (client.py:write_http_request:116) | > Content-Type: application/json
[2025-11-24 00:11:01,119.119] DEBUG    [MainThread|MainProcess] websockets.client (client.py:write_http_request:116) | > Authorization: Bearer chcat13201145
[2025-11-24 00:11:01,119.119] DEBUG    [MainThread|MainProcess] websockets.client (client.py:write_http_request:116) | > User-Agent: Python/3.10 websockets/10.4
[2025-11-24 00:11:01,191.191] DEBUG    [MainThread|MainProcess] websockets.client (client.py:read_http_response:147) | < HTTP/1.1 101 Switching Protocols
[2025-11-24 00:11:01,192.192] DEBUG    [MainThread|MainProcess] websockets.client (client.py:read_http_response:149) | < Upgrade: websocket
[2025-11-24 00:11:01,192.192] DEBUG    [MainThread|MainProcess] websockets.client (client.py:read_http_response:149) | < Connection: Upgrade
[2025-11-24 00:11:01,192.192] DEBUG    [MainThread|MainProcess] websockets.client (client.py:read_http_response:149) | < Sec-WebSocket-Accept: uDfnCJMHU3fWV5eg6zt3ZCSfYAI=
[2025-11-24 00:11:01,192.192] DEBUG    [MainThread|MainProcess] websockets.client (protocol.py:connection_open:357) | = connection is OPEN
[2025-11-24 00:11:01,192.192] DEBUG    [MainThread|MainProcess] websockets.client (protocol.py:write_frame_sync:1183) | > TEXT '{"action": "send_group_msg", "params": {"group_...]}, "echo": 1763914261}' [1914 bytes]
[2025-11-24 00:11:04,134.134] DEBUG    [MainThread|MainProcess] websockets.client (protocol.py:read_frame:1177) | < TEXT '{"status":"failed","retcode":1200,"data":null,"...\\n","echo":1763914261}' [526 bytes]
[2025-11-24 00:11:04,134.134] DEBUG    [MainThread|MainProcess] websockets.client (protocol.py:write_close_frame:1232) | = connection is CLOSING
[2025-11-24 00:11:04,135.135] DEBUG    [MainThread|MainProcess] websockets.client (protocol.py:write_frame_sync:1183) | > CLOSE 1000 (OK) [2 bytes]
[2025-11-24 00:11:04,136.136] DEBUG    [MainThread|MainProcess] websockets.client (protocol.py:read_frame:1177) | < CLOSE 1000 (OK) [2 bytes]
[2025-11-24 00:11:04,136.136] DEBUG    [MainThread|MainProcess] websockets.client (protocol.py:connection_lost:1514) | = connection is CLOSED
[2025-11-24 00:11:04,137.137] WARNING  [MainThread|MainProcess] Logger (api.py:check_and_log:34) | {'status': 'failed', 'retcode': 1200, 'data': None, 'message': 'EventChecker Failed: NTEvent serviceAndMethod:NodeIKernelMsgService/sendMsg ListenerName:NodeIKernelMsgListener/onMsgInfoListUpdate EventRet:\n{\n    "result": -1,\n    "errMsg": "rich media transfer failed"\n}\n', 'wording': 'EventChecker Failed: NTEvent serviceAndMethod:NodeIKernelMsgService/sendMsg ListenerName:NodeIKernelMsgListener/onMsgInfoListUpdate EventRet:\n{\n    "result": -1,\n    "errMsg": "rich media transfer failed"\n}\n', 'echo': 1763914261}
[2025-11-24 00:11:04,137.137] ERROR    [MainThread|MainProcess] asyncio (base_events.py:default_exception_handler:1758) | Task exception was never retrieved
future: <Task finished name='Task-15' coro=<BotClient.handle_group_event() done, defined at D:\1code\python3.10\lib\site-packages\ncatbot\core\client.py:65> exception=ValueError('I/O operation on closed file.')>
Traceback (most recent call last):
  File "D:\1code\python3.10\lib\site-packages\ncatbot\core\client.py", line 70, in handle_group_event
    await handler(msg)
  File "d:\1code\qqbot\main.py", line 59, in on_group_message
    await getChuMusicInfo.sedMusicInfoByName(msg.raw_message, msg.group_id, msg.user_id, bot)
  File "d:\1code\qqbot\getChuMusicInfo.py", line 126, in sedMusicInfoByName
    print(answer)
ValueError: I/O operation on closed file.
[2025-11-24 00:11:26,973.973] DEBUG    [MainThread|MainProcess] websockets.client (protocol.py:read_frame:1177) | < TEXT '{"time":1763914286,"self_id":703263936,"post_ty...true},"interval":30000}' [148 bytes]
[2025-11-24 00:11:26,974.974] DEBUG    [MainThread|MainProcess] Logger (connect.py:on_message:43) | {'time': 1763914286, 'self_id': 703263936, 'post_type': 'meta_event', 'meta_event_type': 'heartbeat', 'status': {'online': True, 'good': True}, 'interval': 30000}
[2025-11-24 00:11:56,983.983] DEBUG    [MainThread|MainProcess] websockets.client (protocol.py:read_frame:1177) | < TEXT '{"time":1763914316,"self_id":703263936,"post_ty...true},"interval":30000}' [148 bytes]
[2025-11-24 00:11:56,984.984] DEBUG    [MainThread|MainProcess] Logger (connect.py:on_message:43) | {'time': 1763914316, 'self_id': 703263936, 'post_type': 'meta_event', 'meta_event_type': 'heartbeat', 'status': {'online': True, 'good': True}, 'interval': 30000}
[2025-11-24 00:12:26,994.994] DEBUG    [MainThread|MainProcess] websockets.client (protocol.py:read_frame:1177) | < TEXT '{"time":1763914346,"self_id":703263936,"post_ty...true},"interval":30000}' [148 bytes]
[2025-11-24 00:12:26,994.994] DEBUG    [MainThread|MainProcess] Logger (connect.py:on_message:43) | {'time': 1763914346, 'self_id': 703263936, 'post_type': 'meta_event', 'meta_event_type': 'heartbeat', 'status': {'online': True, 'good': True}, 'interval': 30000}
[2025-11-24 00:18:56,012.012] INFO     [MainThread|MainProcess] Logger (client.py:check_config:41) | [BOTQQ]: 703263936 | [WSURI]: ws://localhost:8082 | [TOKEN]: chcat13201145
[2025-11-24 00:18:56,013.013] DEBUG    [MainThread|MainProcess] Logger (event.py:_load_access:289) | 加载权限
[2025-11-24 00:18:56,013.013] WARNING  [MainThread|MainProcess] Logger (event.py:_load_access:295) | 权限文件不存在, 将创建新的权限文件
[2025-11-24 00:18:56,016.016] WARNING  [MainThread|MainProcess] Logger (event.py:_load_access:300) | 权限文件不存在, 将创建新的权限文件
[2025-11-24 00:18:58,338.338] DEBUG    [MainThread|MainProcess] urllib3.connectionpool (connectionpool.py:_new_conn:1022) | Starting new HTTPS connection (1): pypi.org:443
[2025-11-24 00:18:59,132.132] DEBUG    [MainThread|MainProcess] urllib3.connectionpool (connectionpool.py:_make_request:475) | https://pypi.org:443 "GET /pypi/ncatbot/json HTTP/1.1" 200 55853
[2025-11-24 00:18:59,346.346] WARNING  [MainThread|MainProcess] Logger (env_checker.py:check_version:127) | NcatBot 有可用更新！
[2025-11-24 00:18:59,347.347] INFO     [MainThread|MainProcess] Logger (env_checker.py:check_version:128) | 若使用 main.exe 或者 NcatBot CLI 启动, CLI 输入 update 即可更新
[2025-11-24 00:18:59,347.347] INFO     [MainThread|MainProcess] Logger (env_checker.py:check_version:129) | 若手动安装, 推荐您使用以下命令更新: pip install --upgrade ncatbot
[2025-11-24 00:18:59,348.348] DEBUG    [MainThread|MainProcess] asyncio (proactor_events.py:__init__:630) | Using proactor: IocpProactor
[2025-11-24 00:18:59,357.357] DEBUG    [MainThread|MainProcess] websockets.client (protocol.py:__init__:256) | = connection is CONNECTING
[2025-11-24 00:18:59,357.357] DEBUG    [MainThread|MainProcess] websockets.client (client.py:write_http_request:114) | > GET / HTTP/1.1
[2025-11-24 00:18:59,358.358] DEBUG    [MainThread|MainProcess] websockets.client (client.py:write_http_request:116) | > Host: localhost:8082
[2025-11-24 00:18:59,358.358] DEBUG    [MainThread|MainProcess] websockets.client (client.py:write_http_request:116) | > Upgrade: websocket
[2025-11-24 00:18:59,358.358] DEBUG    [MainThread|MainProcess] websockets.client (client.py:write_http_request:116) | > Connection: Upgrade
[2025-11-24 00:18:59,358.358] DEBUG    [MainThread|MainProcess] websockets.client (client.py:write_http_request:116) | > Sec-WebSocket-Key: rUoR51wtpm48FqOKJStBoQ==
[2025-11-24 00:18:59,358.358] DEBUG    [MainThread|MainProcess] websockets.client (client.py:write_http_request:116) | > Sec-WebSocket-Version: 13
[2025-11-24 00:18:59,358.358] DEBUG    [MainThread|MainProcess] websockets.client (client.py:write_http_request:116) | > Sec-WebSocket-Extensions: permessage-deflate; client_max_window_bits
[2025-11-24 00:18:59,358.358] DEBUG    [MainThread|MainProcess] websockets.client (client.py:write_http_request:116) | > Content-Type: application/json
[2025-11-24 00:18:59,358.358] DEBUG    [MainThread|MainProcess] websockets.client (client.py:write_http_request:116) | > Authorization: Bearer chcat13201145
[2025-11-24 00:18:59,358.358] DEBUG    [MainThread|MainProcess] websockets.client (client.py:write_http_request:116) | > User-Agent: Python/3.10 websockets/10.4
[2025-11-24 00:18:59,361.361] DEBUG    [MainThread|MainProcess] websockets.client (client.py:read_http_response:147) | < HTTP/1.1 101 Switching Protocols
[2025-11-24 00:18:59,361.361] DEBUG    [MainThread|MainProcess] websockets.client (client.py:read_http_response:149) | < Upgrade: websocket
[2025-11-24 00:18:59,361.361] DEBUG    [MainThread|MainProcess] websockets.client (client.py:read_http_response:149) | < Connection: Upgrade
[2025-11-24 00:18:59,361.361] DEBUG    [MainThread|MainProcess] websockets.client (client.py:read_http_response:149) | < Sec-WebSocket-Accept: v4tEN2gUgZJYOMtmXobGdRHPGaM=
[2025-11-24 00:18:59,361.361] DEBUG    [MainThread|MainProcess] websockets.client (protocol.py:connection_open:357) | = connection is OPEN
[2025-11-24 00:18:59,361.361] DEBUG    [MainThread|MainProcess] websockets.client (protocol.py:read_frame:1177) | < TEXT '{"time":1763914739,"self_id":703263936,"post_ty...","sub_type":"connect"}' [115 bytes]
[2025-11-24 00:18:59,362.362] INFO     [MainThread|MainProcess] Logger (wsroute.py:check_websocket:30) | WebSocket ws://localhost:8082 可用.
[2025-11-24 00:18:59,362.362] DEBUG    [MainThread|MainProcess] websockets.client (protocol.py:write_close_frame:1232) | = connection is CLOSING
[2025-11-24 00:18:59,362.362] DEBUG    [MainThread|MainProcess] websockets.client (protocol.py:write_frame_sync:1183) | > CLOSE 1000 (OK) [2 bytes]
[2025-11-24 00:18:59,374.374] DEBUG    [MainThread|MainProcess] websockets.client (protocol.py:read_frame:1177) | < CLOSE 1000 (OK) [2 bytes]
[2025-11-24 00:18:59,374.374] DEBUG    [MainThread|MainProcess] websockets.client (protocol.py:connection_lost:1514) | = connection is CLOSED
[2025-11-24 00:18:59,400.400] INFO     [MainThread|MainProcess] Logger (client.py:ncatbot_quick_start:230) | napcat 服务器 ws://localhost:8082 在线, 连接中...
[2025-11-24 00:18:59,401.401] DEBUG    [MainThread|MainProcess] asyncio (proactor_events.py:__init__:630) | Using proactor: IocpProactor
[2025-11-24 00:18:59,401.401] INFO     [MainThread|MainProcess] Logger (client.py:info_subscribe_message_types:149) | 已订阅消息类型:[群聊]->全部消息类型
[2025-11-24 00:18:59,401.401] INFO     [MainThread|MainProcess] Logger (client.py:info_subscribe_message_types:150) | 已订阅消息类型:[私聊]->[]
[2025-11-24 00:18:59,402.402] INFO     [MainThread|MainProcess] PluginLoader (loader.py:load_plugins:237) | 插件目录: d:\1code\qqbot\plugins 不存在......跳过加载插件
[2025-11-24 00:18:59,407.407] DEBUG    [MainThread|MainProcess] websockets.client (protocol.py:__init__:256) | = connection is CONNECTING
[2025-11-24 00:18:59,408.408] DEBUG    [MainThread|MainProcess] websockets.client (client.py:write_http_request:114) | > GET /event HTTP/1.1
[2025-11-24 00:18:59,408.408] DEBUG    [MainThread|MainProcess] websockets.client (client.py:write_http_request:116) | > Host: localhost:8082
[2025-11-24 00:18:59,408.408] DEBUG    [MainThread|MainProcess] websockets.client (client.py:write_http_request:116) | > Upgrade: websocket
[2025-11-24 00:18:59,409.409] DEBUG    [MainThread|MainProcess] websockets.client (client.py:write_http_request:116) | > Connection: Upgrade
[2025-11-24 00:18:59,409.409] DEBUG    [MainThread|MainProcess] websockets.client (client.py:write_http_request:116) | > Sec-WebSocket-Key: cHt7nn19AlRtWqnGCR3JOA==
[2025-11-24 00:18:59,409.409] DEBUG    [MainThread|MainProcess] websockets.client (client.py:write_http_request:116) | > Sec-WebSocket-Version: 13
[2025-11-24 00:18:59,409.409] DEBUG    [MainThread|MainProcess] websockets.client (client.py:write_http_request:116) | > Sec-WebSocket-Extensions: permessage-deflate; client_max_window_bits
[2025-11-24 00:18:59,411.411] DEBUG    [MainThread|MainProcess] websockets.client (client.py:write_http_request:116) | > Content-Type: application/json
[2025-11-24 00:18:59,411.411] DEBUG    [MainThread|MainProcess] websockets.client (client.py:write_http_request:116) | > Authorization: Bearer chcat13201145
[2025-11-24 00:18:59,411.411] DEBUG    [MainThread|MainProcess] websockets.client (client.py:write_http_request:116) | > User-Agent: Python/3.10 websockets/10.4
[2025-11-24 00:18:59,413.413] DEBUG    [MainThread|MainProcess] websockets.client (client.py:read_http_response:147) | < HTTP/1.1 101 Switching Protocols
[2025-11-24 00:18:59,413.413] DEBUG    [MainThread|MainProcess] websockets.client (client.py:read_http_response:149) | < Upgrade: websocket
[2025-11-24 00:18:59,414.414] DEBUG    [MainThread|MainProcess] websockets.client (client.py:read_http_response:149) | < Connection: Upgrade
[2025-11-24 00:18:59,414.414] DEBUG    [MainThread|MainProcess] websockets.client (client.py:read_http_response:149) | < Sec-WebSocket-Accept: RLcSiLQklkHPzAy38ySVBwTSsrA=
[2025-11-24 00:18:59,414.414] DEBUG    [MainThread|MainProcess] websockets.client (protocol.py:connection_open:357) | = connection is OPEN
[2025-11-24 00:18:59,415.415] DEBUG    [MainThread|MainProcess] websockets.client (protocol.py:read_frame:1177) | < TEXT '{"time":1763914739,"self_id":703263936,"post_ty...","sub_type":"connect"}' [115 bytes]
[2025-11-24 00:18:59,422.422] INFO     [MainThread|MainProcess] Logger (connect.py:on_message:41) | 机器人 703263936 成功启动
[2025-11-24 00:19:06,932.932] DEBUG    [MainThread|MainProcess] websockets.client (protocol.py:read_frame:1177) | < TEXT '{"self_id":703263936,"user_id":1095216448,"time...","group_id":912458345}' [446 bytes]
[2025-11-24 00:19:06,932.932] DEBUG    [MainThread|MainProcess] Logger (client.py:handle_group_event:67) | {'group_id': '912458345', 'user_id': '1095216448', 'message_type': 'group', 'sub_type': 'normal', 'font': '14', 'sender': "{'user_id': 1095216448, 'nickname': '冰如猫', 'card': ''}", 'message_id': '990724771', 'message_seq': '990724771', 'real_id': '990724771', 'message': "[{'type': 'text', 'data': {'text': '死眼是什么歌'}}]", 'message_format': 'array'}
[2025-11-24 00:19:06,932.932] INFO     [MainThread|MainProcess] Logger (main.py:on_group_message:34) | {'group_id': '912458345', 'user_id': '1095216448', 'message_type': 'group', 'sub_type': 'normal', 'font': '14', 'sender': "{'user_id': 1095216448, 'nickname': '冰如猫', 'card': ''}", 'message_id': '990724771', 'message_seq': '990724771', 'real_id': '990724771', 'message': "[{'type': 'text', 'data': {'text': '死眼是什么歌'}}]", 'message_format': 'array'}
[2025-11-24 00:19:06,935.935] DEBUG    [MainThread|MainProcess] urllib3.connectionpool (connectionpool.py:_new_conn:1022) | Starting new HTTPS connection (1): maimai.lxns.net:443
[2025-11-24 00:19:07,197.197] DEBUG    [MainThread|MainProcess] urllib3.connectionpool (connectionpool.py:_make_request:475) | https://maimai.lxns.net:443 "GET /api/v0/chunithm/song/list?notes=true HTTP/1.1" 200 None
[2025-11-24 00:19:08,612.612] DEBUG    [MainThread|MainProcess] urllib3.connectionpool (connectionpool.py:_new_conn:1022) | Starting new HTTPS connection (1): maimai.lxns.net:443
[2025-11-24 00:19:08,777.777] DEBUG    [MainThread|MainProcess] urllib3.connectionpool (connectionpool.py:_make_request:475) | https://maimai.lxns.net:443 "GET /api/v0/chunithm/alias/list HTTP/1.1" 200 None
[2025-11-24 00:19:09,676.676] DEBUG    [MainThread|MainProcess] httpcore.connection (_trace.py:trace:47) | connect_tcp.started host='assets2.lxns.net' port=443 local_address=None timeout=5.0 socket_options=None
[2025-11-24 00:19:09,815.815] DEBUG    [MainThread|MainProcess] httpcore.connection (_trace.py:trace:47) | connect_tcp.complete return_value=<httpcore._backends.sync.SyncStream object at 0x000001CA7928EA70>
[2025-11-24 00:19:09,819.819] DEBUG    [MainThread|MainProcess] httpcore.connection (_trace.py:trace:47) | start_tls.started ssl_context=<ssl.SSLContext object at 0x000001CA789A7F40> server_hostname='assets2.lxns.net' timeout=5.0
[2025-11-24 00:19:09,841.841] DEBUG    [MainThread|MainProcess] httpcore.connection (_trace.py:trace:47) | start_tls.complete return_value=<httpcore._backends.sync.SyncStream object at 0x000001CA7928EA40>
[2025-11-24 00:19:09,842.842] DEBUG    [MainThread|MainProcess] httpcore.http11 (_trace.py:trace:47) | send_request_headers.started request=<Request [b'GET']>
[2025-11-24 00:19:09,842.842] DEBUG    [MainThread|MainProcess] httpcore.http11 (_trace.py:trace:47) | send_request_headers.complete
[2025-11-24 00:19:09,842.842] DEBUG    [MainThread|MainProcess] httpcore.http11 (_trace.py:trace:47) | send_request_body.started request=<Request [b'GET']>
[2025-11-24 00:19:09,843.843] DEBUG    [MainThread|MainProcess] httpcore.http11 (_trace.py:trace:47) | send_request_body.complete
[2025-11-24 00:19:09,843.843] DEBUG    [MainThread|MainProcess] httpcore.http11 (_trace.py:trace:47) | receive_response_headers.started request=<Request [b'GET']>
[2025-11-24 00:19:09,863.863] DEBUG    [MainThread|MainProcess] httpcore.http11 (_trace.py:trace:47) | receive_response_headers.complete return_value=(b'HTTP/1.1', 200, b'OK', [(b'Content-Type', b'text/html'), (b'Set-Cookie', b'path=/'), (b'Content-Length', b'988'), (b'Connection', b'keep-alive'), (b'Server', b'EdgeOne_IS_OC'), (b'Date', b'Sun, 23 Nov 2025 16:19:09 GMT'), (b'EO-LOG-UUID', b'12459692299543720127'), (b'Cache-Control', b'max-age=3600')])
[2025-11-24 00:19:09,863.863] INFO     [MainThread|MainProcess] httpx (_client.py:_send_single_request:1025) | HTTP Request: GET https://assets2.lxns.net/chunithm/jacket/%3Cbuilt-in%20function%20id%3E.png "HTTP/1.1 200 OK"
[2025-11-24 00:19:09,864.864] DEBUG    [MainThread|MainProcess] httpcore.http11 (_trace.py:trace:47) | receive_response_body.started request=<Request [b'GET']>
[2025-11-24 00:19:09,864.864] DEBUG    [MainThread|MainProcess] httpcore.http11 (_trace.py:trace:47) | receive_response_body.complete
[2025-11-24 00:19:09,864.864] DEBUG    [MainThread|MainProcess] httpcore.http11 (_trace.py:trace:47) | response_closed.started
[2025-11-24 00:19:09,865.865] DEBUG    [MainThread|MainProcess] httpcore.http11 (_trace.py:trace:47) | response_closed.complete
[2025-11-24 00:19:09,868.868] DEBUG    [MainThread|MainProcess] httpcore.connection (_trace.py:trace:47) | close.started
[2025-11-24 00:19:09,869.869] DEBUG    [MainThread|MainProcess] httpcore.connection (_trace.py:trace:47) | close.complete
[2025-11-24 00:19:09,875.875] DEBUG    [MainThread|MainProcess] websockets.client (protocol.py:__init__:256) | = connection is CONNECTING
[2025-11-24 00:19:09,876.876] DEBUG    [MainThread|MainProcess] websockets.client (client.py:write_http_request:114) | > GET /api HTTP/1.1
[2025-11-24 00:19:09,876.876] DEBUG    [MainThread|MainProcess] websockets.client (client.py:write_http_request:116) | > Host: localhost:8082
[2025-11-24 00:19:09,876.876] DEBUG    [MainThread|MainProcess] websockets.client (client.py:write_http_request:116) | > Upgrade: websocket
[2025-11-24 00:19:09,876.876] DEBUG    [MainThread|MainProcess] websockets.client (client.py:write_http_request:116) | > Connection: Upgrade
[2025-11-24 00:19:09,876.876] DEBUG    [MainThread|MainProcess] websockets.client (client.py:write_http_request:116) | > Sec-WebSocket-Key: bLy1W4lLQRD+ZavHTCEfFg==
[2025-11-24 00:19:09,877.877] DEBUG    [MainThread|MainProcess] websockets.client (client.py:write_http_request:116) | > Sec-WebSocket-Version: 13
[2025-11-24 00:19:09,877.877] DEBUG    [MainThread|MainProcess] websockets.client (client.py:write_http_request:116) | > Sec-WebSocket-Extensions: permessage-deflate; client_max_window_bits
[2025-11-24 00:19:09,877.877] DEBUG    [MainThread|MainProcess] websockets.client (client.py:write_http_request:116) | > Content-Type: application/json
[2025-11-24 00:19:09,877.877] DEBUG    [MainThread|MainProcess] websockets.client (client.py:write_http_request:116) | > Authorization: Bearer chcat13201145
[2025-11-24 00:19:09,877.877] DEBUG    [MainThread|MainProcess] websockets.client (client.py:write_http_request:116) | > User-Agent: Python/3.10 websockets/10.4
[2025-11-24 00:19:09,882.882] DEBUG    [MainThread|MainProcess] websockets.client (client.py:read_http_response:147) | < HTTP/1.1 101 Switching Protocols
[2025-11-24 00:19:09,883.883] DEBUG    [MainThread|MainProcess] websockets.client (client.py:read_http_response:149) | < Upgrade: websocket
[2025-11-24 00:19:09,883.883] DEBUG    [MainThread|MainProcess] websockets.client (client.py:read_http_response:149) | < Connection: Upgrade
[2025-11-24 00:19:09,883.883] DEBUG    [MainThread|MainProcess] websockets.client (client.py:read_http_response:149) | < Sec-WebSocket-Accept: 1DgEuyQ1p+I9vMsBC1w0nDvdU3c=
[2025-11-24 00:19:09,883.883] DEBUG    [MainThread|MainProcess] websockets.client (protocol.py:connection_open:357) | = connection is OPEN
[2025-11-24 00:19:09,883.883] DEBUG    [MainThread|MainProcess] websockets.client (protocol.py:write_frame_sync:1183) | > TEXT '{"action": "send_group_msg", "params": {"group_...]}, "echo": 1763914749}' [1918 bytes]
[2025-11-24 00:19:11,704.704] DEBUG    [MainThread|MainProcess] websockets.client (protocol.py:read_frame:1177) | < TEXT '{"status":"failed","retcode":1200,"data":null,"...\\n","echo":1763914749}' [526 bytes]
[2025-11-24 00:19:11,704.704] DEBUG    [MainThread|MainProcess] websockets.client (protocol.py:write_close_frame:1232) | = connection is CLOSING
[2025-11-24 00:19:11,704.704] DEBUG    [MainThread|MainProcess] websockets.client (protocol.py:write_frame_sync:1183) | > CLOSE 1000 (OK) [2 bytes]
[2025-11-24 00:19:11,705.705] DEBUG    [MainThread|MainProcess] websockets.client (protocol.py:read_frame:1177) | < CLOSE 1000 (OK) [2 bytes]
[2025-11-24 00:19:11,706.706] DEBUG    [MainThread|MainProcess] websockets.client (protocol.py:connection_lost:1514) | = connection is CLOSED
[2025-11-24 00:19:11,707.707] WARNING  [MainThread|MainProcess] Logger (api.py:check_and_log:34) | {'status': 'failed', 'retcode': 1200, 'data': None, 'message': 'EventChecker Failed: NTEvent serviceAndMethod:NodeIKernelMsgService/sendMsg ListenerName:NodeIKernelMsgListener/onMsgInfoListUpdate EventRet:\n{\n    "result": -1,\n    "errMsg": "rich media transfer failed"\n}\n', 'wording': 'EventChecker Failed: NTEvent serviceAndMethod:NodeIKernelMsgService/sendMsg ListenerName:NodeIKernelMsgListener/onMsgInfoListUpdate EventRet:\n{\n    "result": -1,\n    "errMsg": "rich media transfer failed"\n}\n', 'echo': 1763914749}
[2025-11-24 00:19:27,215.215] DEBUG    [MainThread|MainProcess] websockets.client (protocol.py:read_frame:1177) | < TEXT '{"time":1763914767,"self_id":703263936,"post_ty...true},"interval":30000}' [148 bytes]
[2025-11-24 00:19:27,216.216] DEBUG    [MainThread|MainProcess] Logger (connect.py:on_message:43) | {'time': 1763914767, 'self_id': 703263936, 'post_type': 'meta_event', 'meta_event_type': 'heartbeat', 'status': {'online': True, 'good': True}, 'interval': 30000}
[2025-11-24 00:19:57,229.229] DEBUG    [MainThread|MainProcess] websockets.client (protocol.py:read_frame:1177) | < TEXT '{"time":1763914797,"self_id":703263936,"post_ty...true},"interval":30000}' [148 bytes]
[2025-11-24 00:19:57,229.229] DEBUG    [MainThread|MainProcess] Logger (connect.py:on_message:43) | {'time': 1763914797, 'self_id': 703263936, 'post_type': 'meta_event', 'meta_event_type': 'heartbeat', 'status': {'online': True, 'good': True}, 'interval': 30000}
[2025-11-24 00:20:27,230.230] DEBUG    [MainThread|MainProcess] websockets.client (protocol.py:read_frame:1177) | < TEXT '{"time":1763914827,"self_id":703263936,"post_ty...true},"interval":30000}' [148 bytes]
[2025-11-24 00:20:27,231.231] DEBUG    [MainThread|MainProcess] Logger (connect.py:on_message:43) | {'time': 1763914827, 'self_id': 703263936, 'post_type': 'meta_event', 'meta_event_type': 'heartbeat', 'status': {'online': True, 'good': True}, 'interval': 30000}
[2025-11-24 00:20:59,215.215] INFO     [MainThread|MainProcess] Logger (client.py:check_config:41) | [BOTQQ]: 703263936 | [WSURI]: ws://localhost:8082 | [TOKEN]: chcat13201145
[2025-11-24 00:20:59,216.216] DEBUG    [MainThread|MainProcess] Logger (event.py:_load_access:289) | 加载权限
[2025-11-24 00:20:59,216.216] WARNING  [MainThread|MainProcess] Logger (event.py:_load_access:295) | 权限文件不存在, 将创建新的权限文件
[2025-11-24 00:20:59,217.217] WARNING  [MainThread|MainProcess] Logger (event.py:_load_access:300) | 权限文件不存在, 将创建新的权限文件
[2025-11-24 00:21:01,553.553] DEBUG    [MainThread|MainProcess] urllib3.connectionpool (connectionpool.py:_new_conn:1022) | Starting new HTTPS connection (1): pypi.org:443
[2025-11-24 00:21:02,601.601] DEBUG    [MainThread|MainProcess] urllib3.connectionpool (connectionpool.py:_make_request:475) | https://pypi.org:443 "GET /pypi/ncatbot/json HTTP/1.1" 200 55853
[2025-11-24 00:21:02,620.620] WARNING  [MainThread|MainProcess] Logger (env_checker.py:check_version:127) | NcatBot 有可用更新！
[2025-11-24 00:21:02,621.621] INFO     [MainThread|MainProcess] Logger (env_checker.py:check_version:128) | 若使用 main.exe 或者 NcatBot CLI 启动, CLI 输入 update 即可更新
[2025-11-24 00:21:02,621.621] INFO     [MainThread|MainProcess] Logger (env_checker.py:check_version:129) | 若手动安装, 推荐您使用以下命令更新: pip install --upgrade ncatbot
[2025-11-24 00:21:02,622.622] DEBUG    [MainThread|MainProcess] asyncio (proactor_events.py:__init__:630) | Using proactor: IocpProactor
[2025-11-24 00:21:02,637.637] DEBUG    [MainThread|MainProcess] websockets.client (protocol.py:__init__:256) | = connection is CONNECTING
[2025-11-24 00:21:02,638.638] DEBUG    [MainThread|MainProcess] websockets.client (client.py:write_http_request:114) | > GET / HTTP/1.1
[2025-11-24 00:21:02,639.639] DEBUG    [MainThread|MainProcess] websockets.client (client.py:write_http_request:116) | > Host: localhost:8082
[2025-11-24 00:21:02,639.639] DEBUG    [MainThread|MainProcess] websockets.client (client.py:write_http_request:116) | > Upgrade: websocket
[2025-11-24 00:21:02,639.639] DEBUG    [MainThread|MainProcess] websockets.client (client.py:write_http_request:116) | > Connection: Upgrade
[2025-11-24 00:21:02,639.639] DEBUG    [MainThread|MainProcess] websockets.client (client.py:write_http_request:116) | > Sec-WebSocket-Key: oZHSlHKT6dgT31atqkARcA==
[2025-11-24 00:21:02,640.640] DEBUG    [MainThread|MainProcess] websockets.client (client.py:write_http_request:116) | > Sec-WebSocket-Version: 13
[2025-11-24 00:21:02,640.640] DEBUG    [MainThread|MainProcess] websockets.client (client.py:write_http_request:116) | > Sec-WebSocket-Extensions: permessage-deflate; client_max_window_bits
[2025-11-24 00:21:02,640.640] DEBUG    [MainThread|MainProcess] websockets.client (client.py:write_http_request:116) | > Content-Type: application/json
[2025-11-24 00:21:02,640.640] DEBUG    [MainThread|MainProcess] websockets.client (client.py:write_http_request:116) | > Authorization: Bearer chcat13201145
[2025-11-24 00:21:02,640.640] DEBUG    [MainThread|MainProcess] websockets.client (client.py:write_http_request:116) | > User-Agent: Python/3.10 websockets/10.4
[2025-11-24 00:21:02,649.649] DEBUG    [MainThread|MainProcess] websockets.client (client.py:read_http_response:147) | < HTTP/1.1 101 Switching Protocols
[2025-11-24 00:21:02,650.650] DEBUG    [MainThread|MainProcess] websockets.client (client.py:read_http_response:149) | < Upgrade: websocket
[2025-11-24 00:21:02,650.650] DEBUG    [MainThread|MainProcess] websockets.client (client.py:read_http_response:149) | < Connection: Upgrade
[2025-11-24 00:21:02,650.650] DEBUG    [MainThread|MainProcess] websockets.client (client.py:read_http_response:149) | < Sec-WebSocket-Accept: zbIRFl7pQ4LxG6uVQMzxLl2XW7k=
[2025-11-24 00:21:02,650.650] DEBUG    [MainThread|MainProcess] websockets.client (protocol.py:connection_open:357) | = connection is OPEN
[2025-11-24 00:21:02,651.651] DEBUG    [MainThread|MainProcess] websockets.client (protocol.py:read_frame:1177) | < TEXT '{"time":1763914862,"self_id":703263936,"post_ty...","sub_type":"connect"}' [115 bytes]
[2025-11-24 00:21:02,651.651] INFO     [MainThread|MainProcess] Logger (wsroute.py:check_websocket:30) | WebSocket ws://localhost:8082 可用.
[2025-11-24 00:21:02,652.652] DEBUG    [MainThread|MainProcess] websockets.client (protocol.py:write_close_frame:1232) | = connection is CLOSING
[2025-11-24 00:21:02,652.652] DEBUG    [MainThread|MainProcess] websockets.client (protocol.py:write_frame_sync:1183) | > CLOSE 1000 (OK) [2 bytes]
[2025-11-24 00:21:02,661.661] DEBUG    [MainThread|MainProcess] websockets.client (protocol.py:read_frame:1177) | < CLOSE 1000 (OK) [2 bytes]
[2025-11-24 00:21:02,661.661] DEBUG    [MainThread|MainProcess] websockets.client (protocol.py:connection_lost:1514) | = connection is CLOSED
[2025-11-24 00:21:02,694.694] INFO     [MainThread|MainProcess] Logger (client.py:ncatbot_quick_start:230) | napcat 服务器 ws://localhost:8082 在线, 连接中...
[2025-11-24 00:21:02,695.695] DEBUG    [MainThread|MainProcess] asyncio (proactor_events.py:__init__:630) | Using proactor: IocpProactor
[2025-11-24 00:21:02,696.696] INFO     [MainThread|MainProcess] Logger (client.py:info_subscribe_message_types:149) | 已订阅消息类型:[群聊]->全部消息类型
[2025-11-24 00:21:02,696.696] INFO     [MainThread|MainProcess] Logger (client.py:info_subscribe_message_types:150) | 已订阅消息类型:[私聊]->[]
[2025-11-24 00:21:02,697.697] INFO     [MainThread|MainProcess] PluginLoader (loader.py:load_plugins:237) | 插件目录: d:\1code\qqbot\plugins 不存在......跳过加载插件
[2025-11-24 00:21:02,750.750] DEBUG    [MainThread|MainProcess] websockets.client (protocol.py:__init__:256) | = connection is CONNECTING
[2025-11-24 00:21:02,750.750] DEBUG    [MainThread|MainProcess] websockets.client (client.py:write_http_request:114) | > GET /event HTTP/1.1
[2025-11-24 00:21:02,751.751] DEBUG    [MainThread|MainProcess] websockets.client (client.py:write_http_request:116) | > Host: localhost:8082
[2025-11-24 00:21:02,751.751] DEBUG    [MainThread|MainProcess] websockets.client (client.py:write_http_request:116) | > Upgrade: websocket
[2025-11-24 00:21:02,751.751] DEBUG    [MainThread|MainProcess] websockets.client (client.py:write_http_request:116) | > Connection: Upgrade
[2025-11-24 00:21:02,751.751] DEBUG    [MainThread|MainProcess] websockets.client (client.py:write_http_request:116) | > Sec-WebSocket-Key: 1Sho4rxO8sZUjFJyETpfcw==
[2025-11-24 00:21:02,751.751] DEBUG    [MainThread|MainProcess] websockets.client (client.py:write_http_request:116) | > Sec-WebSocket-Version: 13
[2025-11-24 00:21:02,751.751] DEBUG    [MainThread|MainProcess] websockets.client (client.py:write_http_request:116) | > Sec-WebSocket-Extensions: permessage-deflate; client_max_window_bits
[2025-11-24 00:21:02,752.752] DEBUG    [MainThread|MainProcess] websockets.client (client.py:write_http_request:116) | > Content-Type: application/json
[2025-11-24 00:21:02,752.752] DEBUG    [MainThread|MainProcess] websockets.client (client.py:write_http_request:116) | > Authorization: Bearer chcat13201145
[2025-11-24 00:21:02,752.752] DEBUG    [MainThread|MainProcess] websockets.client (client.py:write_http_request:116) | > User-Agent: Python/3.10 websockets/10.4
[2025-11-24 00:21:02,879.879] DEBUG    [MainThread|MainProcess] websockets.client (client.py:read_http_response:147) | < HTTP/1.1 101 Switching Protocols
[2025-11-24 00:21:02,879.879] DEBUG    [MainThread|MainProcess] websockets.client (client.py:read_http_response:149) | < Upgrade: websocket
[2025-11-24 00:21:02,879.879] DEBUG    [MainThread|MainProcess] websockets.client (client.py:read_http_response:149) | < Connection: Upgrade
[2025-11-24 00:21:02,879.879] DEBUG    [MainThread|MainProcess] websockets.client (client.py:read_http_response:149) | < Sec-WebSocket-Accept: wu8wU8wb5Zyvz+RgRu2IHYoJRp0=
[2025-11-24 00:21:02,879.879] DEBUG    [MainThread|MainProcess] websockets.client (protocol.py:connection_open:357) | = connection is OPEN
[2025-11-24 00:21:02,880.880] DEBUG    [MainThread|MainProcess] websockets.client (protocol.py:read_frame:1177) | < TEXT '{"time":1763914862,"self_id":703263936,"post_ty...","sub_type":"connect"}' [115 bytes]
[2025-11-24 00:21:02,880.880] INFO     [MainThread|MainProcess] Logger (connect.py:on_message:41) | 机器人 703263936 成功启动
[2025-11-24 00:21:07,809.809] DEBUG    [MainThread|MainProcess] websockets.client (protocol.py:read_frame:1177) | < TEXT '{"self_id":703263936,"user_id":1095216448,"time...","group_id":912458345}' [449 bytes]
[2025-11-24 00:21:07,809.809] DEBUG    [MainThread|MainProcess] Logger (client.py:handle_group_event:67) | {'group_id': '912458345', 'user_id': '1095216448', 'message_type': 'group', 'sub_type': 'normal', 'font': '14', 'sender': "{'user_id': 1095216448, 'nickname': '冰如猫', 'card': ''}", 'message_id': '1732178228', 'message_seq': '1732178228', 'real_id': '1732178228', 'message': "[{'type': 'text', 'data': {'text': '死眼是什么歌'}}]", 'message_format': 'array'}
[2025-11-24 00:21:07,809.809] INFO     [MainThread|MainProcess] Logger (main.py:on_group_message:34) | {'group_id': '912458345', 'user_id': '1095216448', 'message_type': 'group', 'sub_type': 'normal', 'font': '14', 'sender': "{'user_id': 1095216448, 'nickname': '冰如猫', 'card': ''}", 'message_id': '1732178228', 'message_seq': '1732178228', 'real_id': '1732178228', 'message': "[{'type': 'text', 'data': {'text': '死眼是什么歌'}}]", 'message_format': 'array'}
[2025-11-24 00:21:07,812.812] DEBUG    [MainThread|MainProcess] urllib3.connectionpool (connectionpool.py:_new_conn:1022) | Starting new HTTPS connection (1): maimai.lxns.net:443
[2025-11-24 00:21:08,072.072] DEBUG    [MainThread|MainProcess] urllib3.connectionpool (connectionpool.py:_make_request:475) | https://maimai.lxns.net:443 "GET /api/v0/chunithm/song/list?notes=true HTTP/1.1" 200 None
[2025-11-24 00:21:08,954.954] DEBUG    [MainThread|MainProcess] urllib3.connectionpool (connectionpool.py:_new_conn:1022) | Starting new HTTPS connection (1): maimai.lxns.net:443
[2025-11-24 00:21:09,151.151] DEBUG    [MainThread|MainProcess] urllib3.connectionpool (connectionpool.py:_make_request:475) | https://maimai.lxns.net:443 "GET /api/v0/chunithm/alias/list HTTP/1.1" 200 None
[2025-11-24 00:21:10,116.116] DEBUG    [MainThread|MainProcess] httpcore.connection (_trace.py:trace:47) | connect_tcp.started host='assets2.lxns.net' port=443 local_address=None timeout=5.0 socket_options=None
[2025-11-24 00:21:10,148.148] DEBUG    [MainThread|MainProcess] httpcore.connection (_trace.py:trace:47) | connect_tcp.complete return_value=<httpcore._backends.sync.SyncStream object at 0x000002B65E342AA0>
[2025-11-24 00:21:10,148.148] DEBUG    [MainThread|MainProcess] httpcore.connection (_trace.py:trace:47) | start_tls.started ssl_context=<ssl.SSLContext object at 0x000002B65DAD7E40> server_hostname='assets2.lxns.net' timeout=5.0
[2025-11-24 00:21:10,424.424] DEBUG    [MainThread|MainProcess] httpcore.connection (_trace.py:trace:47) | start_tls.complete return_value=<httpcore._backends.sync.SyncStream object at 0x000002B65E342A70>
[2025-11-24 00:21:10,424.424] DEBUG    [MainThread|MainProcess] httpcore.http11 (_trace.py:trace:47) | send_request_headers.started request=<Request [b'GET']>
[2025-11-24 00:21:10,425.425] DEBUG    [MainThread|MainProcess] httpcore.http11 (_trace.py:trace:47) | send_request_headers.complete
[2025-11-24 00:21:10,425.425] DEBUG    [MainThread|MainProcess] httpcore.http11 (_trace.py:trace:47) | send_request_body.started request=<Request [b'GET']>
[2025-11-24 00:21:10,425.425] DEBUG    [MainThread|MainProcess] httpcore.http11 (_trace.py:trace:47) | send_request_body.complete
[2025-11-24 00:21:10,425.425] DEBUG    [MainThread|MainProcess] httpcore.http11 (_trace.py:trace:47) | receive_response_headers.started request=<Request [b'GET']>
[2025-11-24 00:21:10,708.708] DEBUG    [MainThread|MainProcess] httpcore.http11 (_trace.py:trace:47) | receive_response_headers.complete return_value=(b'HTTP/1.1', 200, b'OK', [(b'Content-Type', b'text/html'), (b'Set-Cookie', b'path=/'), (b'Content-Length', b'988'), (b'Connection', b'keep-alive'), (b'Server', b'EdgeOne_IS_OC'), (b'Date', b'Sun, 23 Nov 2025 16:21:10 GMT'), (b'EO-LOG-UUID', b'5027765007167604538'), (b'Cache-Control', b'max-age=3600')])
[2025-11-24 00:21:10,709.709] INFO     [MainThread|MainProcess] httpx (_client.py:_send_single_request:1025) | HTTP Request: GET https://assets2.lxns.net/chunithm/jacket/%3Cbuilt-in%20function%20id%3E.png "HTTP/1.1 200 OK"
[2025-11-24 00:21:10,709.709] DEBUG    [MainThread|MainProcess] httpcore.http11 (_trace.py:trace:47) | receive_response_body.started request=<Request [b'GET']>
[2025-11-24 00:21:10,710.710] DEBUG    [MainThread|MainProcess] httpcore.http11 (_trace.py:trace:47) | receive_response_body.complete
[2025-11-24 00:21:10,710.710] DEBUG    [MainThread|MainProcess] httpcore.http11 (_trace.py:trace:47) | response_closed.started
[2025-11-24 00:21:10,710.710] DEBUG    [MainThread|MainProcess] httpcore.http11 (_trace.py:trace:47) | response_closed.complete
[2025-11-24 00:21:10,710.710] DEBUG    [MainThread|MainProcess] httpcore.connection (_trace.py:trace:47) | close.started
[2025-11-24 00:21:10,710.710] DEBUG    [MainThread|MainProcess] httpcore.connection (_trace.py:trace:47) | close.complete
[2025-11-24 00:21:10,740.740] DEBUG    [MainThread|MainProcess] websockets.client (protocol.py:__init__:256) | = connection is CONNECTING
[2025-11-24 00:21:10,740.740] DEBUG    [MainThread|MainProcess] websockets.client (client.py:write_http_request:114) | > GET /api HTTP/1.1
[2025-11-24 00:21:10,741.741] DEBUG    [MainThread|MainProcess] websockets.client (client.py:write_http_request:116) | > Host: localhost:8082
[2025-11-24 00:21:10,741.741] DEBUG    [MainThread|MainProcess] websockets.client (client.py:write_http_request:116) | > Upgrade: websocket
[2025-11-24 00:21:10,741.741] DEBUG    [MainThread|MainProcess] websockets.client (client.py:write_http_request:116) | > Connection: Upgrade
[2025-11-24 00:21:10,741.741] DEBUG    [MainThread|MainProcess] websockets.client (client.py:write_http_request:116) | > Sec-WebSocket-Key: ikmRmh+vqFKe0oz/rFWcwA==
[2025-11-24 00:21:10,741.741] DEBUG    [MainThread|MainProcess] websockets.client (client.py:write_http_request:116) | > Sec-WebSocket-Version: 13
[2025-11-24 00:21:10,741.741] DEBUG    [MainThread|MainProcess] websockets.client (client.py:write_http_request:116) | > Sec-WebSocket-Extensions: permessage-deflate; client_max_window_bits
[2025-11-24 00:21:10,741.741] DEBUG    [MainThread|MainProcess] websockets.client (client.py:write_http_request:116) | > Content-Type: application/json
[2025-11-24 00:21:10,741.741] DEBUG    [MainThread|MainProcess] websockets.client (client.py:write_http_request:116) | > Authorization: Bearer chcat13201145
[2025-11-24 00:21:10,741.741] DEBUG    [MainThread|MainProcess] websockets.client (client.py:write_http_request:116) | > User-Agent: Python/3.10 websockets/10.4
[2025-11-24 00:21:10,897.897] DEBUG    [MainThread|MainProcess] websockets.client (client.py:read_http_response:147) | < HTTP/1.1 101 Switching Protocols
[2025-11-24 00:21:10,897.897] DEBUG    [MainThread|MainProcess] websockets.client (client.py:read_http_response:149) | < Upgrade: websocket
[2025-11-24 00:21:10,897.897] DEBUG    [MainThread|MainProcess] websockets.client (client.py:read_http_response:149) | < Connection: Upgrade
[2025-11-24 00:21:10,897.897] DEBUG    [MainThread|MainProcess] websockets.client (client.py:read_http_response:149) | < Sec-WebSocket-Accept: PLbX/djEmef9YMx2tLZc4OxWC0g=
[2025-11-24 00:21:10,898.898] DEBUG    [MainThread|MainProcess] websockets.client (protocol.py:connection_open:357) | = connection is OPEN
[2025-11-24 00:21:10,898.898] DEBUG    [MainThread|MainProcess] websockets.client (protocol.py:write_frame_sync:1183) | > TEXT '{"action": "send_group_msg", "params": {"group_...]}, "echo": 1763914870}' [1510 bytes]
[2025-11-24 00:21:13,928.928] DEBUG    [MainThread|MainProcess] websockets.client (protocol.py:read_frame:1177) | < TEXT '{"status":"failed","retcode":1200,"data":null,"...\\n","echo":1763914870}' [526 bytes]
[2025-11-24 00:21:13,929.929] DEBUG    [MainThread|MainProcess] websockets.client (protocol.py:write_close_frame:1232) | = connection is CLOSING
[2025-11-24 00:21:13,929.929] DEBUG    [MainThread|MainProcess] websockets.client (protocol.py:write_frame_sync:1183) | > CLOSE 1000 (OK) [2 bytes]
[2025-11-24 00:21:13,930.930] DEBUG    [MainThread|MainProcess] websockets.client (protocol.py:read_frame:1177) | < CLOSE 1000 (OK) [2 bytes]
[2025-11-24 00:21:13,934.934] DEBUG    [MainThread|MainProcess] websockets.client (protocol.py:connection_lost:1514) | = connection is CLOSED
[2025-11-24 00:21:13,936.936] WARNING  [MainThread|MainProcess] Logger (api.py:check_and_log:34) | {'status': 'failed', 'retcode': 1200, 'data': None, 'message': 'EventChecker Failed: NTEvent serviceAndMethod:NodeIKernelMsgService/sendMsg ListenerName:NodeIKernelMsgListener/onMsgInfoListUpdate EventRet:\n{\n    "result": -1,\n    "errMsg": "rich media transfer failed"\n}\n', 'wording': 'EventChecker Failed: NTEvent serviceAndMethod:NodeIKernelMsgService/sendMsg ListenerName:NodeIKernelMsgListener/onMsgInfoListUpdate EventRet:\n{\n    "result": -1,\n    "errMsg": "rich media transfer failed"\n}\n', 'echo': 1763914870}
[2025-11-24 00:21:27,249.249] DEBUG    [MainThread|MainProcess] websockets.client (protocol.py:read_frame:1177) | < TEXT '{"time":1763914887,"self_id":703263936,"post_ty...true},"interval":30000}' [148 bytes]
[2025-11-24 00:21:27,250.250] DEBUG    [MainThread|MainProcess] Logger (connect.py:on_message:43) | {'time': 1763914887, 'self_id': 703263936, 'post_type': 'meta_event', 'meta_event_type': 'heartbeat', 'status': {'online': True, 'good': True}, 'interval': 30000}
[2025-11-24 00:22:05,027.027] INFO     [MainThread|MainProcess] Logger (client.py:check_config:41) | [BOTQQ]: 703263936 | [WSURI]: ws://localhost:8082 | [TOKEN]: chcat13201145
[2025-11-24 00:22:05,031.031] DEBUG    [MainThread|MainProcess] Logger (event.py:_load_access:289) | 加载权限
[2025-11-24 00:22:05,033.033] WARNING  [MainThread|MainProcess] Logger (event.py:_load_access:295) | 权限文件不存在, 将创建新的权限文件
[2025-11-24 00:22:05,035.035] WARNING  [MainThread|MainProcess] Logger (event.py:_load_access:300) | 权限文件不存在, 将创建新的权限文件
[2025-11-24 00:22:07,367.367] DEBUG    [MainThread|MainProcess] urllib3.connectionpool (connectionpool.py:_new_conn:1022) | Starting new HTTPS connection (1): pypi.org:443
[2025-11-24 00:22:07,793.793] DEBUG    [MainThread|MainProcess] urllib3.connectionpool (connectionpool.py:_make_request:475) | https://pypi.org:443 "GET /pypi/ncatbot/json HTTP/1.1" 200 55853
[2025-11-24 00:22:07,824.824] WARNING  [MainThread|MainProcess] Logger (env_checker.py:check_version:127) | NcatBot 有可用更新！
[2025-11-24 00:22:07,824.824] INFO     [MainThread|MainProcess] Logger (env_checker.py:check_version:128) | 若使用 main.exe 或者 NcatBot CLI 启动, CLI 输入 update 即可更新
[2025-11-24 00:22:07,824.824] INFO     [MainThread|MainProcess] Logger (env_checker.py:check_version:129) | 若手动安装, 推荐您使用以下命令更新: pip install --upgrade ncatbot
[2025-11-24 00:22:07,824.824] DEBUG    [MainThread|MainProcess] asyncio (proactor_events.py:__init__:630) | Using proactor: IocpProactor
[2025-11-24 00:22:07,873.873] DEBUG    [MainThread|MainProcess] websockets.client (protocol.py:__init__:256) | = connection is CONNECTING
[2025-11-24 00:22:07,874.874] DEBUG    [MainThread|MainProcess] websockets.client (client.py:write_http_request:114) | > GET / HTTP/1.1
[2025-11-24 00:22:07,874.874] DEBUG    [MainThread|MainProcess] websockets.client (client.py:write_http_request:116) | > Host: localhost:8082
[2025-11-24 00:22:07,874.874] DEBUG    [MainThread|MainProcess] websockets.client (client.py:write_http_request:116) | > Upgrade: websocket
[2025-11-24 00:22:07,874.874] DEBUG    [MainThread|MainProcess] websockets.client (client.py:write_http_request:116) | > Connection: Upgrade
[2025-11-24 00:22:07,875.875] DEBUG    [MainThread|MainProcess] websockets.client (client.py:write_http_request:116) | > Sec-WebSocket-Key: ULSM/GW+4PysolXvVNzr4w==
[2025-11-24 00:22:07,875.875] DEBUG    [MainThread|MainProcess] websockets.client (client.py:write_http_request:116) | > Sec-WebSocket-Version: 13
[2025-11-24 00:22:07,875.875] DEBUG    [MainThread|MainProcess] websockets.client (client.py:write_http_request:116) | > Sec-WebSocket-Extensions: permessage-deflate; client_max_window_bits
[2025-11-24 00:22:07,875.875] DEBUG    [MainThread|MainProcess] websockets.client (client.py:write_http_request:116) | > Content-Type: application/json
[2025-11-24 00:22:07,875.875] DEBUG    [MainThread|MainProcess] websockets.client (client.py:write_http_request:116) | > Authorization: Bearer chcat13201145
[2025-11-24 00:22:07,875.875] DEBUG    [MainThread|MainProcess] websockets.client (client.py:write_http_request:116) | > User-Agent: Python/3.10 websockets/10.4
[2025-11-24 00:22:07,878.878] DEBUG    [MainThread|MainProcess] websockets.client (client.py:read_http_response:147) | < HTTP/1.1 101 Switching Protocols
[2025-11-24 00:22:07,879.879] DEBUG    [MainThread|MainProcess] websockets.client (client.py:read_http_response:149) | < Upgrade: websocket
[2025-11-24 00:22:07,879.879] DEBUG    [MainThread|MainProcess] websockets.client (client.py:read_http_response:149) | < Connection: Upgrade
[2025-11-24 00:22:07,879.879] DEBUG    [MainThread|MainProcess] websockets.client (client.py:read_http_response:149) | < Sec-WebSocket-Accept: 23EacB70zGvF3bL4ZFoD9CMxfko=
[2025-11-24 00:22:07,879.879] DEBUG    [MainThread|MainProcess] websockets.client (protocol.py:connection_open:357) | = connection is OPEN
[2025-11-24 00:22:07,879.879] INFO     [MainThread|MainProcess] Logger (wsroute.py:check_websocket:30) | WebSocket ws://localhost:8082 可用.
[2025-11-24 00:22:07,880.880] DEBUG    [MainThread|MainProcess] websockets.client (protocol.py:read_frame:1177) | < TEXT '{"time":1763914927,"self_id":703263936,"post_ty...","sub_type":"connect"}' [115 bytes]
[2025-11-24 00:22:07,880.880] DEBUG    [MainThread|MainProcess] websockets.client (protocol.py:write_close_frame:1232) | = connection is CLOSING
[2025-11-24 00:22:07,880.880] DEBUG    [MainThread|MainProcess] websockets.client (protocol.py:write_frame_sync:1183) | > CLOSE 1000 (OK) [2 bytes]
[2025-11-24 00:22:07,889.889] DEBUG    [MainThread|MainProcess] websockets.client (protocol.py:read_frame:1177) | < CLOSE 1000 (OK) [2 bytes]
[2025-11-24 00:22:07,890.890] DEBUG    [MainThread|MainProcess] websockets.client (protocol.py:connection_lost:1514) | = connection is CLOSED
[2025-11-24 00:22:07,897.897] INFO     [MainThread|MainProcess] Logger (client.py:ncatbot_quick_start:230) | napcat 服务器 ws://localhost:8082 在线, 连接中...
[2025-11-24 00:22:07,898.898] DEBUG    [MainThread|MainProcess] asyncio (proactor_events.py:__init__:630) | Using proactor: IocpProactor
[2025-11-24 00:22:07,901.901] INFO     [MainThread|MainProcess] Logger (client.py:info_subscribe_message_types:149) | 已订阅消息类型:[群聊]->全部消息类型
[2025-11-24 00:22:07,901.901] INFO     [MainThread|MainProcess] Logger (client.py:info_subscribe_message_types:150) | 已订阅消息类型:[私聊]->[]
[2025-11-24 00:22:07,901.901] INFO     [MainThread|MainProcess] PluginLoader (loader.py:load_plugins:237) | 插件目录: d:\1code\qqbot\plugins 不存在......跳过加载插件
[2025-11-24 00:22:07,945.945] DEBUG    [MainThread|MainProcess] websockets.client (protocol.py:__init__:256) | = connection is CONNECTING
[2025-11-24 00:22:07,946.946] DEBUG    [MainThread|MainProcess] websockets.client (client.py:write_http_request:114) | > GET /event HTTP/1.1
[2025-11-24 00:22:07,946.946] DEBUG    [MainThread|MainProcess] websockets.client (client.py:write_http_request:116) | > Host: localhost:8082
[2025-11-24 00:22:07,946.946] DEBUG    [MainThread|MainProcess] websockets.client (client.py:write_http_request:116) | > Upgrade: websocket
[2025-11-24 00:22:07,946.946] DEBUG    [MainThread|MainProcess] websockets.client (client.py:write_http_request:116) | > Connection: Upgrade
[2025-11-24 00:22:07,946.946] DEBUG    [MainThread|MainProcess] websockets.client (client.py:write_http_request:116) | > Sec-WebSocket-Key: rBUldx2T1hez47jwoKf1cg==
[2025-11-24 00:22:07,947.947] DEBUG    [MainThread|MainProcess] websockets.client (client.py:write_http_request:116) | > Sec-WebSocket-Version: 13
[2025-11-24 00:22:07,947.947] DEBUG    [MainThread|MainProcess] websockets.client (client.py:write_http_request:116) | > Sec-WebSocket-Extensions: permessage-deflate; client_max_window_bits
[2025-11-24 00:22:07,947.947] DEBUG    [MainThread|MainProcess] websockets.client (client.py:write_http_request:116) | > Content-Type: application/json
[2025-11-24 00:22:07,947.947] DEBUG    [MainThread|MainProcess] websockets.client (client.py:write_http_request:116) | > Authorization: Bearer chcat13201145
[2025-11-24 00:22:07,947.947] DEBUG    [MainThread|MainProcess] websockets.client (client.py:write_http_request:116) | > User-Agent: Python/3.10 websockets/10.4
[2025-11-24 00:22:07,972.972] DEBUG    [MainThread|MainProcess] websockets.client (client.py:read_http_response:147) | < HTTP/1.1 101 Switching Protocols
[2025-11-24 00:22:07,972.972] DEBUG    [MainThread|MainProcess] websockets.client (client.py:read_http_response:149) | < Upgrade: websocket
[2025-11-24 00:22:07,972.972] DEBUG    [MainThread|MainProcess] websockets.client (client.py:read_http_response:149) | < Connection: Upgrade
[2025-11-24 00:22:07,972.972] DEBUG    [MainThread|MainProcess] websockets.client (client.py:read_http_response:149) | < Sec-WebSocket-Accept: K49TXHkwPjrjFiYtlEwKdqyg67o=
[2025-11-24 00:22:07,972.972] DEBUG    [MainThread|MainProcess] websockets.client (protocol.py:connection_open:357) | = connection is OPEN
[2025-11-24 00:22:07,973.973] DEBUG    [MainThread|MainProcess] websockets.client (protocol.py:read_frame:1177) | < TEXT '{"time":1763914927,"self_id":703263936,"post_ty...","sub_type":"connect"}' [115 bytes]
[2025-11-24 00:22:07,973.973] INFO     [MainThread|MainProcess] Logger (connect.py:on_message:41) | 机器人 703263936 成功启动
[2025-11-24 00:22:13,300.300] DEBUG    [MainThread|MainProcess] websockets.client (protocol.py:read_frame:1177) | < TEXT '{"self_id":703263936,"user_id":1095216448,"time...","group_id":912458345}' [449 bytes]
[2025-11-24 00:22:13,301.301] DEBUG    [MainThread|MainProcess] Logger (client.py:handle_group_event:67) | {'group_id': '912458345', 'user_id': '1095216448', 'message_type': 'group', 'sub_type': 'normal', 'font': '14', 'sender': "{'user_id': 1095216448, 'nickname': '冰如猫', 'card': ''}", 'message_id': '1163541742', 'message_seq': '1163541742', 'real_id': '1163541742', 'message': "[{'type': 'text', 'data': {'text': '死眼是什么歌'}}]", 'message_format': 'array'}
[2025-11-24 00:22:13,301.301] INFO     [MainThread|MainProcess] Logger (main.py:on_group_message:34) | {'group_id': '912458345', 'user_id': '1095216448', 'message_type': 'group', 'sub_type': 'normal', 'font': '14', 'sender': "{'user_id': 1095216448, 'nickname': '冰如猫', 'card': ''}", 'message_id': '1163541742', 'message_seq': '1163541742', 'real_id': '1163541742', 'message': "[{'type': 'text', 'data': {'text': '死眼是什么歌'}}]", 'message_format': 'array'}
[2025-11-24 00:22:13,305.305] DEBUG    [MainThread|MainProcess] urllib3.connectionpool (connectionpool.py:_new_conn:1022) | Starting new HTTPS connection (1): maimai.lxns.net:443
[2025-11-24 00:22:13,575.575] DEBUG    [MainThread|MainProcess] urllib3.connectionpool (connectionpool.py:_make_request:475) | https://maimai.lxns.net:443 "GET /api/v0/chunithm/song/list?notes=true HTTP/1.1" 200 None
[2025-11-24 00:22:16,436.436] DEBUG    [MainThread|MainProcess] urllib3.connectionpool (connectionpool.py:_new_conn:1022) | Starting new HTTPS connection (1): maimai.lxns.net:443
[2025-11-24 00:22:16,622.622] DEBUG    [MainThread|MainProcess] urllib3.connectionpool (connectionpool.py:_make_request:475) | https://maimai.lxns.net:443 "GET /api/v0/chunithm/alias/list HTTP/1.1" 200 None
[2025-11-24 00:22:17,652.652] DEBUG    [MainThread|MainProcess] httpcore.connection (_trace.py:trace:47) | connect_tcp.started host='assets2.lxns.net' port=443 local_address=None timeout=5.0 socket_options=None
[2025-11-24 00:22:17,669.669] DEBUG    [MainThread|MainProcess] httpcore.connection (_trace.py:trace:47) | connect_tcp.complete return_value=<httpcore._backends.sync.SyncStream object at 0x0000024C7C992B30>
[2025-11-24 00:22:17,670.670] DEBUG    [MainThread|MainProcess] httpcore.connection (_trace.py:trace:47) | start_tls.started ssl_context=<ssl.SSLContext object at 0x0000024C7C137DC0> server_hostname='assets2.lxns.net' timeout=5.0
[2025-11-24 00:22:17,690.690] DEBUG    [MainThread|MainProcess] httpcore.connection (_trace.py:trace:47) | start_tls.complete return_value=<httpcore._backends.sync.SyncStream object at 0x0000024C7C992B00>
[2025-11-24 00:22:17,690.690] DEBUG    [MainThread|MainProcess] httpcore.http11 (_trace.py:trace:47) | send_request_headers.started request=<Request [b'GET']>
[2025-11-24 00:22:17,691.691] DEBUG    [MainThread|MainProcess] httpcore.http11 (_trace.py:trace:47) | send_request_headers.complete
[2025-11-24 00:22:17,691.691] DEBUG    [MainThread|MainProcess] httpcore.http11 (_trace.py:trace:47) | send_request_body.started request=<Request [b'GET']>
[2025-11-24 00:22:17,691.691] DEBUG    [MainThread|MainProcess] httpcore.http11 (_trace.py:trace:47) | send_request_body.complete
[2025-11-24 00:22:17,691.691] DEBUG    [MainThread|MainProcess] httpcore.http11 (_trace.py:trace:47) | receive_response_headers.started request=<Request [b'GET']>
[2025-11-24 00:22:17,708.708] DEBUG    [MainThread|MainProcess] httpcore.http11 (_trace.py:trace:47) | receive_response_headers.complete return_value=(b'HTTP/1.1', 200, b'OK', [(b'Content-Type', b'text/html'), (b'Set-Cookie', b'path=/'), (b'Content-Length', b'987'), (b'Connection', b'keep-alive'), (b'Server', b'EdgeOne_IS_OC'), (b'Date', b'Sun, 23 Nov 2025 16:22:17 GMT'), (b'EO-LOG-UUID', b'1433640181872298982'), (b'Cache-Control', b'max-age=3600')])
[2025-11-24 00:22:17,709.709] INFO     [MainThread|MainProcess] httpx (_client.py:_send_single_request:1025) | HTTP Request: GET https://assets2.lxns.net/chunithm/jacket/%3Cbuilt-in%20function%20id%3E.png "HTTP/1.1 200 OK"
[2025-11-24 00:22:17,709.709] DEBUG    [MainThread|MainProcess] httpcore.http11 (_trace.py:trace:47) | receive_response_body.started request=<Request [b'GET']>
[2025-11-24 00:22:17,711.711] DEBUG    [MainThread|MainProcess] httpcore.http11 (_trace.py:trace:47) | receive_response_body.complete
[2025-11-24 00:22:17,711.711] DEBUG    [MainThread|MainProcess] httpcore.http11 (_trace.py:trace:47) | response_closed.started
[2025-11-24 00:22:17,712.712] DEBUG    [MainThread|MainProcess] httpcore.http11 (_trace.py:trace:47) | response_closed.complete
[2025-11-24 00:22:17,712.712] DEBUG    [MainThread|MainProcess] httpcore.connection (_trace.py:trace:47) | close.started
[2025-11-24 00:22:17,713.713] DEBUG    [MainThread|MainProcess] httpcore.connection (_trace.py:trace:47) | close.complete
[2025-11-24 00:22:17,716.716] DEBUG    [MainThread|MainProcess] websockets.client (protocol.py:__init__:256) | = connection is CONNECTING
[2025-11-24 00:22:17,716.716] DEBUG    [MainThread|MainProcess] websockets.client (client.py:write_http_request:114) | > GET /api HTTP/1.1
[2025-11-24 00:22:17,717.717] DEBUG    [MainThread|MainProcess] websockets.client (client.py:write_http_request:116) | > Host: localhost:8082
[2025-11-24 00:22:17,717.717] DEBUG    [MainThread|MainProcess] websockets.client (client.py:write_http_request:116) | > Upgrade: websocket
[2025-11-24 00:22:17,717.717] DEBUG    [MainThread|MainProcess] websockets.client (client.py:write_http_request:116) | > Connection: Upgrade
[2025-11-24 00:22:17,717.717] DEBUG    [MainThread|MainProcess] websockets.client (client.py:write_http_request:116) | > Sec-WebSocket-Key: HQeaV6DV+/mxf4DfZSfN0Q==
[2025-11-24 00:22:17,717.717] DEBUG    [MainThread|MainProcess] websockets.client (client.py:write_http_request:116) | > Sec-WebSocket-Version: 13
[2025-11-24 00:22:17,717.717] DEBUG    [MainThread|MainProcess] websockets.client (client.py:write_http_request:116) | > Sec-WebSocket-Extensions: permessage-deflate; client_max_window_bits
[2025-11-24 00:22:17,717.717] DEBUG    [MainThread|MainProcess] websockets.client (client.py:write_http_request:116) | > Content-Type: application/json
[2025-11-24 00:22:17,717.717] DEBUG    [MainThread|MainProcess] websockets.client (client.py:write_http_request:116) | > Authorization: Bearer chcat13201145
[2025-11-24 00:22:17,717.717] DEBUG    [MainThread|MainProcess] websockets.client (client.py:write_http_request:116) | > User-Agent: Python/3.10 websockets/10.4
[2025-11-24 00:22:17,721.721] DEBUG    [MainThread|MainProcess] websockets.client (client.py:read_http_response:147) | < HTTP/1.1 101 Switching Protocols
[2025-11-24 00:22:17,721.721] DEBUG    [MainThread|MainProcess] websockets.client (client.py:read_http_response:149) | < Upgrade: websocket
[2025-11-24 00:22:17,721.721] DEBUG    [MainThread|MainProcess] websockets.client (client.py:read_http_response:149) | < Connection: Upgrade
[2025-11-24 00:22:17,721.721] DEBUG    [MainThread|MainProcess] websockets.client (client.py:read_http_response:149) | < Sec-WebSocket-Accept: YqxV4gWEx0nDMv37c2/0Hbd0mJo=
[2025-11-24 00:22:17,722.722] DEBUG    [MainThread|MainProcess] websockets.client (protocol.py:connection_open:357) | = connection is OPEN
[2025-11-24 00:22:17,722.722] DEBUG    [MainThread|MainProcess] websockets.client (protocol.py:write_frame_sync:1183) | > TEXT '{"action": "send_group_msg", "params": {"group_...]}, "echo": 1763914937}' [1462 bytes]
[2025-11-24 00:22:27,262.262] DEBUG    [MainThread|MainProcess] websockets.client (protocol.py:read_frame:1177) | < TEXT '{"time":1763914947,"self_id":703263936,"post_ty...true},"interval":30000}' [148 bytes]
[2025-11-24 00:22:27,262.262] DEBUG    [MainThread|MainProcess] Logger (connect.py:on_message:43) | {'time': 1763914947, 'self_id': 703263936, 'post_type': 'meta_event', 'meta_event_type': 'heartbeat', 'status': {'online': True, 'good': True}, 'interval': 30000}
[2025-11-24 00:22:27,765.765] DEBUG    [MainThread|MainProcess] websockets.client (protocol.py:read_frame:1177) | < TEXT '{"status":"failed","retcode":1200,"data":null,"...\\n","echo":1763914937}' [360 bytes]
[2025-11-24 00:22:27,765.765] DEBUG    [MainThread|MainProcess] websockets.client (protocol.py:write_close_frame:1232) | = connection is CLOSING
[2025-11-24 00:22:27,766.766] DEBUG    [MainThread|MainProcess] websockets.client (protocol.py:write_frame_sync:1183) | > CLOSE 1000 (OK) [2 bytes]
[2025-11-24 00:22:27,767.767] DEBUG    [MainThread|MainProcess] websockets.client (protocol.py:read_frame:1177) | < CLOSE 1000 (OK) [2 bytes]
[2025-11-24 00:22:27,768.768] DEBUG    [MainThread|MainProcess] websockets.client (protocol.py:connection_lost:1514) | = connection is CLOSED
[2025-11-24 00:22:27,769.769] WARNING  [MainThread|MainProcess] Logger (api.py:check_and_log:34) | {'status': 'failed', 'retcode': 1200, 'data': None, 'message': 'Timeout: NTEvent serviceAndMethod:NodeIKernelMsgService/sendMsg ListenerName:NodeIKernelMsgListener/onMsgInfoListUpdate EventRet:\n{}\n', 'wording': 'Timeout: NTEvent serviceAndMethod:NodeIKernelMsgService/sendMsg ListenerName:NodeIKernelMsgListener/onMsgInfoListUpdate EventRet:\n{}\n', 'echo': 1763914937}
[2025-11-24 00:22:42,401.401] DEBUG    [MainThread|MainProcess] websockets.client (protocol.py:read_frame:1177) | < TEXT '{"time":1763914962,"self_id":703263936,"post_ty...txt":"","type":"nor"}]}' [521 bytes]
[2025-11-24 00:22:42,402.402] DEBUG    [MainThread|MainProcess] Logger (client.py:handle_notice_event:94) | {'time': 1763914962, 'self_id': 703263936, 'post_type': 'notice', 'notice_type': 'notify', 'sub_type': 'poke', 'target_id': 703263936, 'user_id': 1095216448, 'group_id': 912458345, 'raw_info': [{'col': '1', 'nm': '', 'type': 'qq', 'uid': 'u_bnn5kCyrsMgfcchTTpTf9g'}, {'jp': 'https://zb.vip.qq.com/v2/pages/nudgeMall?_wv=2&actionId=0', 'src': 'http://tianquan.gtimg.cn/nudgeaction/item/0/expression.jpg', 'type': 'img'}, {'txt': '戳了戳', 'type': 'nor'}, {'col': '1', 'nm': '', 'tp': '0', 'type': 'qq', 'uid': 'u_n_5CCSE9lScACusxik0pQg'}, {'txt': '', 'type': 'nor'}]}
[2025-11-24 00:22:42,402.402] INFO     [MainThread|MainProcess] Logger (main.py:on_notice:64) | {'time': 1763914962, 'self_id': 703263936, 'post_type': 'notice', 'notice_type': 'notify', 'sub_type': 'poke', 'target_id': 703263936, 'user_id': 1095216448, 'group_id': 912458345, 'raw_info': [{'col': '1', 'nm': '', 'type': 'qq', 'uid': 'u_bnn5kCyrsMgfcchTTpTf9g'}, {'jp': 'https://zb.vip.qq.com/v2/pages/nudgeMall?_wv=2&actionId=0', 'src': 'http://tianquan.gtimg.cn/nudgeaction/item/0/expression.jpg', 'type': 'img'}, {'txt': '戳了戳', 'type': 'nor'}, {'col': '1', 'nm': '', 'tp': '0', 'type': 'qq', 'uid': 'u_n_5CCSE9lScACusxik0pQg'}, {'txt': '', 'type': 'nor'}]}
[2025-11-24 00:22:42,479.479] DEBUG    [MainThread|MainProcess] websockets.client (protocol.py:__init__:256) | = connection is CONNECTING
[2025-11-24 00:22:42,480.480] DEBUG    [MainThread|MainProcess] websockets.client (client.py:write_http_request:114) | > GET /api HTTP/1.1
[2025-11-24 00:22:42,480.480] DEBUG    [MainThread|MainProcess] websockets.client (client.py:write_http_request:116) | > Host: localhost:8082
[2025-11-24 00:22:42,480.480] DEBUG    [MainThread|MainProcess] websockets.client (client.py:write_http_request:116) | > Upgrade: websocket
[2025-11-24 00:22:42,480.480] DEBUG    [MainThread|MainProcess] websockets.client (client.py:write_http_request:116) | > Connection: Upgrade
[2025-11-24 00:22:42,480.480] DEBUG    [MainThread|MainProcess] websockets.client (client.py:write_http_request:116) | > Sec-WebSocket-Key: TweFefKfI1QOBzb0xLTmtw==
[2025-11-24 00:22:42,480.480] DEBUG    [MainThread|MainProcess] websockets.client (client.py:write_http_request:116) | > Sec-WebSocket-Version: 13
[2025-11-24 00:22:42,480.480] DEBUG    [MainThread|MainProcess] websockets.client (client.py:write_http_request:116) | > Sec-WebSocket-Extensions: permessage-deflate; client_max_window_bits
[2025-11-24 00:22:42,480.480] DEBUG    [MainThread|MainProcess] websockets.client (client.py:write_http_request:116) | > Content-Type: application/json
[2025-11-24 00:22:42,480.480] DEBUG    [MainThread|MainProcess] websockets.client (client.py:write_http_request:116) | > Authorization: Bearer chcat13201145
[2025-11-24 00:22:42,480.480] DEBUG    [MainThread|MainProcess] websockets.client (client.py:write_http_request:116) | > User-Agent: Python/3.10 websockets/10.4
[2025-11-24 00:22:43,018.018] DEBUG    [MainThread|MainProcess] websockets.client (client.py:read_http_response:147) | < HTTP/1.1 101 Switching Protocols
[2025-11-24 00:22:43,019.019] DEBUG    [MainThread|MainProcess] websockets.client (client.py:read_http_response:149) | < Upgrade: websocket
[2025-11-24 00:22:43,019.019] DEBUG    [MainThread|MainProcess] websockets.client (client.py:read_http_response:149) | < Connection: Upgrade
[2025-11-24 00:22:43,019.019] DEBUG    [MainThread|MainProcess] websockets.client (client.py:read_http_response:149) | < Sec-WebSocket-Accept: MelX0M9/bhJKB23e9yZzbX7il5I=
[2025-11-24 00:22:43,019.019] DEBUG    [MainThread|MainProcess] websockets.client (protocol.py:connection_open:357) | = connection is OPEN
[2025-11-24 00:22:43,019.019] DEBUG    [MainThread|MainProcess] websockets.client (protocol.py:write_frame_sync:1183) | > TEXT '{"action": "send_group_msg", "params": {"group_...]}, "echo": 1763914963}' [210 bytes]
[2025-11-24 00:22:44,248.248] DEBUG    [MainThread|MainProcess] websockets.client (protocol.py:read_frame:1177) | < TEXT '{"status":"ok","retcode":0,"data":{"message_id"...":"","echo":1763914963}' [103 bytes]
[2025-11-24 00:22:44,248.248] DEBUG    [MainThread|MainProcess] websockets.client (protocol.py:write_close_frame:1232) | = connection is CLOSING
[2025-11-24 00:22:44,248.248] DEBUG    [MainThread|MainProcess] websockets.client (protocol.py:write_frame_sync:1183) | > CLOSE 1000 (OK) [2 bytes]
[2025-11-24 00:22:44,299.299] DEBUG    [MainThread|MainProcess] websockets.client (protocol.py:read_frame:1177) | < CLOSE 1000 (OK) [2 bytes]
[2025-11-24 00:22:44,300.300] DEBUG    [MainThread|MainProcess] websockets.client (protocol.py:connection_lost:1514) | = connection is CLOSED
[2025-11-24 00:22:44,300.300] DEBUG    [MainThread|MainProcess] Logger (api.py:check_and_log:32) | {'status': 'ok', 'retcode': 0, 'data': {'message_id': 399726309}, 'message': '', 'wording': '', 'echo': 1763914963}
[2025-11-24 00:22:57,272.272] DEBUG    [MainThread|MainProcess] websockets.client (protocol.py:read_frame:1177) | < TEXT '{"time":1763914977,"self_id":703263936,"post_ty...true},"interval":30000}' [148 bytes]
[2025-11-24 00:22:57,273.273] DEBUG    [MainThread|MainProcess] Logger (connect.py:on_message:43) | {'time': 1763914977, 'self_id': 703263936, 'post_type': 'meta_event', 'meta_event_type': 'heartbeat', 'status': {'online': True, 'good': True}, 'interval': 30000}
[2025-11-24 00:23:27,279.279] DEBUG    [MainThread|MainProcess] websockets.client (protocol.py:read_frame:1177) | < TEXT '{"time":1763915007,"self_id":703263936,"post_ty...true},"interval":30000}' [148 bytes]
[2025-11-24 00:23:27,280.280] DEBUG    [MainThread|MainProcess] Logger (connect.py:on_message:43) | {'time': 1763915007, 'self_id': 703263936, 'post_type': 'meta_event', 'meta_event_type': 'heartbeat', 'status': {'online': True, 'good': True}, 'interval': 30000}
[2025-11-24 00:23:57,291.291] DEBUG    [MainThread|MainProcess] websockets.client (protocol.py:read_frame:1177) | < TEXT '{"time":1763915037,"self_id":703263936,"post_ty...true},"interval":30000}' [148 bytes]
[2025-11-24 00:23:57,292.292] DEBUG    [MainThread|MainProcess] Logger (connect.py:on_message:43) | {'time': 1763915037, 'self_id': 703263936, 'post_type': 'meta_event', 'meta_event_type': 'heartbeat', 'status': {'online': True, 'good': True}, 'interval': 30000}
[2025-11-24 00:24:27,292.292] DEBUG    [MainThread|MainProcess] websockets.client (protocol.py:read_frame:1177) | < TEXT '{"time":1763915067,"self_id":703263936,"post_ty...true},"interval":30000}' [148 bytes]
[2025-11-24 00:24:27,294.294] DEBUG    [MainThread|MainProcess] Logger (connect.py:on_message:43) | {'time': 1763915067, 'self_id': 703263936, 'post_type': 'meta_event', 'meta_event_type': 'heartbeat', 'status': {'online': True, 'good': True}, 'interval': 30000}
[2025-11-24 00:24:45,693.693] INFO     [MainThread|MainProcess] Logger (client.py:check_config:41) | [BOTQQ]: 703263936 | [WSURI]: ws://localhost:8082 | [TOKEN]: chcat13201145
[2025-11-24 00:24:45,696.696] DEBUG    [MainThread|MainProcess] Logger (event.py:_load_access:289) | 加载权限
[2025-11-24 00:24:45,696.696] WARNING  [MainThread|MainProcess] Logger (event.py:_load_access:295) | 权限文件不存在, 将创建新的权限文件
[2025-11-24 00:24:45,699.699] WARNING  [MainThread|MainProcess] Logger (event.py:_load_access:300) | 权限文件不存在, 将创建新的权限文件
[2025-11-24 00:24:47,829.829] DEBUG    [MainThread|MainProcess] urllib3.connectionpool (connectionpool.py:_new_conn:1022) | Starting new HTTPS connection (1): pypi.org:443
[2025-11-24 00:24:48,984.984] DEBUG    [MainThread|MainProcess] urllib3.connectionpool (connectionpool.py:_make_request:475) | https://pypi.org:443 "GET /pypi/ncatbot/json HTTP/1.1" 200 55853
[2025-11-24 00:24:50,134.134] WARNING  [MainThread|MainProcess] Logger (env_checker.py:check_version:127) | NcatBot 有可用更新！
[2025-11-24 00:24:50,134.134] INFO     [MainThread|MainProcess] Logger (env_checker.py:check_version:128) | 若使用 main.exe 或者 NcatBot CLI 启动, CLI 输入 update 即可更新
[2025-11-24 00:24:50,134.134] INFO     [MainThread|MainProcess] Logger (env_checker.py:check_version:129) | 若手动安装, 推荐您使用以下命令更新: pip install --upgrade ncatbot
[2025-11-24 00:24:50,135.135] DEBUG    [MainThread|MainProcess] asyncio (proactor_events.py:__init__:630) | Using proactor: IocpProactor
[2025-11-24 00:24:50,145.145] DEBUG    [MainThread|MainProcess] websockets.client (protocol.py:__init__:256) | = connection is CONNECTING
[2025-11-24 00:24:50,146.146] DEBUG    [MainThread|MainProcess] websockets.client (client.py:write_http_request:114) | > GET / HTTP/1.1
[2025-11-24 00:24:50,146.146] DEBUG    [MainThread|MainProcess] websockets.client (client.py:write_http_request:116) | > Host: localhost:8082
[2025-11-24 00:24:50,146.146] DEBUG    [MainThread|MainProcess] websockets.client (client.py:write_http_request:116) | > Upgrade: websocket
[2025-11-24 00:24:50,146.146] DEBUG    [MainThread|MainProcess] websockets.client (client.py:write_http_request:116) | > Connection: Upgrade
[2025-11-24 00:24:50,146.146] DEBUG    [MainThread|MainProcess] websockets.client (client.py:write_http_request:116) | > Sec-WebSocket-Key: /yjh1oL2aKlXXllUag27Sw==
[2025-11-24 00:24:50,146.146] DEBUG    [MainThread|MainProcess] websockets.client (client.py:write_http_request:116) | > Sec-WebSocket-Version: 13
[2025-11-24 00:24:50,146.146] DEBUG    [MainThread|MainProcess] websockets.client (client.py:write_http_request:116) | > Sec-WebSocket-Extensions: permessage-deflate; client_max_window_bits
[2025-11-24 00:24:50,146.146] DEBUG    [MainThread|MainProcess] websockets.client (client.py:write_http_request:116) | > Content-Type: application/json
[2025-11-24 00:24:50,146.146] DEBUG    [MainThread|MainProcess] websockets.client (client.py:write_http_request:116) | > Authorization: Bearer chcat13201145
[2025-11-24 00:24:50,146.146] DEBUG    [MainThread|MainProcess] websockets.client (client.py:write_http_request:116) | > User-Agent: Python/3.10 websockets/10.4
[2025-11-24 00:24:50,148.148] DEBUG    [MainThread|MainProcess] websockets.client (client.py:read_http_response:147) | < HTTP/1.1 101 Switching Protocols
[2025-11-24 00:24:50,148.148] DEBUG    [MainThread|MainProcess] websockets.client (client.py:read_http_response:149) | < Upgrade: websocket
[2025-11-24 00:24:50,148.148] DEBUG    [MainThread|MainProcess] websockets.client (client.py:read_http_response:149) | < Connection: Upgrade
[2025-11-24 00:24:50,149.149] DEBUG    [MainThread|MainProcess] websockets.client (client.py:read_http_response:149) | < Sec-WebSocket-Accept: uq9z+TfSkHkdoh598oIIPPWusFY=
[2025-11-24 00:24:50,149.149] DEBUG    [MainThread|MainProcess] websockets.client (protocol.py:connection_open:357) | = connection is OPEN
[2025-11-24 00:24:50,149.149] DEBUG    [MainThread|MainProcess] websockets.client (protocol.py:read_frame:1177) | < TEXT '{"time":1763915090,"self_id":703263936,"post_ty...","sub_type":"connect"}' [115 bytes]
[2025-11-24 00:24:50,150.150] INFO     [MainThread|MainProcess] Logger (wsroute.py:check_websocket:30) | WebSocket ws://localhost:8082 可用.
[2025-11-24 00:24:50,150.150] DEBUG    [MainThread|MainProcess] websockets.client (protocol.py:write_close_frame:1232) | = connection is CLOSING
[2025-11-24 00:24:50,150.150] DEBUG    [MainThread|MainProcess] websockets.client (protocol.py:write_frame_sync:1183) | > CLOSE 1000 (OK) [2 bytes]
[2025-11-24 00:24:50,196.196] DEBUG    [MainThread|MainProcess] websockets.client (protocol.py:read_frame:1177) | < CLOSE 1000 (OK) [2 bytes]
[2025-11-24 00:24:50,196.196] DEBUG    [MainThread|MainProcess] websockets.client (protocol.py:connection_lost:1514) | = connection is CLOSED
[2025-11-24 00:24:50,359.359] INFO     [MainThread|MainProcess] Logger (client.py:ncatbot_quick_start:230) | napcat 服务器 ws://localhost:8082 在线, 连接中...
[2025-11-24 00:24:50,360.360] DEBUG    [MainThread|MainProcess] asyncio (proactor_events.py:__init__:630) | Using proactor: IocpProactor
[2025-11-24 00:24:50,362.362] INFO     [MainThread|MainProcess] Logger (client.py:info_subscribe_message_types:149) | 已订阅消息类型:[群聊]->全部消息类型
[2025-11-24 00:24:50,362.362] INFO     [MainThread|MainProcess] Logger (client.py:info_subscribe_message_types:150) | 已订阅消息类型:[私聊]->[]
[2025-11-24 00:24:50,363.363] INFO     [MainThread|MainProcess] PluginLoader (loader.py:load_plugins:237) | 插件目录: d:\1code\qqbot\plugins 不存在......跳过加载插件
[2025-11-24 00:24:50,430.430] DEBUG    [MainThread|MainProcess] websockets.client (protocol.py:__init__:256) | = connection is CONNECTING
[2025-11-24 00:24:50,431.431] DEBUG    [MainThread|MainProcess] websockets.client (client.py:write_http_request:114) | > GET /event HTTP/1.1
[2025-11-24 00:24:50,431.431] DEBUG    [MainThread|MainProcess] websockets.client (client.py:write_http_request:116) | > Host: localhost:8082
[2025-11-24 00:24:50,431.431] DEBUG    [MainThread|MainProcess] websockets.client (client.py:write_http_request:116) | > Upgrade: websocket
[2025-11-24 00:24:50,431.431] DEBUG    [MainThread|MainProcess] websockets.client (client.py:write_http_request:116) | > Connection: Upgrade
[2025-11-24 00:24:50,431.431] DEBUG    [MainThread|MainProcess] websockets.client (client.py:write_http_request:116) | > Sec-WebSocket-Key: Q2e8WKIVhCg2yoZ5X0Tp3Q==
[2025-11-24 00:24:50,432.432] DEBUG    [MainThread|MainProcess] websockets.client (client.py:write_http_request:116) | > Sec-WebSocket-Version: 13
[2025-11-24 00:24:50,432.432] DEBUG    [MainThread|MainProcess] websockets.client (client.py:write_http_request:116) | > Sec-WebSocket-Extensions: permessage-deflate; client_max_window_bits
[2025-11-24 00:24:50,432.432] DEBUG    [MainThread|MainProcess] websockets.client (client.py:write_http_request:116) | > Content-Type: application/json
[2025-11-24 00:24:50,432.432] DEBUG    [MainThread|MainProcess] websockets.client (client.py:write_http_request:116) | > Authorization: Bearer chcat13201145
[2025-11-24 00:24:50,432.432] DEBUG    [MainThread|MainProcess] websockets.client (client.py:write_http_request:116) | > User-Agent: Python/3.10 websockets/10.4
[2025-11-24 00:24:50,439.439] DEBUG    [MainThread|MainProcess] websockets.client (client.py:read_http_response:147) | < HTTP/1.1 101 Switching Protocols
[2025-11-24 00:24:50,440.440] DEBUG    [MainThread|MainProcess] websockets.client (client.py:read_http_response:149) | < Upgrade: websocket
[2025-11-24 00:24:50,440.440] DEBUG    [MainThread|MainProcess] websockets.client (client.py:read_http_response:149) | < Connection: Upgrade
[2025-11-24 00:24:50,440.440] DEBUG    [MainThread|MainProcess] websockets.client (client.py:read_http_response:149) | < Sec-WebSocket-Accept: t3/zl7iY5p8q2wkHws2XwtV89U4=
[2025-11-24 00:24:50,440.440] DEBUG    [MainThread|MainProcess] websockets.client (protocol.py:connection_open:357) | = connection is OPEN
[2025-11-24 00:24:50,440.440] DEBUG    [MainThread|MainProcess] websockets.client (protocol.py:read_frame:1177) | < TEXT '{"time":1763915090,"self_id":703263936,"post_ty...","sub_type":"connect"}' [115 bytes]
[2025-11-24 00:24:50,441.441] INFO     [MainThread|MainProcess] Logger (connect.py:on_message:41) | 机器人 703263936 成功启动
[2025-11-24 00:24:57,335.335] DEBUG    [MainThread|MainProcess] websockets.client (protocol.py:read_frame:1177) | < TEXT '{"time":1763915097,"self_id":703263936,"post_ty...true},"interval":30000}' [148 bytes]
[2025-11-24 00:24:57,336.336] DEBUG    [MainThread|MainProcess] Logger (connect.py:on_message:43) | {'time': 1763915097, 'self_id': 703263936, 'post_type': 'meta_event', 'meta_event_type': 'heartbeat', 'status': {'online': True, 'good': True}, 'interval': 30000}
[2025-11-24 00:25:03,918.918] DEBUG    [MainThread|MainProcess] websockets.client (protocol.py:read_frame:1177) | < TEXT '{"self_id":703263936,"user_id":1095216448,"time...","group_id":912458345}' [449 bytes]
[2025-11-24 00:25:03,918.918] DEBUG    [MainThread|MainProcess] Logger (client.py:handle_group_event:67) | {'group_id': '912458345', 'user_id': '1095216448', 'message_type': 'group', 'sub_type': 'normal', 'font': '14', 'sender': "{'user_id': 1095216448, 'nickname': '冰如猫', 'card': ''}", 'message_id': '1433157488', 'message_seq': '1433157488', 'real_id': '1433157488', 'message': "[{'type': 'text', 'data': {'text': '死眼是什么歌'}}]", 'message_format': 'array'}
[2025-11-24 00:25:03,918.918] INFO     [MainThread|MainProcess] Logger (main.py:on_group_message:34) | {'group_id': '912458345', 'user_id': '1095216448', 'message_type': 'group', 'sub_type': 'normal', 'font': '14', 'sender': "{'user_id': 1095216448, 'nickname': '冰如猫', 'card': ''}", 'message_id': '1433157488', 'message_seq': '1433157488', 'real_id': '1433157488', 'message': "[{'type': 'text', 'data': {'text': '死眼是什么歌'}}]", 'message_format': 'array'}
[2025-11-24 00:25:03,921.921] DEBUG    [MainThread|MainProcess] urllib3.connectionpool (connectionpool.py:_new_conn:1022) | Starting new HTTPS connection (1): maimai.lxns.net:443
[2025-11-24 00:25:04,429.429] DEBUG    [MainThread|MainProcess] urllib3.connectionpool (connectionpool.py:_make_request:475) | https://maimai.lxns.net:443 "GET /api/v0/chunithm/song/list?notes=true HTTP/1.1" 200 None
[2025-11-24 00:25:05,704.704] DEBUG    [MainThread|MainProcess] urllib3.connectionpool (connectionpool.py:_new_conn:1022) | Starting new HTTPS connection (1): maimai.lxns.net:443
[2025-11-24 00:25:05,889.889] DEBUG    [MainThread|MainProcess] urllib3.connectionpool (connectionpool.py:_make_request:475) | https://maimai.lxns.net:443 "GET /api/v0/chunithm/alias/list HTTP/1.1" 200 None
[2025-11-24 00:25:06,695.695] DEBUG    [MainThread|MainProcess] websockets.client (protocol.py:__init__:256) | = connection is CONNECTING
[2025-11-24 00:25:06,696.696] DEBUG    [MainThread|MainProcess] websockets.client (client.py:write_http_request:114) | > GET /api HTTP/1.1
[2025-11-24 00:25:06,696.696] DEBUG    [MainThread|MainProcess] websockets.client (client.py:write_http_request:116) | > Host: localhost:8082
[2025-11-24 00:25:06,696.696] DEBUG    [MainThread|MainProcess] websockets.client (client.py:write_http_request:116) | > Upgrade: websocket
[2025-11-24 00:25:06,696.696] DEBUG    [MainThread|MainProcess] websockets.client (client.py:write_http_request:116) | > Connection: Upgrade
[2025-11-24 00:25:06,696.696] DEBUG    [MainThread|MainProcess] websockets.client (client.py:write_http_request:116) | > Sec-WebSocket-Key: 1tBnrpMNuPA3BnTkUw5GFA==
[2025-11-24 00:25:06,696.696] DEBUG    [MainThread|MainProcess] websockets.client (client.py:write_http_request:116) | > Sec-WebSocket-Version: 13
[2025-11-24 00:25:06,696.696] DEBUG    [MainThread|MainProcess] websockets.client (client.py:write_http_request:116) | > Sec-WebSocket-Extensions: permessage-deflate; client_max_window_bits
[2025-11-24 00:25:06,697.697] DEBUG    [MainThread|MainProcess] websockets.client (client.py:write_http_request:116) | > Content-Type: application/json
[2025-11-24 00:25:06,697.697] DEBUG    [MainThread|MainProcess] websockets.client (client.py:write_http_request:116) | > Authorization: Bearer chcat13201145
[2025-11-24 00:25:06,697.697] DEBUG    [MainThread|MainProcess] websockets.client (client.py:write_http_request:116) | > User-Agent: Python/3.10 websockets/10.4
[2025-11-24 00:25:06,700.700] DEBUG    [MainThread|MainProcess] websockets.client (client.py:read_http_response:147) | < HTTP/1.1 101 Switching Protocols
[2025-11-24 00:25:06,700.700] DEBUG    [MainThread|MainProcess] websockets.client (client.py:read_http_response:149) | < Upgrade: websocket
[2025-11-24 00:25:06,700.700] DEBUG    [MainThread|MainProcess] websockets.client (client.py:read_http_response:149) | < Connection: Upgrade
[2025-11-24 00:25:06,700.700] DEBUG    [MainThread|MainProcess] websockets.client (client.py:read_http_response:149) | < Sec-WebSocket-Accept: Z8AKFuyR9NMD3LE/s7YArMKQbLI=
[2025-11-24 00:25:06,700.700] DEBUG    [MainThread|MainProcess] websockets.client (protocol.py:connection_open:357) | = connection is OPEN
[2025-11-24 00:25:06,701.701] DEBUG    [MainThread|MainProcess] websockets.client (protocol.py:write_frame_sync:1183) | > TEXT '{"action": "send_group_msg", "params": {"group_...]}, "echo": 1763915106}' [504 bytes]
[2025-11-24 00:25:07,430.430] DEBUG    [MainThread|MainProcess] websockets.client (protocol.py:read_frame:1177) | < TEXT '{"status":"ok","retcode":0,"data":{"message_id"...":"","echo":1763915106}' [104 bytes]
[2025-11-24 00:25:07,431.431] DEBUG    [MainThread|MainProcess] websockets.client (protocol.py:write_close_frame:1232) | = connection is CLOSING
[2025-11-24 00:25:07,431.431] DEBUG    [MainThread|MainProcess] websockets.client (protocol.py:write_frame_sync:1183) | > CLOSE 1000 (OK) [2 bytes]
[2025-11-24 00:25:07,432.432] DEBUG    [MainThread|MainProcess] websockets.client (protocol.py:read_frame:1177) | < CLOSE 1000 (OK) [2 bytes]
[2025-11-24 00:25:07,433.433] DEBUG    [MainThread|MainProcess] websockets.client (protocol.py:connection_lost:1514) | = connection is CLOSED
[2025-11-24 00:25:07,433.433] DEBUG    [MainThread|MainProcess] Logger (api.py:check_and_log:32) | {'status': 'ok', 'retcode': 0, 'data': {'message_id': 1371678149}, 'message': '', 'wording': '', 'echo': 1763915106}
[2025-11-24 00:25:27,345.345] DEBUG    [MainThread|MainProcess] websockets.client (protocol.py:read_frame:1177) | < TEXT '{"time":1763915127,"self_id":703263936,"post_ty...true},"interval":30000}' [148 bytes]
[2025-11-24 00:25:27,346.346] DEBUG    [MainThread|MainProcess] Logger (connect.py:on_message:43) | {'time': 1763915127, 'self_id': 703263936, 'post_type': 'meta_event', 'meta_event_type': 'heartbeat', 'status': {'online': True, 'good': True}, 'interval': 30000}
[2025-11-24 00:26:26,482.482] INFO     [MainThread|MainProcess] Logger (client.py:check_config:41) | [BOTQQ]: 703263936 | [WSURI]: ws://localhost:8082 | [TOKEN]: chcat13201145
[2025-11-24 00:26:26,483.483] DEBUG    [MainThread|MainProcess] Logger (event.py:_load_access:289) | 加载权限
[2025-11-24 00:26:26,483.483] WARNING  [MainThread|MainProcess] Logger (event.py:_load_access:295) | 权限文件不存在, 将创建新的权限文件
[2025-11-24 00:26:26,484.484] WARNING  [MainThread|MainProcess] Logger (event.py:_load_access:300) | 权限文件不存在, 将创建新的权限文件
[2025-11-24 00:26:28,968.968] DEBUG    [MainThread|MainProcess] urllib3.connectionpool (connectionpool.py:_new_conn:1022) | Starting new HTTPS connection (1): pypi.org:443
[2025-11-24 00:26:29,809.809] DEBUG    [MainThread|MainProcess] urllib3.connectionpool (connectionpool.py:_make_request:475) | https://pypi.org:443 "GET /pypi/ncatbot/json HTTP/1.1" 200 55853
[2025-11-24 00:26:29,936.936] WARNING  [MainThread|MainProcess] Logger (env_checker.py:check_version:127) | NcatBot 有可用更新！
[2025-11-24 00:26:29,936.936] INFO     [MainThread|MainProcess] Logger (env_checker.py:check_version:128) | 若使用 main.exe 或者 NcatBot CLI 启动, CLI 输入 update 即可更新
[2025-11-24 00:26:29,936.936] INFO     [MainThread|MainProcess] Logger (env_checker.py:check_version:129) | 若手动安装, 推荐您使用以下命令更新: pip install --upgrade ncatbot
[2025-11-24 00:26:29,937.937] DEBUG    [MainThread|MainProcess] asyncio (proactor_events.py:__init__:630) | Using proactor: IocpProactor
[2025-11-24 00:26:29,946.946] DEBUG    [MainThread|MainProcess] websockets.client (protocol.py:__init__:256) | = connection is CONNECTING
[2025-11-24 00:26:29,947.947] DEBUG    [MainThread|MainProcess] websockets.client (client.py:write_http_request:114) | > GET / HTTP/1.1
[2025-11-24 00:26:29,947.947] DEBUG    [MainThread|MainProcess] websockets.client (client.py:write_http_request:116) | > Host: localhost:8082
[2025-11-24 00:26:29,947.947] DEBUG    [MainThread|MainProcess] websockets.client (client.py:write_http_request:116) | > Upgrade: websocket
[2025-11-24 00:26:29,947.947] DEBUG    [MainThread|MainProcess] websockets.client (client.py:write_http_request:116) | > Connection: Upgrade
[2025-11-24 00:26:29,948.948] DEBUG    [MainThread|MainProcess] websockets.client (client.py:write_http_request:116) | > Sec-WebSocket-Key: Ajv5wkVBh788tIMA3PmO/w==
[2025-11-24 00:26:29,948.948] DEBUG    [MainThread|MainProcess] websockets.client (client.py:write_http_request:116) | > Sec-WebSocket-Version: 13
[2025-11-24 00:26:29,948.948] DEBUG    [MainThread|MainProcess] websockets.client (client.py:write_http_request:116) | > Sec-WebSocket-Extensions: permessage-deflate; client_max_window_bits
[2025-11-24 00:26:29,948.948] DEBUG    [MainThread|MainProcess] websockets.client (client.py:write_http_request:116) | > Content-Type: application/json
[2025-11-24 00:26:29,948.948] DEBUG    [MainThread|MainProcess] websockets.client (client.py:write_http_request:116) | > Authorization: Bearer chcat13201145
[2025-11-24 00:26:29,948.948] DEBUG    [MainThread|MainProcess] websockets.client (client.py:write_http_request:116) | > User-Agent: Python/3.10 websockets/10.4
[2025-11-24 00:26:29,954.954] DEBUG    [MainThread|MainProcess] websockets.client (client.py:read_http_response:147) | < HTTP/1.1 101 Switching Protocols
[2025-11-24 00:26:29,954.954] DEBUG    [MainThread|MainProcess] websockets.client (client.py:read_http_response:149) | < Upgrade: websocket
[2025-11-24 00:26:29,954.954] DEBUG    [MainThread|MainProcess] websockets.client (client.py:read_http_response:149) | < Connection: Upgrade
[2025-11-24 00:26:29,954.954] DEBUG    [MainThread|MainProcess] websockets.client (client.py:read_http_response:149) | < Sec-WebSocket-Accept: rfXCdHPgAoZYmQAVXJCggYgw5eM=
[2025-11-24 00:26:29,955.955] DEBUG    [MainThread|MainProcess] websockets.client (protocol.py:connection_open:357) | = connection is OPEN
[2025-11-24 00:26:29,955.955] DEBUG    [MainThread|MainProcess] websockets.client (protocol.py:read_frame:1177) | < TEXT '{"time":1763915189,"self_id":703263936,"post_ty...","sub_type":"connect"}' [115 bytes]
[2025-11-24 00:26:29,956.956] INFO     [MainThread|MainProcess] Logger (wsroute.py:check_websocket:30) | WebSocket ws://localhost:8082 可用.
[2025-11-24 00:26:29,957.957] DEBUG    [MainThread|MainProcess] websockets.client (protocol.py:write_close_frame:1232) | = connection is CLOSING
[2025-11-24 00:26:29,958.958] DEBUG    [MainThread|MainProcess] websockets.client (protocol.py:write_frame_sync:1183) | > CLOSE 1000 (OK) [2 bytes]
[2025-11-24 00:26:29,967.967] DEBUG    [MainThread|MainProcess] websockets.client (protocol.py:read_frame:1177) | < CLOSE 1000 (OK) [2 bytes]
[2025-11-24 00:26:29,968.968] DEBUG    [MainThread|MainProcess] websockets.client (protocol.py:connection_lost:1514) | = connection is CLOSED
[2025-11-24 00:26:29,988.988] INFO     [MainThread|MainProcess] Logger (client.py:ncatbot_quick_start:230) | napcat 服务器 ws://localhost:8082 在线, 连接中...
[2025-11-24 00:26:29,989.989] DEBUG    [MainThread|MainProcess] asyncio (proactor_events.py:__init__:630) | Using proactor: IocpProactor
[2025-11-24 00:26:29,989.989] INFO     [MainThread|MainProcess] Logger (client.py:info_subscribe_message_types:149) | 已订阅消息类型:[群聊]->全部消息类型
[2025-11-24 00:26:29,990.990] INFO     [MainThread|MainProcess] Logger (client.py:info_subscribe_message_types:150) | 已订阅消息类型:[私聊]->[]
[2025-11-24 00:26:29,990.990] INFO     [MainThread|MainProcess] PluginLoader (loader.py:load_plugins:237) | 插件目录: d:\1code\qqbot\plugins 不存在......跳过加载插件
[2025-11-24 00:26:29,994.994] DEBUG    [MainThread|MainProcess] websockets.client (protocol.py:__init__:256) | = connection is CONNECTING
[2025-11-24 00:26:29,994.994] DEBUG    [MainThread|MainProcess] websockets.client (client.py:write_http_request:114) | > GET /event HTTP/1.1
[2025-11-24 00:26:29,995.995] DEBUG    [MainThread|MainProcess] websockets.client (client.py:write_http_request:116) | > Host: localhost:8082
[2025-11-24 00:26:29,995.995] DEBUG    [MainThread|MainProcess] websockets.client (client.py:write_http_request:116) | > Upgrade: websocket
[2025-11-24 00:26:29,995.995] DEBUG    [MainThread|MainProcess] websockets.client (client.py:write_http_request:116) | > Connection: Upgrade
[2025-11-24 00:26:29,995.995] DEBUG    [MainThread|MainProcess] websockets.client (client.py:write_http_request:116) | > Sec-WebSocket-Key: GP6OuUS/7UeqGn7dJhlZFQ==
[2025-11-24 00:26:29,995.995] DEBUG    [MainThread|MainProcess] websockets.client (client.py:write_http_request:116) | > Sec-WebSocket-Version: 13
[2025-11-24 00:26:29,995.995] DEBUG    [MainThread|MainProcess] websockets.client (client.py:write_http_request:116) | > Sec-WebSocket-Extensions: permessage-deflate; client_max_window_bits
[2025-11-24 00:26:29,995.995] DEBUG    [MainThread|MainProcess] websockets.client (client.py:write_http_request:116) | > Content-Type: application/json
[2025-11-24 00:26:29,995.995] DEBUG    [MainThread|MainProcess] websockets.client (client.py:write_http_request:116) | > Authorization: Bearer chcat13201145
[2025-11-24 00:26:29,995.995] DEBUG    [MainThread|MainProcess] websockets.client (client.py:write_http_request:116) | > User-Agent: Python/3.10 websockets/10.4
[2025-11-24 00:26:30,003.003] DEBUG    [MainThread|MainProcess] websockets.client (client.py:read_http_response:147) | < HTTP/1.1 101 Switching Protocols
[2025-11-24 00:26:30,004.004] DEBUG    [MainThread|MainProcess] websockets.client (client.py:read_http_response:149) | < Upgrade: websocket
[2025-11-24 00:26:30,004.004] DEBUG    [MainThread|MainProcess] websockets.client (client.py:read_http_response:149) | < Connection: Upgrade
[2025-11-24 00:26:30,004.004] DEBUG    [MainThread|MainProcess] websockets.client (client.py:read_http_response:149) | < Sec-WebSocket-Accept: HfzFY4S9+i4uC4T/6CtYdUtAYUQ=
[2025-11-24 00:26:30,004.004] DEBUG    [MainThread|MainProcess] websockets.client (protocol.py:connection_open:357) | = connection is OPEN
[2025-11-24 00:26:30,004.004] DEBUG    [MainThread|MainProcess] websockets.client (protocol.py:read_frame:1177) | < TEXT '{"time":1763915190,"self_id":703263936,"post_ty...","sub_type":"connect"}' [115 bytes]
[2025-11-24 00:26:30,005.005] INFO     [MainThread|MainProcess] Logger (connect.py:on_message:41) | 机器人 703263936 成功启动
[2025-11-24 00:26:37,977.977] DEBUG    [MainThread|MainProcess] websockets.client (protocol.py:read_frame:1177) | < TEXT '{"self_id":703263936,"user_id":1095216448,"time...","group_id":912458345}' [446 bytes]
[2025-11-24 00:26:37,977.977] DEBUG    [MainThread|MainProcess] Logger (client.py:handle_group_event:67) | {'group_id': '912458345', 'user_id': '1095216448', 'message_type': 'group', 'sub_type': 'normal', 'font': '14', 'sender': "{'user_id': 1095216448, 'nickname': '冰如猫', 'card': ''}", 'message_id': '887178911', 'message_seq': '887178911', 'real_id': '887178911', 'message': "[{'type': 'text', 'data': {'text': '死眼是什么歌'}}]", 'message_format': 'array'}
[2025-11-24 00:26:37,977.977] INFO     [MainThread|MainProcess] Logger (main.py:on_group_message:34) | {'group_id': '912458345', 'user_id': '1095216448', 'message_type': 'group', 'sub_type': 'normal', 'font': '14', 'sender': "{'user_id': 1095216448, 'nickname': '冰如猫', 'card': ''}", 'message_id': '887178911', 'message_seq': '887178911', 'real_id': '887178911', 'message': "[{'type': 'text', 'data': {'text': '死眼是什么歌'}}]", 'message_format': 'array'}
[2025-11-24 00:26:37,980.980] DEBUG    [MainThread|MainProcess] urllib3.connectionpool (connectionpool.py:_new_conn:1022) | Starting new HTTPS connection (1): maimai.lxns.net:443
[2025-11-24 00:26:38,239.239] DEBUG    [MainThread|MainProcess] urllib3.connectionpool (connectionpool.py:_make_request:475) | https://maimai.lxns.net:443 "GET /api/v0/chunithm/song/list?notes=true HTTP/1.1" 200 None
[2025-11-24 00:26:39,619.619] DEBUG    [MainThread|MainProcess] urllib3.connectionpool (connectionpool.py:_new_conn:1022) | Starting new HTTPS connection (1): maimai.lxns.net:443
[2025-11-24 00:26:39,831.831] DEBUG    [MainThread|MainProcess] urllib3.connectionpool (connectionpool.py:_make_request:475) | https://maimai.lxns.net:443 "GET /api/v0/chunithm/alias/list HTTP/1.1" 200 None
[2025-11-24 00:26:41,236.236] DEBUG    [MainThread|MainProcess] httpcore.connection (_trace.py:trace:47) | connect_tcp.started host='assets2.lxns.net' port=443 local_address=None timeout=5.0 socket_options=None
[2025-11-24 00:26:41,269.269] DEBUG    [MainThread|MainProcess] httpcore.connection (_trace.py:trace:47) | connect_tcp.complete return_value=<httpcore._backends.sync.SyncStream object at 0x000001DE1ED72A40>
[2025-11-24 00:26:41,269.269] DEBUG    [MainThread|MainProcess] httpcore.connection (_trace.py:trace:47) | start_tls.started ssl_context=<ssl.SSLContext object at 0x000001DE1E517CC0> server_hostname='assets2.lxns.net' timeout=5.0
[2025-11-24 00:26:41,292.292] DEBUG    [MainThread|MainProcess] httpcore.connection (_trace.py:trace:47) | start_tls.complete return_value=<httpcore._backends.sync.SyncStream object at 0x000001DE1ED72A10>
[2025-11-24 00:26:41,292.292] DEBUG    [MainThread|MainProcess] httpcore.http11 (_trace.py:trace:47) | send_request_headers.started request=<Request [b'GET']>
[2025-11-24 00:26:41,292.292] DEBUG    [MainThread|MainProcess] httpcore.http11 (_trace.py:trace:47) | send_request_headers.complete
[2025-11-24 00:26:41,292.292] DEBUG    [MainThread|MainProcess] httpcore.http11 (_trace.py:trace:47) | send_request_body.started request=<Request [b'GET']>
[2025-11-24 00:26:41,293.293] DEBUG    [MainThread|MainProcess] httpcore.http11 (_trace.py:trace:47) | send_request_body.complete
[2025-11-24 00:26:41,293.293] DEBUG    [MainThread|MainProcess] httpcore.http11 (_trace.py:trace:47) | receive_response_headers.started request=<Request [b'GET']>
[2025-11-24 00:26:41,317.317] DEBUG    [MainThread|MainProcess] httpcore.http11 (_trace.py:trace:47) | receive_response_headers.complete return_value=(b'HTTP/1.1', 200, b'OK', [(b'Content-Type', b'text/html'), (b'Set-Cookie', b'path=/'), (b'Content-Length', b'989'), (b'Connection', b'keep-alive'), (b'Server', b'EdgeOne_IS_OC'), (b'Date', b'Sun, 23 Nov 2025 16:26:41 GMT'), (b'EO-LOG-UUID', b'9558527992503543432'), (b'Cache-Control', b'max-age=3600')])
[2025-11-24 00:26:41,318.318] INFO     [MainThread|MainProcess] httpx (_client.py:_send_single_request:1025) | HTTP Request: GET https://assets2.lxns.net/chunithm/jacket/2431.png "HTTP/1.1 200 OK"
[2025-11-24 00:26:41,318.318] DEBUG    [MainThread|MainProcess] httpcore.http11 (_trace.py:trace:47) | receive_response_body.started request=<Request [b'GET']>
[2025-11-24 00:26:41,318.318] DEBUG    [MainThread|MainProcess] httpcore.http11 (_trace.py:trace:47) | receive_response_body.complete
[2025-11-24 00:26:41,319.319] DEBUG    [MainThread|MainProcess] httpcore.http11 (_trace.py:trace:47) | response_closed.started
[2025-11-24 00:26:41,319.319] DEBUG    [MainThread|MainProcess] httpcore.http11 (_trace.py:trace:47) | response_closed.complete
[2025-11-24 00:26:41,319.319] DEBUG    [MainThread|MainProcess] httpcore.connection (_trace.py:trace:47) | close.started
[2025-11-24 00:26:41,319.319] DEBUG    [MainThread|MainProcess] httpcore.connection (_trace.py:trace:47) | close.complete
[2025-11-24 00:26:41,322.322] DEBUG    [MainThread|MainProcess] websockets.client (protocol.py:__init__:256) | = connection is CONNECTING
[2025-11-24 00:26:41,323.323] DEBUG    [MainThread|MainProcess] websockets.client (client.py:write_http_request:114) | > GET /api HTTP/1.1
[2025-11-24 00:26:41,323.323] DEBUG    [MainThread|MainProcess] websockets.client (client.py:write_http_request:116) | > Host: localhost:8082
[2025-11-24 00:26:41,323.323] DEBUG    [MainThread|MainProcess] websockets.client (client.py:write_http_request:116) | > Upgrade: websocket
[2025-11-24 00:26:41,323.323] DEBUG    [MainThread|MainProcess] websockets.client (client.py:write_http_request:116) | > Connection: Upgrade
[2025-11-24 00:26:41,323.323] DEBUG    [MainThread|MainProcess] websockets.client (client.py:write_http_request:116) | > Sec-WebSocket-Key: RXybuda3uo8Np4clugfM/Q==
[2025-11-24 00:26:41,323.323] DEBUG    [MainThread|MainProcess] websockets.client (client.py:write_http_request:116) | > Sec-WebSocket-Version: 13
[2025-11-24 00:26:41,323.323] DEBUG    [MainThread|MainProcess] websockets.client (client.py:write_http_request:116) | > Sec-WebSocket-Extensions: permessage-deflate; client_max_window_bits
[2025-11-24 00:26:41,324.324] DEBUG    [MainThread|MainProcess] websockets.client (client.py:write_http_request:116) | > Content-Type: application/json
[2025-11-24 00:26:41,324.324] DEBUG    [MainThread|MainProcess] websockets.client (client.py:write_http_request:116) | > Authorization: Bearer chcat13201145
[2025-11-24 00:26:41,324.324] DEBUG    [MainThread|MainProcess] websockets.client (client.py:write_http_request:116) | > User-Agent: Python/3.10 websockets/10.4
[2025-11-24 00:26:41,388.388] DEBUG    [MainThread|MainProcess] websockets.client (client.py:read_http_response:147) | < HTTP/1.1 101 Switching Protocols
[2025-11-24 00:26:41,389.389] DEBUG    [MainThread|MainProcess] websockets.client (client.py:read_http_response:149) | < Upgrade: websocket
[2025-11-24 00:26:41,389.389] DEBUG    [MainThread|MainProcess] websockets.client (client.py:read_http_response:149) | < Connection: Upgrade
[2025-11-24 00:26:41,389.389] DEBUG    [MainThread|MainProcess] websockets.client (client.py:read_http_response:149) | < Sec-WebSocket-Accept: R9JCEqNAKHqyXtAsl1fAQ5uv/Xk=
[2025-11-24 00:26:41,389.389] DEBUG    [MainThread|MainProcess] websockets.client (protocol.py:connection_open:357) | = connection is OPEN
[2025-11-24 00:26:41,389.389] DEBUG    [MainThread|MainProcess] websockets.client (protocol.py:write_frame_sync:1183) | > TEXT '{"action": "send_group_msg", "params": {"group_...]}, "echo": 1763915201}' [1918 bytes]
[2025-11-24 00:26:43,944.944] DEBUG    [MainThread|MainProcess] websockets.client (protocol.py:read_frame:1177) | < TEXT '{"status":"failed","retcode":1200,"data":null,"...\\n","echo":1763915201}' [526 bytes]
[2025-11-24 00:26:43,945.945] DEBUG    [MainThread|MainProcess] websockets.client (protocol.py:write_close_frame:1232) | = connection is CLOSING
[2025-11-24 00:26:43,945.945] DEBUG    [MainThread|MainProcess] websockets.client (protocol.py:write_frame_sync:1183) | > CLOSE 1000 (OK) [2 bytes]
[2025-11-24 00:26:44,065.065] DEBUG    [MainThread|MainProcess] websockets.client (protocol.py:read_frame:1177) | < CLOSE 1000 (OK) [2 bytes]
[2025-11-24 00:26:44,066.066] DEBUG    [MainThread|MainProcess] websockets.client (protocol.py:connection_lost:1514) | = connection is CLOSED
[2025-11-24 00:26:44,066.066] WARNING  [MainThread|MainProcess] Logger (api.py:check_and_log:34) | {'status': 'failed', 'retcode': 1200, 'data': None, 'message': 'EventChecker Failed: NTEvent serviceAndMethod:NodeIKernelMsgService/sendMsg ListenerName:NodeIKernelMsgListener/onMsgInfoListUpdate EventRet:\n{\n    "result": -1,\n    "errMsg": "rich media transfer failed"\n}\n', 'wording': 'EventChecker Failed: NTEvent serviceAndMethod:NodeIKernelMsgService/sendMsg ListenerName:NodeIKernelMsgListener/onMsgInfoListUpdate EventRet:\n{\n    "result": -1,\n    "errMsg": "rich media transfer failed"\n}\n', 'echo': 1763915201}
[2025-11-24 00:26:57,371.371] DEBUG    [MainThread|MainProcess] websockets.client (protocol.py:read_frame:1177) | < TEXT '{"time":1763915217,"self_id":703263936,"post_ty...true},"interval":30000}' [148 bytes]
[2025-11-24 00:26:57,371.371] DEBUG    [MainThread|MainProcess] Logger (connect.py:on_message:43) | {'time': 1763915217, 'self_id': 703263936, 'post_type': 'meta_event', 'meta_event_type': 'heartbeat', 'status': {'online': True, 'good': True}, 'interval': 30000}
[2025-11-24 00:27:27,388.388] DEBUG    [MainThread|MainProcess] websockets.client (protocol.py:read_frame:1177) | < TEXT '{"time":1763915247,"self_id":703263936,"post_ty...true},"interval":30000}' [148 bytes]
[2025-11-24 00:27:27,388.388] DEBUG    [MainThread|MainProcess] Logger (connect.py:on_message:43) | {'time': 1763915247, 'self_id': 703263936, 'post_type': 'meta_event', 'meta_event_type': 'heartbeat', 'status': {'online': True, 'good': True}, 'interval': 30000}
[2025-11-24 00:27:57,399.399] DEBUG    [MainThread|MainProcess] websockets.client (protocol.py:read_frame:1177) | < TEXT '{"time":1763915277,"self_id":703263936,"post_ty...true},"interval":30000}' [148 bytes]
[2025-11-24 00:27:57,400.400] DEBUG    [MainThread|MainProcess] Logger (connect.py:on_message:43) | {'time': 1763915277, 'self_id': 703263936, 'post_type': 'meta_event', 'meta_event_type': 'heartbeat', 'status': {'online': True, 'good': True}, 'interval': 30000}
[2025-11-24 00:28:27,407.407] DEBUG    [MainThread|MainProcess] websockets.client (protocol.py:read_frame:1177) | < TEXT '{"time":1763915307,"self_id":703263936,"post_ty...true},"interval":30000}' [148 bytes]
[2025-11-24 00:28:27,408.408] DEBUG    [MainThread|MainProcess] Logger (connect.py:on_message:43) | {'time': 1763915307, 'self_id': 703263936, 'post_type': 'meta_event', 'meta_event_type': 'heartbeat', 'status': {'online': True, 'good': True}, 'interval': 30000}
[2025-11-24 00:28:57,409.409] DEBUG    [MainThread|MainProcess] websockets.client (protocol.py:read_frame:1177) | < TEXT '{"time":1763915337,"self_id":703263936,"post_ty...true},"interval":30000}' [148 bytes]
[2025-11-24 00:28:57,409.409] DEBUG    [MainThread|MainProcess] Logger (connect.py:on_message:43) | {'time': 1763915337, 'self_id': 703263936, 'post_type': 'meta_event', 'meta_event_type': 'heartbeat', 'status': {'online': True, 'good': True}, 'interval': 30000}
[2025-11-24 00:29:28,488.488] INFO     [MainThread|MainProcess] Logger (client.py:check_config:41) | [BOTQQ]: 703263936 | [WSURI]: ws://localhost:8082 | [TOKEN]: chcat13201145
[2025-11-24 00:29:28,488.488] DEBUG    [MainThread|MainProcess] Logger (event.py:_load_access:289) | 加载权限
[2025-11-24 00:29:28,494.494] WARNING  [MainThread|MainProcess] Logger (event.py:_load_access:295) | 权限文件不存在, 将创建新的权限文件
[2025-11-24 00:29:28,494.494] WARNING  [MainThread|MainProcess] Logger (event.py:_load_access:300) | 权限文件不存在, 将创建新的权限文件
[2025-11-24 00:29:30,626.626] DEBUG    [MainThread|MainProcess] urllib3.connectionpool (connectionpool.py:_new_conn:1022) | Starting new HTTPS connection (1): pypi.org:443
[2025-11-24 00:29:30,976.976] DEBUG    [MainThread|MainProcess] urllib3.connectionpool (connectionpool.py:_make_request:475) | https://pypi.org:443 "GET /pypi/ncatbot/json HTTP/1.1" 200 55853
[2025-11-24 00:29:31,114.114] WARNING  [MainThread|MainProcess] Logger (env_checker.py:check_version:127) | NcatBot 有可用更新！
[2025-11-24 00:29:31,114.114] INFO     [MainThread|MainProcess] Logger (env_checker.py:check_version:128) | 若使用 main.exe 或者 NcatBot CLI 启动, CLI 输入 update 即可更新
[2025-11-24 00:29:31,114.114] INFO     [MainThread|MainProcess] Logger (env_checker.py:check_version:129) | 若手动安装, 推荐您使用以下命令更新: pip install --upgrade ncatbot
[2025-11-24 00:29:31,115.115] DEBUG    [MainThread|MainProcess] asyncio (proactor_events.py:__init__:630) | Using proactor: IocpProactor
[2025-11-24 00:29:31,129.129] DEBUG    [MainThread|MainProcess] websockets.client (protocol.py:__init__:256) | = connection is CONNECTING
[2025-11-24 00:29:31,130.130] DEBUG    [MainThread|MainProcess] websockets.client (client.py:write_http_request:114) | > GET / HTTP/1.1
[2025-11-24 00:29:31,130.130] DEBUG    [MainThread|MainProcess] websockets.client (client.py:write_http_request:116) | > Host: localhost:8082
[2025-11-24 00:29:31,130.130] DEBUG    [MainThread|MainProcess] websockets.client (client.py:write_http_request:116) | > Upgrade: websocket
[2025-11-24 00:29:31,131.131] DEBUG    [MainThread|MainProcess] websockets.client (client.py:write_http_request:116) | > Connection: Upgrade
[2025-11-24 00:29:31,131.131] DEBUG    [MainThread|MainProcess] websockets.client (client.py:write_http_request:116) | > Sec-WebSocket-Key: d90INUoUn5Jb7kwASI3J7g==
[2025-11-24 00:29:31,131.131] DEBUG    [MainThread|MainProcess] websockets.client (client.py:write_http_request:116) | > Sec-WebSocket-Version: 13
[2025-11-24 00:29:31,131.131] DEBUG    [MainThread|MainProcess] websockets.client (client.py:write_http_request:116) | > Sec-WebSocket-Extensions: permessage-deflate; client_max_window_bits
[2025-11-24 00:29:31,131.131] DEBUG    [MainThread|MainProcess] websockets.client (client.py:write_http_request:116) | > Content-Type: application/json
[2025-11-24 00:29:31,131.131] DEBUG    [MainThread|MainProcess] websockets.client (client.py:write_http_request:116) | > Authorization: Bearer chcat13201145
[2025-11-24 00:29:31,131.131] DEBUG    [MainThread|MainProcess] websockets.client (client.py:write_http_request:116) | > User-Agent: Python/3.10 websockets/10.4
[2025-11-24 00:29:31,134.134] DEBUG    [MainThread|MainProcess] websockets.client (client.py:read_http_response:147) | < HTTP/1.1 101 Switching Protocols
[2025-11-24 00:29:31,135.135] DEBUG    [MainThread|MainProcess] websockets.client (client.py:read_http_response:149) | < Upgrade: websocket
[2025-11-24 00:29:31,135.135] DEBUG    [MainThread|MainProcess] websockets.client (client.py:read_http_response:149) | < Connection: Upgrade
[2025-11-24 00:29:31,135.135] DEBUG    [MainThread|MainProcess] websockets.client (client.py:read_http_response:149) | < Sec-WebSocket-Accept: TkN1YzT2LqfeThnjur3rWTl9REw=
[2025-11-24 00:29:31,135.135] DEBUG    [MainThread|MainProcess] websockets.client (protocol.py:connection_open:357) | = connection is OPEN
[2025-11-24 00:29:31,135.135] DEBUG    [MainThread|MainProcess] websockets.client (protocol.py:read_frame:1177) | < TEXT '{"time":1763915371,"self_id":703263936,"post_ty...","sub_type":"connect"}' [115 bytes]
[2025-11-24 00:29:31,136.136] INFO     [MainThread|MainProcess] Logger (wsroute.py:check_websocket:30) | WebSocket ws://localhost:8082 可用.
[2025-11-24 00:29:31,136.136] DEBUG    [MainThread|MainProcess] websockets.client (protocol.py:write_close_frame:1232) | = connection is CLOSING
[2025-11-24 00:29:31,137.137] DEBUG    [MainThread|MainProcess] websockets.client (protocol.py:write_frame_sync:1183) | > CLOSE 1000 (OK) [2 bytes]
[2025-11-24 00:29:31,146.146] DEBUG    [MainThread|MainProcess] websockets.client (protocol.py:read_frame:1177) | < CLOSE 1000 (OK) [2 bytes]
[2025-11-24 00:29:31,146.146] DEBUG    [MainThread|MainProcess] websockets.client (protocol.py:connection_lost:1514) | = connection is CLOSED
[2025-11-24 00:29:31,165.165] INFO     [MainThread|MainProcess] Logger (client.py:ncatbot_quick_start:230) | napcat 服务器 ws://localhost:8082 在线, 连接中...
[2025-11-24 00:29:31,165.165] DEBUG    [MainThread|MainProcess] asyncio (proactor_events.py:__init__:630) | Using proactor: IocpProactor
[2025-11-24 00:29:31,167.167] INFO     [MainThread|MainProcess] Logger (client.py:info_subscribe_message_types:149) | 已订阅消息类型:[群聊]->全部消息类型
[2025-11-24 00:29:31,168.168] INFO     [MainThread|MainProcess] Logger (client.py:info_subscribe_message_types:150) | 已订阅消息类型:[私聊]->[]
[2025-11-24 00:29:31,168.168] INFO     [MainThread|MainProcess] PluginLoader (loader.py:load_plugins:237) | 插件目录: d:\1code\qqbot\plugins 不存在......跳过加载插件
[2025-11-24 00:29:31,372.372] DEBUG    [MainThread|MainProcess] websockets.client (protocol.py:__init__:256) | = connection is CONNECTING
[2025-11-24 00:29:31,372.372] DEBUG    [MainThread|MainProcess] websockets.client (client.py:write_http_request:114) | > GET /event HTTP/1.1
[2025-11-24 00:29:31,372.372] DEBUG    [MainThread|MainProcess] websockets.client (client.py:write_http_request:116) | > Host: localhost:8082
[2025-11-24 00:29:31,372.372] DEBUG    [MainThread|MainProcess] websockets.client (client.py:write_http_request:116) | > Upgrade: websocket
[2025-11-24 00:29:31,372.372] DEBUG    [MainThread|MainProcess] websockets.client (client.py:write_http_request:116) | > Connection: Upgrade
[2025-11-24 00:29:31,372.372] DEBUG    [MainThread|MainProcess] websockets.client (client.py:write_http_request:116) | > Sec-WebSocket-Key: kBfOExi0rKH9lzAouSbN4Q==
[2025-11-24 00:29:31,373.373] DEBUG    [MainThread|MainProcess] websockets.client (client.py:write_http_request:116) | > Sec-WebSocket-Version: 13
[2025-11-24 00:29:31,373.373] DEBUG    [MainThread|MainProcess] websockets.client (client.py:write_http_request:116) | > Sec-WebSocket-Extensions: permessage-deflate; client_max_window_bits
[2025-11-24 00:29:31,373.373] DEBUG    [MainThread|MainProcess] websockets.client (client.py:write_http_request:116) | > Content-Type: application/json
[2025-11-24 00:29:31,373.373] DEBUG    [MainThread|MainProcess] websockets.client (client.py:write_http_request:116) | > Authorization: Bearer chcat13201145
[2025-11-24 00:29:31,373.373] DEBUG    [MainThread|MainProcess] websockets.client (client.py:write_http_request:116) | > User-Agent: Python/3.10 websockets/10.4
[2025-11-24 00:29:31,376.376] DEBUG    [MainThread|MainProcess] websockets.client (client.py:read_http_response:147) | < HTTP/1.1 101 Switching Protocols
[2025-11-24 00:29:31,376.376] DEBUG    [MainThread|MainProcess] websockets.client (client.py:read_http_response:149) | < Upgrade: websocket
[2025-11-24 00:29:31,376.376] DEBUG    [MainThread|MainProcess] websockets.client (client.py:read_http_response:149) | < Connection: Upgrade
[2025-11-24 00:29:31,376.376] DEBUG    [MainThread|MainProcess] websockets.client (client.py:read_http_response:149) | < Sec-WebSocket-Accept: NaRnPXRP3HUtzazBm26rdk6Wq4M=
[2025-11-24 00:29:31,376.376] DEBUG    [MainThread|MainProcess] websockets.client (protocol.py:connection_open:357) | = connection is OPEN
[2025-11-24 00:29:31,376.376] DEBUG    [MainThread|MainProcess] websockets.client (protocol.py:read_frame:1177) | < TEXT '{"time":1763915371,"self_id":703263936,"post_ty...","sub_type":"connect"}' [115 bytes]
[2025-11-24 00:29:31,376.376] INFO     [MainThread|MainProcess] Logger (connect.py:on_message:41) | 机器人 703263936 成功启动
[2025-11-24 00:29:36,654.654] DEBUG    [MainThread|MainProcess] websockets.client (protocol.py:read_frame:1177) | < TEXT '{"self_id":703263936,"user_id":1095216448,"time...","group_id":912458345}' [446 bytes]
[2025-11-24 00:29:36,655.655] DEBUG    [MainThread|MainProcess] Logger (client.py:handle_group_event:67) | {'group_id': '912458345', 'user_id': '1095216448', 'message_type': 'group', 'sub_type': 'normal', 'font': '14', 'sender': "{'user_id': 1095216448, 'nickname': '冰如猫', 'card': ''}", 'message_id': '265603307', 'message_seq': '265603307', 'real_id': '265603307', 'message': "[{'type': 'text', 'data': {'text': '死眼是什么歌'}}]", 'message_format': 'array'}
[2025-11-24 00:29:36,655.655] INFO     [MainThread|MainProcess] Logger (main.py:on_group_message:34) | {'group_id': '912458345', 'user_id': '1095216448', 'message_type': 'group', 'sub_type': 'normal', 'font': '14', 'sender': "{'user_id': 1095216448, 'nickname': '冰如猫', 'card': ''}", 'message_id': '265603307', 'message_seq': '265603307', 'real_id': '265603307', 'message': "[{'type': 'text', 'data': {'text': '死眼是什么歌'}}]", 'message_format': 'array'}
[2025-11-24 00:29:36,658.658] DEBUG    [MainThread|MainProcess] urllib3.connectionpool (connectionpool.py:_new_conn:1022) | Starting new HTTPS connection (1): maimai.lxns.net:443
[2025-11-24 00:29:36,983.983] DEBUG    [MainThread|MainProcess] urllib3.connectionpool (connectionpool.py:_make_request:475) | https://maimai.lxns.net:443 "GET /api/v0/chunithm/song/list?notes=true HTTP/1.1" 200 None
[2025-11-24 00:29:37,881.881] DEBUG    [MainThread|MainProcess] urllib3.connectionpool (connectionpool.py:_new_conn:1022) | Starting new HTTPS connection (1): maimai.lxns.net:443
[2025-11-24 00:29:38,057.057] DEBUG    [MainThread|MainProcess] urllib3.connectionpool (connectionpool.py:_make_request:475) | https://maimai.lxns.net:443 "GET /api/v0/chunithm/alias/list HTTP/1.1" 200 None
[2025-11-24 00:29:39,415.415] DEBUG    [MainThread|MainProcess] httpcore.connection (_trace.py:trace:47) | connect_tcp.started host='assets2.lxns.net' port=443 local_address=None timeout=5.0 socket_options=None
[2025-11-24 00:29:39,529.529] DEBUG    [MainThread|MainProcess] httpcore.connection (_trace.py:trace:47) | connect_tcp.complete return_value=<httpcore._backends.sync.SyncStream object at 0x00000274C7342AA0>
[2025-11-24 00:29:39,529.529] DEBUG    [MainThread|MainProcess] httpcore.connection (_trace.py:trace:47) | start_tls.started ssl_context=<ssl.SSLContext object at 0x00000274C6AD7EC0> server_hostname='assets2.lxns.net' timeout=5.0
[2025-11-24 00:29:39,547.547] DEBUG    [MainThread|MainProcess] httpcore.connection (_trace.py:trace:47) | start_tls.complete return_value=<httpcore._backends.sync.SyncStream object at 0x00000274C7342A70>
[2025-11-24 00:29:39,547.547] DEBUG    [MainThread|MainProcess] httpcore.http11 (_trace.py:trace:47) | send_request_headers.started request=<Request [b'GET']>
[2025-11-24 00:29:39,548.548] DEBUG    [MainThread|MainProcess] httpcore.http11 (_trace.py:trace:47) | send_request_headers.complete
[2025-11-24 00:29:39,548.548] DEBUG    [MainThread|MainProcess] httpcore.http11 (_trace.py:trace:47) | send_request_body.started request=<Request [b'GET']>
[2025-11-24 00:29:39,548.548] DEBUG    [MainThread|MainProcess] httpcore.http11 (_trace.py:trace:47) | send_request_body.complete
[2025-11-24 00:29:39,548.548] DEBUG    [MainThread|MainProcess] httpcore.http11 (_trace.py:trace:47) | receive_response_headers.started request=<Request [b'GET']>
[2025-11-24 00:29:39,560.560] DEBUG    [MainThread|MainProcess] httpcore.http11 (_trace.py:trace:47) | receive_response_headers.complete return_value=(b'HTTP/1.1', 200, b'OK', [(b'Content-Type', b'text/html'), (b'Set-Cookie', b'path=/'), (b'Content-Length', b'987'), (b'Connection', b'keep-alive'), (b'Server', b'EdgeOne_IS_OC'), (b'Date', b'Sun, 23 Nov 2025 16:29:39 GMT'), (b'EO-LOG-UUID', b'11283174903053350685'), (b'Cache-Control', b'max-age=3600')])
[2025-11-24 00:29:39,561.561] INFO     [MainThread|MainProcess] httpx (_client.py:_send_single_request:1025) | HTTP Request: GET https://assets2.lxns.net/chunithm/jacket/2431.png "HTTP/1.1 200 OK"
[2025-11-24 00:29:39,561.561] DEBUG    [MainThread|MainProcess] httpcore.http11 (_trace.py:trace:47) | receive_response_body.started request=<Request [b'GET']>
[2025-11-24 00:29:39,561.561] DEBUG    [MainThread|MainProcess] httpcore.http11 (_trace.py:trace:47) | receive_response_body.complete
[2025-11-24 00:29:39,561.561] DEBUG    [MainThread|MainProcess] httpcore.http11 (_trace.py:trace:47) | response_closed.started
[2025-11-24 00:29:39,561.561] DEBUG    [MainThread|MainProcess] httpcore.http11 (_trace.py:trace:47) | response_closed.complete
[2025-11-24 00:29:39,562.562] DEBUG    [MainThread|MainProcess] httpcore.connection (_trace.py:trace:47) | close.started
[2025-11-24 00:29:39,562.562] DEBUG    [MainThread|MainProcess] httpcore.connection (_trace.py:trace:47) | close.complete
[2025-11-24 00:29:39,564.564] DEBUG    [MainThread|MainProcess] websockets.client (protocol.py:__init__:256) | = connection is CONNECTING
[2025-11-24 00:29:39,564.564] DEBUG    [MainThread|MainProcess] websockets.client (client.py:write_http_request:114) | > GET /api HTTP/1.1
[2025-11-24 00:29:39,565.565] DEBUG    [MainThread|MainProcess] websockets.client (client.py:write_http_request:116) | > Host: localhost:8082
[2025-11-24 00:29:39,565.565] DEBUG    [MainThread|MainProcess] websockets.client (client.py:write_http_request:116) | > Upgrade: websocket
[2025-11-24 00:29:39,565.565] DEBUG    [MainThread|MainProcess] websockets.client (client.py:write_http_request:116) | > Connection: Upgrade
[2025-11-24 00:29:39,565.565] DEBUG    [MainThread|MainProcess] websockets.client (client.py:write_http_request:116) | > Sec-WebSocket-Key: xpEUM/3GEDR8L5ARqQtaFA==
[2025-11-24 00:29:39,565.565] DEBUG    [MainThread|MainProcess] websockets.client (client.py:write_http_request:116) | > Sec-WebSocket-Version: 13
[2025-11-24 00:29:39,565.565] DEBUG    [MainThread|MainProcess] websockets.client (client.py:write_http_request:116) | > Sec-WebSocket-Extensions: permessage-deflate; client_max_window_bits
[2025-11-24 00:29:39,565.565] DEBUG    [MainThread|MainProcess] websockets.client (client.py:write_http_request:116) | > Content-Type: application/json
[2025-11-24 00:29:39,565.565] DEBUG    [MainThread|MainProcess] websockets.client (client.py:write_http_request:116) | > Authorization: Bearer chcat13201145
[2025-11-24 00:29:39,565.565] DEBUG    [MainThread|MainProcess] websockets.client (client.py:write_http_request:116) | > User-Agent: Python/3.10 websockets/10.4
[2025-11-24 00:29:39,658.658] DEBUG    [MainThread|MainProcess] websockets.client (client.py:read_http_response:147) | < HTTP/1.1 101 Switching Protocols
[2025-11-24 00:29:39,658.658] DEBUG    [MainThread|MainProcess] websockets.client (client.py:read_http_response:149) | < Upgrade: websocket
[2025-11-24 00:29:39,658.658] DEBUG    [MainThread|MainProcess] websockets.client (client.py:read_http_response:149) | < Connection: Upgrade
[2025-11-24 00:29:39,658.658] DEBUG    [MainThread|MainProcess] websockets.client (client.py:read_http_response:149) | < Sec-WebSocket-Accept: dbKalBmNrT1amH1GNfGlmZFeIqM=
[2025-11-24 00:29:39,659.659] DEBUG    [MainThread|MainProcess] websockets.client (protocol.py:connection_open:357) | = connection is OPEN
[2025-11-24 00:29:39,659.659] DEBUG    [MainThread|MainProcess] websockets.client (protocol.py:write_frame_sync:1183) | > TEXT '{"action": "send_group_msg", "params": {"group_...]}, "echo": 1763915379}' [1914 bytes]
[2025-11-24 00:29:42,103.103] DEBUG    [MainThread|MainProcess] websockets.client (protocol.py:read_frame:1177) | < TEXT '{"status":"failed","retcode":1200,"data":null,"...\\n","echo":1763915379}' [526 bytes]
[2025-11-24 00:29:42,104.104] DEBUG    [MainThread|MainProcess] websockets.client (protocol.py:write_close_frame:1232) | = connection is CLOSING
[2025-11-24 00:29:42,104.104] DEBUG    [MainThread|MainProcess] websockets.client (protocol.py:write_frame_sync:1183) | > CLOSE 1000 (OK) [2 bytes]
[2025-11-24 00:29:42,108.108] DEBUG    [MainThread|MainProcess] websockets.client (protocol.py:read_frame:1177) | < CLOSE 1000 (OK) [2 bytes]
[2025-11-24 00:29:42,108.108] DEBUG    [MainThread|MainProcess] websockets.client (protocol.py:connection_lost:1514) | = connection is CLOSED
[2025-11-24 00:29:42,108.108] WARNING  [MainThread|MainProcess] Logger (api.py:check_and_log:34) | {'status': 'failed', 'retcode': 1200, 'data': None, 'message': 'EventChecker Failed: NTEvent serviceAndMethod:NodeIKernelMsgService/sendMsg ListenerName:NodeIKernelMsgListener/onMsgInfoListUpdate EventRet:\n{\n    "result": -1,\n    "errMsg": "rich media transfer failed"\n}\n', 'wording': 'EventChecker Failed: NTEvent serviceAndMethod:NodeIKernelMsgService/sendMsg ListenerName:NodeIKernelMsgListener/onMsgInfoListUpdate EventRet:\n{\n    "result": -1,\n    "errMsg": "rich media transfer failed"\n}\n', 'echo': 1763915379}
[2025-11-24 00:29:57,436.436] DEBUG    [MainThread|MainProcess] websockets.client (protocol.py:read_frame:1177) | < TEXT '{"time":1763915397,"self_id":703263936,"post_ty...true},"interval":30000}' [148 bytes]
[2025-11-24 00:29:57,436.436] DEBUG    [MainThread|MainProcess] Logger (connect.py:on_message:43) | {'time': 1763915397, 'self_id': 703263936, 'post_type': 'meta_event', 'meta_event_type': 'heartbeat', 'status': {'online': True, 'good': True}, 'interval': 30000}
[2025-11-24 00:30:27,437.437] DEBUG    [MainThread|MainProcess] websockets.client (protocol.py:read_frame:1177) | < TEXT '{"time":1763915427,"self_id":703263936,"post_ty...true},"interval":30000}' [148 bytes]
[2025-11-24 00:30:27,438.438] DEBUG    [MainThread|MainProcess] Logger (connect.py:on_message:43) | {'time': 1763915427, 'self_id': 703263936, 'post_type': 'meta_event', 'meta_event_type': 'heartbeat', 'status': {'online': True, 'good': True}, 'interval': 30000}
[2025-11-24 00:30:57,441.441] DEBUG    [MainThread|MainProcess] websockets.client (protocol.py:read_frame:1177) | < TEXT '{"time":1763915457,"self_id":703263936,"post_ty...true},"interval":30000}' [148 bytes]
[2025-11-24 00:30:57,442.442] DEBUG    [MainThread|MainProcess] Logger (connect.py:on_message:43) | {'time': 1763915457, 'self_id': 703263936, 'post_type': 'meta_event', 'meta_event_type': 'heartbeat', 'status': {'online': True, 'good': True}, 'interval': 30000}
[2025-11-24 00:31:13,770.770] INFO     [MainThread|MainProcess] Logger (client.py:check_config:41) | [BOTQQ]: 703263936 | [WSURI]: ws://localhost:8082 | [TOKEN]: chcat13201145
[2025-11-24 00:31:13,770.770] DEBUG    [MainThread|MainProcess] Logger (event.py:_load_access:289) | 加载权限
[2025-11-24 00:31:13,771.771] WARNING  [MainThread|MainProcess] Logger (event.py:_load_access:295) | 权限文件不存在, 将创建新的权限文件
[2025-11-24 00:31:13,772.772] WARNING  [MainThread|MainProcess] Logger (event.py:_load_access:300) | 权限文件不存在, 将创建新的权限文件
[2025-11-24 00:31:15,849.849] DEBUG    [MainThread|MainProcess] urllib3.connectionpool (connectionpool.py:_new_conn:1022) | Starting new HTTPS connection (1): pypi.org:443
[2025-11-24 00:31:16,273.273] DEBUG    [MainThread|MainProcess] urllib3.connectionpool (connectionpool.py:_make_request:475) | https://pypi.org:443 "GET /pypi/ncatbot/json HTTP/1.1" 200 55853
[2025-11-24 00:31:16,317.317] WARNING  [MainThread|MainProcess] Logger (env_checker.py:check_version:127) | NcatBot 有可用更新！
[2025-11-24 00:31:16,317.317] INFO     [MainThread|MainProcess] Logger (env_checker.py:check_version:128) | 若使用 main.exe 或者 NcatBot CLI 启动, CLI 输入 update 即可更新
[2025-11-24 00:31:16,317.317] INFO     [MainThread|MainProcess] Logger (env_checker.py:check_version:129) | 若手动安装, 推荐您使用以下命令更新: pip install --upgrade ncatbot
[2025-11-24 00:31:16,318.318] DEBUG    [MainThread|MainProcess] asyncio (proactor_events.py:__init__:630) | Using proactor: IocpProactor
[2025-11-24 00:31:16,327.327] DEBUG    [MainThread|MainProcess] websockets.client (protocol.py:__init__:256) | = connection is CONNECTING
[2025-11-24 00:31:16,328.328] DEBUG    [MainThread|MainProcess] websockets.client (client.py:write_http_request:114) | > GET / HTTP/1.1
[2025-11-24 00:31:16,328.328] DEBUG    [MainThread|MainProcess] websockets.client (client.py:write_http_request:116) | > Host: localhost:8082
[2025-11-24 00:31:16,328.328] DEBUG    [MainThread|MainProcess] websockets.client (client.py:write_http_request:116) | > Upgrade: websocket
[2025-11-24 00:31:16,328.328] DEBUG    [MainThread|MainProcess] websockets.client (client.py:write_http_request:116) | > Connection: Upgrade
[2025-11-24 00:31:16,328.328] DEBUG    [MainThread|MainProcess] websockets.client (client.py:write_http_request:116) | > Sec-WebSocket-Key: 76KCKqKDkFtN4Om75GuW/w==
[2025-11-24 00:31:16,329.329] DEBUG    [MainThread|MainProcess] websockets.client (client.py:write_http_request:116) | > Sec-WebSocket-Version: 13
[2025-11-24 00:31:16,329.329] DEBUG    [MainThread|MainProcess] websockets.client (client.py:write_http_request:116) | > Sec-WebSocket-Extensions: permessage-deflate; client_max_window_bits
[2025-11-24 00:31:16,329.329] DEBUG    [MainThread|MainProcess] websockets.client (client.py:write_http_request:116) | > Content-Type: application/json
[2025-11-24 00:31:16,329.329] DEBUG    [MainThread|MainProcess] websockets.client (client.py:write_http_request:116) | > Authorization: Bearer chcat13201145
[2025-11-24 00:31:16,329.329] DEBUG    [MainThread|MainProcess] websockets.client (client.py:write_http_request:116) | > User-Agent: Python/3.10 websockets/10.4
[2025-11-24 00:31:16,360.360] DEBUG    [MainThread|MainProcess] websockets.client (client.py:read_http_response:147) | < HTTP/1.1 101 Switching Protocols
[2025-11-24 00:31:16,360.360] DEBUG    [MainThread|MainProcess] websockets.client (client.py:read_http_response:149) | < Upgrade: websocket
[2025-11-24 00:31:16,360.360] DEBUG    [MainThread|MainProcess] websockets.client (client.py:read_http_response:149) | < Connection: Upgrade
[2025-11-24 00:31:16,360.360] DEBUG    [MainThread|MainProcess] websockets.client (client.py:read_http_response:149) | < Sec-WebSocket-Accept: q0sq73SUSHLPCpYtVeQv4rTIjEw=
[2025-11-24 00:31:16,360.360] DEBUG    [MainThread|MainProcess] websockets.client (protocol.py:connection_open:357) | = connection is OPEN
[2025-11-24 00:31:16,361.361] DEBUG    [MainThread|MainProcess] websockets.client (protocol.py:read_frame:1177) | < TEXT '{"time":1763915476,"self_id":703263936,"post_ty...","sub_type":"connect"}' [115 bytes]
[2025-11-24 00:31:16,361.361] INFO     [MainThread|MainProcess] Logger (wsroute.py:check_websocket:30) | WebSocket ws://localhost:8082 可用.
[2025-11-24 00:31:16,361.361] DEBUG    [MainThread|MainProcess] websockets.client (protocol.py:write_close_frame:1232) | = connection is CLOSING
[2025-11-24 00:31:16,361.361] DEBUG    [MainThread|MainProcess] websockets.client (protocol.py:write_frame_sync:1183) | > CLOSE 1000 (OK) [2 bytes]
[2025-11-24 00:31:16,362.362] DEBUG    [MainThread|MainProcess] websockets.client (protocol.py:read_frame:1177) | < CLOSE 1000 (OK) [2 bytes]
[2025-11-24 00:31:16,363.363] DEBUG    [MainThread|MainProcess] websockets.client (protocol.py:connection_lost:1514) | = connection is CLOSED
[2025-11-24 00:31:16,366.366] INFO     [MainThread|MainProcess] Logger (client.py:ncatbot_quick_start:230) | napcat 服务器 ws://localhost:8082 在线, 连接中...
[2025-11-24 00:31:16,367.367] DEBUG    [MainThread|MainProcess] asyncio (proactor_events.py:__init__:630) | Using proactor: IocpProactor
[2025-11-24 00:31:16,368.368] INFO     [MainThread|MainProcess] Logger (client.py:info_subscribe_message_types:149) | 已订阅消息类型:[群聊]->全部消息类型
[2025-11-24 00:31:16,368.368] INFO     [MainThread|MainProcess] Logger (client.py:info_subscribe_message_types:150) | 已订阅消息类型:[私聊]->[]
[2025-11-24 00:31:16,369.369] INFO     [MainThread|MainProcess] PluginLoader (loader.py:load_plugins:237) | 插件目录: d:\1code\qqbot\plugins 不存在......跳过加载插件
[2025-11-24 00:31:16,375.375] DEBUG    [MainThread|MainProcess] websockets.client (protocol.py:__init__:256) | = connection is CONNECTING
[2025-11-24 00:31:16,375.375] DEBUG    [MainThread|MainProcess] websockets.client (client.py:write_http_request:114) | > GET /event HTTP/1.1
[2025-11-24 00:31:16,376.376] DEBUG    [MainThread|MainProcess] websockets.client (client.py:write_http_request:116) | > Host: localhost:8082
[2025-11-24 00:31:16,376.376] DEBUG    [MainThread|MainProcess] websockets.client (client.py:write_http_request:116) | > Upgrade: websocket
[2025-11-24 00:31:16,376.376] DEBUG    [MainThread|MainProcess] websockets.client (client.py:write_http_request:116) | > Connection: Upgrade
[2025-11-24 00:31:16,376.376] DEBUG    [MainThread|MainProcess] websockets.client (client.py:write_http_request:116) | > Sec-WebSocket-Key: iarGtEyhuBt2KlHhJXIjpA==
[2025-11-24 00:31:16,377.377] DEBUG    [MainThread|MainProcess] websockets.client (client.py:write_http_request:116) | > Sec-WebSocket-Version: 13
[2025-11-24 00:31:16,377.377] DEBUG    [MainThread|MainProcess] websockets.client (client.py:write_http_request:116) | > Sec-WebSocket-Extensions: permessage-deflate; client_max_window_bits
[2025-11-24 00:31:16,378.378] DEBUG    [MainThread|MainProcess] websockets.client (client.py:write_http_request:116) | > Content-Type: application/json
[2025-11-24 00:31:16,378.378] DEBUG    [MainThread|MainProcess] websockets.client (client.py:write_http_request:116) | > Authorization: Bearer chcat13201145
[2025-11-24 00:31:16,378.378] DEBUG    [MainThread|MainProcess] websockets.client (client.py:write_http_request:116) | > User-Agent: Python/3.10 websockets/10.4
[2025-11-24 00:31:16,379.379] DEBUG    [MainThread|MainProcess] websockets.client (client.py:read_http_response:147) | < HTTP/1.1 101 Switching Protocols
[2025-11-24 00:31:16,379.379] DEBUG    [MainThread|MainProcess] websockets.client (client.py:read_http_response:149) | < Upgrade: websocket
[2025-11-24 00:31:16,380.380] DEBUG    [MainThread|MainProcess] websockets.client (client.py:read_http_response:149) | < Connection: Upgrade
[2025-11-24 00:31:16,380.380] DEBUG    [MainThread|MainProcess] websockets.client (client.py:read_http_response:149) | < Sec-WebSocket-Accept: 8qH4Bb8s29rs+EvXs1zs9ZdHGkU=
[2025-11-24 00:31:16,380.380] DEBUG    [MainThread|MainProcess] websockets.client (protocol.py:connection_open:357) | = connection is OPEN
[2025-11-24 00:31:16,380.380] DEBUG    [MainThread|MainProcess] websockets.client (protocol.py:read_frame:1177) | < TEXT '{"time":1763915476,"self_id":703263936,"post_ty...","sub_type":"connect"}' [115 bytes]
[2025-11-24 00:31:16,380.380] INFO     [MainThread|MainProcess] Logger (connect.py:on_message:41) | 机器人 703263936 成功启动
[2025-11-24 00:31:20,165.165] DEBUG    [MainThread|MainProcess] websockets.client (protocol.py:read_frame:1177) | < TEXT '{"self_id":703263936,"user_id":1095216448,"time...","group_id":912458345}' [446 bytes]
[2025-11-24 00:31:20,167.167] DEBUG    [MainThread|MainProcess] Logger (client.py:handle_group_event:67) | {'group_id': '912458345', 'user_id': '1095216448', 'message_type': 'group', 'sub_type': 'normal', 'font': '14', 'sender': "{'user_id': 1095216448, 'nickname': '冰如猫', 'card': ''}", 'message_id': '399698317', 'message_seq': '399698317', 'real_id': '399698317', 'message': "[{'type': 'text', 'data': {'text': '死眼是什么歌'}}]", 'message_format': 'array'}
[2025-11-24 00:31:20,167.167] INFO     [MainThread|MainProcess] Logger (main.py:on_group_message:34) | {'group_id': '912458345', 'user_id': '1095216448', 'message_type': 'group', 'sub_type': 'normal', 'font': '14', 'sender': "{'user_id': 1095216448, 'nickname': '冰如猫', 'card': ''}", 'message_id': '399698317', 'message_seq': '399698317', 'real_id': '399698317', 'message': "[{'type': 'text', 'data': {'text': '死眼是什么歌'}}]", 'message_format': 'array'}
[2025-11-24 00:31:20,170.170] DEBUG    [MainThread|MainProcess] urllib3.connectionpool (connectionpool.py:_new_conn:1022) | Starting new HTTPS connection (1): maimai.lxns.net:443
[2025-11-24 00:31:20,373.373] DEBUG    [MainThread|MainProcess] urllib3.connectionpool (connectionpool.py:_make_request:475) | https://maimai.lxns.net:443 "GET /api/v0/chunithm/song/list?notes=true HTTP/1.1" 200 None
[2025-11-24 00:31:22,886.886] DEBUG    [MainThread|MainProcess] urllib3.connectionpool (connectionpool.py:_new_conn:1022) | Starting new HTTPS connection (1): maimai.lxns.net:443
[2025-11-24 00:31:23,039.039] DEBUG    [MainThread|MainProcess] urllib3.connectionpool (connectionpool.py:_make_request:475) | https://maimai.lxns.net:443 "GET /api/v0/chunithm/alias/list HTTP/1.1" 200 None
[2025-11-24 00:31:24,400.400] DEBUG    [MainThread|MainProcess] websockets.client (protocol.py:__init__:256) | = connection is CONNECTING
[2025-11-24 00:31:24,401.401] DEBUG    [MainThread|MainProcess] websockets.client (client.py:write_http_request:114) | > GET /api HTTP/1.1
[2025-11-24 00:31:24,401.401] DEBUG    [MainThread|MainProcess] websockets.client (client.py:write_http_request:116) | > Host: localhost:8082
[2025-11-24 00:31:24,401.401] DEBUG    [MainThread|MainProcess] websockets.client (client.py:write_http_request:116) | > Upgrade: websocket
[2025-11-24 00:31:24,401.401] DEBUG    [MainThread|MainProcess] websockets.client (client.py:write_http_request:116) | > Connection: Upgrade
[2025-11-24 00:31:24,401.401] DEBUG    [MainThread|MainProcess] websockets.client (client.py:write_http_request:116) | > Sec-WebSocket-Key: yx3x3ccx0H1OAsH2vf13lQ==
[2025-11-24 00:31:24,401.401] DEBUG    [MainThread|MainProcess] websockets.client (client.py:write_http_request:116) | > Sec-WebSocket-Version: 13
[2025-11-24 00:31:24,401.401] DEBUG    [MainThread|MainProcess] websockets.client (client.py:write_http_request:116) | > Sec-WebSocket-Extensions: permessage-deflate; client_max_window_bits
[2025-11-24 00:31:24,401.401] DEBUG    [MainThread|MainProcess] websockets.client (client.py:write_http_request:116) | > Content-Type: application/json
[2025-11-24 00:31:24,402.402] DEBUG    [MainThread|MainProcess] websockets.client (client.py:write_http_request:116) | > Authorization: Bearer chcat13201145
[2025-11-24 00:31:24,402.402] DEBUG    [MainThread|MainProcess] websockets.client (client.py:write_http_request:116) | > User-Agent: Python/3.10 websockets/10.4
[2025-11-24 00:31:24,407.407] DEBUG    [MainThread|MainProcess] websockets.client (client.py:read_http_response:147) | < HTTP/1.1 101 Switching Protocols
[2025-11-24 00:31:24,408.408] DEBUG    [MainThread|MainProcess] websockets.client (client.py:read_http_response:149) | < Upgrade: websocket
[2025-11-24 00:31:24,408.408] DEBUG    [MainThread|MainProcess] websockets.client (client.py:read_http_response:149) | < Connection: Upgrade
[2025-11-24 00:31:24,408.408] DEBUG    [MainThread|MainProcess] websockets.client (client.py:read_http_response:149) | < Sec-WebSocket-Accept: /qx+U7nh9SoC6Ny89Sxw3m/chVY=
[2025-11-24 00:31:24,408.408] DEBUG    [MainThread|MainProcess] websockets.client (protocol.py:connection_open:357) | = connection is OPEN
[2025-11-24 00:31:24,409.409] DEBUG    [MainThread|MainProcess] websockets.client (protocol.py:write_frame_sync:1183) | > TEXT '{"action": "send_group_msg", "params": {"group_...]}, "echo": 1763915484}' [548 bytes]
[2025-11-24 00:31:25,001.001] DEBUG    [MainThread|MainProcess] websockets.client (protocol.py:read_frame:1177) | < TEXT '{"status":"ok","retcode":0,"data":{"message_id"...":"","echo":1763915484}' [103 bytes]
[2025-11-24 00:31:25,001.001] DEBUG    [MainThread|MainProcess] websockets.client (protocol.py:write_close_frame:1232) | = connection is CLOSING
[2025-11-24 00:31:25,001.001] DEBUG    [MainThread|MainProcess] websockets.client (protocol.py:write_frame_sync:1183) | > CLOSE 1000 (OK) [2 bytes]
[2025-11-24 00:31:25,002.002] DEBUG    [MainThread|MainProcess] websockets.client (protocol.py:read_frame:1177) | < CLOSE 1000 (OK) [2 bytes]
[2025-11-24 00:31:25,003.003] DEBUG    [MainThread|MainProcess] websockets.client (protocol.py:connection_lost:1514) | = connection is CLOSED
[2025-11-24 00:31:25,003.003] DEBUG    [MainThread|MainProcess] Logger (api.py:check_and_log:32) | {'status': 'ok', 'retcode': 0, 'data': {'message_id': 341245112}, 'message': '', 'wording': '', 'echo': 1763915484}
[2025-11-24 00:31:27,444.444] DEBUG    [MainThread|MainProcess] websockets.client (protocol.py:read_frame:1177) | < TEXT '{"time":1763915487,"self_id":703263936,"post_ty...true},"interval":30000}' [148 bytes]
[2025-11-24 00:31:27,444.444] DEBUG    [MainThread|MainProcess] Logger (connect.py:on_message:43) | {'time': 1763915487, 'self_id': 703263936, 'post_type': 'meta_event', 'meta_event_type': 'heartbeat', 'status': {'online': True, 'good': True}, 'interval': 30000}
[2025-11-24 00:31:45,446.446] DEBUG    [MainThread|MainProcess] websockets.client (protocol.py:read_frame:1177) | < TEXT '{"self_id":703263936,"user_id":1095216448,"time...","group_id":912458345}' [446 bytes]
[2025-11-24 00:31:45,446.446] DEBUG    [MainThread|MainProcess] Logger (client.py:handle_group_event:67) | {'group_id': '912458345', 'user_id': '1095216448', 'message_type': 'group', 'sub_type': 'normal', 'font': '14', 'sender': "{'user_id': 1095216448, 'nickname': '冰如猫', 'card': ''}", 'message_id': '932121576', 'message_seq': '932121576', 'real_id': '932121576', 'message': "[{'type': 'text', 'data': {'text': '消失是什么歌'}}]", 'message_format': 'array'}
[2025-11-24 00:31:45,446.446] INFO     [MainThread|MainProcess] Logger (main.py:on_group_message:34) | {'group_id': '912458345', 'user_id': '1095216448', 'message_type': 'group', 'sub_type': 'normal', 'font': '14', 'sender': "{'user_id': 1095216448, 'nickname': '冰如猫', 'card': ''}", 'message_id': '932121576', 'message_seq': '932121576', 'real_id': '932121576', 'message': "[{'type': 'text', 'data': {'text': '消失是什么歌'}}]", 'message_format': 'array'}
[2025-11-24 00:31:45,446.446] DEBUG    [MainThread|MainProcess] urllib3.connectionpool (connectionpool.py:_new_conn:1022) | Starting new HTTPS connection (1): maimai.lxns.net:443
[2025-11-24 00:31:45,657.657] DEBUG    [MainThread|MainProcess] urllib3.connectionpool (connectionpool.py:_make_request:475) | https://maimai.lxns.net:443 "GET /api/v0/chunithm/song/list?notes=true HTTP/1.1" 200 None
[2025-11-24 00:31:46,662.662] DEBUG    [MainThread|MainProcess] urllib3.connectionpool (connectionpool.py:_new_conn:1022) | Starting new HTTPS connection (1): maimai.lxns.net:443
[2025-11-24 00:31:46,834.834] DEBUG    [MainThread|MainProcess] urllib3.connectionpool (connectionpool.py:_make_request:475) | https://maimai.lxns.net:443 "GET /api/v0/chunithm/alias/list HTTP/1.1" 200 None
[2025-11-24 00:31:47,894.894] DEBUG    [MainThread|MainProcess] websockets.client (protocol.py:__init__:256) | = connection is CONNECTING
[2025-11-24 00:31:47,895.895] DEBUG    [MainThread|MainProcess] websockets.client (client.py:write_http_request:114) | > GET /api HTTP/1.1
[2025-11-24 00:31:47,895.895] DEBUG    [MainThread|MainProcess] websockets.client (client.py:write_http_request:116) | > Host: localhost:8082
[2025-11-24 00:31:47,895.895] DEBUG    [MainThread|MainProcess] websockets.client (client.py:write_http_request:116) | > Upgrade: websocket
[2025-11-24 00:31:47,895.895] DEBUG    [MainThread|MainProcess] websockets.client (client.py:write_http_request:116) | > Connection: Upgrade
[2025-11-24 00:31:47,895.895] DEBUG    [MainThread|MainProcess] websockets.client (client.py:write_http_request:116) | > Sec-WebSocket-Key: CQdd8QDeMA/UqQfhbtnkzA==
[2025-11-24 00:31:47,895.895] DEBUG    [MainThread|MainProcess] websockets.client (client.py:write_http_request:116) | > Sec-WebSocket-Version: 13
[2025-11-24 00:31:47,895.895] DEBUG    [MainThread|MainProcess] websockets.client (client.py:write_http_request:116) | > Sec-WebSocket-Extensions: permessage-deflate; client_max_window_bits
[2025-11-24 00:31:47,895.895] DEBUG    [MainThread|MainProcess] websockets.client (client.py:write_http_request:116) | > Content-Type: application/json
[2025-11-24 00:31:47,895.895] DEBUG    [MainThread|MainProcess] websockets.client (client.py:write_http_request:116) | > Authorization: Bearer chcat13201145
[2025-11-24 00:31:47,895.895] DEBUG    [MainThread|MainProcess] websockets.client (client.py:write_http_request:116) | > User-Agent: Python/3.10 websockets/10.4
[2025-11-24 00:31:47,897.897] DEBUG    [MainThread|MainProcess] websockets.client (client.py:read_http_response:147) | < HTTP/1.1 101 Switching Protocols
[2025-11-24 00:31:47,897.897] DEBUG    [MainThread|MainProcess] websockets.client (client.py:read_http_response:149) | < Upgrade: websocket
[2025-11-24 00:31:47,897.897] DEBUG    [MainThread|MainProcess] websockets.client (client.py:read_http_response:149) | < Connection: Upgrade
[2025-11-24 00:31:47,897.897] DEBUG    [MainThread|MainProcess] websockets.client (client.py:read_http_response:149) | < Sec-WebSocket-Accept: AaFN2JctsGgQhwLVYwW6oOVXUA8=
[2025-11-24 00:31:47,897.897] DEBUG    [MainThread|MainProcess] websockets.client (protocol.py:connection_open:357) | = connection is OPEN
[2025-11-24 00:31:47,897.897] DEBUG    [MainThread|MainProcess] websockets.client (protocol.py:write_frame_sync:1183) | > TEXT '{"action": "send_group_msg", "params": {"group_...]}, "echo": 1763915507}' [565 bytes]
[2025-11-24 00:31:48,407.407] DEBUG    [MainThread|MainProcess] websockets.client (protocol.py:read_frame:1177) | < TEXT '{"status":"ok","retcode":0,"data":{"message_id"...":"","echo":1763915507}' [103 bytes]
[2025-11-24 00:31:48,407.407] DEBUG    [MainThread|MainProcess] websockets.client (protocol.py:write_close_frame:1232) | = connection is CLOSING
[2025-11-24 00:31:48,407.407] DEBUG    [MainThread|MainProcess] websockets.client (protocol.py:write_frame_sync:1183) | > CLOSE 1000 (OK) [2 bytes]
[2025-11-24 00:31:48,407.407] DEBUG    [MainThread|MainProcess] websockets.client (protocol.py:read_frame:1177) | < CLOSE 1000 (OK) [2 bytes]
[2025-11-24 00:31:48,407.407] DEBUG    [MainThread|MainProcess] websockets.client (protocol.py:connection_lost:1514) | = connection is CLOSED
[2025-11-24 00:31:48,407.407] DEBUG    [MainThread|MainProcess] Logger (api.py:check_and_log:32) | {'status': 'ok', 'retcode': 0, 'data': {'message_id': 702525892}, 'message': '', 'wording': '', 'echo': 1763915507}
[2025-11-24 00:31:57,449.449] DEBUG    [MainThread|MainProcess] websockets.client (protocol.py:read_frame:1177) | < TEXT '{"time":1763915517,"self_id":703263936,"post_ty...true},"interval":30000}' [148 bytes]
[2025-11-24 00:31:57,449.449] DEBUG    [MainThread|MainProcess] Logger (connect.py:on_message:43) | {'time': 1763915517, 'self_id': 703263936, 'post_type': 'meta_event', 'meta_event_type': 'heartbeat', 'status': {'online': True, 'good': True}, 'interval': 30000}
[2025-11-24 00:32:27,464.464] DEBUG    [MainThread|MainProcess] websockets.client (protocol.py:read_frame:1177) | < TEXT '{"time":1763915547,"self_id":703263936,"post_ty...true},"interval":30000}' [148 bytes]
[2025-11-24 00:32:27,467.467] DEBUG    [MainThread|MainProcess] Logger (connect.py:on_message:43) | {'time': 1763915547, 'self_id': 703263936, 'post_type': 'meta_event', 'meta_event_type': 'heartbeat', 'status': {'online': True, 'good': True}, 'interval': 30000}
[2025-11-24 00:40:30,451.451] INFO     [MainThread|MainProcess] Logger (client.py:check_config:41) | [BOTQQ]: 703263936 | [WSURI]: ws://localhost:8082 | [TOKEN]: chcat13201145
[2025-11-24 00:40:30,454.454] DEBUG    [MainThread|MainProcess] Logger (event.py:_load_access:289) | 加载权限
[2025-11-24 00:40:30,455.455] WARNING  [MainThread|MainProcess] Logger (event.py:_load_access:295) | 权限文件不存在, 将创建新的权限文件
[2025-11-24 00:40:30,458.458] WARNING  [MainThread|MainProcess] Logger (event.py:_load_access:300) | 权限文件不存在, 将创建新的权限文件
[2025-11-24 00:40:33,327.327] DEBUG    [MainThread|MainProcess] urllib3.connectionpool (connectionpool.py:_new_conn:1022) | Starting new HTTPS connection (1): pypi.org:443
[2025-11-24 00:40:34,666.666] DEBUG    [MainThread|MainProcess] urllib3.connectionpool (connectionpool.py:_make_request:475) | https://pypi.org:443 "GET /pypi/ncatbot/json HTTP/1.1" 200 55853
[2025-11-24 00:40:34,783.783] WARNING  [MainThread|MainProcess] Logger (env_checker.py:check_version:127) | NcatBot 有可用更新！
[2025-11-24 00:40:34,783.783] INFO     [MainThread|MainProcess] Logger (env_checker.py:check_version:128) | 若使用 main.exe 或者 NcatBot CLI 启动, CLI 输入 update 即可更新
[2025-11-24 00:40:34,783.783] INFO     [MainThread|MainProcess] Logger (env_checker.py:check_version:129) | 若手动安装, 推荐您使用以下命令更新: pip install --upgrade ncatbot
[2025-11-24 00:40:34,784.784] DEBUG    [MainThread|MainProcess] asyncio (proactor_events.py:__init__:630) | Using proactor: IocpProactor
[2025-11-24 00:40:34,799.799] DEBUG    [MainThread|MainProcess] websockets.client (protocol.py:__init__:256) | = connection is CONNECTING
[2025-11-24 00:40:34,800.800] DEBUG    [MainThread|MainProcess] websockets.client (client.py:write_http_request:114) | > GET / HTTP/1.1
[2025-11-24 00:40:34,800.800] DEBUG    [MainThread|MainProcess] websockets.client (client.py:write_http_request:116) | > Host: localhost:8082
[2025-11-24 00:40:34,800.800] DEBUG    [MainThread|MainProcess] websockets.client (client.py:write_http_request:116) | > Upgrade: websocket
[2025-11-24 00:40:34,800.800] DEBUG    [MainThread|MainProcess] websockets.client (client.py:write_http_request:116) | > Connection: Upgrade
[2025-11-24 00:40:34,800.800] DEBUG    [MainThread|MainProcess] websockets.client (client.py:write_http_request:116) | > Sec-WebSocket-Key: 9Ae9wFb/tpQ0K1Y2hUAWvg==
[2025-11-24 00:40:34,801.801] DEBUG    [MainThread|MainProcess] websockets.client (client.py:write_http_request:116) | > Sec-WebSocket-Version: 13
[2025-11-24 00:40:34,801.801] DEBUG    [MainThread|MainProcess] websockets.client (client.py:write_http_request:116) | > Sec-WebSocket-Extensions: permessage-deflate; client_max_window_bits
[2025-11-24 00:40:34,801.801] DEBUG    [MainThread|MainProcess] websockets.client (client.py:write_http_request:116) | > Content-Type: application/json
[2025-11-24 00:40:34,801.801] DEBUG    [MainThread|MainProcess] websockets.client (client.py:write_http_request:116) | > Authorization: Bearer chcat13201145
[2025-11-24 00:40:34,801.801] DEBUG    [MainThread|MainProcess] websockets.client (client.py:write_http_request:116) | > User-Agent: Python/3.10 websockets/10.4
[2025-11-24 00:40:34,807.807] DEBUG    [MainThread|MainProcess] websockets.client (client.py:read_http_response:147) | < HTTP/1.1 101 Switching Protocols
[2025-11-24 00:40:34,808.808] DEBUG    [MainThread|MainProcess] websockets.client (client.py:read_http_response:149) | < Upgrade: websocket
[2025-11-24 00:40:34,810.810] DEBUG    [MainThread|MainProcess] websockets.client (client.py:read_http_response:149) | < Connection: Upgrade
[2025-11-24 00:40:34,826.826] DEBUG    [MainThread|MainProcess] websockets.client (client.py:read_http_response:149) | < Sec-WebSocket-Accept: sMlbWHJsK8lu8hsmCt0UWkujuWA=
[2025-11-24 00:40:34,827.827] DEBUG    [MainThread|MainProcess] websockets.client (protocol.py:connection_open:357) | = connection is OPEN
[2025-11-24 00:40:34,827.827] DEBUG    [MainThread|MainProcess] websockets.client (protocol.py:read_frame:1177) | < TEXT '{"time":1763916034,"self_id":703263936,"post_ty...","sub_type":"connect"}' [115 bytes]
[2025-11-24 00:40:34,831.831] INFO     [MainThread|MainProcess] Logger (wsroute.py:check_websocket:30) | WebSocket ws://localhost:8082 可用.
[2025-11-24 00:40:34,832.832] DEBUG    [MainThread|MainProcess] websockets.client (protocol.py:write_close_frame:1232) | = connection is CLOSING
[2025-11-24 00:40:34,833.833] DEBUG    [MainThread|MainProcess] websockets.client (protocol.py:write_frame_sync:1183) | > CLOSE 1000 (OK) [2 bytes]
[2025-11-24 00:40:34,841.841] DEBUG    [MainThread|MainProcess] websockets.client (protocol.py:read_frame:1177) | < CLOSE 1000 (OK) [2 bytes]
[2025-11-24 00:40:34,841.841] DEBUG    [MainThread|MainProcess] websockets.client (protocol.py:connection_lost:1514) | = connection is CLOSED
[2025-11-24 00:40:34,857.857] INFO     [MainThread|MainProcess] Logger (client.py:ncatbot_quick_start:230) | napcat 服务器 ws://localhost:8082 在线, 连接中...
[2025-11-24 00:40:34,858.858] DEBUG    [MainThread|MainProcess] asyncio (proactor_events.py:__init__:630) | Using proactor: IocpProactor
[2025-11-24 00:40:34,859.859] INFO     [MainThread|MainProcess] Logger (client.py:info_subscribe_message_types:149) | 已订阅消息类型:[群聊]->全部消息类型
[2025-11-24 00:40:34,859.859] INFO     [MainThread|MainProcess] Logger (client.py:info_subscribe_message_types:150) | 已订阅消息类型:[私聊]->[]
[2025-11-24 00:40:34,859.859] INFO     [MainThread|MainProcess] PluginLoader (loader.py:load_plugins:237) | 插件目录: d:\1code\qqbot\plugins 不存在......跳过加载插件
[2025-11-24 00:40:34,865.865] DEBUG    [MainThread|MainProcess] websockets.client (protocol.py:__init__:256) | = connection is CONNECTING
[2025-11-24 00:40:34,865.865] DEBUG    [MainThread|MainProcess] websockets.client (client.py:write_http_request:114) | > GET /event HTTP/1.1
[2025-11-24 00:40:34,866.866] DEBUG    [MainThread|MainProcess] websockets.client (client.py:write_http_request:116) | > Host: localhost:8082
[2025-11-24 00:40:34,866.866] DEBUG    [MainThread|MainProcess] websockets.client (client.py:write_http_request:116) | > Upgrade: websocket
[2025-11-24 00:40:34,866.866] DEBUG    [MainThread|MainProcess] websockets.client (client.py:write_http_request:116) | > Connection: Upgrade
[2025-11-24 00:40:34,866.866] DEBUG    [MainThread|MainProcess] websockets.client (client.py:write_http_request:116) | > Sec-WebSocket-Key: 3iqf83Lmk9lWp6kDbO2h+Q==
[2025-11-24 00:40:34,866.866] DEBUG    [MainThread|MainProcess] websockets.client (client.py:write_http_request:116) | > Sec-WebSocket-Version: 13
[2025-11-24 00:40:34,866.866] DEBUG    [MainThread|MainProcess] websockets.client (client.py:write_http_request:116) | > Sec-WebSocket-Extensions: permessage-deflate; client_max_window_bits
[2025-11-24 00:40:34,872.872] DEBUG    [MainThread|MainProcess] websockets.client (client.py:write_http_request:116) | > Content-Type: application/json
[2025-11-24 00:40:34,873.873] DEBUG    [MainThread|MainProcess] websockets.client (client.py:write_http_request:116) | > Authorization: Bearer chcat13201145
[2025-11-24 00:40:34,873.873] DEBUG    [MainThread|MainProcess] websockets.client (client.py:write_http_request:116) | > User-Agent: Python/3.10 websockets/10.4
[2025-11-24 00:40:34,879.879] DEBUG    [MainThread|MainProcess] websockets.client (client.py:read_http_response:147) | < HTTP/1.1 101 Switching Protocols
[2025-11-24 00:40:34,879.879] DEBUG    [MainThread|MainProcess] websockets.client (client.py:read_http_response:149) | < Upgrade: websocket
[2025-11-24 00:40:34,879.879] DEBUG    [MainThread|MainProcess] websockets.client (client.py:read_http_response:149) | < Connection: Upgrade
[2025-11-24 00:40:34,879.879] DEBUG    [MainThread|MainProcess] websockets.client (client.py:read_http_response:149) | < Sec-WebSocket-Accept: hPbOudi3BylfLE3PcR/AqcdwzGg=
[2025-11-24 00:40:34,880.880] DEBUG    [MainThread|MainProcess] websockets.client (protocol.py:connection_open:357) | = connection is OPEN
[2025-11-24 00:40:34,880.880] DEBUG    [MainThread|MainProcess] websockets.client (protocol.py:read_frame:1177) | < TEXT '{"time":1763916034,"self_id":703263936,"post_ty...","sub_type":"connect"}' [115 bytes]
[2025-11-24 00:40:34,880.880] INFO     [MainThread|MainProcess] Logger (connect.py:on_message:41) | 机器人 703263936 成功启动
[2025-11-24 00:40:57,333.333] DEBUG    [MainThread|MainProcess] websockets.client (protocol.py:read_frame:1177) | < TEXT '{"self_id":703263936,"user_id":1095216448,"time...","group_id":912458345}' [445 bytes]
[2025-11-24 00:40:57,333.333] DEBUG    [MainThread|MainProcess] Logger (client.py:handle_group_event:67) | {'group_id': '912458345', 'user_id': '1095216448', 'message_type': 'group', 'sub_type': 'normal', 'font': '14', 'sender': "{'user_id': 1095216448, 'nickname': '冰如猫', 'card': ''}", 'message_id': '1050290278', 'message_seq': '1050290278', 'real_id': '1050290278', 'message': "[{'type': 'text', 'data': {'text': '2085是什么歌'}}]", 'message_format': 'array'}
[2025-11-24 00:40:57,333.333] INFO     [MainThread|MainProcess] Logger (main.py:on_group_message:34) | {'group_id': '912458345', 'user_id': '1095216448', 'message_type': 'group', 'sub_type': 'normal', 'font': '14', 'sender': "{'user_id': 1095216448, 'nickname': '冰如猫', 'card': ''}", 'message_id': '1050290278', 'message_seq': '1050290278', 'real_id': '1050290278', 'message': "[{'type': 'text', 'data': {'text': '2085是什么歌'}}]", 'message_format': 'array'}
[2025-11-24 00:40:57,339.339] DEBUG    [MainThread|MainProcess] urllib3.connectionpool (connectionpool.py:_new_conn:1022) | Starting new HTTPS connection (1): maimai.lxns.net:443
[2025-11-24 00:40:57,681.681] DEBUG    [MainThread|MainProcess] urllib3.connectionpool (connectionpool.py:_make_request:475) | https://maimai.lxns.net:443 "GET /api/v0/chunithm/song/list?notes=true HTTP/1.1" 200 None
[2025-11-24 00:40:58,791.791] DEBUG    [MainThread|MainProcess] urllib3.connectionpool (connectionpool.py:_new_conn:1022) | Starting new HTTPS connection (1): maimai.lxns.net:443
[2025-11-24 00:40:58,963.963] DEBUG    [MainThread|MainProcess] urllib3.connectionpool (connectionpool.py:_make_request:475) | https://maimai.lxns.net:443 "GET /api/v0/chunithm/alias/list HTTP/1.1" 200 None
[2025-11-24 00:41:00,011.011] DEBUG    [MainThread|MainProcess] websockets.client (protocol.py:read_frame:1177) | < TEXT '{"time":1763916057,"self_id":703263936,"post_ty...true},"interval":30000}' [148 bytes]
[2025-11-24 00:41:00,012.012] DEBUG    [MainThread|MainProcess] Logger (connect.py:on_message:43) | {'time': 1763916057, 'self_id': 703263936, 'post_type': 'meta_event', 'meta_event_type': 'heartbeat', 'status': {'online': True, 'good': True}, 'interval': 30000}
[2025-11-24 00:41:00,014.014] DEBUG    [MainThread|MainProcess] websockets.client (protocol.py:__init__:256) | = connection is CONNECTING
[2025-11-24 00:41:00,015.015] DEBUG    [MainThread|MainProcess] websockets.client (client.py:write_http_request:114) | > GET /api HTTP/1.1
[2025-11-24 00:41:00,015.015] DEBUG    [MainThread|MainProcess] websockets.client (client.py:write_http_request:116) | > Host: localhost:8082
[2025-11-24 00:41:00,015.015] DEBUG    [MainThread|MainProcess] websockets.client (client.py:write_http_request:116) | > Upgrade: websocket
[2025-11-24 00:41:00,015.015] DEBUG    [MainThread|MainProcess] websockets.client (client.py:write_http_request:116) | > Connection: Upgrade
[2025-11-24 00:41:00,015.015] DEBUG    [MainThread|MainProcess] websockets.client (client.py:write_http_request:116) | > Sec-WebSocket-Key: GtgLc2gO5Qr+mG2JqoV4yg==
[2025-11-24 00:41:00,015.015] DEBUG    [MainThread|MainProcess] websockets.client (client.py:write_http_request:116) | > Sec-WebSocket-Version: 13
[2025-11-24 00:41:00,015.015] DEBUG    [MainThread|MainProcess] websockets.client (client.py:write_http_request:116) | > Sec-WebSocket-Extensions: permessage-deflate; client_max_window_bits
[2025-11-24 00:41:00,016.016] DEBUG    [MainThread|MainProcess] websockets.client (client.py:write_http_request:116) | > Content-Type: application/json
[2025-11-24 00:41:00,016.016] DEBUG    [MainThread|MainProcess] websockets.client (client.py:write_http_request:116) | > Authorization: Bearer chcat13201145
[2025-11-24 00:41:00,016.016] DEBUG    [MainThread|MainProcess] websockets.client (client.py:write_http_request:116) | > User-Agent: Python/3.10 websockets/10.4
[2025-11-24 00:41:00,017.017] DEBUG    [MainThread|MainProcess] websockets.client (client.py:read_http_response:147) | < HTTP/1.1 101 Switching Protocols
[2025-11-24 00:41:00,018.018] DEBUG    [MainThread|MainProcess] websockets.client (client.py:read_http_response:149) | < Upgrade: websocket
[2025-11-24 00:41:00,018.018] DEBUG    [MainThread|MainProcess] websockets.client (client.py:read_http_response:149) | < Connection: Upgrade
[2025-11-24 00:41:00,018.018] DEBUG    [MainThread|MainProcess] websockets.client (client.py:read_http_response:149) | < Sec-WebSocket-Accept: nt+J16pjLPptgV+yOLZUebyrm/A=
[2025-11-24 00:41:00,018.018] DEBUG    [MainThread|MainProcess] websockets.client (protocol.py:connection_open:357) | = connection is OPEN
[2025-11-24 00:41:00,019.019] DEBUG    [MainThread|MainProcess] websockets.client (protocol.py:write_frame_sync:1183) | > TEXT '{"action": "send_group_msg", "params": {"group_...]}, "echo": 1763916060}' [563 bytes]
[2025-11-24 00:41:00,648.648] DEBUG    [MainThread|MainProcess] websockets.client (protocol.py:read_frame:1177) | < TEXT '{"status":"ok","retcode":0,"data":{"message_id"...":"","echo":1763916060}' [104 bytes]
[2025-11-24 00:41:00,649.649] DEBUG    [MainThread|MainProcess] websockets.client (protocol.py:write_close_frame:1232) | = connection is CLOSING
[2025-11-24 00:41:00,649.649] DEBUG    [MainThread|MainProcess] websockets.client (protocol.py:write_frame_sync:1183) | > CLOSE 1000 (OK) [2 bytes]
[2025-11-24 00:41:00,650.650] DEBUG    [MainThread|MainProcess] websockets.client (protocol.py:read_frame:1177) | < CLOSE 1000 (OK) [2 bytes]
[2025-11-24 00:41:00,650.650] DEBUG    [MainThread|MainProcess] websockets.client (protocol.py:connection_lost:1514) | = connection is CLOSED
[2025-11-24 00:41:00,650.650] DEBUG    [MainThread|MainProcess] Logger (api.py:check_and_log:32) | {'status': 'ok', 'retcode': 0, 'data': {'message_id': 1943705134}, 'message': '', 'wording': '', 'echo': 1763916060}
[2025-11-24 00:41:00,651.651] ERROR    [MainThread|MainProcess] asyncio (base_events.py:default_exception_handler:1758) | Task exception was never retrieved
future: <Task finished name='Task-15' coro=<BotClient.handle_group_event() done, defined at D:\1code\python3.10\lib\site-packages\ncatbot\core\client.py:65> exception=AttributeError("'BotAPI' object has no attribute 'send_group_record'")>
Traceback (most recent call last):
  File "D:\1code\python3.10\lib\site-packages\ncatbot\core\client.py", line 70, in handle_group_event
    await handler(msg)
  File "d:\1code\qqbot\main.py", line 59, in on_group_message
    await getChuMusicInfo.sedMusicInfoByName(msg.raw_message, msg.group_id, msg.user_id, bot)
  File "d:\1code\qqbot\getChuMusicInfo.py", line 129, in sedMusicInfoByName
    await bot.api.send_group_record(group_id, f"https://assets2.lxns.net/chunithm/music/{songId}.mp3")
AttributeError: 'BotAPI' object has no attribute 'send_group_record'
[2025-11-24 00:41:27,654.654] DEBUG    [MainThread|MainProcess] websockets.client (protocol.py:read_frame:1177) | < TEXT '{"time":1763916087,"self_id":703263936,"post_ty...true},"interval":30000}' [148 bytes]
[2025-11-24 00:41:27,655.655] DEBUG    [MainThread|MainProcess] Logger (connect.py:on_message:43) | {'time': 1763916087, 'self_id': 703263936, 'post_type': 'meta_event', 'meta_event_type': 'heartbeat', 'status': {'online': True, 'good': True}, 'interval': 30000}
[2025-11-24 00:41:57,662.662] DEBUG    [MainThread|MainProcess] websockets.client (protocol.py:read_frame:1177) | < TEXT '{"time":1763916117,"self_id":703263936,"post_ty...true},"interval":30000}' [148 bytes]
[2025-11-24 00:41:57,663.663] DEBUG    [MainThread|MainProcess] Logger (connect.py:on_message:43) | {'time': 1763916117, 'self_id': 703263936, 'post_type': 'meta_event', 'meta_event_type': 'heartbeat', 'status': {'online': True, 'good': True}, 'interval': 30000}
[2025-11-24 00:43:17,436.436] INFO     [MainThread|MainProcess] Logger (client.py:check_config:41) | [BOTQQ]: 703263936 | [WSURI]: ws://localhost:8082 | [TOKEN]: chcat13201145
[2025-11-24 00:43:17,437.437] DEBUG    [MainThread|MainProcess] Logger (event.py:_load_access:289) | 加载权限
[2025-11-24 00:43:17,439.439] WARNING  [MainThread|MainProcess] Logger (event.py:_load_access:295) | 权限文件不存在, 将创建新的权限文件
[2025-11-24 00:43:17,441.441] WARNING  [MainThread|MainProcess] Logger (event.py:_load_access:300) | 权限文件不存在, 将创建新的权限文件
[2025-11-24 00:43:19,548.548] DEBUG    [MainThread|MainProcess] urllib3.connectionpool (connectionpool.py:_new_conn:1022) | Starting new HTTPS connection (1): pypi.org:443
[2025-11-24 00:43:19,889.889] DEBUG    [MainThread|MainProcess] urllib3.connectionpool (connectionpool.py:_make_request:475) | https://pypi.org:443 "GET /pypi/ncatbot/json HTTP/1.1" 200 55853
[2025-11-24 00:43:20,106.106] WARNING  [MainThread|MainProcess] Logger (env_checker.py:check_version:127) | NcatBot 有可用更新！
[2025-11-24 00:43:20,107.107] INFO     [MainThread|MainProcess] Logger (env_checker.py:check_version:128) | 若使用 main.exe 或者 NcatBot CLI 启动, CLI 输入 update 即可更新
[2025-11-24 00:43:20,107.107] INFO     [MainThread|MainProcess] Logger (env_checker.py:check_version:129) | 若手动安装, 推荐您使用以下命令更新: pip install --upgrade ncatbot
[2025-11-24 00:43:20,108.108] DEBUG    [MainThread|MainProcess] asyncio (proactor_events.py:__init__:630) | Using proactor: IocpProactor
[2025-11-24 00:43:20,122.122] DEBUG    [MainThread|MainProcess] websockets.client (protocol.py:__init__:256) | = connection is CONNECTING
[2025-11-24 00:43:20,123.123] DEBUG    [MainThread|MainProcess] websockets.client (client.py:write_http_request:114) | > GET / HTTP/1.1
[2025-11-24 00:43:20,123.123] DEBUG    [MainThread|MainProcess] websockets.client (client.py:write_http_request:116) | > Host: localhost:8082
[2025-11-24 00:43:20,123.123] DEBUG    [MainThread|MainProcess] websockets.client (client.py:write_http_request:116) | > Upgrade: websocket
[2025-11-24 00:43:20,123.123] DEBUG    [MainThread|MainProcess] websockets.client (client.py:write_http_request:116) | > Connection: Upgrade
[2025-11-24 00:43:20,123.123] DEBUG    [MainThread|MainProcess] websockets.client (client.py:write_http_request:116) | > Sec-WebSocket-Key: 8MeZAOrfEquyACRwjoo50A==
[2025-11-24 00:43:20,123.123] DEBUG    [MainThread|MainProcess] websockets.client (client.py:write_http_request:116) | > Sec-WebSocket-Version: 13
[2025-11-24 00:43:20,123.123] DEBUG    [MainThread|MainProcess] websockets.client (client.py:write_http_request:116) | > Sec-WebSocket-Extensions: permessage-deflate; client_max_window_bits
[2025-11-24 00:43:20,123.123] DEBUG    [MainThread|MainProcess] websockets.client (client.py:write_http_request:116) | > Content-Type: application/json
[2025-11-24 00:43:20,124.124] DEBUG    [MainThread|MainProcess] websockets.client (client.py:write_http_request:116) | > Authorization: Bearer chcat13201145
[2025-11-24 00:43:20,124.124] DEBUG    [MainThread|MainProcess] websockets.client (client.py:write_http_request:116) | > User-Agent: Python/3.10 websockets/10.4
[2025-11-24 00:43:20,126.126] DEBUG    [MainThread|MainProcess] websockets.client (client.py:read_http_response:147) | < HTTP/1.1 101 Switching Protocols
[2025-11-24 00:43:20,126.126] DEBUG    [MainThread|MainProcess] websockets.client (client.py:read_http_response:149) | < Upgrade: websocket
[2025-11-24 00:43:20,126.126] DEBUG    [MainThread|MainProcess] websockets.client (client.py:read_http_response:149) | < Connection: Upgrade
[2025-11-24 00:43:20,126.126] DEBUG    [MainThread|MainProcess] websockets.client (client.py:read_http_response:149) | < Sec-WebSocket-Accept: MtvMvb26ffUS97Ga7VgMxmTuHP8=
[2025-11-24 00:43:20,127.127] DEBUG    [MainThread|MainProcess] websockets.client (protocol.py:connection_open:357) | = connection is OPEN
[2025-11-24 00:43:20,127.127] DEBUG    [MainThread|MainProcess] websockets.client (protocol.py:read_frame:1177) | < TEXT '{"time":1763916200,"self_id":703263936,"post_ty...","sub_type":"connect"}' [115 bytes]
[2025-11-24 00:43:20,127.127] INFO     [MainThread|MainProcess] Logger (wsroute.py:check_websocket:30) | WebSocket ws://localhost:8082 可用.
[2025-11-24 00:43:20,128.128] DEBUG    [MainThread|MainProcess] websockets.client (protocol.py:write_close_frame:1232) | = connection is CLOSING
[2025-11-24 00:43:20,128.128] DEBUG    [MainThread|MainProcess] websockets.client (protocol.py:write_frame_sync:1183) | > CLOSE 1000 (OK) [2 bytes]
[2025-11-24 00:43:20,132.132] DEBUG    [MainThread|MainProcess] websockets.client (protocol.py:read_frame:1177) | < CLOSE 1000 (OK) [2 bytes]
[2025-11-24 00:43:20,140.140] DEBUG    [MainThread|MainProcess] websockets.client (protocol.py:connection_lost:1514) | = connection is CLOSED
[2025-11-24 00:43:20,161.161] INFO     [MainThread|MainProcess] Logger (client.py:ncatbot_quick_start:230) | napcat 服务器 ws://localhost:8082 在线, 连接中...
[2025-11-24 00:43:20,162.162] DEBUG    [MainThread|MainProcess] asyncio (proactor_events.py:__init__:630) | Using proactor: IocpProactor
[2025-11-24 00:43:20,163.163] INFO     [MainThread|MainProcess] Logger (client.py:info_subscribe_message_types:149) | 已订阅消息类型:[群聊]->全部消息类型
[2025-11-24 00:43:20,163.163] INFO     [MainThread|MainProcess] Logger (client.py:info_subscribe_message_types:150) | 已订阅消息类型:[私聊]->[]
[2025-11-24 00:43:20,163.163] INFO     [MainThread|MainProcess] PluginLoader (loader.py:load_plugins:237) | 插件目录: d:\1code\qqbot\plugins 不存在......跳过加载插件
[2025-11-24 00:43:20,176.176] DEBUG    [MainThread|MainProcess] websockets.client (protocol.py:__init__:256) | = connection is CONNECTING
[2025-11-24 00:43:20,177.177] DEBUG    [MainThread|MainProcess] websockets.client (client.py:write_http_request:114) | > GET /event HTTP/1.1
[2025-11-24 00:43:20,177.177] DEBUG    [MainThread|MainProcess] websockets.client (client.py:write_http_request:116) | > Host: localhost:8082
[2025-11-24 00:43:20,177.177] DEBUG    [MainThread|MainProcess] websockets.client (client.py:write_http_request:116) | > Upgrade: websocket
[2025-11-24 00:43:20,177.177] DEBUG    [MainThread|MainProcess] websockets.client (client.py:write_http_request:116) | > Connection: Upgrade
[2025-11-24 00:43:20,177.177] DEBUG    [MainThread|MainProcess] websockets.client (client.py:write_http_request:116) | > Sec-WebSocket-Key: kH8egdzvGCDcmKdJWCVbsg==
[2025-11-24 00:43:20,177.177] DEBUG    [MainThread|MainProcess] websockets.client (client.py:write_http_request:116) | > Sec-WebSocket-Version: 13
[2025-11-24 00:43:20,177.177] DEBUG    [MainThread|MainProcess] websockets.client (client.py:write_http_request:116) | > Sec-WebSocket-Extensions: permessage-deflate; client_max_window_bits
[2025-11-24 00:43:20,177.177] DEBUG    [MainThread|MainProcess] websockets.client (client.py:write_http_request:116) | > Content-Type: application/json
[2025-11-24 00:43:20,177.177] DEBUG    [MainThread|MainProcess] websockets.client (client.py:write_http_request:116) | > Authorization: Bearer chcat13201145
[2025-11-24 00:43:20,178.178] DEBUG    [MainThread|MainProcess] websockets.client (client.py:write_http_request:116) | > User-Agent: Python/3.10 websockets/10.4
[2025-11-24 00:43:20,180.180] DEBUG    [MainThread|MainProcess] websockets.client (client.py:read_http_response:147) | < HTTP/1.1 101 Switching Protocols
[2025-11-24 00:43:20,181.181] DEBUG    [MainThread|MainProcess] websockets.client (client.py:read_http_response:149) | < Upgrade: websocket
[2025-11-24 00:43:20,181.181] DEBUG    [MainThread|MainProcess] websockets.client (client.py:read_http_response:149) | < Connection: Upgrade
[2025-11-24 00:43:20,181.181] DEBUG    [MainThread|MainProcess] websockets.client (client.py:read_http_response:149) | < Sec-WebSocket-Accept: HVKBkSuRCrIz3xATzSlJIAcA1SU=
[2025-11-24 00:43:20,181.181] DEBUG    [MainThread|MainProcess] websockets.client (protocol.py:connection_open:357) | = connection is OPEN
[2025-11-24 00:43:20,181.181] DEBUG    [MainThread|MainProcess] websockets.client (protocol.py:read_frame:1177) | < TEXT '{"time":1763916200,"self_id":703263936,"post_ty...","sub_type":"connect"}' [115 bytes]
[2025-11-24 00:43:20,181.181] INFO     [MainThread|MainProcess] Logger (connect.py:on_message:41) | 机器人 703263936 成功启动
[2025-11-24 00:43:27,812.812] DEBUG    [MainThread|MainProcess] websockets.client (protocol.py:read_frame:1177) | < TEXT '{"time":1763916207,"self_id":703263936,"post_ty...true},"interval":30000}' [148 bytes]
[2025-11-24 00:43:27,812.812] DEBUG    [MainThread|MainProcess] Logger (connect.py:on_message:43) | {'time': 1763916207, 'self_id': 703263936, 'post_type': 'meta_event', 'meta_event_type': 'heartbeat', 'status': {'online': True, 'good': True}, 'interval': 30000}
[2025-11-24 00:43:28,632.632] DEBUG    [MainThread|MainProcess] websockets.client (protocol.py:read_frame:1177) | < TEXT '{"self_id":703263936,"user_id":1095216448,"time...","group_id":912458345}' [445 bytes]
[2025-11-24 00:43:28,632.632] DEBUG    [MainThread|MainProcess] Logger (client.py:handle_group_event:67) | {'group_id': '912458345', 'user_id': '1095216448', 'message_type': 'group', 'sub_type': 'normal', 'font': '14', 'sender': "{'user_id': 1095216448, 'nickname': '冰如猫', 'card': ''}", 'message_id': '1582498280', 'message_seq': '1582498280', 'real_id': '1582498280', 'message': "[{'type': 'text', 'data': {'text': '2085是什么歌'}}]", 'message_format': 'array'}
[2025-11-24 00:43:28,632.632] INFO     [MainThread|MainProcess] Logger (main.py:on_group_message:34) | {'group_id': '912458345', 'user_id': '1095216448', 'message_type': 'group', 'sub_type': 'normal', 'font': '14', 'sender': "{'user_id': 1095216448, 'nickname': '冰如猫', 'card': ''}", 'message_id': '1582498280', 'message_seq': '1582498280', 'real_id': '1582498280', 'message': "[{'type': 'text', 'data': {'text': '2085是什么歌'}}]", 'message_format': 'array'}
[2025-11-24 00:43:28,636.636] DEBUG    [MainThread|MainProcess] urllib3.connectionpool (connectionpool.py:_new_conn:1022) | Starting new HTTPS connection (1): maimai.lxns.net:443
[2025-11-24 00:43:28,862.862] DEBUG    [MainThread|MainProcess] urllib3.connectionpool (connectionpool.py:_make_request:475) | https://maimai.lxns.net:443 "GET /api/v0/chunithm/song/list?notes=true HTTP/1.1" 200 None
[2025-11-24 00:43:29,739.739] DEBUG    [MainThread|MainProcess] urllib3.connectionpool (connectionpool.py:_new_conn:1022) | Starting new HTTPS connection (1): maimai.lxns.net:443
[2025-11-24 00:43:29,939.939] DEBUG    [MainThread|MainProcess] urllib3.connectionpool (connectionpool.py:_make_request:475) | https://maimai.lxns.net:443 "GET /api/v0/chunithm/alias/list HTTP/1.1" 200 None
[2025-11-24 00:43:31,030.030] DEBUG    [MainThread|MainProcess] websockets.client (protocol.py:__init__:256) | = connection is CONNECTING
[2025-11-24 00:43:31,031.031] DEBUG    [MainThread|MainProcess] websockets.client (client.py:write_http_request:114) | > GET /api HTTP/1.1
[2025-11-24 00:43:31,031.031] DEBUG    [MainThread|MainProcess] websockets.client (client.py:write_http_request:116) | > Host: localhost:8082
[2025-11-24 00:43:31,031.031] DEBUG    [MainThread|MainProcess] websockets.client (client.py:write_http_request:116) | > Upgrade: websocket
[2025-11-24 00:43:31,031.031] DEBUG    [MainThread|MainProcess] websockets.client (client.py:write_http_request:116) | > Connection: Upgrade
[2025-11-24 00:43:31,031.031] DEBUG    [MainThread|MainProcess] websockets.client (client.py:write_http_request:116) | > Sec-WebSocket-Key: LmUp6fiTYojoBpkr3BkedQ==
[2025-11-24 00:43:31,031.031] DEBUG    [MainThread|MainProcess] websockets.client (client.py:write_http_request:116) | > Sec-WebSocket-Version: 13
[2025-11-24 00:43:31,031.031] DEBUG    [MainThread|MainProcess] websockets.client (client.py:write_http_request:116) | > Sec-WebSocket-Extensions: permessage-deflate; client_max_window_bits
[2025-11-24 00:43:31,031.031] DEBUG    [MainThread|MainProcess] websockets.client (client.py:write_http_request:116) | > Content-Type: application/json
[2025-11-24 00:43:31,031.031] DEBUG    [MainThread|MainProcess] websockets.client (client.py:write_http_request:116) | > Authorization: Bearer chcat13201145
[2025-11-24 00:43:31,031.031] DEBUG    [MainThread|MainProcess] websockets.client (client.py:write_http_request:116) | > User-Agent: Python/3.10 websockets/10.4
[2025-11-24 00:43:31,075.075] DEBUG    [MainThread|MainProcess] websockets.client (client.py:read_http_response:147) | < HTTP/1.1 101 Switching Protocols
[2025-11-24 00:43:31,076.076] DEBUG    [MainThread|MainProcess] websockets.client (client.py:read_http_response:149) | < Upgrade: websocket
[2025-11-24 00:43:31,076.076] DEBUG    [MainThread|MainProcess] websockets.client (client.py:read_http_response:149) | < Connection: Upgrade
[2025-11-24 00:43:31,076.076] DEBUG    [MainThread|MainProcess] websockets.client (client.py:read_http_response:149) | < Sec-WebSocket-Accept: UGFUCeuLAfyBEG7fXbwRfARVYpQ=
[2025-11-24 00:43:31,076.076] DEBUG    [MainThread|MainProcess] websockets.client (protocol.py:connection_open:357) | = connection is OPEN
[2025-11-24 00:43:31,077.077] DEBUG    [MainThread|MainProcess] websockets.client (protocol.py:write_frame_sync:1183) | > TEXT '{"action": "send_group_msg", "params": {"group_...]}, "echo": 1763916211}' [563 bytes]
[2025-11-24 00:43:31,926.926] DEBUG    [MainThread|MainProcess] websockets.client (protocol.py:read_frame:1177) | < TEXT '{"status":"ok","retcode":0,"data":{"message_id"...":"","echo":1763916211}' [103 bytes]
[2025-11-24 00:43:31,926.926] DEBUG    [MainThread|MainProcess] websockets.client (protocol.py:write_close_frame:1232) | = connection is CLOSING
[2025-11-24 00:43:31,926.926] DEBUG    [MainThread|MainProcess] websockets.client (protocol.py:write_frame_sync:1183) | > CLOSE 1000 (OK) [2 bytes]
[2025-11-24 00:43:32,029.029] DEBUG    [MainThread|MainProcess] websockets.client (protocol.py:read_frame:1177) | < CLOSE 1000 (OK) [2 bytes]
[2025-11-24 00:43:32,030.030] DEBUG    [MainThread|MainProcess] websockets.client (protocol.py:connection_lost:1514) | = connection is CLOSED
[2025-11-24 00:43:32,030.030] DEBUG    [MainThread|MainProcess] Logger (api.py:check_and_log:32) | {'status': 'ok', 'retcode': 0, 'data': {'message_id': 442835361}, 'message': '', 'wording': '', 'echo': 1763916211}
[2025-11-24 00:43:32,031.031] ERROR    [MainThread|MainProcess] asyncio (base_events.py:default_exception_handler:1758) | Task exception was never retrieved
future: <Task finished name='Task-15' coro=<BotClient.handle_group_event() done, defined at D:\1code\python3.10\lib\site-packages\ncatbot\core\client.py:65> exception=AttributeError("'BotAPI' object has no attribute 'send_group_file'")>
Traceback (most recent call last):
  File "D:\1code\python3.10\lib\site-packages\ncatbot\core\client.py", line 70, in handle_group_event
    await handler(msg)
  File "d:\1code\qqbot\main.py", line 59, in on_group_message
    await getChuMusicInfo.sedMusicInfoByName(msg.raw_message, msg.group_id, msg.user_id, bot)
  File "d:\1code\qqbot\getChuMusicInfo.py", line 129, in sedMusicInfoByName
    await bot.api.send_group_file(group_id, f"https://assets2.lxns.net/chunithm/music/{songId}.mp3", name=f"{songId}.mp3")
AttributeError: 'BotAPI' object has no attribute 'send_group_file'
[2025-11-24 00:43:57,820.820] DEBUG    [MainThread|MainProcess] websockets.client (protocol.py:read_frame:1177) | < TEXT '{"time":1763916237,"self_id":703263936,"post_ty...true},"interval":30000}' [148 bytes]
[2025-11-24 00:43:57,821.821] DEBUG    [MainThread|MainProcess] Logger (connect.py:on_message:43) | {'time': 1763916237, 'self_id': 703263936, 'post_type': 'meta_event', 'meta_event_type': 'heartbeat', 'status': {'online': True, 'good': True}, 'interval': 30000}
[2025-11-24 00:44:27,831.831] DEBUG    [MainThread|MainProcess] websockets.client (protocol.py:read_frame:1177) | < TEXT '{"time":1763916267,"self_id":703263936,"post_ty...true},"interval":30000}' [148 bytes]
[2025-11-24 00:44:27,832.832] DEBUG    [MainThread|MainProcess] Logger (connect.py:on_message:43) | {'time': 1763916267, 'self_id': 703263936, 'post_type': 'meta_event', 'meta_event_type': 'heartbeat', 'status': {'online': True, 'good': True}, 'interval': 30000}
[2025-11-24 00:44:57,844.844] DEBUG    [MainThread|MainProcess] websockets.client (protocol.py:read_frame:1177) | < TEXT '{"time":1763916297,"self_id":703263936,"post_ty...true},"interval":30000}' [148 bytes]
[2025-11-24 00:44:57,844.844] DEBUG    [MainThread|MainProcess] Logger (connect.py:on_message:43) | {'time': 1763916297, 'self_id': 703263936, 'post_type': 'meta_event', 'meta_event_type': 'heartbeat', 'status': {'online': True, 'good': True}, 'interval': 30000}
[2025-11-24 00:47:57,765.765] INFO     [MainThread|MainProcess] Logger (client.py:check_config:41) | [BOTQQ]: 703263936 | [WSURI]: ws://localhost:8082 | [TOKEN]: chcat13201145
[2025-11-24 00:47:57,768.768] DEBUG    [MainThread|MainProcess] Logger (event.py:_load_access:289) | 加载权限
[2025-11-24 00:47:57,768.768] WARNING  [MainThread|MainProcess] Logger (event.py:_load_access:295) | 权限文件不存在, 将创建新的权限文件
[2025-11-24 00:47:57,769.769] WARNING  [MainThread|MainProcess] Logger (event.py:_load_access:300) | 权限文件不存在, 将创建新的权限文件
[2025-11-24 00:48:01,021.021] DEBUG    [MainThread|MainProcess] urllib3.connectionpool (connectionpool.py:_new_conn:1022) | Starting new HTTPS connection (1): pypi.org:443
[2025-11-24 00:48:01,425.425] DEBUG    [MainThread|MainProcess] urllib3.connectionpool (connectionpool.py:_make_request:475) | https://pypi.org:443 "GET /pypi/ncatbot/json HTTP/1.1" 200 55853
[2025-11-24 00:48:01,480.480] WARNING  [MainThread|MainProcess] Logger (env_checker.py:check_version:127) | NcatBot 有可用更新！
[2025-11-24 00:48:01,480.480] INFO     [MainThread|MainProcess] Logger (env_checker.py:check_version:128) | 若使用 main.exe 或者 NcatBot CLI 启动, CLI 输入 update 即可更新
[2025-11-24 00:48:01,480.480] INFO     [MainThread|MainProcess] Logger (env_checker.py:check_version:129) | 若手动安装, 推荐您使用以下命令更新: pip install --upgrade ncatbot
[2025-11-24 00:48:01,482.482] DEBUG    [MainThread|MainProcess] asyncio (proactor_events.py:__init__:630) | Using proactor: IocpProactor
[2025-11-24 00:48:01,536.536] DEBUG    [MainThread|MainProcess] websockets.client (protocol.py:__init__:256) | = connection is CONNECTING
[2025-11-24 00:48:01,537.537] DEBUG    [MainThread|MainProcess] websockets.client (client.py:write_http_request:114) | > GET / HTTP/1.1
[2025-11-24 00:48:01,537.537] DEBUG    [MainThread|MainProcess] websockets.client (client.py:write_http_request:116) | > Host: localhost:8082
[2025-11-24 00:48:01,537.537] DEBUG    [MainThread|MainProcess] websockets.client (client.py:write_http_request:116) | > Upgrade: websocket
[2025-11-24 00:48:01,537.537] DEBUG    [MainThread|MainProcess] websockets.client (client.py:write_http_request:116) | > Connection: Upgrade
[2025-11-24 00:48:01,538.538] DEBUG    [MainThread|MainProcess] websockets.client (client.py:write_http_request:116) | > Sec-WebSocket-Key: KIiXS6hofE2JIiZX+MP8ow==
[2025-11-24 00:48:01,538.538] DEBUG    [MainThread|MainProcess] websockets.client (client.py:write_http_request:116) | > Sec-WebSocket-Version: 13
[2025-11-24 00:48:01,538.538] DEBUG    [MainThread|MainProcess] websockets.client (client.py:write_http_request:116) | > Sec-WebSocket-Extensions: permessage-deflate; client_max_window_bits
[2025-11-24 00:48:01,538.538] DEBUG    [MainThread|MainProcess] websockets.client (client.py:write_http_request:116) | > Content-Type: application/json
[2025-11-24 00:48:01,538.538] DEBUG    [MainThread|MainProcess] websockets.client (client.py:write_http_request:116) | > Authorization: Bearer chcat13201145
[2025-11-24 00:48:01,538.538] DEBUG    [MainThread|MainProcess] websockets.client (client.py:write_http_request:116) | > User-Agent: Python/3.10 websockets/10.4
[2025-11-24 00:48:01,540.540] DEBUG    [MainThread|MainProcess] websockets.client (client.py:read_http_response:147) | < HTTP/1.1 101 Switching Protocols
[2025-11-24 00:48:01,540.540] DEBUG    [MainThread|MainProcess] websockets.client (client.py:read_http_response:149) | < Upgrade: websocket
[2025-11-24 00:48:01,541.541] DEBUG    [MainThread|MainProcess] websockets.client (client.py:read_http_response:149) | < Connection: Upgrade
[2025-11-24 00:48:01,541.541] DEBUG    [MainThread|MainProcess] websockets.client (client.py:read_http_response:149) | < Sec-WebSocket-Accept: iD9BKV7PsfiWRLAhYJXyIRTuiFY=
[2025-11-24 00:48:01,541.541] DEBUG    [MainThread|MainProcess] websockets.client (protocol.py:connection_open:357) | = connection is OPEN
[2025-11-24 00:48:01,542.542] INFO     [MainThread|MainProcess] Logger (wsroute.py:check_websocket:30) | WebSocket ws://localhost:8082 可用.
[2025-11-24 00:48:01,543.543] DEBUG    [MainThread|MainProcess] websockets.client (protocol.py:read_frame:1177) | < TEXT '{"time":1763916481,"self_id":703263936,"post_ty...","sub_type":"connect"}' [115 bytes]
[2025-11-24 00:48:01,543.543] DEBUG    [MainThread|MainProcess] websockets.client (protocol.py:write_close_frame:1232) | = connection is CLOSING
[2025-11-24 00:48:01,543.543] DEBUG    [MainThread|MainProcess] websockets.client (protocol.py:write_frame_sync:1183) | > CLOSE 1000 (OK) [2 bytes]
[2025-11-24 00:48:01,545.545] DEBUG    [MainThread|MainProcess] websockets.client (protocol.py:read_frame:1177) | < CLOSE 1000 (OK) [2 bytes]
[2025-11-24 00:48:01,546.546] DEBUG    [MainThread|MainProcess] websockets.client (protocol.py:connection_lost:1514) | = connection is CLOSED
[2025-11-24 00:48:01,825.825] INFO     [MainThread|MainProcess] Logger (client.py:ncatbot_quick_start:230) | napcat 服务器 ws://localhost:8082 在线, 连接中...
[2025-11-24 00:48:01,825.825] DEBUG    [MainThread|MainProcess] asyncio (proactor_events.py:__init__:630) | Using proactor: IocpProactor
[2025-11-24 00:48:01,827.827] INFO     [MainThread|MainProcess] Logger (client.py:info_subscribe_message_types:149) | 已订阅消息类型:[群聊]->全部消息类型
[2025-11-24 00:48:01,827.827] INFO     [MainThread|MainProcess] Logger (client.py:info_subscribe_message_types:150) | 已订阅消息类型:[私聊]->[]
[2025-11-24 00:48:01,828.828] INFO     [MainThread|MainProcess] PluginLoader (loader.py:load_plugins:237) | 插件目录: d:\1code\qqbot\plugins 不存在......跳过加载插件
[2025-11-24 00:48:01,928.928] DEBUG    [MainThread|MainProcess] websockets.client (protocol.py:__init__:256) | = connection is CONNECTING
[2025-11-24 00:48:01,928.928] DEBUG    [MainThread|MainProcess] websockets.client (client.py:write_http_request:114) | > GET /event HTTP/1.1
[2025-11-24 00:48:01,928.928] DEBUG    [MainThread|MainProcess] websockets.client (client.py:write_http_request:116) | > Host: localhost:8082
[2025-11-24 00:48:01,928.928] DEBUG    [MainThread|MainProcess] websockets.client (client.py:write_http_request:116) | > Upgrade: websocket
[2025-11-24 00:48:01,929.929] DEBUG    [MainThread|MainProcess] websockets.client (client.py:write_http_request:116) | > Connection: Upgrade
[2025-11-24 00:48:01,929.929] DEBUG    [MainThread|MainProcess] websockets.client (client.py:write_http_request:116) | > Sec-WebSocket-Key: hTQPU0dgH8QtvxnVFg6V7w==
[2025-11-24 00:48:01,929.929] DEBUG    [MainThread|MainProcess] websockets.client (client.py:write_http_request:116) | > Sec-WebSocket-Version: 13
[2025-11-24 00:48:01,929.929] DEBUG    [MainThread|MainProcess] websockets.client (client.py:write_http_request:116) | > Sec-WebSocket-Extensions: permessage-deflate; client_max_window_bits
[2025-11-24 00:48:01,929.929] DEBUG    [MainThread|MainProcess] websockets.client (client.py:write_http_request:116) | > Content-Type: application/json
[2025-11-24 00:48:01,929.929] DEBUG    [MainThread|MainProcess] websockets.client (client.py:write_http_request:116) | > Authorization: Bearer chcat13201145
[2025-11-24 00:48:01,929.929] DEBUG    [MainThread|MainProcess] websockets.client (client.py:write_http_request:116) | > User-Agent: Python/3.10 websockets/10.4
[2025-11-24 00:48:01,930.930] DEBUG    [MainThread|MainProcess] websockets.client (client.py:read_http_response:147) | < HTTP/1.1 101 Switching Protocols
[2025-11-24 00:48:01,930.930] DEBUG    [MainThread|MainProcess] websockets.client (client.py:read_http_response:149) | < Upgrade: websocket
[2025-11-24 00:48:01,931.931] DEBUG    [MainThread|MainProcess] websockets.client (client.py:read_http_response:149) | < Connection: Upgrade
[2025-11-24 00:48:01,931.931] DEBUG    [MainThread|MainProcess] websockets.client (client.py:read_http_response:149) | < Sec-WebSocket-Accept: D7Yz0pl0SFnz5DtgaYtdiwsxySA=
[2025-11-24 00:48:01,931.931] DEBUG    [MainThread|MainProcess] websockets.client (protocol.py:connection_open:357) | = connection is OPEN
[2025-11-24 00:48:01,932.932] DEBUG    [MainThread|MainProcess] websockets.client (protocol.py:read_frame:1177) | < TEXT '{"time":1763916481,"self_id":703263936,"post_ty...","sub_type":"connect"}' [115 bytes]
[2025-11-24 00:48:01,932.932] INFO     [MainThread|MainProcess] Logger (connect.py:on_message:41) | 机器人 703263936 成功启动
[2025-11-24 00:48:08,140.140] DEBUG    [MainThread|MainProcess] websockets.client (protocol.py:read_frame:1177) | < TEXT '{"self_id":703263936,"user_id":1095216448,"time...","group_id":912458345}' [445 bytes]
[2025-11-24 00:48:08,141.141] DEBUG    [MainThread|MainProcess] Logger (client.py:handle_group_event:67) | {'group_id': '912458345', 'user_id': '1095216448', 'message_type': 'group', 'sub_type': 'normal', 'font': '14', 'sender': "{'user_id': 1095216448, 'nickname': '冰如猫', 'card': ''}", 'message_id': '1775965231', 'message_seq': '1775965231', 'real_id': '1775965231', 'message': "[{'type': 'text', 'data': {'text': '2085是什么歌'}}]", 'message_format': 'array'}
[2025-11-24 00:48:08,141.141] INFO     [MainThread|MainProcess] Logger (main.py:on_group_message:34) | {'group_id': '912458345', 'user_id': '1095216448', 'message_type': 'group', 'sub_type': 'normal', 'font': '14', 'sender': "{'user_id': 1095216448, 'nickname': '冰如猫', 'card': ''}", 'message_id': '1775965231', 'message_seq': '1775965231', 'real_id': '1775965231', 'message': "[{'type': 'text', 'data': {'text': '2085是什么歌'}}]", 'message_format': 'array'}
[2025-11-24 00:48:08,145.145] DEBUG    [MainThread|MainProcess] urllib3.connectionpool (connectionpool.py:_new_conn:1022) | Starting new HTTPS connection (1): maimai.lxns.net:443
[2025-11-24 00:48:08,419.419] DEBUG    [MainThread|MainProcess] urllib3.connectionpool (connectionpool.py:_make_request:475) | https://maimai.lxns.net:443 "GET /api/v0/chunithm/song/list?notes=true HTTP/1.1" 200 None
[2025-11-24 00:48:11,314.314] DEBUG    [MainThread|MainProcess] urllib3.connectionpool (connectionpool.py:_new_conn:1022) | Starting new HTTPS connection (1): maimai.lxns.net:443
[2025-11-24 00:48:11,536.536] DEBUG    [MainThread|MainProcess] urllib3.connectionpool (connectionpool.py:_make_request:475) | https://maimai.lxns.net:443 "GET /api/v0/chunithm/alias/list HTTP/1.1" 200 None
[2025-11-24 00:48:12,341.341] DEBUG    [MainThread|MainProcess] websockets.client (protocol.py:__init__:256) | = connection is CONNECTING
[2025-11-24 00:48:12,342.342] DEBUG    [MainThread|MainProcess] websockets.client (client.py:write_http_request:114) | > GET /api HTTP/1.1
[2025-11-24 00:48:12,342.342] DEBUG    [MainThread|MainProcess] websockets.client (client.py:write_http_request:116) | > Host: localhost:8082
[2025-11-24 00:48:12,342.342] DEBUG    [MainThread|MainProcess] websockets.client (client.py:write_http_request:116) | > Upgrade: websocket
[2025-11-24 00:48:12,342.342] DEBUG    [MainThread|MainProcess] websockets.client (client.py:write_http_request:116) | > Connection: Upgrade
[2025-11-24 00:48:12,342.342] DEBUG    [MainThread|MainProcess] websockets.client (client.py:write_http_request:116) | > Sec-WebSocket-Key: x4ORMMpXPdA0W84TIcpqBA==
[2025-11-24 00:48:12,342.342] DEBUG    [MainThread|MainProcess] websockets.client (client.py:write_http_request:116) | > Sec-WebSocket-Version: 13
[2025-11-24 00:48:12,342.342] DEBUG    [MainThread|MainProcess] websockets.client (client.py:write_http_request:116) | > Sec-WebSocket-Extensions: permessage-deflate; client_max_window_bits
[2025-11-24 00:48:12,342.342] DEBUG    [MainThread|MainProcess] websockets.client (client.py:write_http_request:116) | > Content-Type: application/json
[2025-11-24 00:48:12,342.342] DEBUG    [MainThread|MainProcess] websockets.client (client.py:write_http_request:116) | > Authorization: Bearer chcat13201145
[2025-11-24 00:48:12,342.342] DEBUG    [MainThread|MainProcess] websockets.client (client.py:write_http_request:116) | > User-Agent: Python/3.10 websockets/10.4
[2025-11-24 00:48:12,369.369] DEBUG    [MainThread|MainProcess] websockets.client (client.py:read_http_response:147) | < HTTP/1.1 101 Switching Protocols
[2025-11-24 00:48:12,370.370] DEBUG    [MainThread|MainProcess] websockets.client (client.py:read_http_response:149) | < Upgrade: websocket
[2025-11-24 00:48:12,370.370] DEBUG    [MainThread|MainProcess] websockets.client (client.py:read_http_response:149) | < Connection: Upgrade
[2025-11-24 00:48:12,370.370] DEBUG    [MainThread|MainProcess] websockets.client (client.py:read_http_response:149) | < Sec-WebSocket-Accept: f/7msW3j8JLMbWU8QlS3bZUM2Aw=
[2025-11-24 00:48:12,370.370] DEBUG    [MainThread|MainProcess] websockets.client (protocol.py:connection_open:357) | = connection is OPEN
[2025-11-24 00:48:12,371.371] DEBUG    [MainThread|MainProcess] websockets.client (protocol.py:write_frame_sync:1183) | > TEXT '{"action": "send_group_msg", "params": {"group_...]}, "echo": 1763916492}' [563 bytes]
[2025-11-24 00:48:12,957.957] DEBUG    [MainThread|MainProcess] websockets.client (protocol.py:read_frame:1177) | < TEXT '{"status":"ok","retcode":0,"data":{"message_id"...":"","echo":1763916492}' [104 bytes]
[2025-11-24 00:48:12,958.958] DEBUG    [MainThread|MainProcess] websockets.client (protocol.py:write_close_frame:1232) | = connection is CLOSING
[2025-11-24 00:48:12,958.958] DEBUG    [MainThread|MainProcess] websockets.client (protocol.py:write_frame_sync:1183) | > CLOSE 1000 (OK) [2 bytes]
[2025-11-24 00:48:13,004.004] DEBUG    [MainThread|MainProcess] websockets.client (protocol.py:read_frame:1177) | < CLOSE 1000 (OK) [2 bytes]
[2025-11-24 00:48:13,004.004] DEBUG    [MainThread|MainProcess] websockets.client (protocol.py:connection_lost:1514) | = connection is CLOSED
[2025-11-24 00:48:13,004.004] DEBUG    [MainThread|MainProcess] Logger (api.py:check_and_log:32) | {'status': 'ok', 'retcode': 0, 'data': {'message_id': 1527126394}, 'message': '', 'wording': '', 'echo': 1763916492}
[2025-11-24 00:48:13,004.004] ERROR    [MainThread|MainProcess] asyncio (base_events.py:default_exception_handler:1758) | Task exception was never retrieved
future: <Task finished name='Task-15' coro=<BotClient.handle_group_event() done, defined at D:\1code\python3.10\lib\site-packages\ncatbot\core\client.py:65> exception=AttributeError("'BotAPI' object has no attribute 'send_group_image'")>
Traceback (most recent call last):
  File "D:\1code\python3.10\lib\site-packages\ncatbot\core\client.py", line 70, in handle_group_event
    await handler(msg)
  File "d:\1code\qqbot\main.py", line 59, in on_group_message
    await getChuMusicInfo.sedMusicInfoByName(msg.raw_message, msg.group_id, msg.user_id, bot)
  File "d:\1code\qqbot\getChuMusicInfo.py", line 130, in sedMusicInfoByName
    await bot.api.send_group_image(group_id, f"https://assets2.lxns.net/chunithm/jacket/{songId}.png")
AttributeError: 'BotAPI' object has no attribute 'send_group_image'
[2025-11-24 00:48:27,952.952] DEBUG    [MainThread|MainProcess] websockets.client (protocol.py:read_frame:1177) | < TEXT '{"time":1763916507,"self_id":703263936,"post_ty...true},"interval":30000}' [148 bytes]
[2025-11-24 00:48:27,953.953] DEBUG    [MainThread|MainProcess] Logger (connect.py:on_message:43) | {'time': 1763916507, 'self_id': 703263936, 'post_type': 'meta_event', 'meta_event_type': 'heartbeat', 'status': {'online': True, 'good': True}, 'interval': 30000}
[2025-11-24 00:48:57,961.961] DEBUG    [MainThread|MainProcess] websockets.client (protocol.py:read_frame:1177) | < TEXT '{"time":1763916537,"self_id":703263936,"post_ty...true},"interval":30000}' [148 bytes]
[2025-11-24 00:48:57,962.962] DEBUG    [MainThread|MainProcess] Logger (connect.py:on_message:43) | {'time': 1763916537, 'self_id': 703263936, 'post_type': 'meta_event', 'meta_event_type': 'heartbeat', 'status': {'online': True, 'good': True}, 'interval': 30000}
[2025-11-24 00:50:53,678.678] INFO     [MainThread|MainProcess] Logger (client.py:check_config:41) | [BOTQQ]: 703263936 | [WSURI]: ws://localhost:8082 | [TOKEN]: chcat13201145
[2025-11-24 00:50:53,680.680] DEBUG    [MainThread|MainProcess] Logger (event.py:_load_access:289) | 加载权限
[2025-11-24 00:50:53,682.682] WARNING  [MainThread|MainProcess] Logger (event.py:_load_access:295) | 权限文件不存在, 将创建新的权限文件
[2025-11-24 00:50:53,686.686] WARNING  [MainThread|MainProcess] Logger (event.py:_load_access:300) | 权限文件不存在, 将创建新的权限文件
[2025-11-24 00:50:55,966.966] DEBUG    [MainThread|MainProcess] urllib3.connectionpool (connectionpool.py:_new_conn:1022) | Starting new HTTPS connection (1): pypi.org:443
[2025-11-24 00:50:56,353.353] DEBUG    [MainThread|MainProcess] urllib3.connectionpool (connectionpool.py:_make_request:475) | https://pypi.org:443 "GET /pypi/ncatbot/json HTTP/1.1" 200 55853
[2025-11-24 00:50:56,477.477] WARNING  [MainThread|MainProcess] Logger (env_checker.py:check_version:127) | NcatBot 有可用更新！
[2025-11-24 00:50:56,477.477] INFO     [MainThread|MainProcess] Logger (env_checker.py:check_version:128) | 若使用 main.exe 或者 NcatBot CLI 启动, CLI 输入 update 即可更新
[2025-11-24 00:50:56,478.478] INFO     [MainThread|MainProcess] Logger (env_checker.py:check_version:129) | 若手动安装, 推荐您使用以下命令更新: pip install --upgrade ncatbot
[2025-11-24 00:50:56,478.478] DEBUG    [MainThread|MainProcess] asyncio (proactor_events.py:__init__:630) | Using proactor: IocpProactor
[2025-11-24 00:50:56,492.492] DEBUG    [MainThread|MainProcess] websockets.client (protocol.py:__init__:256) | = connection is CONNECTING
[2025-11-24 00:50:56,493.493] DEBUG    [MainThread|MainProcess] websockets.client (client.py:write_http_request:114) | > GET / HTTP/1.1
[2025-11-24 00:50:56,493.493] DEBUG    [MainThread|MainProcess] websockets.client (client.py:write_http_request:116) | > Host: localhost:8082
[2025-11-24 00:50:56,493.493] DEBUG    [MainThread|MainProcess] websockets.client (client.py:write_http_request:116) | > Upgrade: websocket
[2025-11-24 00:50:56,494.494] DEBUG    [MainThread|MainProcess] websockets.client (client.py:write_http_request:116) | > Connection: Upgrade
[2025-11-24 00:50:56,494.494] DEBUG    [MainThread|MainProcess] websockets.client (client.py:write_http_request:116) | > Sec-WebSocket-Key: N0kdT4md7CB5UE1n5/2c5w==
[2025-11-24 00:50:56,494.494] DEBUG    [MainThread|MainProcess] websockets.client (client.py:write_http_request:116) | > Sec-WebSocket-Version: 13
[2025-11-24 00:50:56,495.495] DEBUG    [MainThread|MainProcess] websockets.client (client.py:write_http_request:116) | > Sec-WebSocket-Extensions: permessage-deflate; client_max_window_bits
[2025-11-24 00:50:56,495.495] DEBUG    [MainThread|MainProcess] websockets.client (client.py:write_http_request:116) | > Content-Type: application/json
[2025-11-24 00:50:56,495.495] DEBUG    [MainThread|MainProcess] websockets.client (client.py:write_http_request:116) | > Authorization: Bearer chcat13201145
[2025-11-24 00:50:56,495.495] DEBUG    [MainThread|MainProcess] websockets.client (client.py:write_http_request:116) | > User-Agent: Python/3.10 websockets/10.4
[2025-11-24 00:50:56,510.510] DEBUG    [MainThread|MainProcess] websockets.client (client.py:read_http_response:147) | < HTTP/1.1 101 Switching Protocols
[2025-11-24 00:50:56,510.510] DEBUG    [MainThread|MainProcess] websockets.client (client.py:read_http_response:149) | < Upgrade: websocket
[2025-11-24 00:50:56,510.510] DEBUG    [MainThread|MainProcess] websockets.client (client.py:read_http_response:149) | < Connection: Upgrade
[2025-11-24 00:50:56,510.510] DEBUG    [MainThread|MainProcess] websockets.client (client.py:read_http_response:149) | < Sec-WebSocket-Accept: cZToNkWLiUN9Yfem0D4GFTJ0KV0=
[2025-11-24 00:50:56,511.511] DEBUG    [MainThread|MainProcess] websockets.client (protocol.py:connection_open:357) | = connection is OPEN
[2025-11-24 00:50:56,511.511] DEBUG    [MainThread|MainProcess] websockets.client (protocol.py:read_frame:1177) | < TEXT '{"time":1763916656,"self_id":703263936,"post_ty...","sub_type":"connect"}' [115 bytes]
[2025-11-24 00:50:56,511.511] INFO     [MainThread|MainProcess] Logger (wsroute.py:check_websocket:30) | WebSocket ws://localhost:8082 可用.
[2025-11-24 00:50:56,512.512] DEBUG    [MainThread|MainProcess] websockets.client (protocol.py:write_close_frame:1232) | = connection is CLOSING
[2025-11-24 00:50:56,512.512] DEBUG    [MainThread|MainProcess] websockets.client (protocol.py:write_frame_sync:1183) | > CLOSE 1000 (OK) [2 bytes]
[2025-11-24 00:50:56,525.525] DEBUG    [MainThread|MainProcess] websockets.client (protocol.py:read_frame:1177) | < CLOSE 1000 (OK) [2 bytes]
[2025-11-24 00:50:56,525.525] DEBUG    [MainThread|MainProcess] websockets.client (protocol.py:connection_lost:1514) | = connection is CLOSED
[2025-11-24 00:50:56,544.544] INFO     [MainThread|MainProcess] Logger (client.py:ncatbot_quick_start:230) | napcat 服务器 ws://localhost:8082 在线, 连接中...
[2025-11-24 00:50:56,545.545] DEBUG    [MainThread|MainProcess] asyncio (proactor_events.py:__init__:630) | Using proactor: IocpProactor
[2025-11-24 00:50:56,547.547] INFO     [MainThread|MainProcess] Logger (client.py:info_subscribe_message_types:149) | 已订阅消息类型:[群聊]->全部消息类型
[2025-11-24 00:50:56,548.548] INFO     [MainThread|MainProcess] Logger (client.py:info_subscribe_message_types:150) | 已订阅消息类型:[私聊]->[]
[2025-11-24 00:50:56,548.548] INFO     [MainThread|MainProcess] PluginLoader (loader.py:load_plugins:237) | 插件目录: d:\1code\qqbot\plugins 不存在......跳过加载插件
[2025-11-24 00:50:56,727.727] DEBUG    [MainThread|MainProcess] websockets.client (protocol.py:__init__:256) | = connection is CONNECTING
[2025-11-24 00:50:56,727.727] DEBUG    [MainThread|MainProcess] websockets.client (client.py:write_http_request:114) | > GET /event HTTP/1.1
[2025-11-24 00:50:56,727.727] DEBUG    [MainThread|MainProcess] websockets.client (client.py:write_http_request:116) | > Host: localhost:8082
[2025-11-24 00:50:56,728.728] DEBUG    [MainThread|MainProcess] websockets.client (client.py:write_http_request:116) | > Upgrade: websocket
[2025-11-24 00:50:56,728.728] DEBUG    [MainThread|MainProcess] websockets.client (client.py:write_http_request:116) | > Connection: Upgrade
[2025-11-24 00:50:56,728.728] DEBUG    [MainThread|MainProcess] websockets.client (client.py:write_http_request:116) | > Sec-WebSocket-Key: xBrTnIVR+Xs2eK9t/7UU9Q==
[2025-11-24 00:50:56,728.728] DEBUG    [MainThread|MainProcess] websockets.client (client.py:write_http_request:116) | > Sec-WebSocket-Version: 13
[2025-11-24 00:50:56,728.728] DEBUG    [MainThread|MainProcess] websockets.client (client.py:write_http_request:116) | > Sec-WebSocket-Extensions: permessage-deflate; client_max_window_bits
[2025-11-24 00:50:56,728.728] DEBUG    [MainThread|MainProcess] websockets.client (client.py:write_http_request:116) | > Content-Type: application/json
[2025-11-24 00:50:56,728.728] DEBUG    [MainThread|MainProcess] websockets.client (client.py:write_http_request:116) | > Authorization: Bearer chcat13201145
[2025-11-24 00:50:56,728.728] DEBUG    [MainThread|MainProcess] websockets.client (client.py:write_http_request:116) | > User-Agent: Python/3.10 websockets/10.4
[2025-11-24 00:50:56,791.791] DEBUG    [MainThread|MainProcess] websockets.client (client.py:read_http_response:147) | < HTTP/1.1 101 Switching Protocols
[2025-11-24 00:50:56,792.792] DEBUG    [MainThread|MainProcess] websockets.client (client.py:read_http_response:149) | < Upgrade: websocket
[2025-11-24 00:50:56,792.792] DEBUG    [MainThread|MainProcess] websockets.client (client.py:read_http_response:149) | < Connection: Upgrade
[2025-11-24 00:50:56,792.792] DEBUG    [MainThread|MainProcess] websockets.client (client.py:read_http_response:149) | < Sec-WebSocket-Accept: qUOelK1NR23cJdNBwk/DIMMqM0E=
[2025-11-24 00:50:56,792.792] DEBUG    [MainThread|MainProcess] websockets.client (protocol.py:connection_open:357) | = connection is OPEN
[2025-11-24 00:50:56,792.792] DEBUG    [MainThread|MainProcess] websockets.client (protocol.py:read_frame:1177) | < TEXT '{"time":1763916656,"self_id":703263936,"post_ty...","sub_type":"connect"}' [115 bytes]
[2025-11-24 00:50:56,792.792] INFO     [MainThread|MainProcess] Logger (connect.py:on_message:41) | 机器人 703263936 成功启动
[2025-11-24 00:50:58,009.009] DEBUG    [MainThread|MainProcess] websockets.client (protocol.py:read_frame:1177) | < TEXT '{"time":1763916658,"self_id":703263936,"post_ty...true},"interval":30000}' [148 bytes]
[2025-11-24 00:50:58,010.010] DEBUG    [MainThread|MainProcess] Logger (connect.py:on_message:43) | {'time': 1763916658, 'self_id': 703263936, 'post_type': 'meta_event', 'meta_event_type': 'heartbeat', 'status': {'online': True, 'good': True}, 'interval': 30000}
[2025-11-24 00:51:02,341.341] DEBUG    [MainThread|MainProcess] websockets.client (protocol.py:read_frame:1177) | < TEXT '{"self_id":703263936,"user_id":1095216448,"time...","group_id":912458345}' [445 bytes]
[2025-11-24 00:51:02,342.342] DEBUG    [MainThread|MainProcess] Logger (client.py:handle_group_event:67) | {'group_id': '912458345', 'user_id': '1095216448', 'message_type': 'group', 'sub_type': 'normal', 'font': '14', 'sender': "{'user_id': 1095216448, 'nickname': '冰如猫', 'card': ''}", 'message_id': '1095726537', 'message_seq': '1095726537', 'real_id': '1095726537', 'message': "[{'type': 'text', 'data': {'text': '2085是什么歌'}}]", 'message_format': 'array'}
[2025-11-24 00:51:02,342.342] INFO     [MainThread|MainProcess] Logger (main.py:on_group_message:34) | {'group_id': '912458345', 'user_id': '1095216448', 'message_type': 'group', 'sub_type': 'normal', 'font': '14', 'sender': "{'user_id': 1095216448, 'nickname': '冰如猫', 'card': ''}", 'message_id': '1095726537', 'message_seq': '1095726537', 'real_id': '1095726537', 'message': "[{'type': 'text', 'data': {'text': '2085是什么歌'}}]", 'message_format': 'array'}
[2025-11-24 00:51:02,345.345] DEBUG    [MainThread|MainProcess] urllib3.connectionpool (connectionpool.py:_new_conn:1022) | Starting new HTTPS connection (1): maimai.lxns.net:443
[2025-11-24 00:51:02,711.711] DEBUG    [MainThread|MainProcess] urllib3.connectionpool (connectionpool.py:_make_request:475) | https://maimai.lxns.net:443 "GET /api/v0/chunithm/song/list?notes=true HTTP/1.1" 200 None
[2025-11-24 00:51:03,878.878] DEBUG    [MainThread|MainProcess] urllib3.connectionpool (connectionpool.py:_new_conn:1022) | Starting new HTTPS connection (1): maimai.lxns.net:443
[2025-11-24 00:51:04,075.075] DEBUG    [MainThread|MainProcess] urllib3.connectionpool (connectionpool.py:_make_request:475) | https://maimai.lxns.net:443 "GET /api/v0/chunithm/alias/list HTTP/1.1" 200 None
[2025-11-24 00:51:05,364.364] DEBUG    [MainThread|MainProcess] websockets.client (protocol.py:__init__:256) | = connection is CONNECTING
[2025-11-24 00:51:05,364.364] DEBUG    [MainThread|MainProcess] websockets.client (client.py:write_http_request:114) | > GET /api HTTP/1.1
[2025-11-24 00:51:05,364.364] DEBUG    [MainThread|MainProcess] websockets.client (client.py:write_http_request:116) | > Host: localhost:8082
[2025-11-24 00:51:05,365.365] DEBUG    [MainThread|MainProcess] websockets.client (client.py:write_http_request:116) | > Upgrade: websocket
[2025-11-24 00:51:05,365.365] DEBUG    [MainThread|MainProcess] websockets.client (client.py:write_http_request:116) | > Connection: Upgrade
[2025-11-24 00:51:05,365.365] DEBUG    [MainThread|MainProcess] websockets.client (client.py:write_http_request:116) | > Sec-WebSocket-Key: Ydg58w/9HEjXaGAvJDVevA==
[2025-11-24 00:51:05,365.365] DEBUG    [MainThread|MainProcess] websockets.client (client.py:write_http_request:116) | > Sec-WebSocket-Version: 13
[2025-11-24 00:51:05,365.365] DEBUG    [MainThread|MainProcess] websockets.client (client.py:write_http_request:116) | > Sec-WebSocket-Extensions: permessage-deflate; client_max_window_bits
[2025-11-24 00:51:05,365.365] DEBUG    [MainThread|MainProcess] websockets.client (client.py:write_http_request:116) | > Content-Type: application/json
[2025-11-24 00:51:05,365.365] DEBUG    [MainThread|MainProcess] websockets.client (client.py:write_http_request:116) | > Authorization: Bearer chcat13201145
[2025-11-24 00:51:05,365.365] DEBUG    [MainThread|MainProcess] websockets.client (client.py:write_http_request:116) | > User-Agent: Python/3.10 websockets/10.4
[2025-11-24 00:51:05,369.369] DEBUG    [MainThread|MainProcess] websockets.client (client.py:read_http_response:147) | < HTTP/1.1 101 Switching Protocols
[2025-11-24 00:51:05,369.369] DEBUG    [MainThread|MainProcess] websockets.client (client.py:read_http_response:149) | < Upgrade: websocket
[2025-11-24 00:51:05,369.369] DEBUG    [MainThread|MainProcess] websockets.client (client.py:read_http_response:149) | < Connection: Upgrade
[2025-11-24 00:51:05,369.369] DEBUG    [MainThread|MainProcess] websockets.client (client.py:read_http_response:149) | < Sec-WebSocket-Accept: lGv+x45F8JmMHY8tcwDYNCwYZyE=
[2025-11-24 00:51:05,370.370] DEBUG    [MainThread|MainProcess] websockets.client (protocol.py:connection_open:357) | = connection is OPEN
[2025-11-24 00:51:05,370.370] DEBUG    [MainThread|MainProcess] websockets.client (protocol.py:write_frame_sync:1183) | > TEXT '{"action": "send_group_msg", "params": {"group_...]}, "echo": 1763916665}' [563 bytes]
[2025-11-24 00:51:06,062.062] DEBUG    [MainThread|MainProcess] websockets.client (protocol.py:read_frame:1177) | < TEXT '{"status":"ok","retcode":0,"data":{"message_id"...":"","echo":1763916665}' [102 bytes]
[2025-11-24 00:51:06,062.062] DEBUG    [MainThread|MainProcess] websockets.client (protocol.py:write_close_frame:1232) | = connection is CLOSING
[2025-11-24 00:51:06,063.063] DEBUG    [MainThread|MainProcess] websockets.client (protocol.py:write_frame_sync:1183) | > CLOSE 1000 (OK) [2 bytes]
[2025-11-24 00:51:06,095.095] DEBUG    [MainThread|MainProcess] websockets.client (protocol.py:read_frame:1177) | < CLOSE 1000 (OK) [2 bytes]
[2025-11-24 00:51:06,095.095] DEBUG    [MainThread|MainProcess] websockets.client (protocol.py:connection_lost:1514) | = connection is CLOSED
[2025-11-24 00:51:06,096.096] DEBUG    [MainThread|MainProcess] Logger (api.py:check_and_log:32) | {'status': 'ok', 'retcode': 0, 'data': {'message_id': 65771712}, 'message': '', 'wording': '', 'echo': 1763916665}
[2025-11-24 00:51:06,393.393] DEBUG    [MainThread|MainProcess] httpcore.connection (_trace.py:trace:47) | connect_tcp.started host='assets2.lxns.net' port=443 local_address=None timeout=5.0 socket_options=None
[2025-11-24 00:51:06,469.469] DEBUG    [MainThread|MainProcess] httpcore.connection (_trace.py:trace:47) | connect_tcp.complete return_value=<httpcore._backends.sync.SyncStream object at 0x000001F97F876B90>
[2025-11-24 00:51:06,469.469] DEBUG    [MainThread|MainProcess] httpcore.connection (_trace.py:trace:47) | start_tls.started ssl_context=<ssl.SSLContext object at 0x000001F97F127DC0> server_hostname='assets2.lxns.net' timeout=5.0
[2025-11-24 00:51:06,489.489] DEBUG    [MainThread|MainProcess] httpcore.connection (_trace.py:trace:47) | start_tls.complete return_value=<httpcore._backends.sync.SyncStream object at 0x000001F97F876B60>
[2025-11-24 00:51:06,489.489] DEBUG    [MainThread|MainProcess] httpcore.http11 (_trace.py:trace:47) | send_request_headers.started request=<Request [b'GET']>
[2025-11-24 00:51:06,491.491] DEBUG    [MainThread|MainProcess] httpcore.http11 (_trace.py:trace:47) | send_request_headers.complete
[2025-11-24 00:51:06,491.491] DEBUG    [MainThread|MainProcess] httpcore.http11 (_trace.py:trace:47) | send_request_body.started request=<Request [b'GET']>
[2025-11-24 00:51:06,491.491] DEBUG    [MainThread|MainProcess] httpcore.http11 (_trace.py:trace:47) | send_request_body.complete
[2025-11-24 00:51:06,491.491] DEBUG    [MainThread|MainProcess] httpcore.http11 (_trace.py:trace:47) | receive_response_headers.started request=<Request [b'GET']>
[2025-11-24 00:51:06,508.508] DEBUG    [MainThread|MainProcess] httpcore.http11 (_trace.py:trace:47) | receive_response_headers.complete return_value=(b'HTTP/1.1', 200, b'OK', [(b'Content-Type', b'text/html'), (b'Set-Cookie', b'path=/'), (b'Content-Length', b'988'), (b'Connection', b'keep-alive'), (b'Server', b'EdgeOne_IS_OC'), (b'Date', b'Sun, 23 Nov 2025 16:51:06 GMT'), (b'EO-LOG-UUID', b'7486992397557377321'), (b'Cache-Control', b'max-age=3600')])
[2025-11-24 00:51:06,509.509] INFO     [MainThread|MainProcess] httpx (_client.py:_send_single_request:1025) | HTTP Request: GET https://assets2.lxns.net/chunithm/jacket/1100.png "HTTP/1.1 200 OK"
[2025-11-24 00:51:06,509.509] DEBUG    [MainThread|MainProcess] httpcore.http11 (_trace.py:trace:47) | receive_response_body.started request=<Request [b'GET']>
[2025-11-24 00:51:06,509.509] DEBUG    [MainThread|MainProcess] httpcore.http11 (_trace.py:trace:47) | receive_response_body.complete
[2025-11-24 00:51:06,510.510] DEBUG    [MainThread|MainProcess] httpcore.http11 (_trace.py:trace:47) | response_closed.started
[2025-11-24 00:51:06,510.510] DEBUG    [MainThread|MainProcess] httpcore.http11 (_trace.py:trace:47) | response_closed.complete
[2025-11-24 00:51:06,510.510] DEBUG    [MainThread|MainProcess] httpcore.connection (_trace.py:trace:47) | close.started
[2025-11-24 00:51:06,510.510] DEBUG    [MainThread|MainProcess] httpcore.connection (_trace.py:trace:47) | close.complete
[2025-11-24 00:51:06,512.512] DEBUG    [MainThread|MainProcess] websockets.client (protocol.py:__init__:256) | = connection is CONNECTING
[2025-11-24 00:51:06,513.513] DEBUG    [MainThread|MainProcess] websockets.client (client.py:write_http_request:114) | > GET /api HTTP/1.1
[2025-11-24 00:51:06,513.513] DEBUG    [MainThread|MainProcess] websockets.client (client.py:write_http_request:116) | > Host: localhost:8082
[2025-11-24 00:51:06,513.513] DEBUG    [MainThread|MainProcess] websockets.client (client.py:write_http_request:116) | > Upgrade: websocket
[2025-11-24 00:51:06,513.513] DEBUG    [MainThread|MainProcess] websockets.client (client.py:write_http_request:116) | > Connection: Upgrade
[2025-11-24 00:51:06,513.513] DEBUG    [MainThread|MainProcess] websockets.client (client.py:write_http_request:116) | > Sec-WebSocket-Key: MLpAtQoUevmk8kmmVAOyDw==
[2025-11-24 00:51:06,513.513] DEBUG    [MainThread|MainProcess] websockets.client (client.py:write_http_request:116) | > Sec-WebSocket-Version: 13
[2025-11-24 00:51:06,513.513] DEBUG    [MainThread|MainProcess] websockets.client (client.py:write_http_request:116) | > Sec-WebSocket-Extensions: permessage-deflate; client_max_window_bits
[2025-11-24 00:51:06,514.514] DEBUG    [MainThread|MainProcess] websockets.client (client.py:write_http_request:116) | > Content-Type: application/json
[2025-11-24 00:51:06,514.514] DEBUG    [MainThread|MainProcess] websockets.client (client.py:write_http_request:116) | > Authorization: Bearer chcat13201145
[2025-11-24 00:51:06,514.514] DEBUG    [MainThread|MainProcess] websockets.client (client.py:write_http_request:116) | > User-Agent: Python/3.10 websockets/10.4
[2025-11-24 00:51:06,702.702] DEBUG    [MainThread|MainProcess] websockets.client (client.py:read_http_response:147) | < HTTP/1.1 101 Switching Protocols
[2025-11-24 00:51:06,702.702] DEBUG    [MainThread|MainProcess] websockets.client (client.py:read_http_response:149) | < Upgrade: websocket
[2025-11-24 00:51:06,702.702] DEBUG    [MainThread|MainProcess] websockets.client (client.py:read_http_response:149) | < Connection: Upgrade
[2025-11-24 00:51:06,703.703] DEBUG    [MainThread|MainProcess] websockets.client (client.py:read_http_response:149) | < Sec-WebSocket-Accept: fql4NAbwjEAW+hUcmbsp7FFhFwk=
[2025-11-24 00:51:06,703.703] DEBUG    [MainThread|MainProcess] websockets.client (protocol.py:connection_open:357) | = connection is OPEN
[2025-11-24 00:51:06,703.703] DEBUG    [MainThread|MainProcess] websockets.client (protocol.py:write_frame_sync:1183) | > TEXT '{"action": "send_group_msg", "params": {"group_...]}, "echo": 1763916666}' [1466 bytes]
[2025-11-24 00:51:09,930.930] DEBUG    [MainThread|MainProcess] websockets.client (protocol.py:read_frame:1177) | < TEXT '{"status":"failed","retcode":1200,"data":null,"...\\n","echo":1763916666}' [526 bytes]
[2025-11-24 00:51:09,932.932] DEBUG    [MainThread|MainProcess] websockets.client (protocol.py:write_close_frame:1232) | = connection is CLOSING
[2025-11-24 00:51:09,933.933] DEBUG    [MainThread|MainProcess] websockets.client (protocol.py:write_frame_sync:1183) | > CLOSE 1000 (OK) [2 bytes]
[2025-11-24 00:51:09,935.935] DEBUG    [MainThread|MainProcess] websockets.client (protocol.py:read_frame:1177) | < CLOSE 1000 (OK) [2 bytes]
[2025-11-24 00:51:09,936.936] DEBUG    [MainThread|MainProcess] websockets.client (protocol.py:connection_lost:1514) | = connection is CLOSED
[2025-11-24 00:51:09,937.937] WARNING  [MainThread|MainProcess] Logger (api.py:check_and_log:34) | {'status': 'failed', 'retcode': 1200, 'data': None, 'message': 'EventChecker Failed: NTEvent serviceAndMethod:NodeIKernelMsgService/sendMsg ListenerName:NodeIKernelMsgListener/onMsgInfoListUpdate EventRet:\n{\n    "result": -1,\n    "errMsg": "rich media transfer failed"\n}\n', 'wording': 'EventChecker Failed: NTEvent serviceAndMethod:NodeIKernelMsgService/sendMsg ListenerName:NodeIKernelMsgListener/onMsgInfoListUpdate EventRet:\n{\n    "result": -1,\n    "errMsg": "rich media transfer failed"\n}\n', 'echo': 1763916666}
[2025-11-24 00:51:28,014.014] DEBUG    [MainThread|MainProcess] websockets.client (protocol.py:read_frame:1177) | < TEXT '{"time":1763916688,"self_id":703263936,"post_ty...true},"interval":30000}' [148 bytes]
[2025-11-24 00:51:28,015.015] DEBUG    [MainThread|MainProcess] Logger (connect.py:on_message:43) | {'time': 1763916688, 'self_id': 703263936, 'post_type': 'meta_event', 'meta_event_type': 'heartbeat', 'status': {'online': True, 'good': True}, 'interval': 30000}
[2025-11-24 00:53:13,897.897] INFO     [MainThread|MainProcess] Logger (client.py:check_config:41) | [BOTQQ]: 703263936 | [WSURI]: ws://localhost:8082 | [TOKEN]: chcat13201145
[2025-11-24 00:53:13,900.900] DEBUG    [MainThread|MainProcess] Logger (event.py:_load_access:289) | 加载权限
[2025-11-24 00:53:13,901.901] WARNING  [MainThread|MainProcess] Logger (event.py:_load_access:295) | 权限文件不存在, 将创建新的权限文件
[2025-11-24 00:53:13,902.902] WARNING  [MainThread|MainProcess] Logger (event.py:_load_access:300) | 权限文件不存在, 将创建新的权限文件
[2025-11-24 00:53:18,000.000] DEBUG    [MainThread|MainProcess] urllib3.connectionpool (connectionpool.py:_new_conn:1022) | Starting new HTTPS connection (1): pypi.org:443
[2025-11-24 00:53:18,315.315] DEBUG    [MainThread|MainProcess] urllib3.connectionpool (connectionpool.py:_make_request:475) | https://pypi.org:443 "GET /pypi/ncatbot/json HTTP/1.1" 200 55853
[2025-11-24 00:53:18,427.427] WARNING  [MainThread|MainProcess] Logger (env_checker.py:check_version:127) | NcatBot 有可用更新！
[2025-11-24 00:53:18,427.427] INFO     [MainThread|MainProcess] Logger (env_checker.py:check_version:128) | 若使用 main.exe 或者 NcatBot CLI 启动, CLI 输入 update 即可更新
[2025-11-24 00:53:18,427.427] INFO     [MainThread|MainProcess] Logger (env_checker.py:check_version:129) | 若手动安装, 推荐您使用以下命令更新: pip install --upgrade ncatbot
[2025-11-24 00:53:18,427.427] DEBUG    [MainThread|MainProcess] asyncio (proactor_events.py:__init__:630) | Using proactor: IocpProactor
[2025-11-24 00:53:18,469.469] DEBUG    [MainThread|MainProcess] websockets.client (protocol.py:__init__:256) | = connection is CONNECTING
[2025-11-24 00:53:18,471.471] DEBUG    [MainThread|MainProcess] websockets.client (client.py:write_http_request:114) | > GET / HTTP/1.1
[2025-11-24 00:53:18,472.472] DEBUG    [MainThread|MainProcess] websockets.client (client.py:write_http_request:116) | > Host: localhost:8082
[2025-11-24 00:53:18,472.472] DEBUG    [MainThread|MainProcess] websockets.client (client.py:write_http_request:116) | > Upgrade: websocket
[2025-11-24 00:53:18,472.472] DEBUG    [MainThread|MainProcess] websockets.client (client.py:write_http_request:116) | > Connection: Upgrade
[2025-11-24 00:53:18,472.472] DEBUG    [MainThread|MainProcess] websockets.client (client.py:write_http_request:116) | > Sec-WebSocket-Key: xZAKRFCNW6iUh9KXFQcnSw==
[2025-11-24 00:53:18,473.473] DEBUG    [MainThread|MainProcess] websockets.client (client.py:write_http_request:116) | > Sec-WebSocket-Version: 13
[2025-11-24 00:53:18,473.473] DEBUG    [MainThread|MainProcess] websockets.client (client.py:write_http_request:116) | > Sec-WebSocket-Extensions: permessage-deflate; client_max_window_bits
[2025-11-24 00:53:18,473.473] DEBUG    [MainThread|MainProcess] websockets.client (client.py:write_http_request:116) | > Content-Type: application/json
[2025-11-24 00:53:18,473.473] DEBUG    [MainThread|MainProcess] websockets.client (client.py:write_http_request:116) | > Authorization: Bearer chcat13201145
[2025-11-24 00:53:18,473.473] DEBUG    [MainThread|MainProcess] websockets.client (client.py:write_http_request:116) | > User-Agent: Python/3.10 websockets/10.4
[2025-11-24 00:53:18,476.476] DEBUG    [MainThread|MainProcess] websockets.client (client.py:read_http_response:147) | < HTTP/1.1 101 Switching Protocols
[2025-11-24 00:53:18,476.476] DEBUG    [MainThread|MainProcess] websockets.client (client.py:read_http_response:149) | < Upgrade: websocket
[2025-11-24 00:53:18,477.477] DEBUG    [MainThread|MainProcess] websockets.client (client.py:read_http_response:149) | < Connection: Upgrade
[2025-11-24 00:53:18,477.477] DEBUG    [MainThread|MainProcess] websockets.client (client.py:read_http_response:149) | < Sec-WebSocket-Accept: Ua1esw3z+BuyAal5BR0MV7di88Y=
[2025-11-24 00:53:18,477.477] DEBUG    [MainThread|MainProcess] websockets.client (protocol.py:connection_open:357) | = connection is OPEN
[2025-11-24 00:53:18,478.478] INFO     [MainThread|MainProcess] Logger (wsroute.py:check_websocket:30) | WebSocket ws://localhost:8082 可用.
[2025-11-24 00:53:18,478.478] DEBUG    [MainThread|MainProcess] websockets.client (protocol.py:read_frame:1177) | < TEXT '{"time":1763916798,"self_id":703263936,"post_ty...","sub_type":"connect"}' [115 bytes]
[2025-11-24 00:53:18,478.478] DEBUG    [MainThread|MainProcess] websockets.client (protocol.py:write_close_frame:1232) | = connection is CLOSING
[2025-11-24 00:53:18,479.479] DEBUG    [MainThread|MainProcess] websockets.client (protocol.py:write_frame_sync:1183) | > CLOSE 1000 (OK) [2 bytes]
[2025-11-24 00:53:18,481.481] DEBUG    [MainThread|MainProcess] websockets.client (protocol.py:read_frame:1177) | < CLOSE 1000 (OK) [2 bytes]
[2025-11-24 00:53:18,482.482] DEBUG    [MainThread|MainProcess] websockets.client (protocol.py:connection_lost:1514) | = connection is CLOSED
[2025-11-24 00:53:18,501.501] INFO     [MainThread|MainProcess] Logger (client.py:ncatbot_quick_start:230) | napcat 服务器 ws://localhost:8082 在线, 连接中...
[2025-11-24 00:53:18,502.502] DEBUG    [MainThread|MainProcess] asyncio (proactor_events.py:__init__:630) | Using proactor: IocpProactor
[2025-11-24 00:53:18,505.505] INFO     [MainThread|MainProcess] Logger (client.py:info_subscribe_message_types:149) | 已订阅消息类型:[群聊]->全部消息类型
[2025-11-24 00:53:18,505.505] INFO     [MainThread|MainProcess] Logger (client.py:info_subscribe_message_types:150) | 已订阅消息类型:[私聊]->[]
[2025-11-24 00:53:18,506.506] INFO     [MainThread|MainProcess] PluginLoader (loader.py:load_plugins:237) | 插件目录: d:\1code\qqbot\plugins 不存在......跳过加载插件
[2025-11-24 00:53:18,568.568] DEBUG    [MainThread|MainProcess] websockets.client (protocol.py:__init__:256) | = connection is CONNECTING
[2025-11-24 00:53:18,570.570] DEBUG    [MainThread|MainProcess] websockets.client (client.py:write_http_request:114) | > GET /event HTTP/1.1
[2025-11-24 00:53:18,570.570] DEBUG    [MainThread|MainProcess] websockets.client (client.py:write_http_request:116) | > Host: localhost:8082
[2025-11-24 00:53:18,570.570] DEBUG    [MainThread|MainProcess] websockets.client (client.py:write_http_request:116) | > Upgrade: websocket
[2025-11-24 00:53:18,570.570] DEBUG    [MainThread|MainProcess] websockets.client (client.py:write_http_request:116) | > Connection: Upgrade
[2025-11-24 00:53:18,570.570] DEBUG    [MainThread|MainProcess] websockets.client (client.py:write_http_request:116) | > Sec-WebSocket-Key: viRW47Zj234UyouOMgzbTA==
[2025-11-24 00:53:18,571.571] DEBUG    [MainThread|MainProcess] websockets.client (client.py:write_http_request:116) | > Sec-WebSocket-Version: 13
[2025-11-24 00:53:18,571.571] DEBUG    [MainThread|MainProcess] websockets.client (client.py:write_http_request:116) | > Sec-WebSocket-Extensions: permessage-deflate; client_max_window_bits
[2025-11-24 00:53:18,571.571] DEBUG    [MainThread|MainProcess] websockets.client (client.py:write_http_request:116) | > Content-Type: application/json
[2025-11-24 00:53:18,571.571] DEBUG    [MainThread|MainProcess] websockets.client (client.py:write_http_request:116) | > Authorization: Bearer chcat13201145
[2025-11-24 00:53:18,571.571] DEBUG    [MainThread|MainProcess] websockets.client (client.py:write_http_request:116) | > User-Agent: Python/3.10 websockets/10.4
[2025-11-24 00:53:18,573.573] DEBUG    [MainThread|MainProcess] websockets.client (client.py:read_http_response:147) | < HTTP/1.1 101 Switching Protocols
[2025-11-24 00:53:18,574.574] DEBUG    [MainThread|MainProcess] websockets.client (client.py:read_http_response:149) | < Upgrade: websocket
[2025-11-24 00:53:18,574.574] DEBUG    [MainThread|MainProcess] websockets.client (client.py:read_http_response:149) | < Connection: Upgrade
[2025-11-24 00:53:18,574.574] DEBUG    [MainThread|MainProcess] websockets.client (client.py:read_http_response:149) | < Sec-WebSocket-Accept: BQHhVNx3CwGgq/0YALeRMbYT3wQ=
[2025-11-24 00:53:18,574.574] DEBUG    [MainThread|MainProcess] websockets.client (protocol.py:connection_open:357) | = connection is OPEN
[2025-11-24 00:53:18,574.574] DEBUG    [MainThread|MainProcess] websockets.client (protocol.py:read_frame:1177) | < TEXT '{"time":1763916798,"self_id":703263936,"post_ty...","sub_type":"connect"}' [115 bytes]
[2025-11-24 00:53:18,575.575] INFO     [MainThread|MainProcess] Logger (connect.py:on_message:41) | 机器人 703263936 成功启动
[2025-11-24 00:53:28,049.049] DEBUG    [MainThread|MainProcess] websockets.client (protocol.py:read_frame:1177) | < TEXT '{"time":1763916808,"self_id":703263936,"post_ty...true},"interval":30000}' [148 bytes]
[2025-11-24 00:53:28,050.050] DEBUG    [MainThread|MainProcess] Logger (connect.py:on_message:43) | {'time': 1763916808, 'self_id': 703263936, 'post_type': 'meta_event', 'meta_event_type': 'heartbeat', 'status': {'online': True, 'good': True}, 'interval': 30000}
[2025-11-24 00:53:29,903.903] DEBUG    [MainThread|MainProcess] websockets.client (protocol.py:read_frame:1177) | < TEXT '{"self_id":703263936,"user_id":1095216448,"time...","group_id":912458345}' [435 bytes]
[2025-11-24 00:53:29,904.904] DEBUG    [MainThread|MainProcess] Logger (client.py:handle_group_event:67) | {'group_id': '912458345', 'user_id': '1095216448', 'message_type': 'group', 'sub_type': 'normal', 'font': '14', 'sender': "{'user_id': 1095216448, 'nickname': '冰如猫', 'card': ''}", 'message_id': '2068543999', 'message_seq': '2068543999', 'real_id': '2068543999', 'message': "[{'type': 'text', 'data': {'text': '搜歌 2085'}}]", 'message_format': 'array'}
[2025-11-24 00:53:29,904.904] INFO     [MainThread|MainProcess] Logger (main.py:on_group_message:34) | {'group_id': '912458345', 'user_id': '1095216448', 'message_type': 'group', 'sub_type': 'normal', 'font': '14', 'sender': "{'user_id': 1095216448, 'nickname': '冰如猫', 'card': ''}", 'message_id': '2068543999', 'message_seq': '2068543999', 'real_id': '2068543999', 'message': "[{'type': 'text', 'data': {'text': '搜歌 2085'}}]", 'message_format': 'array'}
[2025-11-24 00:53:29,907.907] DEBUG    [MainThread|MainProcess] urllib3.connectionpool (connectionpool.py:_new_conn:1022) | Starting new HTTPS connection (1): chunithm.sega.jp:443
[2025-11-24 00:53:30,380.380] DEBUG    [MainThread|MainProcess] urllib3.connectionpool (connectionpool.py:_make_request:475) | https://chunithm.sega.jp:443 "GET /storage/json/music.json HTTP/1.1" 200 None
[2025-11-24 00:53:31,627.627] DEBUG    [MainThread|MainProcess] httpcore.connection (_trace.py:trace:47) | connect_tcp.started host='new.chunithm-net.com' port=443 local_address=None timeout=5.0 socket_options=None
[2025-11-24 00:53:32,346.346] DEBUG    [MainThread|MainProcess] httpcore.connection (_trace.py:trace:47) | connect_tcp.complete return_value=<httpcore._backends.sync.SyncStream object at 0x0000029F8F22EB60>
[2025-11-24 00:53:32,346.346] DEBUG    [MainThread|MainProcess] httpcore.connection (_trace.py:trace:47) | start_tls.started ssl_context=<ssl.SSLContext object at 0x0000029F8F117CC0> server_hostname='new.chunithm-net.com' timeout=5.0
[2025-11-24 00:53:32,608.608] DEBUG    [MainThread|MainProcess] httpcore.connection (_trace.py:trace:47) | start_tls.complete return_value=<httpcore._backends.sync.SyncStream object at 0x0000029F8F22EB30>
[2025-11-24 00:53:32,608.608] DEBUG    [MainThread|MainProcess] httpcore.http11 (_trace.py:trace:47) | send_request_headers.started request=<Request [b'GET']>
[2025-11-24 00:53:32,608.608] DEBUG    [MainThread|MainProcess] httpcore.http11 (_trace.py:trace:47) | send_request_headers.complete
[2025-11-24 00:53:32,609.609] DEBUG    [MainThread|MainProcess] httpcore.http11 (_trace.py:trace:47) | send_request_body.started request=<Request [b'GET']>
[2025-11-24 00:53:32,609.609] DEBUG    [MainThread|MainProcess] httpcore.http11 (_trace.py:trace:47) | send_request_body.complete
[2025-11-24 00:53:32,609.609] DEBUG    [MainThread|MainProcess] httpcore.http11 (_trace.py:trace:47) | receive_response_headers.started request=<Request [b'GET']>
[2025-11-24 00:53:32,734.734] DEBUG    [MainThread|MainProcess] httpcore.http11 (_trace.py:trace:47) | receive_response_headers.complete return_value=(b'HTTP/1.1', 200, b'OK', [(b'server', b'nginx'), (b'date', b'Sun, 23 Nov 2025 16:53:32 GMT'), (b'content-type', b'image/jpeg'), (b'content-length', b'15559'), (b'last-modified', b'Wed, 07 Feb 2024 19:06:02 GMT'), (b'expires', b'Mon, 24 Nov 2025 16:53:32 GMT'), (b'cache-control', b'max-age=86400'), (b'x-xss-protection', b'1; mode=block'), (b'strict-transport-security', b'max-age=31536000; includeSubDomains'), (b'x-frame-options', b'SAMEORIGIN'), (b'x-content-type-options', b'nosniff'), (b'accept-ranges', b'bytes'), (b'pragma', b'no-cache'), (b'cache-control', b'private, max-age-0, no-cache, no-store')])
[2025-11-24 00:53:32,735.735] INFO     [MainThread|MainProcess] httpx (_client.py:_send_single_request:1025) | HTTP Request: GET https://new.chunithm-net.com/chuni-mobile/html/mobile/img/1be50e1bc79b6c74.jpg "HTTP/1.1 200 OK"
[2025-11-24 00:53:32,735.735] DEBUG    [MainThread|MainProcess] httpcore.http11 (_trace.py:trace:47) | receive_response_body.started request=<Request [b'GET']>
[2025-11-24 00:53:32,859.859] DEBUG    [MainThread|MainProcess] httpcore.http11 (_trace.py:trace:47) | receive_response_body.complete
[2025-11-24 00:53:32,859.859] DEBUG    [MainThread|MainProcess] httpcore.http11 (_trace.py:trace:47) | response_closed.started
[2025-11-24 00:53:32,860.860] DEBUG    [MainThread|MainProcess] httpcore.http11 (_trace.py:trace:47) | response_closed.complete
[2025-11-24 00:53:32,860.860] DEBUG    [MainThread|MainProcess] httpcore.connection (_trace.py:trace:47) | close.started
[2025-11-24 00:53:32,860.860] DEBUG    [MainThread|MainProcess] httpcore.connection (_trace.py:trace:47) | close.complete
[2025-11-24 00:53:32,879.879] DEBUG    [MainThread|MainProcess] websockets.client (protocol.py:__init__:256) | = connection is CONNECTING
[2025-11-24 00:53:32,880.880] DEBUG    [MainThread|MainProcess] websockets.client (client.py:write_http_request:114) | > GET /api HTTP/1.1
[2025-11-24 00:53:32,880.880] DEBUG    [MainThread|MainProcess] websockets.client (client.py:write_http_request:116) | > Host: localhost:8082
[2025-11-24 00:53:32,880.880] DEBUG    [MainThread|MainProcess] websockets.client (client.py:write_http_request:116) | > Upgrade: websocket
[2025-11-24 00:53:32,880.880] DEBUG    [MainThread|MainProcess] websockets.client (client.py:write_http_request:116) | > Connection: Upgrade
[2025-11-24 00:53:32,880.880] DEBUG    [MainThread|MainProcess] websockets.client (client.py:write_http_request:116) | > Sec-WebSocket-Key: DdLLpCTPx/RORNYD4WGa9w==
[2025-11-24 00:53:32,880.880] DEBUG    [MainThread|MainProcess] websockets.client (client.py:write_http_request:116) | > Sec-WebSocket-Version: 13
[2025-11-24 00:53:32,880.880] DEBUG    [MainThread|MainProcess] websockets.client (client.py:write_http_request:116) | > Sec-WebSocket-Extensions: permessage-deflate; client_max_window_bits
[2025-11-24 00:53:32,880.880] DEBUG    [MainThread|MainProcess] websockets.client (client.py:write_http_request:116) | > Content-Type: application/json
[2025-11-24 00:53:32,880.880] DEBUG    [MainThread|MainProcess] websockets.client (client.py:write_http_request:116) | > Authorization: Bearer chcat13201145
[2025-11-24 00:53:32,880.880] DEBUG    [MainThread|MainProcess] websockets.client (client.py:write_http_request:116) | > User-Agent: Python/3.10 websockets/10.4
[2025-11-24 00:53:32,992.992] DEBUG    [MainThread|MainProcess] websockets.client (client.py:read_http_response:147) | < HTTP/1.1 101 Switching Protocols
[2025-11-24 00:53:32,992.992] DEBUG    [MainThread|MainProcess] websockets.client (client.py:read_http_response:149) | < Upgrade: websocket
[2025-11-24 00:53:32,992.992] DEBUG    [MainThread|MainProcess] websockets.client (client.py:read_http_response:149) | < Connection: Upgrade
[2025-11-24 00:53:32,992.992] DEBUG    [MainThread|MainProcess] websockets.client (client.py:read_http_response:149) | < Sec-WebSocket-Accept: k2zlMcGzp8S8bmHPmV/Mw9ZpUkY=
[2025-11-24 00:53:32,992.992] DEBUG    [MainThread|MainProcess] websockets.client (protocol.py:connection_open:357) | = connection is OPEN
[2025-11-24 00:53:32,993.993] DEBUG    [MainThread|MainProcess] websockets.client (protocol.py:write_frame_sync:1183) | > TEXT '{"action": "send_group_msg", "params": {"group_...]}, "echo": 1763916812}' [21147 bytes]
[2025-11-24 00:53:34,906.906] DEBUG    [MainThread|MainProcess] websockets.client (protocol.py:read_frame:1177) | < TEXT '{"status":"ok","retcode":0,"data":{"message_id"...":"","echo":1763916812}' [103 bytes]
[2025-11-24 00:53:34,906.906] DEBUG    [MainThread|MainProcess] websockets.client (protocol.py:write_close_frame:1232) | = connection is CLOSING
[2025-11-24 00:53:34,906.906] DEBUG    [MainThread|MainProcess] websockets.client (protocol.py:write_frame_sync:1183) | > CLOSE 1000 (OK) [2 bytes]
[2025-11-24 00:53:34,958.958] DEBUG    [MainThread|MainProcess] websockets.client (protocol.py:read_frame:1177) | < CLOSE 1000 (OK) [2 bytes]
[2025-11-24 00:53:34,959.959] DEBUG    [MainThread|MainProcess] websockets.client (protocol.py:connection_lost:1514) | = connection is CLOSED
[2025-11-24 00:53:34,960.960] DEBUG    [MainThread|MainProcess] Logger (api.py:check_and_log:32) | {'status': 'ok', 'retcode': 0, 'data': {'message_id': 222514969}, 'message': '', 'wording': '', 'echo': 1763916812}
[2025-11-24 00:53:43,386.386] DEBUG    [MainThread|MainProcess] websockets.client (protocol.py:read_frame:1177) | < TEXT '{"self_id":703263936,"user_id":1095216448,"time...","group_id":912458345}' [431 bytes]
[2025-11-24 00:53:43,387.387] DEBUG    [MainThread|MainProcess] Logger (client.py:handle_group_event:67) | {'group_id': '912458345', 'user_id': '1095216448', 'message_type': 'group', 'sub_type': 'normal', 'font': '14', 'sender': "{'user_id': 1095216448, 'nickname': '冰如猫', 'card': ''}", 'message_id': '1756914843', 'message_seq': '1756914843', 'real_id': '1756914843', 'message': "[{'type': 'text', 'data': {'text': '确定了'}}]", 'message_format': 'array'}
[2025-11-24 00:53:43,388.388] INFO     [MainThread|MainProcess] Logger (main.py:on_group_message:34) | {'group_id': '912458345', 'user_id': '1095216448', 'message_type': 'group', 'sub_type': 'normal', 'font': '14', 'sender': "{'user_id': 1095216448, 'nickname': '冰如猫', 'card': ''}", 'message_id': '1756914843', 'message_seq': '1756914843', 'real_id': '1756914843', 'message': "[{'type': 'text', 'data': {'text': '确定了'}}]", 'message_format': 'array'}
[2025-11-24 00:53:48,309.309] DEBUG    [MainThread|MainProcess] websockets.client (protocol.py:read_frame:1177) | < TEXT '{"self_id":703263936,"user_id":1095216448,"time...","group_id":912458345}' [434 bytes]
[2025-11-24 00:53:48,310.310] DEBUG    [MainThread|MainProcess] Logger (client.py:handle_group_event:67) | {'group_id': '912458345', 'user_id': '1095216448', 'message_type': 'group', 'sub_type': 'normal', 'font': '14', 'sender': "{'user_id': 1095216448, 'nickname': '冰如猫', 'card': ''}", 'message_id': '442210213', 'message_seq': '442210213', 'real_id': '442210213', 'message': "[{'type': 'text', 'data': {'text': 'api的问题'}}]", 'message_format': 'array'}
[2025-11-24 00:53:48,310.310] INFO     [MainThread|MainProcess] Logger (main.py:on_group_message:34) | {'group_id': '912458345', 'user_id': '1095216448', 'message_type': 'group', 'sub_type': 'normal', 'font': '14', 'sender': "{'user_id': 1095216448, 'nickname': '冰如猫', 'card': ''}", 'message_id': '442210213', 'message_seq': '442210213', 'real_id': '442210213', 'message': "[{'type': 'text', 'data': {'text': 'api的问题'}}]", 'message_format': 'array'}
[2025-11-24 00:53:58,066.066] DEBUG    [MainThread|MainProcess] websockets.client (protocol.py:read_frame:1177) | < TEXT '{"time":1763916838,"self_id":703263936,"post_ty...true},"interval":30000}' [148 bytes]
[2025-11-24 00:53:58,067.067] DEBUG    [MainThread|MainProcess] Logger (connect.py:on_message:43) | {'time': 1763916838, 'self_id': 703263936, 'post_type': 'meta_event', 'meta_event_type': 'heartbeat', 'status': {'online': True, 'good': True}, 'interval': 30000}
[2025-11-24 00:54:55,982.982] INFO     [MainThread|MainProcess] Logger (client.py:check_config:41) | [BOTQQ]: 703263936 | [WSURI]: ws://localhost:8082 | [TOKEN]: chcat13201145
[2025-11-24 00:54:55,984.984] DEBUG    [MainThread|MainProcess] Logger (event.py:_load_access:289) | 加载权限
[2025-11-24 00:54:55,986.986] WARNING  [MainThread|MainProcess] Logger (event.py:_load_access:295) | 权限文件不存在, 将创建新的权限文件
[2025-11-24 00:54:55,989.989] WARNING  [MainThread|MainProcess] Logger (event.py:_load_access:300) | 权限文件不存在, 将创建新的权限文件
[2025-11-24 00:54:58,232.232] DEBUG    [MainThread|MainProcess] urllib3.connectionpool (connectionpool.py:_new_conn:1022) | Starting new HTTPS connection (1): pypi.org:443
[2025-11-24 00:54:58,591.591] DEBUG    [MainThread|MainProcess] urllib3.connectionpool (connectionpool.py:_make_request:475) | https://pypi.org:443 "GET /pypi/ncatbot/json HTTP/1.1" 200 55853
[2025-11-24 00:54:58,813.813] WARNING  [MainThread|MainProcess] Logger (env_checker.py:check_version:127) | NcatBot 有可用更新！
[2025-11-24 00:54:58,814.814] INFO     [MainThread|MainProcess] Logger (env_checker.py:check_version:128) | 若使用 main.exe 或者 NcatBot CLI 启动, CLI 输入 update 即可更新
[2025-11-24 00:54:58,814.814] INFO     [MainThread|MainProcess] Logger (env_checker.py:check_version:129) | 若手动安装, 推荐您使用以下命令更新: pip install --upgrade ncatbot
[2025-11-24 00:54:58,814.814] DEBUG    [MainThread|MainProcess] asyncio (proactor_events.py:__init__:630) | Using proactor: IocpProactor
[2025-11-24 00:54:58,825.825] DEBUG    [MainThread|MainProcess] websockets.client (protocol.py:__init__:256) | = connection is CONNECTING
[2025-11-24 00:54:58,826.826] DEBUG    [MainThread|MainProcess] websockets.client (client.py:write_http_request:114) | > GET / HTTP/1.1
[2025-11-24 00:54:58,826.826] DEBUG    [MainThread|MainProcess] websockets.client (client.py:write_http_request:116) | > Host: localhost:8082
[2025-11-24 00:54:58,826.826] DEBUG    [MainThread|MainProcess] websockets.client (client.py:write_http_request:116) | > Upgrade: websocket
[2025-11-24 00:54:58,826.826] DEBUG    [MainThread|MainProcess] websockets.client (client.py:write_http_request:116) | > Connection: Upgrade
[2025-11-24 00:54:58,826.826] DEBUG    [MainThread|MainProcess] websockets.client (client.py:write_http_request:116) | > Sec-WebSocket-Key: ztFHA6j2ZkZUnlZGPW7NUA==
[2025-11-24 00:54:58,826.826] DEBUG    [MainThread|MainProcess] websockets.client (client.py:write_http_request:116) | > Sec-WebSocket-Version: 13
[2025-11-24 00:54:58,826.826] DEBUG    [MainThread|MainProcess] websockets.client (client.py:write_http_request:116) | > Sec-WebSocket-Extensions: permessage-deflate; client_max_window_bits
[2025-11-24 00:54:58,827.827] DEBUG    [MainThread|MainProcess] websockets.client (client.py:write_http_request:116) | > Content-Type: application/json
[2025-11-24 00:54:58,827.827] DEBUG    [MainThread|MainProcess] websockets.client (client.py:write_http_request:116) | > Authorization: Bearer chcat13201145
[2025-11-24 00:54:58,827.827] DEBUG    [MainThread|MainProcess] websockets.client (client.py:write_http_request:116) | > User-Agent: Python/3.10 websockets/10.4
[2025-11-24 00:54:58,829.829] DEBUG    [MainThread|MainProcess] websockets.client (client.py:read_http_response:147) | < HTTP/1.1 101 Switching Protocols
[2025-11-24 00:54:58,829.829] DEBUG    [MainThread|MainProcess] websockets.client (client.py:read_http_response:149) | < Upgrade: websocket
[2025-11-24 00:54:58,830.830] DEBUG    [MainThread|MainProcess] websockets.client (client.py:read_http_response:149) | < Connection: Upgrade
[2025-11-24 00:54:58,830.830] DEBUG    [MainThread|MainProcess] websockets.client (client.py:read_http_response:149) | < Sec-WebSocket-Accept: ViFouVSEuX+ivKacVo4flt1r++g=
[2025-11-24 00:54:58,831.831] DEBUG    [MainThread|MainProcess] websockets.client (protocol.py:connection_open:357) | = connection is OPEN
[2025-11-24 00:54:58,831.831] DEBUG    [MainThread|MainProcess] websockets.client (protocol.py:read_frame:1177) | < TEXT '{"time":1763916898,"self_id":703263936,"post_ty...","sub_type":"connect"}' [115 bytes]
[2025-11-24 00:54:58,832.832] INFO     [MainThread|MainProcess] Logger (wsroute.py:check_websocket:30) | WebSocket ws://localhost:8082 可用.
[2025-11-24 00:54:58,832.832] DEBUG    [MainThread|MainProcess] websockets.client (protocol.py:write_close_frame:1232) | = connection is CLOSING
[2025-11-24 00:54:58,832.832] DEBUG    [MainThread|MainProcess] websockets.client (protocol.py:write_frame_sync:1183) | > CLOSE 1000 (OK) [2 bytes]
[2025-11-24 00:54:58,858.858] DEBUG    [MainThread|MainProcess] websockets.client (protocol.py:read_frame:1177) | < CLOSE 1000 (OK) [2 bytes]
[2025-11-24 00:54:58,859.859] DEBUG    [MainThread|MainProcess] websockets.client (protocol.py:connection_lost:1514) | = connection is CLOSED
[2025-11-24 00:54:59,171.171] INFO     [MainThread|MainProcess] Logger (client.py:ncatbot_quick_start:230) | napcat 服务器 ws://localhost:8082 在线, 连接中...
[2025-11-24 00:54:59,172.172] DEBUG    [MainThread|MainProcess] asyncio (proactor_events.py:__init__:630) | Using proactor: IocpProactor
[2025-11-24 00:54:59,173.173] INFO     [MainThread|MainProcess] Logger (client.py:info_subscribe_message_types:149) | 已订阅消息类型:[群聊]->全部消息类型
[2025-11-24 00:54:59,175.175] INFO     [MainThread|MainProcess] Logger (client.py:info_subscribe_message_types:150) | 已订阅消息类型:[私聊]->[]
[2025-11-24 00:54:59,176.176] INFO     [MainThread|MainProcess] PluginLoader (loader.py:load_plugins:237) | 插件目录: d:\1code\qqbot\plugins 不存在......跳过加载插件
[2025-11-24 00:54:59,183.183] DEBUG    [MainThread|MainProcess] websockets.client (protocol.py:__init__:256) | = connection is CONNECTING
[2025-11-24 00:54:59,184.184] DEBUG    [MainThread|MainProcess] websockets.client (client.py:write_http_request:114) | > GET /event HTTP/1.1
[2025-11-24 00:54:59,184.184] DEBUG    [MainThread|MainProcess] websockets.client (client.py:write_http_request:116) | > Host: localhost:8082
[2025-11-24 00:54:59,184.184] DEBUG    [MainThread|MainProcess] websockets.client (client.py:write_http_request:116) | > Upgrade: websocket
[2025-11-24 00:54:59,184.184] DEBUG    [MainThread|MainProcess] websockets.client (client.py:write_http_request:116) | > Connection: Upgrade
[2025-11-24 00:54:59,184.184] DEBUG    [MainThread|MainProcess] websockets.client (client.py:write_http_request:116) | > Sec-WebSocket-Key: 01RoRBvF94Mc9aiJeI8gDA==
[2025-11-24 00:54:59,184.184] DEBUG    [MainThread|MainProcess] websockets.client (client.py:write_http_request:116) | > Sec-WebSocket-Version: 13
[2025-11-24 00:54:59,185.185] DEBUG    [MainThread|MainProcess] websockets.client (client.py:write_http_request:116) | > Sec-WebSocket-Extensions: permessage-deflate; client_max_window_bits
[2025-11-24 00:54:59,185.185] DEBUG    [MainThread|MainProcess] websockets.client (client.py:write_http_request:116) | > Content-Type: application/json
[2025-11-24 00:54:59,185.185] DEBUG    [MainThread|MainProcess] websockets.client (client.py:write_http_request:116) | > Authorization: Bearer chcat13201145
[2025-11-24 00:54:59,185.185] DEBUG    [MainThread|MainProcess] websockets.client (client.py:write_http_request:116) | > User-Agent: Python/3.10 websockets/10.4
[2025-11-24 00:54:59,190.190] DEBUG    [MainThread|MainProcess] websockets.client (client.py:read_http_response:147) | < HTTP/1.1 101 Switching Protocols
[2025-11-24 00:54:59,190.190] DEBUG    [MainThread|MainProcess] websockets.client (client.py:read_http_response:149) | < Upgrade: websocket
[2025-11-24 00:54:59,190.190] DEBUG    [MainThread|MainProcess] websockets.client (client.py:read_http_response:149) | < Connection: Upgrade
[2025-11-24 00:54:59,191.191] DEBUG    [MainThread|MainProcess] websockets.client (client.py:read_http_response:149) | < Sec-WebSocket-Accept: B+BL5bP9flel41U3mGIhJiV7RP4=
[2025-11-24 00:54:59,191.191] DEBUG    [MainThread|MainProcess] websockets.client (protocol.py:connection_open:357) | = connection is OPEN
[2025-11-24 00:54:59,191.191] DEBUG    [MainThread|MainProcess] websockets.client (protocol.py:read_frame:1177) | < TEXT '{"time":1763916899,"self_id":703263936,"post_ty...","sub_type":"connect"}' [115 bytes]
[2025-11-24 00:54:59,192.192] INFO     [MainThread|MainProcess] Logger (connect.py:on_message:41) | 机器人 703263936 成功启动
[2025-11-24 00:55:06,002.002] DEBUG    [MainThread|MainProcess] websockets.client (protocol.py:read_frame:1177) | < TEXT '{"self_id":703263936,"user_id":1095216448,"time...","group_id":912458345}' [445 bytes]
[2025-11-24 00:55:06,003.003] DEBUG    [MainThread|MainProcess] Logger (client.py:handle_group_event:67) | {'group_id': '912458345', 'user_id': '1095216448', 'message_type': 'group', 'sub_type': 'normal', 'font': '14', 'sender': "{'user_id': 1095216448, 'nickname': '冰如猫', 'card': ''}", 'message_id': '1518341319', 'message_seq': '1518341319', 'real_id': '1518341319', 'message': "[{'type': 'text', 'data': {'text': '2085是什么歌'}}]", 'message_format': 'array'}
[2025-11-24 00:55:06,003.003] INFO     [MainThread|MainProcess] Logger (main.py:on_group_message:34) | {'group_id': '912458345', 'user_id': '1095216448', 'message_type': 'group', 'sub_type': 'normal', 'font': '14', 'sender': "{'user_id': 1095216448, 'nickname': '冰如猫', 'card': ''}", 'message_id': '1518341319', 'message_seq': '1518341319', 'real_id': '1518341319', 'message': "[{'type': 'text', 'data': {'text': '2085是什么歌'}}]", 'message_format': 'array'}
[2025-11-24 00:55:06,007.007] DEBUG    [MainThread|MainProcess] urllib3.connectionpool (connectionpool.py:_new_conn:1022) | Starting new HTTPS connection (1): maimai.lxns.net:443
[2025-11-24 00:55:06,240.240] DEBUG    [MainThread|MainProcess] urllib3.connectionpool (connectionpool.py:_make_request:475) | https://maimai.lxns.net:443 "GET /api/v0/chunithm/song/list?notes=true HTTP/1.1" 200 None
[2025-11-24 00:55:08,525.525] DEBUG    [MainThread|MainProcess] urllib3.connectionpool (connectionpool.py:_new_conn:1022) | Starting new HTTPS connection (1): maimai.lxns.net:443
[2025-11-24 00:55:08,698.698] DEBUG    [MainThread|MainProcess] urllib3.connectionpool (connectionpool.py:_make_request:475) | https://maimai.lxns.net:443 "GET /api/v0/chunithm/alias/list HTTP/1.1" 200 None
[2025-11-24 00:55:09,570.570] DEBUG    [MainThread|MainProcess] websockets.client (protocol.py:__init__:256) | = connection is CONNECTING
[2025-11-24 00:55:09,571.571] DEBUG    [MainThread|MainProcess] websockets.client (client.py:write_http_request:114) | > GET /api HTTP/1.1
[2025-11-24 00:55:09,571.571] DEBUG    [MainThread|MainProcess] websockets.client (client.py:write_http_request:116) | > Host: localhost:8082
[2025-11-24 00:55:09,571.571] DEBUG    [MainThread|MainProcess] websockets.client (client.py:write_http_request:116) | > Upgrade: websocket
[2025-11-24 00:55:09,571.571] DEBUG    [MainThread|MainProcess] websockets.client (client.py:write_http_request:116) | > Connection: Upgrade
[2025-11-24 00:55:09,571.571] DEBUG    [MainThread|MainProcess] websockets.client (client.py:write_http_request:116) | > Sec-WebSocket-Key: hEO0UNbIS/3RRNHj888DuA==
[2025-11-24 00:55:09,571.571] DEBUG    [MainThread|MainProcess] websockets.client (client.py:write_http_request:116) | > Sec-WebSocket-Version: 13
[2025-11-24 00:55:09,571.571] DEBUG    [MainThread|MainProcess] websockets.client (client.py:write_http_request:116) | > Sec-WebSocket-Extensions: permessage-deflate; client_max_window_bits
[2025-11-24 00:55:09,571.571] DEBUG    [MainThread|MainProcess] websockets.client (client.py:write_http_request:116) | > Content-Type: application/json
[2025-11-24 00:55:09,571.571] DEBUG    [MainThread|MainProcess] websockets.client (client.py:write_http_request:116) | > Authorization: Bearer chcat13201145
[2025-11-24 00:55:09,571.571] DEBUG    [MainThread|MainProcess] websockets.client (client.py:write_http_request:116) | > User-Agent: Python/3.10 websockets/10.4
[2025-11-24 00:55:09,593.593] DEBUG    [MainThread|MainProcess] websockets.client (client.py:read_http_response:147) | < HTTP/1.1 101 Switching Protocols
[2025-11-24 00:55:09,594.594] DEBUG    [MainThread|MainProcess] websockets.client (client.py:read_http_response:149) | < Upgrade: websocket
[2025-11-24 00:55:09,594.594] DEBUG    [MainThread|MainProcess] websockets.client (client.py:read_http_response:149) | < Connection: Upgrade
[2025-11-24 00:55:09,594.594] DEBUG    [MainThread|MainProcess] websockets.client (client.py:read_http_response:149) | < Sec-WebSocket-Accept: IKOoQpqcL34jqTW+LYQ19RKfB80=
[2025-11-24 00:55:09,594.594] DEBUG    [MainThread|MainProcess] websockets.client (protocol.py:connection_open:357) | = connection is OPEN
[2025-11-24 00:55:09,594.594] DEBUG    [MainThread|MainProcess] websockets.client (protocol.py:write_frame_sync:1183) | > TEXT '{"action": "send_group_msg", "params": {"group_...]}, "echo": 1763916909}' [563 bytes]
[2025-11-24 00:55:11,136.136] DEBUG    [MainThread|MainProcess] websockets.client (protocol.py:read_frame:1177) | < TEXT '{"status":"ok","retcode":0,"data":{"message_id"...":"","echo":1763916909}' [104 bytes]
[2025-11-24 00:55:11,136.136] DEBUG    [MainThread|MainProcess] websockets.client (protocol.py:write_close_frame:1232) | = connection is CLOSING
[2025-11-24 00:55:11,136.136] DEBUG    [MainThread|MainProcess] websockets.client (protocol.py:write_frame_sync:1183) | > CLOSE 1000 (OK) [2 bytes]
[2025-11-24 00:55:11,206.206] DEBUG    [MainThread|MainProcess] websockets.client (protocol.py:read_frame:1177) | < CLOSE 1000 (OK) [2 bytes]
[2025-11-24 00:55:11,206.206] DEBUG    [MainThread|MainProcess] websockets.client (protocol.py:connection_lost:1514) | = connection is CLOSED
[2025-11-24 00:55:11,207.207] DEBUG    [MainThread|MainProcess] Logger (api.py:check_and_log:32) | {'status': 'ok', 'retcode': 0, 'data': {'message_id': 1061753610}, 'message': '', 'wording': '', 'echo': 1763916909}
[2025-11-24 00:55:12,481.481] DEBUG    [MainThread|MainProcess] httpcore.connection (_trace.py:trace:47) | connect_tcp.started host='assets2.lxns.net' port=443 local_address=None timeout=5.0 socket_options=None
[2025-11-24 00:55:12,499.499] DEBUG    [MainThread|MainProcess] httpcore.connection (_trace.py:trace:47) | connect_tcp.complete return_value=<httpcore._backends.sync.SyncStream object at 0x0000029D1D106B30>
[2025-11-24 00:55:12,499.499] DEBUG    [MainThread|MainProcess] httpcore.connection (_trace.py:trace:47) | start_tls.started ssl_context=<ssl.SSLContext object at 0x0000029D1C997F40> server_hostname='assets2.lxns.net' timeout=5.0
[2025-11-24 00:55:12,566.566] DEBUG    [MainThread|MainProcess] httpcore.connection (_trace.py:trace:47) | start_tls.complete return_value=<httpcore._backends.sync.SyncStream object at 0x0000029D1D106B00>
[2025-11-24 00:55:12,566.566] DEBUG    [MainThread|MainProcess] httpcore.http11 (_trace.py:trace:47) | send_request_headers.started request=<Request [b'GET']>
[2025-11-24 00:55:12,567.567] DEBUG    [MainThread|MainProcess] httpcore.http11 (_trace.py:trace:47) | send_request_headers.complete
[2025-11-24 00:55:12,567.567] DEBUG    [MainThread|MainProcess] httpcore.http11 (_trace.py:trace:47) | send_request_body.started request=<Request [b'GET']>
[2025-11-24 00:55:12,567.567] DEBUG    [MainThread|MainProcess] httpcore.http11 (_trace.py:trace:47) | send_request_body.complete
[2025-11-24 00:55:12,567.567] DEBUG    [MainThread|MainProcess] httpcore.http11 (_trace.py:trace:47) | receive_response_headers.started request=<Request [b'GET']>
[2025-11-24 00:55:12,587.587] DEBUG    [MainThread|MainProcess] httpcore.http11 (_trace.py:trace:47) | receive_response_headers.complete return_value=(b'HTTP/1.1', 200, b'OK', [(b'Content-Type', b'text/html'), (b'Set-Cookie', b'path=/'), (b'Content-Length', b'988'), (b'Connection', b'keep-alive'), (b'Server', b'EdgeOne_IS_OC'), (b'Date', b'Sun, 23 Nov 2025 16:55:12 GMT'), (b'EO-LOG-UUID', b'7399717319893048028'), (b'Cache-Control', b'max-age=3600')])
[2025-11-24 00:55:12,588.588] INFO     [MainThread|MainProcess] httpx (_client.py:_send_single_request:1025) | HTTP Request: GET https://assets2.lxns.net/chunithm/jacket/1100.png "HTTP/1.1 200 OK"
[2025-11-24 00:55:12,588.588] DEBUG    [MainThread|MainProcess] httpcore.http11 (_trace.py:trace:47) | receive_response_body.started request=<Request [b'GET']>
[2025-11-24 00:55:12,589.589] DEBUG    [MainThread|MainProcess] httpcore.http11 (_trace.py:trace:47) | receive_response_body.complete
[2025-11-24 00:55:12,589.589] DEBUG    [MainThread|MainProcess] httpcore.http11 (_trace.py:trace:47) | response_closed.started
[2025-11-24 00:55:12,589.589] DEBUG    [MainThread|MainProcess] httpcore.http11 (_trace.py:trace:47) | response_closed.complete
[2025-11-24 00:55:12,589.589] DEBUG    [MainThread|MainProcess] httpcore.connection (_trace.py:trace:47) | close.started
[2025-11-24 00:55:12,590.590] DEBUG    [MainThread|MainProcess] httpcore.connection (_trace.py:trace:47) | close.complete
[2025-11-24 00:55:12,592.592] DEBUG    [MainThread|MainProcess] websockets.client (protocol.py:__init__:256) | = connection is CONNECTING
[2025-11-24 00:55:12,592.592] DEBUG    [MainThread|MainProcess] websockets.client (client.py:write_http_request:114) | > GET /api HTTP/1.1
[2025-11-24 00:55:12,592.592] DEBUG    [MainThread|MainProcess] websockets.client (client.py:write_http_request:116) | > Host: localhost:8082
[2025-11-24 00:55:12,592.592] DEBUG    [MainThread|MainProcess] websockets.client (client.py:write_http_request:116) | > Upgrade: websocket
[2025-11-24 00:55:12,592.592] DEBUG    [MainThread|MainProcess] websockets.client (client.py:write_http_request:116) | > Connection: Upgrade
[2025-11-24 00:55:12,593.593] DEBUG    [MainThread|MainProcess] websockets.client (client.py:write_http_request:116) | > Sec-WebSocket-Key: MWhorVaD3KmipqohrBoExw==
[2025-11-24 00:55:12,593.593] DEBUG    [MainThread|MainProcess] websockets.client (client.py:write_http_request:116) | > Sec-WebSocket-Version: 13
[2025-11-24 00:55:12,593.593] DEBUG    [MainThread|MainProcess] websockets.client (client.py:write_http_request:116) | > Sec-WebSocket-Extensions: permessage-deflate; client_max_window_bits
[2025-11-24 00:55:12,593.593] DEBUG    [MainThread|MainProcess] websockets.client (client.py:write_http_request:116) | > Content-Type: application/json
[2025-11-24 00:55:12,593.593] DEBUG    [MainThread|MainProcess] websockets.client (client.py:write_http_request:116) | > Authorization: Bearer chcat13201145
[2025-11-24 00:55:12,593.593] DEBUG    [MainThread|MainProcess] websockets.client (client.py:write_http_request:116) | > User-Agent: Python/3.10 websockets/10.4
[2025-11-24 00:55:12,758.758] DEBUG    [MainThread|MainProcess] websockets.client (client.py:read_http_response:147) | < HTTP/1.1 101 Switching Protocols
[2025-11-24 00:55:12,758.758] DEBUG    [MainThread|MainProcess] websockets.client (client.py:read_http_response:149) | < Upgrade: websocket
[2025-11-24 00:55:12,758.758] DEBUG    [MainThread|MainProcess] websockets.client (client.py:read_http_response:149) | < Connection: Upgrade
[2025-11-24 00:55:12,758.758] DEBUG    [MainThread|MainProcess] websockets.client (client.py:read_http_response:149) | < Sec-WebSocket-Accept: 47Zcone63rvBuWV8X3c66wFqc6I=
[2025-11-24 00:55:12,758.758] DEBUG    [MainThread|MainProcess] websockets.client (protocol.py:connection_open:357) | = connection is OPEN
[2025-11-24 00:55:12,759.759] DEBUG    [MainThread|MainProcess] websockets.client (protocol.py:write_frame_sync:1183) | > TEXT '{"action": "send_group_msg", "params": {"group_...]}, "echo": 1763916912}' [1466 bytes]
[2025-11-24 00:55:15,807.807] DEBUG    [MainThread|MainProcess] websockets.client (protocol.py:read_frame:1177) | < TEXT '{"status":"failed","retcode":1200,"data":null,"...\\n","echo":1763916912}' [526 bytes]
[2025-11-24 00:55:15,807.807] DEBUG    [MainThread|MainProcess] websockets.client (protocol.py:write_close_frame:1232) | = connection is CLOSING
[2025-11-24 00:55:15,808.808] DEBUG    [MainThread|MainProcess] websockets.client (protocol.py:write_frame_sync:1183) | > CLOSE 1000 (OK) [2 bytes]
[2025-11-24 00:55:15,814.814] DEBUG    [MainThread|MainProcess] websockets.client (protocol.py:read_frame:1177) | < CLOSE 1000 (OK) [2 bytes]
[2025-11-24 00:55:15,814.814] DEBUG    [MainThread|MainProcess] websockets.client (protocol.py:connection_lost:1514) | = connection is CLOSED
[2025-11-24 00:55:15,815.815] WARNING  [MainThread|MainProcess] Logger (api.py:check_and_log:34) | {'status': 'failed', 'retcode': 1200, 'data': None, 'message': 'EventChecker Failed: NTEvent serviceAndMethod:NodeIKernelMsgService/sendMsg ListenerName:NodeIKernelMsgListener/onMsgInfoListUpdate EventRet:\n{\n    "result": -1,\n    "errMsg": "rich media transfer failed"\n}\n', 'wording': 'EventChecker Failed: NTEvent serviceAndMethod:NodeIKernelMsgService/sendMsg ListenerName:NodeIKernelMsgListener/onMsgInfoListUpdate EventRet:\n{\n    "result": -1,\n    "errMsg": "rich media transfer failed"\n}\n', 'echo': 1763916912}
[2025-11-24 00:55:28,084.084] DEBUG    [MainThread|MainProcess] websockets.client (protocol.py:read_frame:1177) | < TEXT '{"time":1763916928,"self_id":703263936,"post_ty...true},"interval":30000}' [148 bytes]
[2025-11-24 00:55:28,085.085] DEBUG    [MainThread|MainProcess] Logger (connect.py:on_message:43) | {'time': 1763916928, 'self_id': 703263936, 'post_type': 'meta_event', 'meta_event_type': 'heartbeat', 'status': {'online': True, 'good': True}, 'interval': 30000}
[2025-11-24 00:55:58,193.193] DEBUG    [MainThread|MainProcess] websockets.client (protocol.py:read_frame:1177) | < TEXT '{"time":1763916958,"self_id":703263936,"post_ty...true},"interval":30000}' [148 bytes]
[2025-11-24 00:55:58,194.194] DEBUG    [MainThread|MainProcess] Logger (connect.py:on_message:43) | {'time': 1763916958, 'self_id': 703263936, 'post_type': 'meta_event', 'meta_event_type': 'heartbeat', 'status': {'online': True, 'good': True}, 'interval': 30000}
[2025-11-24 00:56:28,217.217] DEBUG    [MainThread|MainProcess] websockets.client (protocol.py:read_frame:1177) | < TEXT '{"time":1763916988,"self_id":703263936,"post_ty...true},"interval":30000}' [148 bytes]
[2025-11-24 00:56:28,217.217] DEBUG    [MainThread|MainProcess] Logger (connect.py:on_message:43) | {'time': 1763916988, 'self_id': 703263936, 'post_type': 'meta_event', 'meta_event_type': 'heartbeat', 'status': {'online': True, 'good': True}, 'interval': 30000}
[2025-11-24 00:56:58,218.218] DEBUG    [MainThread|MainProcess] websockets.client (protocol.py:read_frame:1177) | < TEXT '{"time":1763917018,"self_id":703263936,"post_ty...true},"interval":30000}' [148 bytes]
[2025-11-24 00:56:58,219.219] DEBUG    [MainThread|MainProcess] Logger (connect.py:on_message:43) | {'time': 1763917018, 'self_id': 703263936, 'post_type': 'meta_event', 'meta_event_type': 'heartbeat', 'status': {'online': True, 'good': True}, 'interval': 30000}
[2025-11-24 00:57:28,234.234] DEBUG    [MainThread|MainProcess] websockets.client (protocol.py:read_frame:1177) | < TEXT '{"time":1763917048,"self_id":703263936,"post_ty...true},"interval":30000}' [148 bytes]
[2025-11-24 00:57:28,235.235] DEBUG    [MainThread|MainProcess] Logger (connect.py:on_message:43) | {'time': 1763917048, 'self_id': 703263936, 'post_type': 'meta_event', 'meta_event_type': 'heartbeat', 'status': {'online': True, 'good': True}, 'interval': 30000}
[2025-11-24 00:57:58,240.240] DEBUG    [MainThread|MainProcess] websockets.client (protocol.py:read_frame:1177) | < TEXT '{"time":1763917078,"self_id":703263936,"post_ty...true},"interval":30000}' [148 bytes]
[2025-11-24 00:57:58,240.240] DEBUG    [MainThread|MainProcess] Logger (connect.py:on_message:43) | {'time': 1763917078, 'self_id': 703263936, 'post_type': 'meta_event', 'meta_event_type': 'heartbeat', 'status': {'online': True, 'good': True}, 'interval': 30000}
[2025-11-24 00:58:28,252.252] DEBUG    [MainThread|MainProcess] websockets.client (protocol.py:read_frame:1177) | < TEXT '{"time":1763917108,"self_id":703263936,"post_ty...true},"interval":30000}' [148 bytes]
[2025-11-24 00:58:28,253.253] DEBUG    [MainThread|MainProcess] Logger (connect.py:on_message:43) | {'time': 1763917108, 'self_id': 703263936, 'post_type': 'meta_event', 'meta_event_type': 'heartbeat', 'status': {'online': True, 'good': True}, 'interval': 30000}
[2025-11-24 00:59:48,584.584] INFO     [MainThread|MainProcess] Logger (client.py:check_config:41) | [BOTQQ]: 703263936 | [WSURI]: ws://localhost:8082 | [TOKEN]: chcat13201145
[2025-11-24 00:59:48,589.589] DEBUG    [MainThread|MainProcess] Logger (event.py:_load_access:289) | 加载权限
[2025-11-24 00:59:48,590.590] WARNING  [MainThread|MainProcess] Logger (event.py:_load_access:295) | 权限文件不存在, 将创建新的权限文件
[2025-11-24 00:59:48,592.592] WARNING  [MainThread|MainProcess] Logger (event.py:_load_access:300) | 权限文件不存在, 将创建新的权限文件
[2025-11-24 00:59:50,978.978] DEBUG    [MainThread|MainProcess] urllib3.connectionpool (connectionpool.py:_new_conn:1022) | Starting new HTTPS connection (1): pypi.org:443
[2025-11-24 00:59:51,358.358] DEBUG    [MainThread|MainProcess] urllib3.connectionpool (connectionpool.py:_make_request:475) | https://pypi.org:443 "GET /pypi/ncatbot/json HTTP/1.1" 200 55853
[2025-11-24 00:59:51,488.488] WARNING  [MainThread|MainProcess] Logger (env_checker.py:check_version:127) | NcatBot 有可用更新！
[2025-11-24 00:59:51,488.488] INFO     [MainThread|MainProcess] Logger (env_checker.py:check_version:128) | 若使用 main.exe 或者 NcatBot CLI 启动, CLI 输入 update 即可更新
[2025-11-24 00:59:51,488.488] INFO     [MainThread|MainProcess] Logger (env_checker.py:check_version:129) | 若手动安装, 推荐您使用以下命令更新: pip install --upgrade ncatbot
[2025-11-24 00:59:51,488.488] DEBUG    [MainThread|MainProcess] asyncio (proactor_events.py:__init__:630) | Using proactor: IocpProactor
[2025-11-24 00:59:51,583.583] DEBUG    [MainThread|MainProcess] websockets.client (protocol.py:__init__:256) | = connection is CONNECTING
[2025-11-24 00:59:51,586.586] DEBUG    [MainThread|MainProcess] websockets.client (client.py:write_http_request:114) | > GET / HTTP/1.1
[2025-11-24 00:59:51,586.586] DEBUG    [MainThread|MainProcess] websockets.client (client.py:write_http_request:116) | > Host: localhost:8082
[2025-11-24 00:59:51,586.586] DEBUG    [MainThread|MainProcess] websockets.client (client.py:write_http_request:116) | > Upgrade: websocket
[2025-11-24 00:59:51,586.586] DEBUG    [MainThread|MainProcess] websockets.client (client.py:write_http_request:116) | > Connection: Upgrade
[2025-11-24 00:59:51,586.586] DEBUG    [MainThread|MainProcess] websockets.client (client.py:write_http_request:116) | > Sec-WebSocket-Key: xTRrWnZ42n8oZKBAb84apw==
[2025-11-24 00:59:51,587.587] DEBUG    [MainThread|MainProcess] websockets.client (client.py:write_http_request:116) | > Sec-WebSocket-Version: 13
[2025-11-24 00:59:51,587.587] DEBUG    [MainThread|MainProcess] websockets.client (client.py:write_http_request:116) | > Sec-WebSocket-Extensions: permessage-deflate; client_max_window_bits
[2025-11-24 00:59:51,587.587] DEBUG    [MainThread|MainProcess] websockets.client (client.py:write_http_request:116) | > Content-Type: application/json
[2025-11-24 00:59:51,587.587] DEBUG    [MainThread|MainProcess] websockets.client (client.py:write_http_request:116) | > Authorization: Bearer chcat13201145
[2025-11-24 00:59:51,587.587] DEBUG    [MainThread|MainProcess] websockets.client (client.py:write_http_request:116) | > User-Agent: Python/3.10 websockets/10.4
[2025-11-24 00:59:51,597.597] DEBUG    [MainThread|MainProcess] websockets.client (client.py:read_http_response:147) | < HTTP/1.1 101 Switching Protocols
[2025-11-24 00:59:51,597.597] DEBUG    [MainThread|MainProcess] websockets.client (client.py:read_http_response:149) | < Upgrade: websocket
[2025-11-24 00:59:51,597.597] DEBUG    [MainThread|MainProcess] websockets.client (client.py:read_http_response:149) | < Connection: Upgrade
[2025-11-24 00:59:51,597.597] DEBUG    [MainThread|MainProcess] websockets.client (client.py:read_http_response:149) | < Sec-WebSocket-Accept: xogSbOaXpTucbrFEG7pjbZ6vlF4=
[2025-11-24 00:59:51,597.597] DEBUG    [MainThread|MainProcess] websockets.client (protocol.py:connection_open:357) | = connection is OPEN
[2025-11-24 00:59:51,598.598] INFO     [MainThread|MainProcess] Logger (wsroute.py:check_websocket:30) | WebSocket ws://localhost:8082 可用.
[2025-11-24 00:59:51,598.598] DEBUG    [MainThread|MainProcess] websockets.client (protocol.py:read_frame:1177) | < TEXT '{"time":1763917191,"self_id":703263936,"post_ty...","sub_type":"connect"}' [115 bytes]
[2025-11-24 00:59:51,598.598] DEBUG    [MainThread|MainProcess] websockets.client (protocol.py:write_close_frame:1232) | = connection is CLOSING
[2025-11-24 00:59:51,599.599] DEBUG    [MainThread|MainProcess] websockets.client (protocol.py:write_frame_sync:1183) | > CLOSE 1000 (OK) [2 bytes]
[2025-11-24 00:59:51,671.671] DEBUG    [MainThread|MainProcess] websockets.client (protocol.py:read_frame:1177) | < CLOSE 1000 (OK) [2 bytes]
[2025-11-24 00:59:51,672.672] DEBUG    [MainThread|MainProcess] websockets.client (protocol.py:connection_lost:1514) | = connection is CLOSED
[2025-11-24 00:59:51,732.732] INFO     [MainThread|MainProcess] Logger (client.py:ncatbot_quick_start:230) | napcat 服务器 ws://localhost:8082 在线, 连接中...
[2025-11-24 00:59:51,732.732] DEBUG    [MainThread|MainProcess] asyncio (proactor_events.py:__init__:630) | Using proactor: IocpProactor
[2025-11-24 00:59:51,733.733] INFO     [MainThread|MainProcess] Logger (client.py:info_subscribe_message_types:149) | 已订阅消息类型:[群聊]->全部消息类型
[2025-11-24 00:59:51,733.733] INFO     [MainThread|MainProcess] Logger (client.py:info_subscribe_message_types:150) | 已订阅消息类型:[私聊]->[]
[2025-11-24 00:59:51,733.733] INFO     [MainThread|MainProcess] PluginLoader (loader.py:load_plugins:237) | 插件目录: d:\1code\qqbot\plugins 不存在......跳过加载插件
[2025-11-24 00:59:52,398.398] DEBUG    [MainThread|MainProcess] websockets.client (protocol.py:__init__:256) | = connection is CONNECTING
[2025-11-24 00:59:52,399.399] DEBUG    [MainThread|MainProcess] websockets.client (client.py:write_http_request:114) | > GET /event HTTP/1.1
[2025-11-24 00:59:52,399.399] DEBUG    [MainThread|MainProcess] websockets.client (client.py:write_http_request:116) | > Host: localhost:8082
[2025-11-24 00:59:52,399.399] DEBUG    [MainThread|MainProcess] websockets.client (client.py:write_http_request:116) | > Upgrade: websocket
[2025-11-24 00:59:52,399.399] DEBUG    [MainThread|MainProcess] websockets.client (client.py:write_http_request:116) | > Connection: Upgrade
[2025-11-24 00:59:52,399.399] DEBUG    [MainThread|MainProcess] websockets.client (client.py:write_http_request:116) | > Sec-WebSocket-Key: BChUJUhAroVG01Idc4MkOA==
[2025-11-24 00:59:52,399.399] DEBUG    [MainThread|MainProcess] websockets.client (client.py:write_http_request:116) | > Sec-WebSocket-Version: 13
[2025-11-24 00:59:52,399.399] DEBUG    [MainThread|MainProcess] websockets.client (client.py:write_http_request:116) | > Sec-WebSocket-Extensions: permessage-deflate; client_max_window_bits
[2025-11-24 00:59:52,399.399] DEBUG    [MainThread|MainProcess] websockets.client (client.py:write_http_request:116) | > Content-Type: application/json
[2025-11-24 00:59:52,399.399] DEBUG    [MainThread|MainProcess] websockets.client (client.py:write_http_request:116) | > Authorization: Bearer chcat13201145
[2025-11-24 00:59:52,399.399] DEBUG    [MainThread|MainProcess] websockets.client (client.py:write_http_request:116) | > User-Agent: Python/3.10 websockets/10.4
[2025-11-24 00:59:52,450.450] DEBUG    [MainThread|MainProcess] websockets.client (client.py:read_http_response:147) | < HTTP/1.1 101 Switching Protocols
[2025-11-24 00:59:52,450.450] DEBUG    [MainThread|MainProcess] websockets.client (client.py:read_http_response:149) | < Upgrade: websocket
[2025-11-24 00:59:52,450.450] DEBUG    [MainThread|MainProcess] websockets.client (client.py:read_http_response:149) | < Connection: Upgrade
[2025-11-24 00:59:52,450.450] DEBUG    [MainThread|MainProcess] websockets.client (client.py:read_http_response:149) | < Sec-WebSocket-Accept: VI/Sv9PdlcM8huHLBSu3Z6EYcpo=
[2025-11-24 00:59:52,450.450] DEBUG    [MainThread|MainProcess] websockets.client (protocol.py:connection_open:357) | = connection is OPEN
[2025-11-24 00:59:52,450.450] DEBUG    [MainThread|MainProcess] websockets.client (protocol.py:read_frame:1177) | < TEXT '{"time":1763917192,"self_id":703263936,"post_ty...","sub_type":"connect"}' [115 bytes]
[2025-11-24 00:59:52,451.451] INFO     [MainThread|MainProcess] Logger (connect.py:on_message:41) | 机器人 703263936 成功启动
[2025-11-24 00:59:57,578.578] DEBUG    [MainThread|MainProcess] websockets.client (protocol.py:read_frame:1177) | < TEXT '{"self_id":703263936,"user_id":1095216448,"time...","group_id":912458345}' [442 bytes]
[2025-11-24 00:59:57,579.579] DEBUG    [MainThread|MainProcess] Logger (client.py:handle_group_event:67) | {'group_id': '912458345', 'user_id': '1095216448', 'message_type': 'group', 'sub_type': 'normal', 'font': '14', 'sender': "{'user_id': 1095216448, 'nickname': '冰如猫', 'card': ''}", 'message_id': '645372777', 'message_seq': '645372777', 'real_id': '645372777', 'message': "[{'type': 'text', 'data': {'text': '2085是什么歌'}}]", 'message_format': 'array'}
[2025-11-24 00:59:57,579.579] INFO     [MainThread|MainProcess] Logger (main.py:on_group_message:34) | {'group_id': '912458345', 'user_id': '1095216448', 'message_type': 'group', 'sub_type': 'normal', 'font': '14', 'sender': "{'user_id': 1095216448, 'nickname': '冰如猫', 'card': ''}", 'message_id': '645372777', 'message_seq': '645372777', 'real_id': '645372777', 'message': "[{'type': 'text', 'data': {'text': '2085是什么歌'}}]", 'message_format': 'array'}
[2025-11-24 00:59:57,583.583] DEBUG    [MainThread|MainProcess] urllib3.connectionpool (connectionpool.py:_new_conn:1022) | Starting new HTTPS connection (1): maimai.lxns.net:443
[2025-11-24 00:59:57,950.950] DEBUG    [MainThread|MainProcess] urllib3.connectionpool (connectionpool.py:_make_request:475) | https://maimai.lxns.net:443 "GET /api/v0/chunithm/song/list?notes=true HTTP/1.1" 200 None
[2025-11-24 00:59:59,822.822] DEBUG    [MainThread|MainProcess] urllib3.connectionpool (connectionpool.py:_new_conn:1022) | Starting new HTTPS connection (1): maimai.lxns.net:443
[2025-11-24 00:59:59,988.988] DEBUG    [MainThread|MainProcess] urllib3.connectionpool (connectionpool.py:_make_request:475) | https://maimai.lxns.net:443 "GET /api/v0/chunithm/alias/list HTTP/1.1" 200 None
[2025-11-24 01:00:01,094.094] DEBUG    [MainThread|MainProcess] websockets.client (protocol.py:read_frame:1177) | < TEXT '{"time":1763917198,"self_id":703263936,"post_ty...true},"interval":30000}' [148 bytes]
[2025-11-24 01:00:01,094.094] DEBUG    [MainThread|MainProcess] Logger (connect.py:on_message:43) | {'time': 1763917198, 'self_id': 703263936, 'post_type': 'meta_event', 'meta_event_type': 'heartbeat', 'status': {'online': True, 'good': True}, 'interval': 30000}
[2025-11-24 01:00:01,096.096] DEBUG    [MainThread|MainProcess] websockets.client (protocol.py:__init__:256) | = connection is CONNECTING
[2025-11-24 01:00:01,096.096] DEBUG    [MainThread|MainProcess] websockets.client (client.py:write_http_request:114) | > GET /api HTTP/1.1
[2025-11-24 01:00:01,097.097] DEBUG    [MainThread|MainProcess] websockets.client (client.py:write_http_request:116) | > Host: localhost:8082
[2025-11-24 01:00:01,097.097] DEBUG    [MainThread|MainProcess] websockets.client (client.py:write_http_request:116) | > Upgrade: websocket
[2025-11-24 01:00:01,097.097] DEBUG    [MainThread|MainProcess] websockets.client (client.py:write_http_request:116) | > Connection: Upgrade
[2025-11-24 01:00:01,097.097] DEBUG    [MainThread|MainProcess] websockets.client (client.py:write_http_request:116) | > Sec-WebSocket-Key: izoAQKruH5iMNZdi6t3wdQ==
[2025-11-24 01:00:01,097.097] DEBUG    [MainThread|MainProcess] websockets.client (client.py:write_http_request:116) | > Sec-WebSocket-Version: 13
[2025-11-24 01:00:01,097.097] DEBUG    [MainThread|MainProcess] websockets.client (client.py:write_http_request:116) | > Sec-WebSocket-Extensions: permessage-deflate; client_max_window_bits
[2025-11-24 01:00:01,097.097] DEBUG    [MainThread|MainProcess] websockets.client (client.py:write_http_request:116) | > Content-Type: application/json
[2025-11-24 01:00:01,097.097] DEBUG    [MainThread|MainProcess] websockets.client (client.py:write_http_request:116) | > Authorization: Bearer chcat13201145
[2025-11-24 01:00:01,097.097] DEBUG    [MainThread|MainProcess] websockets.client (client.py:write_http_request:116) | > User-Agent: Python/3.10 websockets/10.4
[2025-11-24 01:00:01,128.128] DEBUG    [MainThread|MainProcess] websockets.client (client.py:read_http_response:147) | < HTTP/1.1 101 Switching Protocols
[2025-11-24 01:00:01,128.128] DEBUG    [MainThread|MainProcess] websockets.client (client.py:read_http_response:149) | < Upgrade: websocket
[2025-11-24 01:00:01,128.128] DEBUG    [MainThread|MainProcess] websockets.client (client.py:read_http_response:149) | < Connection: Upgrade
[2025-11-24 01:00:01,129.129] DEBUG    [MainThread|MainProcess] websockets.client (client.py:read_http_response:149) | < Sec-WebSocket-Accept: gC/LuBVBFB9HHzPcYSohZBcbSmk=
[2025-11-24 01:00:01,129.129] DEBUG    [MainThread|MainProcess] websockets.client (protocol.py:connection_open:357) | = connection is OPEN
[2025-11-24 01:00:01,129.129] DEBUG    [MainThread|MainProcess] websockets.client (protocol.py:write_frame_sync:1183) | > TEXT '{"action": "send_group_msg", "params": {"group_...]}, "echo": 1763917201}' [563 bytes]
[2025-11-24 01:00:02,126.126] DEBUG    [MainThread|MainProcess] websockets.client (protocol.py:read_frame:1177) | < TEXT '{"status":"ok","retcode":0,"data":{"message_id"...":"","echo":1763917201}' [104 bytes]
[2025-11-24 01:00:02,127.127] DEBUG    [MainThread|MainProcess] websockets.client (protocol.py:write_close_frame:1232) | = connection is CLOSING
[2025-11-24 01:00:02,127.127] DEBUG    [MainThread|MainProcess] websockets.client (protocol.py:write_frame_sync:1183) | > CLOSE 1000 (OK) [2 bytes]
[2025-11-24 01:00:02,133.133] DEBUG    [MainThread|MainProcess] websockets.client (protocol.py:read_frame:1177) | < CLOSE 1000 (OK) [2 bytes]
[2025-11-24 01:00:02,134.134] DEBUG    [MainThread|MainProcess] websockets.client (protocol.py:connection_lost:1514) | = connection is CLOSED
[2025-11-24 01:00:02,134.134] DEBUG    [MainThread|MainProcess] Logger (api.py:check_and_log:32) | {'status': 'ok', 'retcode': 0, 'data': {'message_id': 1976048838}, 'message': '', 'wording': '', 'echo': 1763917201}
[2025-11-24 01:00:02,134.134] ERROR    [MainThread|MainProcess] asyncio (base_events.py:default_exception_handler:1758) | Task exception was never retrieved
future: <Task finished name='Task-15' coro=<BotClient.handle_group_event() done, defined at D:\1code\python3.10\lib\site-packages\ncatbot\core\client.py:65> exception=AttributeError("'BotAPI' object has no attribute 'send_group_image'")>
Traceback (most recent call last):
  File "D:\1code\python3.10\lib\site-packages\ncatbot\core\client.py", line 70, in handle_group_event
    await handler(msg)
  File "d:\1code\qqbot\main.py", line 60, in on_group_message
    await getChuMusicInfo.sedMusicInfoByName(msg.raw_message, msg.group_id, msg.user_id, bot)
  File "d:\1code\qqbot\getChuMusicInfo.py", line 130, in sedMusicInfoByName
    await bot.api.send_group_image(group_id, f"https://assets2.lxns.net/chunithm/jacket/{songId}.png")
AttributeError: 'BotAPI' object has no attribute 'send_group_image'
[2025-11-24 01:00:28,366.366] DEBUG    [MainThread|MainProcess] websockets.client (protocol.py:read_frame:1177) | < TEXT '{"time":1763917228,"self_id":703263936,"post_ty...true},"interval":30000}' [148 bytes]
[2025-11-24 01:00:28,366.366] DEBUG    [MainThread|MainProcess] Logger (connect.py:on_message:43) | {'time': 1763917228, 'self_id': 703263936, 'post_type': 'meta_event', 'meta_event_type': 'heartbeat', 'status': {'online': True, 'good': True}, 'interval': 30000}
