[2025-07-09 00:00:14,407.407] DEBUG    [MainThread|MainProcess] websockets.client (protocol.py:read_frame:1177) | < TEXT '{"time":1751990414,"self_id":703263936,"post_ty...true},"interval":30000}' [148 bytes]
[2025-07-09 00:00:14,407.407] DEBUG    [MainThread|MainProcess] Logger (connect.py:on_message:43) | {'time': 1751990414, 'self_id': 703263936, 'post_type': 'meta_event', 'meta_event_type': 'heartbeat', 'status': {'online': True, 'good': True}, 'interval': 30000}
[2025-07-09 00:00:44,409.409] DEBUG    [MainThread|MainProcess] websockets.client (protocol.py:read_frame:1177) | < TEXT '{"time":1751990444,"self_id":703263936,"post_ty...true},"interval":30000}' [148 bytes]
[2025-07-09 00:00:44,409.409] DEBUG    [MainThread|MainProcess] Logger (connect.py:on_message:43) | {'time': 1751990444, 'self_id': 703263936, 'post_type': 'meta_event', 'meta_event_type': 'heartbeat', 'status': {'online': True, 'good': True}, 'interval': 30000}
[2025-07-09 00:01:14,424.424] DEBUG    [MainThread|MainProcess] websockets.client (protocol.py:read_frame:1177) | < TEXT '{"time":1751990474,"self_id":703263936,"post_ty...true},"interval":30000}' [148 bytes]
[2025-07-09 00:01:14,424.424] DEBUG    [MainThread|MainProcess] Logger (connect.py:on_message:43) | {'time': 1751990474, 'self_id': 703263936, 'post_type': 'meta_event', 'meta_event_type': 'heartbeat', 'status': {'online': True, 'good': True}, 'interval': 30000}
[2025-07-09 00:01:44,429.429] DEBUG    [MainThread|MainProcess] websockets.client (protocol.py:read_frame:1177) | < TEXT '{"time":1751990504,"self_id":703263936,"post_ty...true},"interval":30000}' [148 bytes]
[2025-07-09 00:01:44,429.429] DEBUG    [MainThread|MainProcess] Logger (connect.py:on_message:43) | {'time': 1751990504, 'self_id': 703263936, 'post_type': 'meta_event', 'meta_event_type': 'heartbeat', 'status': {'online': True, 'good': True}, 'interval': 30000}
[2025-07-09 00:01:47,756.756] DEBUG    [MainThread|MainProcess] websockets.client (protocol.py:read_frame:1177) | < TEXT '{"self_id":703263936,"user_id":321509325,"time"...","group_id":465281893}' [417 bytes]
[2025-07-09 00:01:47,772.772] DEBUG    [MainThread|MainProcess] Logger (client.py:handle_group_event:67) | {'group_id': '465281893', 'user_id': '321509325', 'message_type': 'group', 'sub_type': 'normal', 'font': '14', 'sender': "{'user_id': 321509325, 'nickname': '呆若木牛🐮', 'card': ''}", 'message_id': '252958256', 'message_seq': '252958256', 'real_id': '252958256', 'message': "[{'type': 'text', 'data': {'text': ' '}}]", 'message_format': 'array'}
[2025-07-09 00:01:47,772.772] INFO     [MainThread|MainProcess] Logger (main.py:on_group_message:33) | {'group_id': '465281893', 'user_id': '321509325', 'message_type': 'group', 'sub_type': 'normal', 'font': '14', 'sender': "{'user_id': 321509325, 'nickname': '呆若木牛🐮', 'card': ''}", 'message_id': '252958256', 'message_seq': '252958256', 'real_id': '252958256', 'message': "[{'type': 'text', 'data': {'text': ' '}}]", 'message_format': 'array'}
[2025-07-09 00:02:14,437.437] DEBUG    [MainThread|MainProcess] websockets.client (protocol.py:read_frame:1177) | < TEXT '{"time":1751990534,"self_id":703263936,"post_ty...true},"interval":30000}' [148 bytes]
[2025-07-09 00:02:14,437.437] DEBUG    [MainThread|MainProcess] Logger (connect.py:on_message:43) | {'time': 1751990534, 'self_id': 703263936, 'post_type': 'meta_event', 'meta_event_type': 'heartbeat', 'status': {'online': True, 'good': True}, 'interval': 30000}
[2025-07-09 00:02:44,450.450] DEBUG    [MainThread|MainProcess] websockets.client (protocol.py:read_frame:1177) | < TEXT '{"time":1751990564,"self_id":703263936,"post_ty...true},"interval":30000}' [148 bytes]
[2025-07-09 00:02:44,450.450] DEBUG    [MainThread|MainProcess] Logger (connect.py:on_message:43) | {'time': 1751990564, 'self_id': 703263936, 'post_type': 'meta_event', 'meta_event_type': 'heartbeat', 'status': {'online': True, 'good': True}, 'interval': 30000}
[2025-07-09 00:03:14,465.465] DEBUG    [MainThread|MainProcess] websockets.client (protocol.py:read_frame:1177) | < TEXT '{"time":1751990594,"self_id":703263936,"post_ty...true},"interval":30000}' [148 bytes]
[2025-07-09 00:03:14,465.465] DEBUG    [MainThread|MainProcess] Logger (connect.py:on_message:43) | {'time': 1751990594, 'self_id': 703263936, 'post_type': 'meta_event', 'meta_event_type': 'heartbeat', 'status': {'online': True, 'good': True}, 'interval': 30000}
[2025-07-09 00:03:44,468.468] DEBUG    [MainThread|MainProcess] websockets.client (protocol.py:read_frame:1177) | < TEXT '{"time":1751990624,"self_id":703263936,"post_ty...true},"interval":30000}' [148 bytes]
[2025-07-09 00:03:44,468.468] DEBUG    [MainThread|MainProcess] Logger (connect.py:on_message:43) | {'time': 1751990624, 'self_id': 703263936, 'post_type': 'meta_event', 'meta_event_type': 'heartbeat', 'status': {'online': True, 'good': True}, 'interval': 30000}
[2025-07-09 00:04:14,479.479] DEBUG    [MainThread|MainProcess] websockets.client (protocol.py:read_frame:1177) | < TEXT '{"time":1751990654,"self_id":703263936,"post_ty...true},"interval":30000}' [148 bytes]
[2025-07-09 00:04:14,479.479] DEBUG    [MainThread|MainProcess] Logger (connect.py:on_message:43) | {'time': 1751990654, 'self_id': 703263936, 'post_type': 'meta_event', 'meta_event_type': 'heartbeat', 'status': {'online': True, 'good': True}, 'interval': 30000}
[2025-07-09 00:04:44,493.493] DEBUG    [MainThread|MainProcess] websockets.client (protocol.py:read_frame:1177) | < TEXT '{"time":1751990684,"self_id":703263936,"post_ty...true},"interval":30000}' [148 bytes]
[2025-07-09 00:04:44,493.493] DEBUG    [MainThread|MainProcess] Logger (connect.py:on_message:43) | {'time': 1751990684, 'self_id': 703263936, 'post_type': 'meta_event', 'meta_event_type': 'heartbeat', 'status': {'online': True, 'good': True}, 'interval': 30000}
[2025-07-09 00:05:14,506.506] DEBUG    [MainThread|MainProcess] websockets.client (protocol.py:read_frame:1177) | < TEXT '{"time":1751990714,"self_id":703263936,"post_ty...true},"interval":30000}' [148 bytes]
[2025-07-09 00:05:14,506.506] DEBUG    [MainThread|MainProcess] Logger (connect.py:on_message:43) | {'time': 1751990714, 'self_id': 703263936, 'post_type': 'meta_event', 'meta_event_type': 'heartbeat', 'status': {'online': True, 'good': True}, 'interval': 30000}
[2025-07-09 00:05:44,520.520] DEBUG    [MainThread|MainProcess] websockets.client (protocol.py:read_frame:1177) | < TEXT '{"time":1751990744,"self_id":703263936,"post_ty...true},"interval":30000}' [148 bytes]
[2025-07-09 00:05:44,520.520] DEBUG    [MainThread|MainProcess] Logger (connect.py:on_message:43) | {'time': 1751990744, 'self_id': 703263936, 'post_type': 'meta_event', 'meta_event_type': 'heartbeat', 'status': {'online': True, 'good': True}, 'interval': 30000}
[2025-07-09 00:06:14,527.527] DEBUG    [MainThread|MainProcess] websockets.client (protocol.py:read_frame:1177) | < TEXT '{"time":1751990774,"self_id":703263936,"post_ty...true},"interval":30000}' [148 bytes]
[2025-07-09 00:06:14,527.527] DEBUG    [MainThread|MainProcess] Logger (connect.py:on_message:43) | {'time': 1751990774, 'self_id': 703263936, 'post_type': 'meta_event', 'meta_event_type': 'heartbeat', 'status': {'online': True, 'good': True}, 'interval': 30000}
[2025-07-09 00:06:44,537.537] DEBUG    [MainThread|MainProcess] websockets.client (protocol.py:read_frame:1177) | < TEXT '{"time":1751990804,"self_id":703263936,"post_ty...true},"interval":30000}' [148 bytes]
[2025-07-09 00:06:44,537.537] DEBUG    [MainThread|MainProcess] Logger (connect.py:on_message:43) | {'time': 1751990804, 'self_id': 703263936, 'post_type': 'meta_event', 'meta_event_type': 'heartbeat', 'status': {'online': True, 'good': True}, 'interval': 30000}
[2025-07-09 00:07:14,550.550] DEBUG    [MainThread|MainProcess] websockets.client (protocol.py:read_frame:1177) | < TEXT '{"time":1751990834,"self_id":703263936,"post_ty...true},"interval":30000}' [148 bytes]
[2025-07-09 00:07:14,550.550] DEBUG    [MainThread|MainProcess] Logger (connect.py:on_message:43) | {'time': 1751990834, 'self_id': 703263936, 'post_type': 'meta_event', 'meta_event_type': 'heartbeat', 'status': {'online': True, 'good': True}, 'interval': 30000}
[2025-07-09 00:07:44,564.564] DEBUG    [MainThread|MainProcess] websockets.client (protocol.py:read_frame:1177) | < TEXT '{"time":1751990864,"self_id":703263936,"post_ty...true},"interval":30000}' [148 bytes]
[2025-07-09 00:07:44,564.564] DEBUG    [MainThread|MainProcess] Logger (connect.py:on_message:43) | {'time': 1751990864, 'self_id': 703263936, 'post_type': 'meta_event', 'meta_event_type': 'heartbeat', 'status': {'online': True, 'good': True}, 'interval': 30000}
[2025-07-09 00:08:14,575.575] DEBUG    [MainThread|MainProcess] websockets.client (protocol.py:read_frame:1177) | < TEXT '{"time":1751990894,"self_id":703263936,"post_ty...true},"interval":30000}' [148 bytes]
[2025-07-09 00:08:14,575.575] DEBUG    [MainThread|MainProcess] Logger (connect.py:on_message:43) | {'time': 1751990894, 'self_id': 703263936, 'post_type': 'meta_event', 'meta_event_type': 'heartbeat', 'status': {'online': True, 'good': True}, 'interval': 30000}
[2025-07-09 00:08:44,589.589] DEBUG    [MainThread|MainProcess] websockets.client (protocol.py:read_frame:1177) | < TEXT '{"time":1751990924,"self_id":703263936,"post_ty...true},"interval":30000}' [148 bytes]
[2025-07-09 00:08:44,589.589] DEBUG    [MainThread|MainProcess] Logger (connect.py:on_message:43) | {'time': 1751990924, 'self_id': 703263936, 'post_type': 'meta_event', 'meta_event_type': 'heartbeat', 'status': {'online': True, 'good': True}, 'interval': 30000}
[2025-07-09 00:09:14,600.600] DEBUG    [MainThread|MainProcess] websockets.client (protocol.py:read_frame:1177) | < TEXT '{"time":1751990954,"self_id":703263936,"post_ty...true},"interval":30000}' [148 bytes]
[2025-07-09 00:09:14,600.600] DEBUG    [MainThread|MainProcess] Logger (connect.py:on_message:43) | {'time': 1751990954, 'self_id': 703263936, 'post_type': 'meta_event', 'meta_event_type': 'heartbeat', 'status': {'online': True, 'good': True}, 'interval': 30000}
[2025-07-09 00:09:44,602.602] DEBUG    [MainThread|MainProcess] websockets.client (protocol.py:read_frame:1177) | < TEXT '{"time":1751990984,"self_id":703263936,"post_ty...true},"interval":30000}' [148 bytes]
[2025-07-09 00:09:44,602.602] DEBUG    [MainThread|MainProcess] Logger (connect.py:on_message:43) | {'time': 1751990984, 'self_id': 703263936, 'post_type': 'meta_event', 'meta_event_type': 'heartbeat', 'status': {'online': True, 'good': True}, 'interval': 30000}
[2025-07-09 00:10:14,612.612] DEBUG    [MainThread|MainProcess] websockets.client (protocol.py:read_frame:1177) | < TEXT '{"time":1751991014,"self_id":703263936,"post_ty...true},"interval":30000}' [148 bytes]
[2025-07-09 00:10:14,612.612] DEBUG    [MainThread|MainProcess] Logger (connect.py:on_message:43) | {'time': 1751991014, 'self_id': 703263936, 'post_type': 'meta_event', 'meta_event_type': 'heartbeat', 'status': {'online': True, 'good': True}, 'interval': 30000}
[2025-07-09 00:10:44,626.626] DEBUG    [MainThread|MainProcess] websockets.client (protocol.py:read_frame:1177) | < TEXT '{"time":1751991044,"self_id":703263936,"post_ty...true},"interval":30000}' [148 bytes]
[2025-07-09 00:10:44,626.626] DEBUG    [MainThread|MainProcess] Logger (connect.py:on_message:43) | {'time': 1751991044, 'self_id': 703263936, 'post_type': 'meta_event', 'meta_event_type': 'heartbeat', 'status': {'online': True, 'good': True}, 'interval': 30000}
[2025-07-09 00:11:14,639.639] DEBUG    [MainThread|MainProcess] websockets.client (protocol.py:read_frame:1177) | < TEXT '{"time":1751991074,"self_id":703263936,"post_ty...true},"interval":30000}' [148 bytes]
[2025-07-09 00:11:14,639.639] DEBUG    [MainThread|MainProcess] Logger (connect.py:on_message:43) | {'time': 1751991074, 'self_id': 703263936, 'post_type': 'meta_event', 'meta_event_type': 'heartbeat', 'status': {'online': True, 'good': True}, 'interval': 30000}
[2025-07-09 00:11:44,644.644] DEBUG    [MainThread|MainProcess] websockets.client (protocol.py:read_frame:1177) | < TEXT '{"time":1751991104,"self_id":703263936,"post_ty...true},"interval":30000}' [148 bytes]
[2025-07-09 00:11:44,644.644] DEBUG    [MainThread|MainProcess] Logger (connect.py:on_message:43) | {'time': 1751991104, 'self_id': 703263936, 'post_type': 'meta_event', 'meta_event_type': 'heartbeat', 'status': {'online': True, 'good': True}, 'interval': 30000}
[2025-07-09 00:12:14,653.653] DEBUG    [MainThread|MainProcess] websockets.client (protocol.py:read_frame:1177) | < TEXT '{"time":1751991134,"self_id":703263936,"post_ty...true},"interval":30000}' [148 bytes]
[2025-07-09 00:12:14,653.653] DEBUG    [MainThread|MainProcess] Logger (connect.py:on_message:43) | {'time': 1751991134, 'self_id': 703263936, 'post_type': 'meta_event', 'meta_event_type': 'heartbeat', 'status': {'online': True, 'good': True}, 'interval': 30000}
[2025-07-09 00:12:44,666.666] DEBUG    [MainThread|MainProcess] websockets.client (protocol.py:read_frame:1177) | < TEXT '{"time":1751991164,"self_id":703263936,"post_ty...true},"interval":30000}' [148 bytes]
[2025-07-09 00:12:44,666.666] DEBUG    [MainThread|MainProcess] Logger (connect.py:on_message:43) | {'time': 1751991164, 'self_id': 703263936, 'post_type': 'meta_event', 'meta_event_type': 'heartbeat', 'status': {'online': True, 'good': True}, 'interval': 30000}
[2025-07-09 00:13:14,679.679] DEBUG    [MainThread|MainProcess] websockets.client (protocol.py:read_frame:1177) | < TEXT '{"time":1751991194,"self_id":703263936,"post_ty...true},"interval":30000}' [148 bytes]
[2025-07-09 00:13:14,679.679] DEBUG    [MainThread|MainProcess] Logger (connect.py:on_message:43) | {'time': 1751991194, 'self_id': 703263936, 'post_type': 'meta_event', 'meta_event_type': 'heartbeat', 'status': {'online': True, 'good': True}, 'interval': 30000}
[2025-07-09 00:13:44,688.688] DEBUG    [MainThread|MainProcess] websockets.client (protocol.py:read_frame:1177) | < TEXT '{"time":1751991224,"self_id":703263936,"post_ty...true},"interval":30000}' [148 bytes]
[2025-07-09 00:13:44,688.688] DEBUG    [MainThread|MainProcess] Logger (connect.py:on_message:43) | {'time': 1751991224, 'self_id': 703263936, 'post_type': 'meta_event', 'meta_event_type': 'heartbeat', 'status': {'online': True, 'good': True}, 'interval': 30000}
[2025-07-09 00:14:14,701.701] DEBUG    [MainThread|MainProcess] websockets.client (protocol.py:read_frame:1177) | < TEXT '{"time":1751991254,"self_id":703263936,"post_ty...true},"interval":30000}' [148 bytes]
[2025-07-09 00:14:14,701.701] DEBUG    [MainThread|MainProcess] Logger (connect.py:on_message:43) | {'time': 1751991254, 'self_id': 703263936, 'post_type': 'meta_event', 'meta_event_type': 'heartbeat', 'status': {'online': True, 'good': True}, 'interval': 30000}
[2025-07-09 00:14:44,707.707] DEBUG    [MainThread|MainProcess] websockets.client (protocol.py:read_frame:1177) | < TEXT '{"time":1751991284,"self_id":703263936,"post_ty...true},"interval":30000}' [148 bytes]
[2025-07-09 00:14:44,707.707] DEBUG    [MainThread|MainProcess] Logger (connect.py:on_message:43) | {'time': 1751991284, 'self_id': 703263936, 'post_type': 'meta_event', 'meta_event_type': 'heartbeat', 'status': {'online': True, 'good': True}, 'interval': 30000}
[2025-07-09 00:15:14,720.720] DEBUG    [MainThread|MainProcess] websockets.client (protocol.py:read_frame:1177) | < TEXT '{"time":1751991314,"self_id":703263936,"post_ty...true},"interval":30000}' [148 bytes]
[2025-07-09 00:15:14,720.720] DEBUG    [MainThread|MainProcess] Logger (connect.py:on_message:43) | {'time': 1751991314, 'self_id': 703263936, 'post_type': 'meta_event', 'meta_event_type': 'heartbeat', 'status': {'online': True, 'good': True}, 'interval': 30000}
[2025-07-09 00:15:44,734.734] DEBUG    [MainThread|MainProcess] websockets.client (protocol.py:read_frame:1177) | < TEXT '{"time":1751991344,"self_id":703263936,"post_ty...true},"interval":30000}' [148 bytes]
[2025-07-09 00:15:44,734.734] DEBUG    [MainThread|MainProcess] Logger (connect.py:on_message:43) | {'time': 1751991344, 'self_id': 703263936, 'post_type': 'meta_event', 'meta_event_type': 'heartbeat', 'status': {'online': True, 'good': True}, 'interval': 30000}
[2025-07-09 00:16:14,741.741] DEBUG    [MainThread|MainProcess] websockets.client (protocol.py:read_frame:1177) | < TEXT '{"time":1751991374,"self_id":703263936,"post_ty...true},"interval":30000}' [148 bytes]
[2025-07-09 00:16:14,741.741] DEBUG    [MainThread|MainProcess] Logger (connect.py:on_message:43) | {'time': 1751991374, 'self_id': 703263936, 'post_type': 'meta_event', 'meta_event_type': 'heartbeat', 'status': {'online': True, 'good': True}, 'interval': 30000}
[2025-07-09 00:16:44,752.752] DEBUG    [MainThread|MainProcess] websockets.client (protocol.py:read_frame:1177) | < TEXT '{"time":1751991404,"self_id":703263936,"post_ty...true},"interval":30000}' [148 bytes]
[2025-07-09 00:16:44,752.752] DEBUG    [MainThread|MainProcess] Logger (connect.py:on_message:43) | {'time': 1751991404, 'self_id': 703263936, 'post_type': 'meta_event', 'meta_event_type': 'heartbeat', 'status': {'online': True, 'good': True}, 'interval': 30000}
[2025-07-09 00:17:14,765.765] DEBUG    [MainThread|MainProcess] websockets.client (protocol.py:read_frame:1177) | < TEXT '{"time":1751991434,"self_id":703263936,"post_ty...true},"interval":30000}' [148 bytes]
[2025-07-09 00:17:14,765.765] DEBUG    [MainThread|MainProcess] Logger (connect.py:on_message:43) | {'time': 1751991434, 'self_id': 703263936, 'post_type': 'meta_event', 'meta_event_type': 'heartbeat', 'status': {'online': True, 'good': True}, 'interval': 30000}
[2025-07-09 00:17:44,781.781] DEBUG    [MainThread|MainProcess] websockets.client (protocol.py:read_frame:1177) | < TEXT '{"time":1751991464,"self_id":703263936,"post_ty...true},"interval":30000}' [148 bytes]
[2025-07-09 00:17:44,781.781] DEBUG    [MainThread|MainProcess] Logger (connect.py:on_message:43) | {'time': 1751991464, 'self_id': 703263936, 'post_type': 'meta_event', 'meta_event_type': 'heartbeat', 'status': {'online': True, 'good': True}, 'interval': 30000}
[2025-07-09 00:18:14,791.791] DEBUG    [MainThread|MainProcess] websockets.client (protocol.py:read_frame:1177) | < TEXT '{"time":1751991494,"self_id":703263936,"post_ty...true},"interval":30000}' [148 bytes]
[2025-07-09 00:18:14,791.791] DEBUG    [MainThread|MainProcess] Logger (connect.py:on_message:43) | {'time': 1751991494, 'self_id': 703263936, 'post_type': 'meta_event', 'meta_event_type': 'heartbeat', 'status': {'online': True, 'good': True}, 'interval': 30000}
[2025-07-09 00:18:44,805.805] DEBUG    [MainThread|MainProcess] websockets.client (protocol.py:read_frame:1177) | < TEXT '{"time":1751991524,"self_id":703263936,"post_ty...true},"interval":30000}' [148 bytes]
[2025-07-09 00:18:44,805.805] DEBUG    [MainThread|MainProcess] Logger (connect.py:on_message:43) | {'time': 1751991524, 'self_id': 703263936, 'post_type': 'meta_event', 'meta_event_type': 'heartbeat', 'status': {'online': True, 'good': True}, 'interval': 30000}
[2025-07-09 00:19:14,818.818] DEBUG    [MainThread|MainProcess] websockets.client (protocol.py:read_frame:1177) | < TEXT '{"time":1751991554,"self_id":703263936,"post_ty...true},"interval":30000}' [148 bytes]
[2025-07-09 00:19:14,818.818] DEBUG    [MainThread|MainProcess] Logger (connect.py:on_message:43) | {'time': 1751991554, 'self_id': 703263936, 'post_type': 'meta_event', 'meta_event_type': 'heartbeat', 'status': {'online': True, 'good': True}, 'interval': 30000}
[2025-07-09 00:19:44,831.831] DEBUG    [MainThread|MainProcess] websockets.client (protocol.py:read_frame:1177) | < TEXT '{"time":1751991584,"self_id":703263936,"post_ty...true},"interval":30000}' [148 bytes]
[2025-07-09 00:19:44,831.831] DEBUG    [MainThread|MainProcess] Logger (connect.py:on_message:43) | {'time': 1751991584, 'self_id': 703263936, 'post_type': 'meta_event', 'meta_event_type': 'heartbeat', 'status': {'online': True, 'good': True}, 'interval': 30000}
[2025-07-09 00:20:14,840.840] DEBUG    [MainThread|MainProcess] websockets.client (protocol.py:read_frame:1177) | < TEXT '{"time":1751991614,"self_id":703263936,"post_ty...true},"interval":30000}' [148 bytes]
[2025-07-09 00:20:14,840.840] DEBUG    [MainThread|MainProcess] Logger (connect.py:on_message:43) | {'time': 1751991614, 'self_id': 703263936, 'post_type': 'meta_event', 'meta_event_type': 'heartbeat', 'status': {'online': True, 'good': True}, 'interval': 30000}
[2025-07-09 00:20:44,854.854] DEBUG    [MainThread|MainProcess] websockets.client (protocol.py:read_frame:1177) | < TEXT '{"time":1751991644,"self_id":703263936,"post_ty...true},"interval":30000}' [148 bytes]
[2025-07-09 00:20:44,854.854] DEBUG    [MainThread|MainProcess] Logger (connect.py:on_message:43) | {'time': 1751991644, 'self_id': 703263936, 'post_type': 'meta_event', 'meta_event_type': 'heartbeat', 'status': {'online': True, 'good': True}, 'interval': 30000}
[2025-07-09 00:21:14,867.867] DEBUG    [MainThread|MainProcess] websockets.client (protocol.py:read_frame:1177) | < TEXT '{"time":1751991674,"self_id":703263936,"post_ty...true},"interval":30000}' [148 bytes]
[2025-07-09 00:21:14,867.867] DEBUG    [MainThread|MainProcess] Logger (connect.py:on_message:43) | {'time': 1751991674, 'self_id': 703263936, 'post_type': 'meta_event', 'meta_event_type': 'heartbeat', 'status': {'online': True, 'good': True}, 'interval': 30000}
[2025-07-09 00:21:44,873.873] DEBUG    [MainThread|MainProcess] websockets.client (protocol.py:read_frame:1177) | < TEXT '{"time":1751991704,"self_id":703263936,"post_ty...true},"interval":30000}' [148 bytes]
[2025-07-09 00:21:44,873.873] DEBUG    [MainThread|MainProcess] Logger (connect.py:on_message:43) | {'time': 1751991704, 'self_id': 703263936, 'post_type': 'meta_event', 'meta_event_type': 'heartbeat', 'status': {'online': True, 'good': True}, 'interval': 30000}
[2025-07-09 00:22:14,878.878] DEBUG    [MainThread|MainProcess] websockets.client (protocol.py:read_frame:1177) | < TEXT '{"time":1751991734,"self_id":703263936,"post_ty...true},"interval":30000}' [148 bytes]
[2025-07-09 00:22:14,878.878] DEBUG    [MainThread|MainProcess] Logger (connect.py:on_message:43) | {'time': 1751991734, 'self_id': 703263936, 'post_type': 'meta_event', 'meta_event_type': 'heartbeat', 'status': {'online': True, 'good': True}, 'interval': 30000}
[2025-07-09 00:22:44,892.892] DEBUG    [MainThread|MainProcess] websockets.client (protocol.py:read_frame:1177) | < TEXT '{"time":1751991764,"self_id":703263936,"post_ty...true},"interval":30000}' [148 bytes]
[2025-07-09 00:22:44,892.892] DEBUG    [MainThread|MainProcess] Logger (connect.py:on_message:43) | {'time': 1751991764, 'self_id': 703263936, 'post_type': 'meta_event', 'meta_event_type': 'heartbeat', 'status': {'online': True, 'good': True}, 'interval': 30000}
[2025-07-09 00:23:14,905.905] DEBUG    [MainThread|MainProcess] websockets.client (protocol.py:read_frame:1177) | < TEXT '{"time":1751991794,"self_id":703263936,"post_ty...true},"interval":30000}' [148 bytes]
[2025-07-09 00:23:14,905.905] DEBUG    [MainThread|MainProcess] Logger (connect.py:on_message:43) | {'time': 1751991794, 'self_id': 703263936, 'post_type': 'meta_event', 'meta_event_type': 'heartbeat', 'status': {'online': True, 'good': True}, 'interval': 30000}
[2025-07-09 00:23:44,911.911] DEBUG    [MainThread|MainProcess] websockets.client (protocol.py:read_frame:1177) | < TEXT '{"time":1751991824,"self_id":703263936,"post_ty...true},"interval":30000}' [148 bytes]
[2025-07-09 00:23:44,911.911] DEBUG    [MainThread|MainProcess] Logger (connect.py:on_message:43) | {'time': 1751991824, 'self_id': 703263936, 'post_type': 'meta_event', 'meta_event_type': 'heartbeat', 'status': {'online': True, 'good': True}, 'interval': 30000}
[2025-07-09 00:24:14,923.923] DEBUG    [MainThread|MainProcess] websockets.client (protocol.py:read_frame:1177) | < TEXT '{"time":1751991854,"self_id":703263936,"post_ty...true},"interval":30000}' [148 bytes]
[2025-07-09 00:24:14,923.923] DEBUG    [MainThread|MainProcess] Logger (connect.py:on_message:43) | {'time': 1751991854, 'self_id': 703263936, 'post_type': 'meta_event', 'meta_event_type': 'heartbeat', 'status': {'online': True, 'good': True}, 'interval': 30000}
[2025-07-09 00:24:44,937.937] DEBUG    [MainThread|MainProcess] websockets.client (protocol.py:read_frame:1177) | < TEXT '{"time":1751991884,"self_id":703263936,"post_ty...true},"interval":30000}' [148 bytes]
[2025-07-09 00:24:44,937.937] DEBUG    [MainThread|MainProcess] Logger (connect.py:on_message:43) | {'time': 1751991884, 'self_id': 703263936, 'post_type': 'meta_event', 'meta_event_type': 'heartbeat', 'status': {'online': True, 'good': True}, 'interval': 30000}
[2025-07-09 00:25:14,950.950] DEBUG    [MainThread|MainProcess] websockets.client (protocol.py:read_frame:1177) | < TEXT '{"time":1751991914,"self_id":703263936,"post_ty...true},"interval":30000}' [148 bytes]
[2025-07-09 00:25:14,950.950] DEBUG    [MainThread|MainProcess] Logger (connect.py:on_message:43) | {'time': 1751991914, 'self_id': 703263936, 'post_type': 'meta_event', 'meta_event_type': 'heartbeat', 'status': {'online': True, 'good': True}, 'interval': 30000}
[2025-07-09 00:25:44,964.964] DEBUG    [MainThread|MainProcess] websockets.client (protocol.py:read_frame:1177) | < TEXT '{"time":1751991944,"self_id":703263936,"post_ty...true},"interval":30000}' [148 bytes]
[2025-07-09 00:25:44,964.964] DEBUG    [MainThread|MainProcess] Logger (connect.py:on_message:43) | {'time': 1751991944, 'self_id': 703263936, 'post_type': 'meta_event', 'meta_event_type': 'heartbeat', 'status': {'online': True, 'good': True}, 'interval': 30000}
[2025-07-09 00:26:14,969.969] DEBUG    [MainThread|MainProcess] websockets.client (protocol.py:read_frame:1177) | < TEXT '{"time":1751991974,"self_id":703263936,"post_ty...true},"interval":30000}' [148 bytes]
[2025-07-09 00:26:14,969.969] DEBUG    [MainThread|MainProcess] Logger (connect.py:on_message:43) | {'time': 1751991974, 'self_id': 703263936, 'post_type': 'meta_event', 'meta_event_type': 'heartbeat', 'status': {'online': True, 'good': True}, 'interval': 30000}
[2025-07-09 00:26:44,980.980] DEBUG    [MainThread|MainProcess] websockets.client (protocol.py:read_frame:1177) | < TEXT '{"time":1751992004,"self_id":703263936,"post_ty...true},"interval":30000}' [148 bytes]
[2025-07-09 00:26:44,980.980] DEBUG    [MainThread|MainProcess] Logger (connect.py:on_message:43) | {'time': 1751992004, 'self_id': 703263936, 'post_type': 'meta_event', 'meta_event_type': 'heartbeat', 'status': {'online': True, 'good': True}, 'interval': 30000}
[2025-07-09 00:27:14,994.994] DEBUG    [MainThread|MainProcess] websockets.client (protocol.py:read_frame:1177) | < TEXT '{"time":1751992034,"self_id":703263936,"post_ty...true},"interval":30000}' [148 bytes]
[2025-07-09 00:27:14,994.994] DEBUG    [MainThread|MainProcess] Logger (connect.py:on_message:43) | {'time': 1751992034, 'self_id': 703263936, 'post_type': 'meta_event', 'meta_event_type': 'heartbeat', 'status': {'online': True, 'good': True}, 'interval': 30000}
[2025-07-09 00:27:45,009.009] DEBUG    [MainThread|MainProcess] websockets.client (protocol.py:read_frame:1177) | < TEXT '{"time":1751992065,"self_id":703263936,"post_ty...true},"interval":30000}' [148 bytes]
[2025-07-09 00:27:45,009.009] DEBUG    [MainThread|MainProcess] Logger (connect.py:on_message:43) | {'time': 1751992065, 'self_id': 703263936, 'post_type': 'meta_event', 'meta_event_type': 'heartbeat', 'status': {'online': True, 'good': True}, 'interval': 30000}
[2025-07-09 00:28:15,020.020] DEBUG    [MainThread|MainProcess] websockets.client (protocol.py:read_frame:1177) | < TEXT '{"time":1751992095,"self_id":703263936,"post_ty...true},"interval":30000}' [148 bytes]
[2025-07-09 00:28:15,020.020] DEBUG    [MainThread|MainProcess] Logger (connect.py:on_message:43) | {'time': 1751992095, 'self_id': 703263936, 'post_type': 'meta_event', 'meta_event_type': 'heartbeat', 'status': {'online': True, 'good': True}, 'interval': 30000}
[2025-07-09 00:28:45,034.034] DEBUG    [MainThread|MainProcess] websockets.client (protocol.py:read_frame:1177) | < TEXT '{"time":1751992125,"self_id":703263936,"post_ty...true},"interval":30000}' [148 bytes]
[2025-07-09 00:28:45,034.034] DEBUG    [MainThread|MainProcess] Logger (connect.py:on_message:43) | {'time': 1751992125, 'self_id': 703263936, 'post_type': 'meta_event', 'meta_event_type': 'heartbeat', 'status': {'online': True, 'good': True}, 'interval': 30000}
[2025-07-09 00:29:15,047.047] DEBUG    [MainThread|MainProcess] websockets.client (protocol.py:read_frame:1177) | < TEXT '{"time":1751992155,"self_id":703263936,"post_ty...true},"interval":30000}' [148 bytes]
[2025-07-09 00:29:15,047.047] DEBUG    [MainThread|MainProcess] Logger (connect.py:on_message:43) | {'time': 1751992155, 'self_id': 703263936, 'post_type': 'meta_event', 'meta_event_type': 'heartbeat', 'status': {'online': True, 'good': True}, 'interval': 30000}
[2025-07-09 00:29:45,047.047] DEBUG    [MainThread|MainProcess] websockets.client (protocol.py:read_frame:1177) | < TEXT '{"time":1751992185,"self_id":703263936,"post_ty...true},"interval":30000}' [148 bytes]
[2025-07-09 00:29:45,047.047] DEBUG    [MainThread|MainProcess] Logger (connect.py:on_message:43) | {'time': 1751992185, 'self_id': 703263936, 'post_type': 'meta_event', 'meta_event_type': 'heartbeat', 'status': {'online': True, 'good': True}, 'interval': 30000}
[2025-07-09 00:30:15,091.091] DEBUG    [MainThread|MainProcess] websockets.client (protocol.py:read_frame:1177) | < TEXT '{"time":1751992215,"self_id":703263936,"post_ty...true},"interval":30000}' [148 bytes]
[2025-07-09 00:30:15,091.091] DEBUG    [MainThread|MainProcess] Logger (connect.py:on_message:43) | {'time': 1751992215, 'self_id': 703263936, 'post_type': 'meta_event', 'meta_event_type': 'heartbeat', 'status': {'online': True, 'good': True}, 'interval': 30000}
[2025-07-09 00:30:45,104.104] DEBUG    [MainThread|MainProcess] websockets.client (protocol.py:read_frame:1177) | < TEXT '{"time":1751992245,"self_id":703263936,"post_ty...true},"interval":30000}' [148 bytes]
[2025-07-09 00:30:45,104.104] DEBUG    [MainThread|MainProcess] Logger (connect.py:on_message:43) | {'time': 1751992245, 'self_id': 703263936, 'post_type': 'meta_event', 'meta_event_type': 'heartbeat', 'status': {'online': True, 'good': True}, 'interval': 30000}
[2025-07-09 00:31:15,118.118] DEBUG    [MainThread|MainProcess] websockets.client (protocol.py:read_frame:1177) | < TEXT '{"time":1751992275,"self_id":703263936,"post_ty...true},"interval":30000}' [148 bytes]
[2025-07-09 00:31:15,118.118] DEBUG    [MainThread|MainProcess] Logger (connect.py:on_message:43) | {'time': 1751992275, 'self_id': 703263936, 'post_type': 'meta_event', 'meta_event_type': 'heartbeat', 'status': {'online': True, 'good': True}, 'interval': 30000}
[2025-07-09 00:31:45,119.119] DEBUG    [MainThread|MainProcess] websockets.client (protocol.py:read_frame:1177) | < TEXT '{"time":1751992305,"self_id":703263936,"post_ty...true},"interval":30000}' [148 bytes]
[2025-07-09 00:31:45,119.119] DEBUG    [MainThread|MainProcess] Logger (connect.py:on_message:43) | {'time': 1751992305, 'self_id': 703263936, 'post_type': 'meta_event', 'meta_event_type': 'heartbeat', 'status': {'online': True, 'good': True}, 'interval': 30000}
[2025-07-09 00:32:15,126.126] DEBUG    [MainThread|MainProcess] websockets.client (protocol.py:read_frame:1177) | < TEXT '{"time":1751992335,"self_id":703263936,"post_ty...true},"interval":30000}' [148 bytes]
[2025-07-09 00:32:15,126.126] DEBUG    [MainThread|MainProcess] Logger (connect.py:on_message:43) | {'time': 1751992335, 'self_id': 703263936, 'post_type': 'meta_event', 'meta_event_type': 'heartbeat', 'status': {'online': True, 'good': True}, 'interval': 30000}
[2025-07-09 00:32:45,139.139] DEBUG    [MainThread|MainProcess] websockets.client (protocol.py:read_frame:1177) | < TEXT '{"time":1751992365,"self_id":703263936,"post_ty...true},"interval":30000}' [148 bytes]
[2025-07-09 00:32:45,139.139] DEBUG    [MainThread|MainProcess] Logger (connect.py:on_message:43) | {'time': 1751992365, 'self_id': 703263936, 'post_type': 'meta_event', 'meta_event_type': 'heartbeat', 'status': {'online': True, 'good': True}, 'interval': 30000}
[2025-07-09 00:33:15,153.153] DEBUG    [MainThread|MainProcess] websockets.client (protocol.py:read_frame:1177) | < TEXT '{"time":1751992395,"self_id":703263936,"post_ty...true},"interval":30000}' [148 bytes]
[2025-07-09 00:33:15,153.153] DEBUG    [MainThread|MainProcess] Logger (connect.py:on_message:43) | {'time': 1751992395, 'self_id': 703263936, 'post_type': 'meta_event', 'meta_event_type': 'heartbeat', 'status': {'online': True, 'good': True}, 'interval': 30000}
[2025-07-09 00:33:45,158.158] DEBUG    [MainThread|MainProcess] websockets.client (protocol.py:read_frame:1177) | < TEXT '{"time":1751992425,"self_id":703263936,"post_ty...true},"interval":30000}' [148 bytes]
[2025-07-09 00:33:45,158.158] DEBUG    [MainThread|MainProcess] Logger (connect.py:on_message:43) | {'time': 1751992425, 'self_id': 703263936, 'post_type': 'meta_event', 'meta_event_type': 'heartbeat', 'status': {'online': True, 'good': True}, 'interval': 30000}
[2025-07-09 00:34:15,167.167] DEBUG    [MainThread|MainProcess] websockets.client (protocol.py:read_frame:1177) | < TEXT '{"time":1751992455,"self_id":703263936,"post_ty...true},"interval":30000}' [148 bytes]
[2025-07-09 00:34:15,167.167] DEBUG    [MainThread|MainProcess] Logger (connect.py:on_message:43) | {'time': 1751992455, 'self_id': 703263936, 'post_type': 'meta_event', 'meta_event_type': 'heartbeat', 'status': {'online': True, 'good': True}, 'interval': 30000}
[2025-07-09 00:34:45,181.181] DEBUG    [MainThread|MainProcess] websockets.client (protocol.py:read_frame:1177) | < TEXT '{"time":1751992485,"self_id":703263936,"post_ty...true},"interval":30000}' [148 bytes]
[2025-07-09 00:34:45,181.181] DEBUG    [MainThread|MainProcess] Logger (connect.py:on_message:43) | {'time': 1751992485, 'self_id': 703263936, 'post_type': 'meta_event', 'meta_event_type': 'heartbeat', 'status': {'online': True, 'good': True}, 'interval': 30000}
[2025-07-09 00:35:15,194.194] DEBUG    [MainThread|MainProcess] websockets.client (protocol.py:read_frame:1177) | < TEXT '{"time":1751992515,"self_id":703263936,"post_ty...true},"interval":30000}' [148 bytes]
[2025-07-09 00:35:15,194.194] DEBUG    [MainThread|MainProcess] Logger (connect.py:on_message:43) | {'time': 1751992515, 'self_id': 703263936, 'post_type': 'meta_event', 'meta_event_type': 'heartbeat', 'status': {'online': True, 'good': True}, 'interval': 30000}
[2025-07-09 00:35:45,207.207] DEBUG    [MainThread|MainProcess] websockets.client (protocol.py:read_frame:1177) | < TEXT '{"time":1751992545,"self_id":703263936,"post_ty...true},"interval":30000}' [148 bytes]
[2025-07-09 00:35:45,207.207] DEBUG    [MainThread|MainProcess] Logger (connect.py:on_message:43) | {'time': 1751992545, 'self_id': 703263936, 'post_type': 'meta_event', 'meta_event_type': 'heartbeat', 'status': {'online': True, 'good': True}, 'interval': 30000}
[2025-07-09 00:36:15,217.217] DEBUG    [MainThread|MainProcess] websockets.client (protocol.py:read_frame:1177) | < TEXT '{"time":1751992575,"self_id":703263936,"post_ty...true},"interval":30000}' [148 bytes]
[2025-07-09 00:36:15,217.217] DEBUG    [MainThread|MainProcess] Logger (connect.py:on_message:43) | {'time': 1751992575, 'self_id': 703263936, 'post_type': 'meta_event', 'meta_event_type': 'heartbeat', 'status': {'online': True, 'good': True}, 'interval': 30000}
[2025-07-09 00:36:45,230.230] DEBUG    [MainThread|MainProcess] websockets.client (protocol.py:read_frame:1177) | < TEXT '{"time":1751992605,"self_id":703263936,"post_ty...true},"interval":30000}' [148 bytes]
[2025-07-09 00:36:45,230.230] DEBUG    [MainThread|MainProcess] Logger (connect.py:on_message:43) | {'time': 1751992605, 'self_id': 703263936, 'post_type': 'meta_event', 'meta_event_type': 'heartbeat', 'status': {'online': True, 'good': True}, 'interval': 30000}
[2025-07-09 00:37:15,243.243] DEBUG    [MainThread|MainProcess] websockets.client (protocol.py:read_frame:1177) | < TEXT '{"time":1751992635,"self_id":703263936,"post_ty...true},"interval":30000}' [148 bytes]
[2025-07-09 00:37:15,243.243] DEBUG    [MainThread|MainProcess] Logger (connect.py:on_message:43) | {'time': 1751992635, 'self_id': 703263936, 'post_type': 'meta_event', 'meta_event_type': 'heartbeat', 'status': {'online': True, 'good': True}, 'interval': 30000}
[2025-07-09 00:37:45,253.253] DEBUG    [MainThread|MainProcess] websockets.client (protocol.py:read_frame:1177) | < TEXT '{"time":1751992665,"self_id":703263936,"post_ty...true},"interval":30000}' [148 bytes]
[2025-07-09 00:37:45,253.253] DEBUG    [MainThread|MainProcess] Logger (connect.py:on_message:43) | {'time': 1751992665, 'self_id': 703263936, 'post_type': 'meta_event', 'meta_event_type': 'heartbeat', 'status': {'online': True, 'good': True}, 'interval': 30000}
[2025-07-09 00:38:15,263.263] DEBUG    [MainThread|MainProcess] websockets.client (protocol.py:read_frame:1177) | < TEXT '{"time":1751992695,"self_id":703263936,"post_ty...true},"interval":30000}' [148 bytes]
[2025-07-09 00:38:15,263.263] DEBUG    [MainThread|MainProcess] Logger (connect.py:on_message:43) | {'time': 1751992695, 'self_id': 703263936, 'post_type': 'meta_event', 'meta_event_type': 'heartbeat', 'status': {'online': True, 'good': True}, 'interval': 30000}
[2025-07-09 00:38:45,277.277] DEBUG    [MainThread|MainProcess] websockets.client (protocol.py:read_frame:1177) | < TEXT '{"time":1751992725,"self_id":703263936,"post_ty...true},"interval":30000}' [148 bytes]
[2025-07-09 00:38:45,277.277] DEBUG    [MainThread|MainProcess] Logger (connect.py:on_message:43) | {'time': 1751992725, 'self_id': 703263936, 'post_type': 'meta_event', 'meta_event_type': 'heartbeat', 'status': {'online': True, 'good': True}, 'interval': 30000}
[2025-07-09 00:39:15,290.290] DEBUG    [MainThread|MainProcess] websockets.client (protocol.py:read_frame:1177) | < TEXT '{"time":1751992755,"self_id":703263936,"post_ty...true},"interval":30000}' [148 bytes]
[2025-07-09 00:39:15,290.290] DEBUG    [MainThread|MainProcess] Logger (connect.py:on_message:43) | {'time': 1751992755, 'self_id': 703263936, 'post_type': 'meta_event', 'meta_event_type': 'heartbeat', 'status': {'online': True, 'good': True}, 'interval': 30000}
[2025-07-09 00:39:45,304.304] DEBUG    [MainThread|MainProcess] websockets.client (protocol.py:read_frame:1177) | < TEXT '{"time":1751992785,"self_id":703263936,"post_ty...true},"interval":30000}' [148 bytes]
[2025-07-09 00:39:45,304.304] DEBUG    [MainThread|MainProcess] Logger (connect.py:on_message:43) | {'time': 1751992785, 'self_id': 703263936, 'post_type': 'meta_event', 'meta_event_type': 'heartbeat', 'status': {'online': True, 'good': True}, 'interval': 30000}
[2025-07-09 00:40:15,314.314] DEBUG    [MainThread|MainProcess] websockets.client (protocol.py:read_frame:1177) | < TEXT '{"time":1751992815,"self_id":703263936,"post_ty...true},"interval":30000}' [148 bytes]
[2025-07-09 00:40:15,314.314] DEBUG    [MainThread|MainProcess] Logger (connect.py:on_message:43) | {'time': 1751992815, 'self_id': 703263936, 'post_type': 'meta_event', 'meta_event_type': 'heartbeat', 'status': {'online': True, 'good': True}, 'interval': 30000}
[2025-07-09 00:40:45,327.327] DEBUG    [MainThread|MainProcess] websockets.client (protocol.py:read_frame:1177) | < TEXT '{"time":1751992845,"self_id":703263936,"post_ty...true},"interval":30000}' [148 bytes]
[2025-07-09 00:40:45,327.327] DEBUG    [MainThread|MainProcess] Logger (connect.py:on_message:43) | {'time': 1751992845, 'self_id': 703263936, 'post_type': 'meta_event', 'meta_event_type': 'heartbeat', 'status': {'online': True, 'good': True}, 'interval': 30000}
[2025-07-09 00:41:15,341.341] DEBUG    [MainThread|MainProcess] websockets.client (protocol.py:read_frame:1177) | < TEXT '{"time":1751992875,"self_id":703263936,"post_ty...true},"interval":30000}' [148 bytes]
[2025-07-09 00:41:15,341.341] DEBUG    [MainThread|MainProcess] Logger (connect.py:on_message:43) | {'time': 1751992875, 'self_id': 703263936, 'post_type': 'meta_event', 'meta_event_type': 'heartbeat', 'status': {'online': True, 'good': True}, 'interval': 30000}
[2025-07-09 00:41:45,348.348] DEBUG    [MainThread|MainProcess] websockets.client (protocol.py:read_frame:1177) | < TEXT '{"time":1751992905,"self_id":703263936,"post_ty...true},"interval":30000}' [148 bytes]
[2025-07-09 00:41:45,348.348] DEBUG    [MainThread|MainProcess] Logger (connect.py:on_message:43) | {'time': 1751992905, 'self_id': 703263936, 'post_type': 'meta_event', 'meta_event_type': 'heartbeat', 'status': {'online': True, 'good': True}, 'interval': 30000}
[2025-07-09 00:42:15,354.354] DEBUG    [MainThread|MainProcess] websockets.client (protocol.py:read_frame:1177) | < TEXT '{"time":1751992935,"self_id":703263936,"post_ty...true},"interval":30000}' [148 bytes]
[2025-07-09 00:42:15,354.354] DEBUG    [MainThread|MainProcess] Logger (connect.py:on_message:43) | {'time': 1751992935, 'self_id': 703263936, 'post_type': 'meta_event', 'meta_event_type': 'heartbeat', 'status': {'online': True, 'good': True}, 'interval': 30000}
[2025-07-09 00:42:45,367.367] DEBUG    [MainThread|MainProcess] websockets.client (protocol.py:read_frame:1177) | < TEXT '{"time":1751992965,"self_id":703263936,"post_ty...true},"interval":30000}' [148 bytes]
[2025-07-09 00:42:45,367.367] DEBUG    [MainThread|MainProcess] Logger (connect.py:on_message:43) | {'time': 1751992965, 'self_id': 703263936, 'post_type': 'meta_event', 'meta_event_type': 'heartbeat', 'status': {'online': True, 'good': True}, 'interval': 30000}
[2025-07-09 00:43:15,381.381] DEBUG    [MainThread|MainProcess] websockets.client (protocol.py:read_frame:1177) | < TEXT '{"time":1751992995,"self_id":703263936,"post_ty...true},"interval":30000}' [148 bytes]
[2025-07-09 00:43:15,381.381] DEBUG    [MainThread|MainProcess] Logger (connect.py:on_message:43) | {'time': 1751992995, 'self_id': 703263936, 'post_type': 'meta_event', 'meta_event_type': 'heartbeat', 'status': {'online': True, 'good': True}, 'interval': 30000}
[2025-07-09 00:43:45,390.390] DEBUG    [MainThread|MainProcess] websockets.client (protocol.py:read_frame:1177) | < TEXT '{"time":1751993025,"self_id":703263936,"post_ty...true},"interval":30000}' [148 bytes]
[2025-07-09 00:43:45,390.390] DEBUG    [MainThread|MainProcess] Logger (connect.py:on_message:43) | {'time': 1751993025, 'self_id': 703263936, 'post_type': 'meta_event', 'meta_event_type': 'heartbeat', 'status': {'online': True, 'good': True}, 'interval': 30000}
[2025-07-09 00:44:15,399.399] DEBUG    [MainThread|MainProcess] websockets.client (protocol.py:read_frame:1177) | < TEXT '{"time":1751993055,"self_id":703263936,"post_ty...true},"interval":30000}' [148 bytes]
[2025-07-09 00:44:15,399.399] DEBUG    [MainThread|MainProcess] Logger (connect.py:on_message:43) | {'time': 1751993055, 'self_id': 703263936, 'post_type': 'meta_event', 'meta_event_type': 'heartbeat', 'status': {'online': True, 'good': True}, 'interval': 30000}
[2025-07-09 00:44:45,412.412] DEBUG    [MainThread|MainProcess] websockets.client (protocol.py:read_frame:1177) | < TEXT '{"time":1751993085,"self_id":703263936,"post_ty...true},"interval":30000}' [148 bytes]
[2025-07-09 00:44:45,412.412] DEBUG    [MainThread|MainProcess] Logger (connect.py:on_message:43) | {'time': 1751993085, 'self_id': 703263936, 'post_type': 'meta_event', 'meta_event_type': 'heartbeat', 'status': {'online': True, 'good': True}, 'interval': 30000}
[2025-07-09 00:45:15,426.426] DEBUG    [MainThread|MainProcess] websockets.client (protocol.py:read_frame:1177) | < TEXT '{"time":1751993115,"self_id":703263936,"post_ty...true},"interval":30000}' [148 bytes]
[2025-07-09 00:45:15,426.426] DEBUG    [MainThread|MainProcess] Logger (connect.py:on_message:43) | {'time': 1751993115, 'self_id': 703263936, 'post_type': 'meta_event', 'meta_event_type': 'heartbeat', 'status': {'online': True, 'good': True}, 'interval': 30000}
[2025-07-09 00:45:45,439.439] DEBUG    [MainThread|MainProcess] websockets.client (protocol.py:read_frame:1177) | < TEXT '{"time":1751993145,"self_id":703263936,"post_ty...true},"interval":30000}' [148 bytes]
[2025-07-09 00:45:45,439.439] DEBUG    [MainThread|MainProcess] Logger (connect.py:on_message:43) | {'time': 1751993145, 'self_id': 703263936, 'post_type': 'meta_event', 'meta_event_type': 'heartbeat', 'status': {'online': True, 'good': True}, 'interval': 30000}
[2025-07-09 00:46:15,444.444] DEBUG    [MainThread|MainProcess] websockets.client (protocol.py:read_frame:1177) | < TEXT '{"time":1751993175,"self_id":703263936,"post_ty...true},"interval":30000}' [148 bytes]
[2025-07-09 00:46:15,444.444] DEBUG    [MainThread|MainProcess] Logger (connect.py:on_message:43) | {'time': 1751993175, 'self_id': 703263936, 'post_type': 'meta_event', 'meta_event_type': 'heartbeat', 'status': {'online': True, 'good': True}, 'interval': 30000}
[2025-07-09 00:46:45,456.456] DEBUG    [MainThread|MainProcess] websockets.client (protocol.py:read_frame:1177) | < TEXT '{"time":1751993205,"self_id":703263936,"post_ty...true},"interval":30000}' [148 bytes]
[2025-07-09 00:46:45,456.456] DEBUG    [MainThread|MainProcess] Logger (connect.py:on_message:43) | {'time': 1751993205, 'self_id': 703263936, 'post_type': 'meta_event', 'meta_event_type': 'heartbeat', 'status': {'online': True, 'good': True}, 'interval': 30000}
[2025-07-09 00:47:15,469.469] DEBUG    [MainThread|MainProcess] websockets.client (protocol.py:read_frame:1177) | < TEXT '{"time":1751993235,"self_id":703263936,"post_ty...true},"interval":30000}' [148 bytes]
[2025-07-09 00:47:15,469.469] DEBUG    [MainThread|MainProcess] Logger (connect.py:on_message:43) | {'time': 1751993235, 'self_id': 703263936, 'post_type': 'meta_event', 'meta_event_type': 'heartbeat', 'status': {'online': True, 'good': True}, 'interval': 30000}
[2025-07-09 00:47:45,478.478] DEBUG    [MainThread|MainProcess] websockets.client (protocol.py:read_frame:1177) | < TEXT '{"time":1751993265,"self_id":703263936,"post_ty...true},"interval":30000}' [148 bytes]
[2025-07-09 00:47:45,478.478] DEBUG    [MainThread|MainProcess] Logger (connect.py:on_message:43) | {'time': 1751993265, 'self_id': 703263936, 'post_type': 'meta_event', 'meta_event_type': 'heartbeat', 'status': {'online': True, 'good': True}, 'interval': 30000}
[2025-07-09 00:48:15,489.489] DEBUG    [MainThread|MainProcess] websockets.client (protocol.py:read_frame:1177) | < TEXT '{"time":1751993295,"self_id":703263936,"post_ty...true},"interval":30000}' [148 bytes]
[2025-07-09 00:48:15,489.489] DEBUG    [MainThread|MainProcess] Logger (connect.py:on_message:43) | {'time': 1751993295, 'self_id': 703263936, 'post_type': 'meta_event', 'meta_event_type': 'heartbeat', 'status': {'online': True, 'good': True}, 'interval': 30000}
[2025-07-09 00:48:45,503.503] DEBUG    [MainThread|MainProcess] websockets.client (protocol.py:read_frame:1177) | < TEXT '{"time":1751993325,"self_id":703263936,"post_ty...true},"interval":30000}' [148 bytes]
[2025-07-09 00:48:45,503.503] DEBUG    [MainThread|MainProcess] Logger (connect.py:on_message:43) | {'time': 1751993325, 'self_id': 703263936, 'post_type': 'meta_event', 'meta_event_type': 'heartbeat', 'status': {'online': True, 'good': True}, 'interval': 30000}
[2025-07-09 00:49:15,516.516] DEBUG    [MainThread|MainProcess] websockets.client (protocol.py:read_frame:1177) | < TEXT '{"time":1751993355,"self_id":703263936,"post_ty...true},"interval":30000}' [148 bytes]
[2025-07-09 00:49:15,516.516] DEBUG    [MainThread|MainProcess] Logger (connect.py:on_message:43) | {'time': 1751993355, 'self_id': 703263936, 'post_type': 'meta_event', 'meta_event_type': 'heartbeat', 'status': {'online': True, 'good': True}, 'interval': 30000}
[2025-07-09 00:49:45,520.520] DEBUG    [MainThread|MainProcess] websockets.client (protocol.py:read_frame:1177) | < TEXT '{"time":1751993385,"self_id":703263936,"post_ty...true},"interval":30000}' [148 bytes]
[2025-07-09 00:49:45,520.520] DEBUG    [MainThread|MainProcess] Logger (connect.py:on_message:43) | {'time': 1751993385, 'self_id': 703263936, 'post_type': 'meta_event', 'meta_event_type': 'heartbeat', 'status': {'online': True, 'good': True}, 'interval': 30000}
[2025-07-09 00:50:15,531.531] DEBUG    [MainThread|MainProcess] websockets.client (protocol.py:read_frame:1177) | < TEXT '{"time":1751993415,"self_id":703263936,"post_ty...true},"interval":30000}' [148 bytes]
[2025-07-09 00:50:15,531.531] DEBUG    [MainThread|MainProcess] Logger (connect.py:on_message:43) | {'time': 1751993415, 'self_id': 703263936, 'post_type': 'meta_event', 'meta_event_type': 'heartbeat', 'status': {'online': True, 'good': True}, 'interval': 30000}
[2025-07-09 00:50:45,544.544] DEBUG    [MainThread|MainProcess] websockets.client (protocol.py:read_frame:1177) | < TEXT '{"time":1751993445,"self_id":703263936,"post_ty...true},"interval":30000}' [148 bytes]
[2025-07-09 00:50:45,544.544] DEBUG    [MainThread|MainProcess] Logger (connect.py:on_message:43) | {'time': 1751993445, 'self_id': 703263936, 'post_type': 'meta_event', 'meta_event_type': 'heartbeat', 'status': {'online': True, 'good': True}, 'interval': 30000}
[2025-07-09 00:51:15,558.558] DEBUG    [MainThread|MainProcess] websockets.client (protocol.py:read_frame:1177) | < TEXT '{"time":1751993475,"self_id":703263936,"post_ty...true},"interval":30000}' [148 bytes]
[2025-07-09 00:51:15,558.558] DEBUG    [MainThread|MainProcess] Logger (connect.py:on_message:43) | {'time': 1751993475, 'self_id': 703263936, 'post_type': 'meta_event', 'meta_event_type': 'heartbeat', 'status': {'online': True, 'good': True}, 'interval': 30000}
[2025-07-09 00:51:45,566.566] DEBUG    [MainThread|MainProcess] websockets.client (protocol.py:read_frame:1177) | < TEXT '{"time":1751993505,"self_id":703263936,"post_ty...true},"interval":30000}' [148 bytes]
[2025-07-09 00:51:45,566.566] DEBUG    [MainThread|MainProcess] Logger (connect.py:on_message:43) | {'time': 1751993505, 'self_id': 703263936, 'post_type': 'meta_event', 'meta_event_type': 'heartbeat', 'status': {'online': True, 'good': True}, 'interval': 30000}
[2025-07-09 00:52:15,575.575] DEBUG    [MainThread|MainProcess] websockets.client (protocol.py:read_frame:1177) | < TEXT '{"time":1751993535,"self_id":703263936,"post_ty...true},"interval":30000}' [148 bytes]
[2025-07-09 00:52:15,575.575] DEBUG    [MainThread|MainProcess] Logger (connect.py:on_message:43) | {'time': 1751993535, 'self_id': 703263936, 'post_type': 'meta_event', 'meta_event_type': 'heartbeat', 'status': {'online': True, 'good': True}, 'interval': 30000}
[2025-07-09 00:52:45,589.589] DEBUG    [MainThread|MainProcess] websockets.client (protocol.py:read_frame:1177) | < TEXT '{"time":1751993565,"self_id":703263936,"post_ty...true},"interval":30000}' [148 bytes]
[2025-07-09 00:52:45,589.589] DEBUG    [MainThread|MainProcess] Logger (connect.py:on_message:43) | {'time': 1751993565, 'self_id': 703263936, 'post_type': 'meta_event', 'meta_event_type': 'heartbeat', 'status': {'online': True, 'good': True}, 'interval': 30000}
[2025-07-09 00:53:15,602.602] DEBUG    [MainThread|MainProcess] websockets.client (protocol.py:read_frame:1177) | < TEXT '{"time":1751993595,"self_id":703263936,"post_ty...true},"interval":30000}' [148 bytes]
[2025-07-09 00:53:15,602.602] DEBUG    [MainThread|MainProcess] Logger (connect.py:on_message:43) | {'time': 1751993595, 'self_id': 703263936, 'post_type': 'meta_event', 'meta_event_type': 'heartbeat', 'status': {'online': True, 'good': True}, 'interval': 30000}
[2025-07-09 00:53:45,615.615] DEBUG    [MainThread|MainProcess] websockets.client (protocol.py:read_frame:1177) | < TEXT '{"time":1751993625,"self_id":703263936,"post_ty...true},"interval":30000}' [148 bytes]
[2025-07-09 00:53:45,615.615] DEBUG    [MainThread|MainProcess] Logger (connect.py:on_message:43) | {'time': 1751993625, 'self_id': 703263936, 'post_type': 'meta_event', 'meta_event_type': 'heartbeat', 'status': {'online': True, 'good': True}, 'interval': 30000}
[2025-07-09 00:54:15,625.625] DEBUG    [MainThread|MainProcess] websockets.client (protocol.py:read_frame:1177) | < TEXT '{"time":1751993655,"self_id":703263936,"post_ty...true},"interval":30000}' [148 bytes]
[2025-07-09 00:54:15,625.625] DEBUG    [MainThread|MainProcess] Logger (connect.py:on_message:43) | {'time': 1751993655, 'self_id': 703263936, 'post_type': 'meta_event', 'meta_event_type': 'heartbeat', 'status': {'online': True, 'good': True}, 'interval': 30000}
[2025-07-09 00:54:45,638.638] DEBUG    [MainThread|MainProcess] websockets.client (protocol.py:read_frame:1177) | < TEXT '{"time":1751993685,"self_id":703263936,"post_ty...true},"interval":30000}' [148 bytes]
[2025-07-09 00:54:45,638.638] DEBUG    [MainThread|MainProcess] Logger (connect.py:on_message:43) | {'time': 1751993685, 'self_id': 703263936, 'post_type': 'meta_event', 'meta_event_type': 'heartbeat', 'status': {'online': True, 'good': True}, 'interval': 30000}
[2025-07-09 00:55:15,652.652] DEBUG    [MainThread|MainProcess] websockets.client (protocol.py:read_frame:1177) | < TEXT '{"time":1751993715,"self_id":703263936,"post_ty...true},"interval":30000}' [148 bytes]
[2025-07-09 00:55:15,652.652] DEBUG    [MainThread|MainProcess] Logger (connect.py:on_message:43) | {'time': 1751993715, 'self_id': 703263936, 'post_type': 'meta_event', 'meta_event_type': 'heartbeat', 'status': {'online': True, 'good': True}, 'interval': 30000}
[2025-07-09 00:55:45,665.665] DEBUG    [MainThread|MainProcess] websockets.client (protocol.py:read_frame:1177) | < TEXT '{"time":1751993745,"self_id":703263936,"post_ty...true},"interval":30000}' [148 bytes]
[2025-07-09 00:55:45,665.665] DEBUG    [MainThread|MainProcess] Logger (connect.py:on_message:43) | {'time': 1751993745, 'self_id': 703263936, 'post_type': 'meta_event', 'meta_event_type': 'heartbeat', 'status': {'online': True, 'good': True}, 'interval': 30000}
[2025-07-09 00:56:15,674.674] DEBUG    [MainThread|MainProcess] websockets.client (protocol.py:read_frame:1177) | < TEXT '{"time":1751993775,"self_id":703263936,"post_ty...true},"interval":30000}' [148 bytes]
[2025-07-09 00:56:15,674.674] DEBUG    [MainThread|MainProcess] Logger (connect.py:on_message:43) | {'time': 1751993775, 'self_id': 703263936, 'post_type': 'meta_event', 'meta_event_type': 'heartbeat', 'status': {'online': True, 'good': True}, 'interval': 30000}
[2025-07-09 00:56:45,685.685] DEBUG    [MainThread|MainProcess] websockets.client (protocol.py:read_frame:1177) | < TEXT '{"time":1751993805,"self_id":703263936,"post_ty...true},"interval":30000}' [148 bytes]
[2025-07-09 00:56:45,685.685] DEBUG    [MainThread|MainProcess] Logger (connect.py:on_message:43) | {'time': 1751993805, 'self_id': 703263936, 'post_type': 'meta_event', 'meta_event_type': 'heartbeat', 'status': {'online': True, 'good': True}, 'interval': 30000}
[2025-07-09 00:57:15,699.699] DEBUG    [MainThread|MainProcess] websockets.client (protocol.py:read_frame:1177) | < TEXT '{"time":1751993835,"self_id":703263936,"post_ty...true},"interval":30000}' [148 bytes]
[2025-07-09 00:57:15,699.699] DEBUG    [MainThread|MainProcess] Logger (connect.py:on_message:43) | {'time': 1751993835, 'self_id': 703263936, 'post_type': 'meta_event', 'meta_event_type': 'heartbeat', 'status': {'online': True, 'good': True}, 'interval': 30000}
[2025-07-09 00:57:45,709.709] DEBUG    [MainThread|MainProcess] websockets.client (protocol.py:read_frame:1177) | < TEXT '{"time":1751993865,"self_id":703263936,"post_ty...true},"interval":30000}' [148 bytes]
[2025-07-09 00:57:45,709.709] DEBUG    [MainThread|MainProcess] Logger (connect.py:on_message:43) | {'time': 1751993865, 'self_id': 703263936, 'post_type': 'meta_event', 'meta_event_type': 'heartbeat', 'status': {'online': True, 'good': True}, 'interval': 30000}
[2025-07-09 00:58:15,720.720] DEBUG    [MainThread|MainProcess] websockets.client (protocol.py:read_frame:1177) | < TEXT '{"time":1751993895,"self_id":703263936,"post_ty...true},"interval":30000}' [148 bytes]
[2025-07-09 00:58:15,720.720] DEBUG    [MainThread|MainProcess] Logger (connect.py:on_message:43) | {'time': 1751993895, 'self_id': 703263936, 'post_type': 'meta_event', 'meta_event_type': 'heartbeat', 'status': {'online': True, 'good': True}, 'interval': 30000}
[2025-07-09 00:58:45,733.733] DEBUG    [MainThread|MainProcess] websockets.client (protocol.py:read_frame:1177) | < TEXT '{"time":1751993925,"self_id":703263936,"post_ty...true},"interval":30000}' [148 bytes]
[2025-07-09 00:58:45,733.733] DEBUG    [MainThread|MainProcess] Logger (connect.py:on_message:43) | {'time': 1751993925, 'self_id': 703263936, 'post_type': 'meta_event', 'meta_event_type': 'heartbeat', 'status': {'online': True, 'good': True}, 'interval': 30000}
[2025-07-09 00:59:15,747.747] DEBUG    [MainThread|MainProcess] websockets.client (protocol.py:read_frame:1177) | < TEXT '{"time":1751993955,"self_id":703263936,"post_ty...true},"interval":30000}' [148 bytes]
[2025-07-09 00:59:15,747.747] DEBUG    [MainThread|MainProcess] Logger (connect.py:on_message:43) | {'time': 1751993955, 'self_id': 703263936, 'post_type': 'meta_event', 'meta_event_type': 'heartbeat', 'status': {'online': True, 'good': True}, 'interval': 30000}
[2025-07-09 00:59:45,749.749] DEBUG    [MainThread|MainProcess] websockets.client (protocol.py:read_frame:1177) | < TEXT '{"time":1751993985,"self_id":703263936,"post_ty...true},"interval":30000}' [148 bytes]
[2025-07-09 00:59:45,749.749] DEBUG    [MainThread|MainProcess] Logger (connect.py:on_message:43) | {'time': 1751993985, 'self_id': 703263936, 'post_type': 'meta_event', 'meta_event_type': 'heartbeat', 'status': {'online': True, 'good': True}, 'interval': 30000}
[2025-07-09 01:00:15,759.759] DEBUG    [MainThread|MainProcess] websockets.client (protocol.py:read_frame:1177) | < TEXT '{"time":1751994015,"self_id":703263936,"post_ty...true},"interval":30000}' [148 bytes]
[2025-07-09 01:00:15,759.759] DEBUG    [MainThread|MainProcess] Logger (connect.py:on_message:43) | {'time': 1751994015, 'self_id': 703263936, 'post_type': 'meta_event', 'meta_event_type': 'heartbeat', 'status': {'online': True, 'good': True}, 'interval': 30000}
[2025-07-09 01:00:45,773.773] DEBUG    [MainThread|MainProcess] websockets.client (protocol.py:read_frame:1177) | < TEXT '{"time":1751994045,"self_id":703263936,"post_ty...true},"interval":30000}' [148 bytes]
[2025-07-09 01:00:45,773.773] DEBUG    [MainThread|MainProcess] Logger (connect.py:on_message:43) | {'time': 1751994045, 'self_id': 703263936, 'post_type': 'meta_event', 'meta_event_type': 'heartbeat', 'status': {'online': True, 'good': True}, 'interval': 30000}
[2025-07-09 01:01:15,786.786] DEBUG    [MainThread|MainProcess] websockets.client (protocol.py:read_frame:1177) | < TEXT '{"time":1751994075,"self_id":703263936,"post_ty...true},"interval":30000}' [148 bytes]
[2025-07-09 01:01:15,786.786] DEBUG    [MainThread|MainProcess] Logger (connect.py:on_message:43) | {'time': 1751994075, 'self_id': 703263936, 'post_type': 'meta_event', 'meta_event_type': 'heartbeat', 'status': {'online': True, 'good': True}, 'interval': 30000}
[2025-07-09 01:01:45,791.791] DEBUG    [MainThread|MainProcess] websockets.client (protocol.py:read_frame:1177) | < TEXT '{"time":1751994105,"self_id":703263936,"post_ty...true},"interval":30000}' [148 bytes]
[2025-07-09 01:01:45,791.791] DEBUG    [MainThread|MainProcess] Logger (connect.py:on_message:43) | {'time': 1751994105, 'self_id': 703263936, 'post_type': 'meta_event', 'meta_event_type': 'heartbeat', 'status': {'online': True, 'good': True}, 'interval': 30000}
[2025-07-09 01:02:15,800.800] DEBUG    [MainThread|MainProcess] websockets.client (protocol.py:read_frame:1177) | < TEXT '{"time":1751994135,"self_id":703263936,"post_ty...true},"interval":30000}' [148 bytes]
[2025-07-09 01:02:15,800.800] DEBUG    [MainThread|MainProcess] Logger (connect.py:on_message:43) | {'time': 1751994135, 'self_id': 703263936, 'post_type': 'meta_event', 'meta_event_type': 'heartbeat', 'status': {'online': True, 'good': True}, 'interval': 30000}
[2025-07-09 01:02:45,814.814] DEBUG    [MainThread|MainProcess] websockets.client (protocol.py:read_frame:1177) | < TEXT '{"time":1751994165,"self_id":703263936,"post_ty...true},"interval":30000}' [148 bytes]
[2025-07-09 01:02:45,814.814] DEBUG    [MainThread|MainProcess] Logger (connect.py:on_message:43) | {'time': 1751994165, 'self_id': 703263936, 'post_type': 'meta_event', 'meta_event_type': 'heartbeat', 'status': {'online': True, 'good': True}, 'interval': 30000}
[2025-07-09 01:03:15,827.827] DEBUG    [MainThread|MainProcess] websockets.client (protocol.py:read_frame:1177) | < TEXT '{"time":1751994195,"self_id":703263936,"post_ty...true},"interval":30000}' [148 bytes]
[2025-07-09 01:03:15,827.827] DEBUG    [MainThread|MainProcess] Logger (connect.py:on_message:43) | {'time': 1751994195, 'self_id': 703263936, 'post_type': 'meta_event', 'meta_event_type': 'heartbeat', 'status': {'online': True, 'good': True}, 'interval': 30000}
[2025-07-09 01:03:45,832.832] DEBUG    [MainThread|MainProcess] websockets.client (protocol.py:read_frame:1177) | < TEXT '{"time":1751994225,"self_id":703263936,"post_ty...true},"interval":30000}' [148 bytes]
[2025-07-09 01:03:45,832.832] DEBUG    [MainThread|MainProcess] Logger (connect.py:on_message:43) | {'time': 1751994225, 'self_id': 703263936, 'post_type': 'meta_event', 'meta_event_type': 'heartbeat', 'status': {'online': True, 'good': True}, 'interval': 30000}
[2025-07-09 01:04:15,842.842] DEBUG    [MainThread|MainProcess] websockets.client (protocol.py:read_frame:1177) | < TEXT '{"time":1751994255,"self_id":703263936,"post_ty...true},"interval":30000}' [148 bytes]
[2025-07-09 01:04:15,842.842] DEBUG    [MainThread|MainProcess] Logger (connect.py:on_message:43) | {'time': 1751994255, 'self_id': 703263936, 'post_type': 'meta_event', 'meta_event_type': 'heartbeat', 'status': {'online': True, 'good': True}, 'interval': 30000}
[2025-07-09 01:04:45,855.855] DEBUG    [MainThread|MainProcess] websockets.client (protocol.py:read_frame:1177) | < TEXT '{"time":1751994285,"self_id":703263936,"post_ty...true},"interval":30000}' [148 bytes]
[2025-07-09 01:04:45,855.855] DEBUG    [MainThread|MainProcess] Logger (connect.py:on_message:43) | {'time': 1751994285, 'self_id': 703263936, 'post_type': 'meta_event', 'meta_event_type': 'heartbeat', 'status': {'online': True, 'good': True}, 'interval': 30000}
[2025-07-09 01:05:15,869.869] DEBUG    [MainThread|MainProcess] websockets.client (protocol.py:read_frame:1177) | < TEXT '{"time":1751994315,"self_id":703263936,"post_ty...true},"interval":30000}' [148 bytes]
[2025-07-09 01:05:15,869.869] DEBUG    [MainThread|MainProcess] Logger (connect.py:on_message:43) | {'time': 1751994315, 'self_id': 703263936, 'post_type': 'meta_event', 'meta_event_type': 'heartbeat', 'status': {'online': True, 'good': True}, 'interval': 30000}
[2025-07-09 01:05:45,882.882] DEBUG    [MainThread|MainProcess] websockets.client (protocol.py:read_frame:1177) | < TEXT '{"time":1751994345,"self_id":703263936,"post_ty...true},"interval":30000}' [148 bytes]
[2025-07-09 01:05:45,882.882] DEBUG    [MainThread|MainProcess] Logger (connect.py:on_message:43) | {'time': 1751994345, 'self_id': 703263936, 'post_type': 'meta_event', 'meta_event_type': 'heartbeat', 'status': {'online': True, 'good': True}, 'interval': 30000}
[2025-07-09 01:06:15,890.890] DEBUG    [MainThread|MainProcess] websockets.client (protocol.py:read_frame:1177) | < TEXT '{"time":1751994375,"self_id":703263936,"post_ty...true},"interval":30000}' [148 bytes]
[2025-07-09 01:06:15,890.890] DEBUG    [MainThread|MainProcess] Logger (connect.py:on_message:43) | {'time': 1751994375, 'self_id': 703263936, 'post_type': 'meta_event', 'meta_event_type': 'heartbeat', 'status': {'online': True, 'good': True}, 'interval': 30000}
[2025-07-09 01:06:45,900.900] DEBUG    [MainThread|MainProcess] websockets.client (protocol.py:read_frame:1177) | < TEXT '{"time":1751994405,"self_id":703263936,"post_ty...true},"interval":30000}' [148 bytes]
[2025-07-09 01:06:45,900.900] DEBUG    [MainThread|MainProcess] Logger (connect.py:on_message:43) | {'time': 1751994405, 'self_id': 703263936, 'post_type': 'meta_event', 'meta_event_type': 'heartbeat', 'status': {'online': True, 'good': True}, 'interval': 30000}
[2025-07-09 01:07:15,913.913] DEBUG    [MainThread|MainProcess] websockets.client (protocol.py:read_frame:1177) | < TEXT '{"time":1751994435,"self_id":703263936,"post_ty...true},"interval":30000}' [148 bytes]
[2025-07-09 01:07:15,913.913] DEBUG    [MainThread|MainProcess] Logger (connect.py:on_message:43) | {'time': 1751994435, 'self_id': 703263936, 'post_type': 'meta_event', 'meta_event_type': 'heartbeat', 'status': {'online': True, 'good': True}, 'interval': 30000}
[2025-07-09 01:07:45,924.924] DEBUG    [MainThread|MainProcess] websockets.client (protocol.py:read_frame:1177) | < TEXT '{"time":1751994465,"self_id":703263936,"post_ty...true},"interval":30000}' [148 bytes]
[2025-07-09 01:07:45,924.924] DEBUG    [MainThread|MainProcess] Logger (connect.py:on_message:43) | {'time': 1751994465, 'self_id': 703263936, 'post_type': 'meta_event', 'meta_event_type': 'heartbeat', 'status': {'online': True, 'good': True}, 'interval': 30000}
[2025-07-09 01:08:15,934.934] DEBUG    [MainThread|MainProcess] websockets.client (protocol.py:read_frame:1177) | < TEXT '{"time":1751994495,"self_id":703263936,"post_ty...true},"interval":30000}' [148 bytes]
[2025-07-09 01:08:15,934.934] DEBUG    [MainThread|MainProcess] Logger (connect.py:on_message:43) | {'time': 1751994495, 'self_id': 703263936, 'post_type': 'meta_event', 'meta_event_type': 'heartbeat', 'status': {'online': True, 'good': True}, 'interval': 30000}
[2025-07-09 01:08:45,947.947] DEBUG    [MainThread|MainProcess] websockets.client (protocol.py:read_frame:1177) | < TEXT '{"time":1751994525,"self_id":703263936,"post_ty...true},"interval":30000}' [148 bytes]
[2025-07-09 01:08:45,947.947] DEBUG    [MainThread|MainProcess] Logger (connect.py:on_message:43) | {'time': 1751994525, 'self_id': 703263936, 'post_type': 'meta_event', 'meta_event_type': 'heartbeat', 'status': {'online': True, 'good': True}, 'interval': 30000}
[2025-07-09 01:09:15,954.954] DEBUG    [MainThread|MainProcess] websockets.client (protocol.py:read_frame:1177) | < TEXT '{"time":1751994555,"self_id":703263936,"post_ty...true},"interval":30000}' [148 bytes]
[2025-07-09 01:09:15,954.954] DEBUG    [MainThread|MainProcess] Logger (connect.py:on_message:43) | {'time': 1751994555, 'self_id': 703263936, 'post_type': 'meta_event', 'meta_event_type': 'heartbeat', 'status': {'online': True, 'good': True}, 'interval': 30000}
[2025-07-09 01:09:45,962.962] DEBUG    [MainThread|MainProcess] websockets.client (protocol.py:read_frame:1177) | < TEXT '{"time":1751994585,"self_id":703263936,"post_ty...true},"interval":30000}' [148 bytes]
[2025-07-09 01:09:45,962.962] DEBUG    [MainThread|MainProcess] Logger (connect.py:on_message:43) | {'time': 1751994585, 'self_id': 703263936, 'post_type': 'meta_event', 'meta_event_type': 'heartbeat', 'status': {'online': True, 'good': True}, 'interval': 30000}
[2025-07-09 01:10:15,973.973] DEBUG    [MainThread|MainProcess] websockets.client (protocol.py:read_frame:1177) | < TEXT '{"time":1751994615,"self_id":703263936,"post_ty...true},"interval":30000}' [148 bytes]
[2025-07-09 01:10:15,973.973] DEBUG    [MainThread|MainProcess] Logger (connect.py:on_message:43) | {'time': 1751994615, 'self_id': 703263936, 'post_type': 'meta_event', 'meta_event_type': 'heartbeat', 'status': {'online': True, 'good': True}, 'interval': 30000}
[2025-07-09 01:10:45,987.987] DEBUG    [MainThread|MainProcess] websockets.client (protocol.py:read_frame:1177) | < TEXT '{"time":1751994645,"self_id":703263936,"post_ty...true},"interval":30000}' [148 bytes]
[2025-07-09 01:10:45,987.987] DEBUG    [MainThread|MainProcess] Logger (connect.py:on_message:43) | {'time': 1751994645, 'self_id': 703263936, 'post_type': 'meta_event', 'meta_event_type': 'heartbeat', 'status': {'online': True, 'good': True}, 'interval': 30000}
[2025-07-09 01:11:16,000.000] DEBUG    [MainThread|MainProcess] websockets.client (protocol.py:read_frame:1177) | < TEXT '{"time":1751994676,"self_id":703263936,"post_ty...true},"interval":30000}' [148 bytes]
[2025-07-09 01:11:16,000.000] DEBUG    [MainThread|MainProcess] Logger (connect.py:on_message:43) | {'time': 1751994676, 'self_id': 703263936, 'post_type': 'meta_event', 'meta_event_type': 'heartbeat', 'status': {'online': True, 'good': True}, 'interval': 30000}
[2025-07-09 01:11:46,004.004] DEBUG    [MainThread|MainProcess] websockets.client (protocol.py:read_frame:1177) | < TEXT '{"time":1751994706,"self_id":703263936,"post_ty...true},"interval":30000}' [148 bytes]
[2025-07-09 01:11:46,004.004] DEBUG    [MainThread|MainProcess] Logger (connect.py:on_message:43) | {'time': 1751994706, 'self_id': 703263936, 'post_type': 'meta_event', 'meta_event_type': 'heartbeat', 'status': {'online': True, 'good': True}, 'interval': 30000}
[2025-07-09 01:12:16,013.013] DEBUG    [MainThread|MainProcess] websockets.client (protocol.py:read_frame:1177) | < TEXT '{"time":1751994736,"self_id":703263936,"post_ty...true},"interval":30000}' [148 bytes]
[2025-07-09 01:12:16,013.013] DEBUG    [MainThread|MainProcess] Logger (connect.py:on_message:43) | {'time': 1751994736, 'self_id': 703263936, 'post_type': 'meta_event', 'meta_event_type': 'heartbeat', 'status': {'online': True, 'good': True}, 'interval': 30000}
[2025-07-09 01:12:46,027.027] DEBUG    [MainThread|MainProcess] websockets.client (protocol.py:read_frame:1177) | < TEXT '{"time":1751994766,"self_id":703263936,"post_ty...true},"interval":30000}' [148 bytes]
[2025-07-09 01:12:46,027.027] DEBUG    [MainThread|MainProcess] Logger (connect.py:on_message:43) | {'time': 1751994766, 'self_id': 703263936, 'post_type': 'meta_event', 'meta_event_type': 'heartbeat', 'status': {'online': True, 'good': True}, 'interval': 30000}
[2025-07-09 01:13:16,040.040] DEBUG    [MainThread|MainProcess] websockets.client (protocol.py:read_frame:1177) | < TEXT '{"time":1751994796,"self_id":703263936,"post_ty...true},"interval":30000}' [148 bytes]
[2025-07-09 01:13:16,040.040] DEBUG    [MainThread|MainProcess] Logger (connect.py:on_message:43) | {'time': 1751994796, 'self_id': 703263936, 'post_type': 'meta_event', 'meta_event_type': 'heartbeat', 'status': {'online': True, 'good': True}, 'interval': 30000}
[2025-07-09 01:13:46,043.043] DEBUG    [MainThread|MainProcess] websockets.client (protocol.py:read_frame:1177) | < TEXT '{"time":1751994826,"self_id":703263936,"post_ty...true},"interval":30000}' [148 bytes]
[2025-07-09 01:13:46,043.043] DEBUG    [MainThread|MainProcess] Logger (connect.py:on_message:43) | {'time': 1751994826, 'self_id': 703263936, 'post_type': 'meta_event', 'meta_event_type': 'heartbeat', 'status': {'online': True, 'good': True}, 'interval': 30000}
[2025-07-09 01:14:16,057.057] DEBUG    [MainThread|MainProcess] websockets.client (protocol.py:read_frame:1177) | < TEXT '{"time":1751994856,"self_id":703263936,"post_ty...true},"interval":30000}' [148 bytes]
[2025-07-09 01:14:16,057.057] DEBUG    [MainThread|MainProcess] Logger (connect.py:on_message:43) | {'time': 1751994856, 'self_id': 703263936, 'post_type': 'meta_event', 'meta_event_type': 'heartbeat', 'status': {'online': True, 'good': True}, 'interval': 30000}
[2025-07-09 01:14:46,062.062] DEBUG    [MainThread|MainProcess] websockets.client (protocol.py:read_frame:1177) | < TEXT '{"time":1751994886,"self_id":703263936,"post_ty...true},"interval":30000}' [148 bytes]
[2025-07-09 01:14:46,062.062] DEBUG    [MainThread|MainProcess] Logger (connect.py:on_message:43) | {'time': 1751994886, 'self_id': 703263936, 'post_type': 'meta_event', 'meta_event_type': 'heartbeat', 'status': {'online': True, 'good': True}, 'interval': 30000}
[2025-07-09 01:15:16,075.075] DEBUG    [MainThread|MainProcess] websockets.client (protocol.py:read_frame:1177) | < TEXT '{"time":1751994916,"self_id":703263936,"post_ty...true},"interval":30000}' [148 bytes]
[2025-07-09 01:15:16,075.075] DEBUG    [MainThread|MainProcess] Logger (connect.py:on_message:43) | {'time': 1751994916, 'self_id': 703263936, 'post_type': 'meta_event', 'meta_event_type': 'heartbeat', 'status': {'online': True, 'good': True}, 'interval': 30000}
[2025-07-09 01:15:46,089.089] DEBUG    [MainThread|MainProcess] websockets.client (protocol.py:read_frame:1177) | < TEXT '{"time":1751994946,"self_id":703263936,"post_ty...true},"interval":30000}' [148 bytes]
[2025-07-09 01:15:46,089.089] DEBUG    [MainThread|MainProcess] Logger (connect.py:on_message:43) | {'time': 1751994946, 'self_id': 703263936, 'post_type': 'meta_event', 'meta_event_type': 'heartbeat', 'status': {'online': True, 'good': True}, 'interval': 30000}
[2025-07-09 01:16:16,102.102] DEBUG    [MainThread|MainProcess] websockets.client (protocol.py:read_frame:1177) | < TEXT '{"time":1751994976,"self_id":703263936,"post_ty...true},"interval":30000}' [148 bytes]
[2025-07-09 01:16:16,102.102] DEBUG    [MainThread|MainProcess] Logger (connect.py:on_message:43) | {'time': 1751994976, 'self_id': 703263936, 'post_type': 'meta_event', 'meta_event_type': 'heartbeat', 'status': {'online': True, 'good': True}, 'interval': 30000}
[2025-07-09 01:16:46,115.115] DEBUG    [MainThread|MainProcess] websockets.client (protocol.py:read_frame:1177) | < TEXT '{"time":1751995006,"self_id":703263936,"post_ty...true},"interval":30000}' [148 bytes]
[2025-07-09 01:16:46,115.115] DEBUG    [MainThread|MainProcess] Logger (connect.py:on_message:43) | {'time': 1751995006, 'self_id': 703263936, 'post_type': 'meta_event', 'meta_event_type': 'heartbeat', 'status': {'online': True, 'good': True}, 'interval': 30000}
[2025-07-09 01:17:16,128.128] DEBUG    [MainThread|MainProcess] websockets.client (protocol.py:read_frame:1177) | < TEXT '{"time":1751995036,"self_id":703263936,"post_ty...true},"interval":30000}' [148 bytes]
[2025-07-09 01:17:16,128.128] DEBUG    [MainThread|MainProcess] Logger (connect.py:on_message:43) | {'time': 1751995036, 'self_id': 703263936, 'post_type': 'meta_event', 'meta_event_type': 'heartbeat', 'status': {'online': True, 'good': True}, 'interval': 30000}
[2025-07-09 01:17:46,137.137] DEBUG    [MainThread|MainProcess] websockets.client (protocol.py:read_frame:1177) | < TEXT '{"time":1751995066,"self_id":703263936,"post_ty...true},"interval":30000}' [148 bytes]
[2025-07-09 01:17:46,137.137] DEBUG    [MainThread|MainProcess] Logger (connect.py:on_message:43) | {'time': 1751995066, 'self_id': 703263936, 'post_type': 'meta_event', 'meta_event_type': 'heartbeat', 'status': {'online': True, 'good': True}, 'interval': 30000}
[2025-07-09 01:18:16,148.148] DEBUG    [MainThread|MainProcess] websockets.client (protocol.py:read_frame:1177) | < TEXT '{"time":1751995096,"self_id":703263936,"post_ty...true},"interval":30000}' [148 bytes]
[2025-07-09 01:18:16,148.148] DEBUG    [MainThread|MainProcess] Logger (connect.py:on_message:43) | {'time': 1751995096, 'self_id': 703263936, 'post_type': 'meta_event', 'meta_event_type': 'heartbeat', 'status': {'online': True, 'good': True}, 'interval': 30000}
[2025-07-09 01:18:46,162.162] DEBUG    [MainThread|MainProcess] websockets.client (protocol.py:read_frame:1177) | < TEXT '{"time":1751995126,"self_id":703263936,"post_ty...true},"interval":30000}' [148 bytes]
[2025-07-09 01:18:46,162.162] DEBUG    [MainThread|MainProcess] Logger (connect.py:on_message:43) | {'time': 1751995126, 'self_id': 703263936, 'post_type': 'meta_event', 'meta_event_type': 'heartbeat', 'status': {'online': True, 'good': True}, 'interval': 30000}
[2025-07-09 01:19:16,175.175] DEBUG    [MainThread|MainProcess] websockets.client (protocol.py:read_frame:1177) | < TEXT '{"time":1751995156,"self_id":703263936,"post_ty...true},"interval":30000}' [148 bytes]
[2025-07-09 01:19:16,175.175] DEBUG    [MainThread|MainProcess] Logger (connect.py:on_message:43) | {'time': 1751995156, 'self_id': 703263936, 'post_type': 'meta_event', 'meta_event_type': 'heartbeat', 'status': {'online': True, 'good': True}, 'interval': 30000}
[2025-07-09 01:19:46,178.178] DEBUG    [MainThread|MainProcess] websockets.client (protocol.py:read_frame:1177) | < TEXT '{"time":1751995186,"self_id":703263936,"post_ty...true},"interval":30000}' [148 bytes]
[2025-07-09 01:19:46,178.178] DEBUG    [MainThread|MainProcess] Logger (connect.py:on_message:43) | {'time': 1751995186, 'self_id': 703263936, 'post_type': 'meta_event', 'meta_event_type': 'heartbeat', 'status': {'online': True, 'good': True}, 'interval': 30000}
[2025-07-09 01:20:16,189.189] DEBUG    [MainThread|MainProcess] websockets.client (protocol.py:read_frame:1177) | < TEXT '{"time":1751995216,"self_id":703263936,"post_ty...true},"interval":30000}' [148 bytes]
[2025-07-09 01:20:16,189.189] DEBUG    [MainThread|MainProcess] Logger (connect.py:on_message:43) | {'time': 1751995216, 'self_id': 703263936, 'post_type': 'meta_event', 'meta_event_type': 'heartbeat', 'status': {'online': True, 'good': True}, 'interval': 30000}
[2025-07-09 01:20:46,202.202] DEBUG    [MainThread|MainProcess] websockets.client (protocol.py:read_frame:1177) | < TEXT '{"time":1751995246,"self_id":703263936,"post_ty...true},"interval":30000}' [148 bytes]
[2025-07-09 01:20:46,202.202] DEBUG    [MainThread|MainProcess] Logger (connect.py:on_message:43) | {'time': 1751995246, 'self_id': 703263936, 'post_type': 'meta_event', 'meta_event_type': 'heartbeat', 'status': {'online': True, 'good': True}, 'interval': 30000}
[2025-07-09 01:21:16,216.216] DEBUG    [MainThread|MainProcess] websockets.client (protocol.py:read_frame:1177) | < TEXT '{"time":1751995276,"self_id":703263936,"post_ty...true},"interval":30000}' [148 bytes]
[2025-07-09 01:21:16,216.216] DEBUG    [MainThread|MainProcess] Logger (connect.py:on_message:43) | {'time': 1751995276, 'self_id': 703263936, 'post_type': 'meta_event', 'meta_event_type': 'heartbeat', 'status': {'online': True, 'good': True}, 'interval': 30000}
[2025-07-09 01:21:46,217.217] DEBUG    [MainThread|MainProcess] websockets.client (protocol.py:read_frame:1177) | < TEXT '{"time":1751995306,"self_id":703263936,"post_ty...true},"interval":30000}' [148 bytes]
[2025-07-09 01:21:46,217.217] DEBUG    [MainThread|MainProcess] Logger (connect.py:on_message:43) | {'time': 1751995306, 'self_id': 703263936, 'post_type': 'meta_event', 'meta_event_type': 'heartbeat', 'status': {'online': True, 'good': True}, 'interval': 30000}
[2025-07-09 01:22:16,226.226] DEBUG    [MainThread|MainProcess] websockets.client (protocol.py:read_frame:1177) | < TEXT '{"time":1751995336,"self_id":703263936,"post_ty...true},"interval":30000}' [148 bytes]
[2025-07-09 01:22:16,226.226] DEBUG    [MainThread|MainProcess] Logger (connect.py:on_message:43) | {'time': 1751995336, 'self_id': 703263936, 'post_type': 'meta_event', 'meta_event_type': 'heartbeat', 'status': {'online': True, 'good': True}, 'interval': 30000}
[2025-07-09 01:22:46,239.239] DEBUG    [MainThread|MainProcess] websockets.client (protocol.py:read_frame:1177) | < TEXT '{"time":1751995366,"self_id":703263936,"post_ty...true},"interval":30000}' [148 bytes]
[2025-07-09 01:22:46,239.239] DEBUG    [MainThread|MainProcess] Logger (connect.py:on_message:43) | {'time': 1751995366, 'self_id': 703263936, 'post_type': 'meta_event', 'meta_event_type': 'heartbeat', 'status': {'online': True, 'good': True}, 'interval': 30000}
[2025-07-09 01:23:16,253.253] DEBUG    [MainThread|MainProcess] websockets.client (protocol.py:read_frame:1177) | < TEXT '{"time":1751995396,"self_id":703263936,"post_ty...true},"interval":30000}' [148 bytes]
[2025-07-09 01:23:16,253.253] DEBUG    [MainThread|MainProcess] Logger (connect.py:on_message:43) | {'time': 1751995396, 'self_id': 703263936, 'post_type': 'meta_event', 'meta_event_type': 'heartbeat', 'status': {'online': True, 'good': True}, 'interval': 30000}
[2025-07-09 01:23:46,258.258] DEBUG    [MainThread|MainProcess] websockets.client (protocol.py:read_frame:1177) | < TEXT '{"time":1751995426,"self_id":703263936,"post_ty...true},"interval":30000}' [148 bytes]
[2025-07-09 01:23:46,258.258] DEBUG    [MainThread|MainProcess] Logger (connect.py:on_message:43) | {'time': 1751995426, 'self_id': 703263936, 'post_type': 'meta_event', 'meta_event_type': 'heartbeat', 'status': {'online': True, 'good': True}, 'interval': 30000}
[2025-07-09 01:24:16,269.269] DEBUG    [MainThread|MainProcess] websockets.client (protocol.py:read_frame:1177) | < TEXT '{"time":1751995456,"self_id":703263936,"post_ty...true},"interval":30000}' [148 bytes]
[2025-07-09 01:24:16,269.269] DEBUG    [MainThread|MainProcess] Logger (connect.py:on_message:43) | {'time': 1751995456, 'self_id': 703263936, 'post_type': 'meta_event', 'meta_event_type': 'heartbeat', 'status': {'online': True, 'good': True}, 'interval': 30000}
[2025-07-09 01:24:46,283.283] DEBUG    [MainThread|MainProcess] websockets.client (protocol.py:read_frame:1177) | < TEXT '{"time":1751995486,"self_id":703263936,"post_ty...true},"interval":30000}' [148 bytes]
[2025-07-09 01:24:46,283.283] DEBUG    [MainThread|MainProcess] Logger (connect.py:on_message:43) | {'time': 1751995486, 'self_id': 703263936, 'post_type': 'meta_event', 'meta_event_type': 'heartbeat', 'status': {'online': True, 'good': True}, 'interval': 30000}
[2025-07-09 01:25:16,296.296] DEBUG    [MainThread|MainProcess] websockets.client (protocol.py:read_frame:1177) | < TEXT '{"time":1751995516,"self_id":703263936,"post_ty...true},"interval":30000}' [148 bytes]
[2025-07-09 01:25:16,296.296] DEBUG    [MainThread|MainProcess] Logger (connect.py:on_message:43) | {'time': 1751995516, 'self_id': 703263936, 'post_type': 'meta_event', 'meta_event_type': 'heartbeat', 'status': {'online': True, 'good': True}, 'interval': 30000}
[2025-07-09 01:25:46,310.310] DEBUG    [MainThread|MainProcess] websockets.client (protocol.py:read_frame:1177) | < TEXT '{"time":1751995546,"self_id":703263936,"post_ty...true},"interval":30000}' [148 bytes]
[2025-07-09 01:25:46,310.310] DEBUG    [MainThread|MainProcess] Logger (connect.py:on_message:43) | {'time': 1751995546, 'self_id': 703263936, 'post_type': 'meta_event', 'meta_event_type': 'heartbeat', 'status': {'online': True, 'good': True}, 'interval': 30000}
[2025-07-09 01:26:16,317.317] DEBUG    [MainThread|MainProcess] websockets.client (protocol.py:read_frame:1177) | < TEXT '{"time":1751995576,"self_id":703263936,"post_ty...true},"interval":30000}' [148 bytes]
[2025-07-09 01:26:16,317.317] DEBUG    [MainThread|MainProcess] Logger (connect.py:on_message:43) | {'time': 1751995576, 'self_id': 703263936, 'post_type': 'meta_event', 'meta_event_type': 'heartbeat', 'status': {'online': True, 'good': True}, 'interval': 30000}
[2025-07-09 01:26:46,329.329] DEBUG    [MainThread|MainProcess] websockets.client (protocol.py:read_frame:1177) | < TEXT '{"time":1751995606,"self_id":703263936,"post_ty...true},"interval":30000}' [148 bytes]
[2025-07-09 01:26:46,329.329] DEBUG    [MainThread|MainProcess] Logger (connect.py:on_message:43) | {'time': 1751995606, 'self_id': 703263936, 'post_type': 'meta_event', 'meta_event_type': 'heartbeat', 'status': {'online': True, 'good': True}, 'interval': 30000}
[2025-07-09 01:27:16,342.342] DEBUG    [MainThread|MainProcess] websockets.client (protocol.py:read_frame:1177) | < TEXT '{"time":1751995636,"self_id":703263936,"post_ty...true},"interval":30000}' [148 bytes]
[2025-07-09 01:27:16,342.342] DEBUG    [MainThread|MainProcess] Logger (connect.py:on_message:43) | {'time': 1751995636, 'self_id': 703263936, 'post_type': 'meta_event', 'meta_event_type': 'heartbeat', 'status': {'online': True, 'good': True}, 'interval': 30000}
[2025-07-09 01:27:46,352.352] DEBUG    [MainThread|MainProcess] websockets.client (protocol.py:read_frame:1177) | < TEXT '{"time":1751995666,"self_id":703263936,"post_ty...true},"interval":30000}' [148 bytes]
[2025-07-09 01:27:46,352.352] DEBUG    [MainThread|MainProcess] Logger (connect.py:on_message:43) | {'time': 1751995666, 'self_id': 703263936, 'post_type': 'meta_event', 'meta_event_type': 'heartbeat', 'status': {'online': True, 'good': True}, 'interval': 30000}
[2025-07-09 01:28:16,363.363] DEBUG    [MainThread|MainProcess] websockets.client (protocol.py:read_frame:1177) | < TEXT '{"time":1751995696,"self_id":703263936,"post_ty...true},"interval":30000}' [148 bytes]
[2025-07-09 01:28:16,363.363] DEBUG    [MainThread|MainProcess] Logger (connect.py:on_message:43) | {'time': 1751995696, 'self_id': 703263936, 'post_type': 'meta_event', 'meta_event_type': 'heartbeat', 'status': {'online': True, 'good': True}, 'interval': 30000}
[2025-07-09 01:28:46,377.377] DEBUG    [MainThread|MainProcess] websockets.client (protocol.py:read_frame:1177) | < TEXT '{"time":1751995726,"self_id":703263936,"post_ty...true},"interval":30000}' [148 bytes]
[2025-07-09 01:28:46,377.377] DEBUG    [MainThread|MainProcess] Logger (connect.py:on_message:43) | {'time': 1751995726, 'self_id': 703263936, 'post_type': 'meta_event', 'meta_event_type': 'heartbeat', 'status': {'online': True, 'good': True}, 'interval': 30000}
[2025-07-09 01:29:16,390.390] DEBUG    [MainThread|MainProcess] websockets.client (protocol.py:read_frame:1177) | < TEXT '{"time":1751995756,"self_id":703263936,"post_ty...true},"interval":30000}' [148 bytes]
[2025-07-09 01:29:16,390.390] DEBUG    [MainThread|MainProcess] Logger (connect.py:on_message:43) | {'time': 1751995756, 'self_id': 703263936, 'post_type': 'meta_event', 'meta_event_type': 'heartbeat', 'status': {'online': True, 'good': True}, 'interval': 30000}
[2025-07-09 01:29:46,393.393] DEBUG    [MainThread|MainProcess] websockets.client (protocol.py:read_frame:1177) | < TEXT '{"time":1751995786,"self_id":703263936,"post_ty...true},"interval":30000}' [148 bytes]
[2025-07-09 01:29:46,393.393] DEBUG    [MainThread|MainProcess] Logger (connect.py:on_message:43) | {'time': 1751995786, 'self_id': 703263936, 'post_type': 'meta_event', 'meta_event_type': 'heartbeat', 'status': {'online': True, 'good': True}, 'interval': 30000}
[2025-07-09 01:30:16,404.404] DEBUG    [MainThread|MainProcess] websockets.client (protocol.py:read_frame:1177) | < TEXT '{"time":1751995816,"self_id":703263936,"post_ty...true},"interval":30000}' [148 bytes]
[2025-07-09 01:30:16,404.404] DEBUG    [MainThread|MainProcess] Logger (connect.py:on_message:43) | {'time': 1751995816, 'self_id': 703263936, 'post_type': 'meta_event', 'meta_event_type': 'heartbeat', 'status': {'online': True, 'good': True}, 'interval': 30000}
[2025-07-09 01:30:46,417.417] DEBUG    [MainThread|MainProcess] websockets.client (protocol.py:read_frame:1177) | < TEXT '{"time":1751995846,"self_id":703263936,"post_ty...true},"interval":30000}' [148 bytes]
[2025-07-09 01:30:46,417.417] DEBUG    [MainThread|MainProcess] Logger (connect.py:on_message:43) | {'time': 1751995846, 'self_id': 703263936, 'post_type': 'meta_event', 'meta_event_type': 'heartbeat', 'status': {'online': True, 'good': True}, 'interval': 30000}
[2025-07-09 01:31:16,431.431] DEBUG    [MainThread|MainProcess] websockets.client (protocol.py:read_frame:1177) | < TEXT '{"time":1751995876,"self_id":703263936,"post_ty...true},"interval":30000}' [148 bytes]
[2025-07-09 01:31:16,431.431] DEBUG    [MainThread|MainProcess] Logger (connect.py:on_message:43) | {'time': 1751995876, 'self_id': 703263936, 'post_type': 'meta_event', 'meta_event_type': 'heartbeat', 'status': {'online': True, 'good': True}, 'interval': 30000}
[2025-07-09 01:31:46,433.433] DEBUG    [MainThread|MainProcess] websockets.client (protocol.py:read_frame:1177) | < TEXT '{"time":1751995906,"self_id":703263936,"post_ty...true},"interval":30000}' [148 bytes]
[2025-07-09 01:31:46,433.433] DEBUG    [MainThread|MainProcess] Logger (connect.py:on_message:43) | {'time': 1751995906, 'self_id': 703263936, 'post_type': 'meta_event', 'meta_event_type': 'heartbeat', 'status': {'online': True, 'good': True}, 'interval': 30000}
[2025-07-09 01:32:16,443.443] DEBUG    [MainThread|MainProcess] websockets.client (protocol.py:read_frame:1177) | < TEXT '{"time":1751995936,"self_id":703263936,"post_ty...true},"interval":30000}' [148 bytes]
[2025-07-09 01:32:16,443.443] DEBUG    [MainThread|MainProcess] Logger (connect.py:on_message:43) | {'time': 1751995936, 'self_id': 703263936, 'post_type': 'meta_event', 'meta_event_type': 'heartbeat', 'status': {'online': True, 'good': True}, 'interval': 30000}
[2025-07-09 01:32:46,456.456] DEBUG    [MainThread|MainProcess] websockets.client (protocol.py:read_frame:1177) | < TEXT '{"time":1751995966,"self_id":703263936,"post_ty...true},"interval":30000}' [148 bytes]
[2025-07-09 01:32:46,456.456] DEBUG    [MainThread|MainProcess] Logger (connect.py:on_message:43) | {'time': 1751995966, 'self_id': 703263936, 'post_type': 'meta_event', 'meta_event_type': 'heartbeat', 'status': {'online': True, 'good': True}, 'interval': 30000}
[2025-07-09 01:33:16,470.470] DEBUG    [MainThread|MainProcess] websockets.client (protocol.py:read_frame:1177) | < TEXT '{"time":1751995996,"self_id":703263936,"post_ty...true},"interval":30000}' [148 bytes]
[2025-07-09 01:33:16,470.470] DEBUG    [MainThread|MainProcess] Logger (connect.py:on_message:43) | {'time': 1751995996, 'self_id': 703263936, 'post_type': 'meta_event', 'meta_event_type': 'heartbeat', 'status': {'online': True, 'good': True}, 'interval': 30000}
[2025-07-09 01:33:46,472.472] DEBUG    [MainThread|MainProcess] websockets.client (protocol.py:read_frame:1177) | < TEXT '{"time":1751996026,"self_id":703263936,"post_ty...true},"interval":30000}' [148 bytes]
[2025-07-09 01:33:46,472.472] DEBUG    [MainThread|MainProcess] Logger (connect.py:on_message:43) | {'time': 1751996026, 'self_id': 703263936, 'post_type': 'meta_event', 'meta_event_type': 'heartbeat', 'status': {'online': True, 'good': True}, 'interval': 30000}
[2025-07-09 01:34:16,484.484] DEBUG    [MainThread|MainProcess] websockets.client (protocol.py:read_frame:1177) | < TEXT '{"time":1751996056,"self_id":703263936,"post_ty...true},"interval":30000}' [148 bytes]
[2025-07-09 01:34:16,484.484] DEBUG    [MainThread|MainProcess] Logger (connect.py:on_message:43) | {'time': 1751996056, 'self_id': 703263936, 'post_type': 'meta_event', 'meta_event_type': 'heartbeat', 'status': {'online': True, 'good': True}, 'interval': 30000}
[2025-07-09 01:34:46,497.497] DEBUG    [MainThread|MainProcess] websockets.client (protocol.py:read_frame:1177) | < TEXT '{"time":1751996086,"self_id":703263936,"post_ty...true},"interval":30000}' [148 bytes]
[2025-07-09 01:34:46,497.497] DEBUG    [MainThread|MainProcess] Logger (connect.py:on_message:43) | {'time': 1751996086, 'self_id': 703263936, 'post_type': 'meta_event', 'meta_event_type': 'heartbeat', 'status': {'online': True, 'good': True}, 'interval': 30000}
[2025-07-09 01:35:16,511.511] DEBUG    [MainThread|MainProcess] websockets.client (protocol.py:read_frame:1177) | < TEXT '{"time":1751996116,"self_id":703263936,"post_ty...true},"interval":30000}' [148 bytes]
[2025-07-09 01:35:16,511.511] DEBUG    [MainThread|MainProcess] Logger (connect.py:on_message:43) | {'time': 1751996116, 'self_id': 703263936, 'post_type': 'meta_event', 'meta_event_type': 'heartbeat', 'status': {'online': True, 'good': True}, 'interval': 30000}
[2025-07-09 01:35:46,540.540] DEBUG    [MainThread|MainProcess] websockets.client (protocol.py:read_frame:1177) | < TEXT '{"time":1751996146,"self_id":703263936,"post_ty...true},"interval":30000}' [148 bytes]
[2025-07-09 01:35:46,540.540] DEBUG    [MainThread|MainProcess] Logger (connect.py:on_message:43) | {'time': 1751996146, 'self_id': 703263936, 'post_type': 'meta_event', 'meta_event_type': 'heartbeat', 'status': {'online': True, 'good': True}, 'interval': 30000}
[2025-07-09 01:36:16,548.548] DEBUG    [MainThread|MainProcess] websockets.client (protocol.py:read_frame:1177) | < TEXT '{"time":1751996176,"self_id":703263936,"post_ty...true},"interval":30000}' [148 bytes]
[2025-07-09 01:36:16,548.548] DEBUG    [MainThread|MainProcess] Logger (connect.py:on_message:43) | {'time': 1751996176, 'self_id': 703263936, 'post_type': 'meta_event', 'meta_event_type': 'heartbeat', 'status': {'online': True, 'good': True}, 'interval': 30000}
[2025-07-09 01:36:46,549.549] DEBUG    [MainThread|MainProcess] websockets.client (protocol.py:read_frame:1177) | < TEXT '{"time":1751996206,"self_id":703263936,"post_ty...true},"interval":30000}' [148 bytes]
[2025-07-09 01:36:46,549.549] DEBUG    [MainThread|MainProcess] Logger (connect.py:on_message:43) | {'time': 1751996206, 'self_id': 703263936, 'post_type': 'meta_event', 'meta_event_type': 'heartbeat', 'status': {'online': True, 'good': True}, 'interval': 30000}
[2025-07-09 01:37:16,562.562] DEBUG    [MainThread|MainProcess] websockets.client (protocol.py:read_frame:1177) | < TEXT '{"time":1751996236,"self_id":703263936,"post_ty...true},"interval":30000}' [148 bytes]
[2025-07-09 01:37:16,562.562] DEBUG    [MainThread|MainProcess] Logger (connect.py:on_message:43) | {'time': 1751996236, 'self_id': 703263936, 'post_type': 'meta_event', 'meta_event_type': 'heartbeat', 'status': {'online': True, 'good': True}, 'interval': 30000}
[2025-07-09 01:37:46,566.566] DEBUG    [MainThread|MainProcess] websockets.client (protocol.py:read_frame:1177) | < TEXT '{"time":1751996266,"self_id":703263936,"post_ty...true},"interval":30000}' [148 bytes]
[2025-07-09 01:37:46,566.566] DEBUG    [MainThread|MainProcess] Logger (connect.py:on_message:43) | {'time': 1751996266, 'self_id': 703263936, 'post_type': 'meta_event', 'meta_event_type': 'heartbeat', 'status': {'online': True, 'good': True}, 'interval': 30000}
[2025-07-09 01:38:16,576.576] DEBUG    [MainThread|MainProcess] websockets.client (protocol.py:read_frame:1177) | < TEXT '{"time":1751996296,"self_id":703263936,"post_ty...true},"interval":30000}' [148 bytes]
[2025-07-09 01:38:16,576.576] DEBUG    [MainThread|MainProcess] Logger (connect.py:on_message:43) | {'time': 1751996296, 'self_id': 703263936, 'post_type': 'meta_event', 'meta_event_type': 'heartbeat', 'status': {'online': True, 'good': True}, 'interval': 30000}
[2025-07-09 01:38:46,589.589] DEBUG    [MainThread|MainProcess] websockets.client (protocol.py:read_frame:1177) | < TEXT '{"time":1751996326,"self_id":703263936,"post_ty...true},"interval":30000}' [148 bytes]
[2025-07-09 01:38:46,589.589] DEBUG    [MainThread|MainProcess] Logger (connect.py:on_message:43) | {'time': 1751996326, 'self_id': 703263936, 'post_type': 'meta_event', 'meta_event_type': 'heartbeat', 'status': {'online': True, 'good': True}, 'interval': 30000}
[2025-07-09 01:39:16,603.603] DEBUG    [MainThread|MainProcess] websockets.client (protocol.py:read_frame:1177) | < TEXT '{"time":1751996356,"self_id":703263936,"post_ty...true},"interval":30000}' [148 bytes]
[2025-07-09 01:39:16,603.603] DEBUG    [MainThread|MainProcess] Logger (connect.py:on_message:43) | {'time': 1751996356, 'self_id': 703263936, 'post_type': 'meta_event', 'meta_event_type': 'heartbeat', 'status': {'online': True, 'good': True}, 'interval': 30000}
[2025-07-09 01:39:46,606.606] DEBUG    [MainThread|MainProcess] websockets.client (protocol.py:read_frame:1177) | < TEXT '{"time":1751996386,"self_id":703263936,"post_ty...true},"interval":30000}' [148 bytes]
[2025-07-09 01:39:46,606.606] DEBUG    [MainThread|MainProcess] Logger (connect.py:on_message:43) | {'time': 1751996386, 'self_id': 703263936, 'post_type': 'meta_event', 'meta_event_type': 'heartbeat', 'status': {'online': True, 'good': True}, 'interval': 30000}
[2025-07-09 01:40:16,616.616] DEBUG    [MainThread|MainProcess] websockets.client (protocol.py:read_frame:1177) | < TEXT '{"time":1751996416,"self_id":703263936,"post_ty...true},"interval":30000}' [148 bytes]
[2025-07-09 01:40:16,616.616] DEBUG    [MainThread|MainProcess] Logger (connect.py:on_message:43) | {'time': 1751996416, 'self_id': 703263936, 'post_type': 'meta_event', 'meta_event_type': 'heartbeat', 'status': {'online': True, 'good': True}, 'interval': 30000}
[2025-07-09 01:40:46,630.630] DEBUG    [MainThread|MainProcess] websockets.client (protocol.py:read_frame:1177) | < TEXT '{"time":1751996446,"self_id":703263936,"post_ty...true},"interval":30000}' [148 bytes]
[2025-07-09 01:40:46,630.630] DEBUG    [MainThread|MainProcess] Logger (connect.py:on_message:43) | {'time': 1751996446, 'self_id': 703263936, 'post_type': 'meta_event', 'meta_event_type': 'heartbeat', 'status': {'online': True, 'good': True}, 'interval': 30000}
[2025-07-09 01:41:16,643.643] DEBUG    [MainThread|MainProcess] websockets.client (protocol.py:read_frame:1177) | < TEXT '{"time":1751996476,"self_id":703263936,"post_ty...true},"interval":30000}' [148 bytes]
[2025-07-09 01:41:16,643.643] DEBUG    [MainThread|MainProcess] Logger (connect.py:on_message:43) | {'time': 1751996476, 'self_id': 703263936, 'post_type': 'meta_event', 'meta_event_type': 'heartbeat', 'status': {'online': True, 'good': True}, 'interval': 30000}
[2025-07-09 01:41:46,648.648] DEBUG    [MainThread|MainProcess] websockets.client (protocol.py:read_frame:1177) | < TEXT '{"time":1751996506,"self_id":703263936,"post_ty...true},"interval":30000}' [148 bytes]
[2025-07-09 01:41:46,648.648] DEBUG    [MainThread|MainProcess] Logger (connect.py:on_message:43) | {'time': 1751996506, 'self_id': 703263936, 'post_type': 'meta_event', 'meta_event_type': 'heartbeat', 'status': {'online': True, 'good': True}, 'interval': 30000}
[2025-07-09 01:42:16,657.657] DEBUG    [MainThread|MainProcess] websockets.client (protocol.py:read_frame:1177) | < TEXT '{"time":1751996536,"self_id":703263936,"post_ty...true},"interval":30000}' [148 bytes]
[2025-07-09 01:42:16,657.657] DEBUG    [MainThread|MainProcess] Logger (connect.py:on_message:43) | {'time': 1751996536, 'self_id': 703263936, 'post_type': 'meta_event', 'meta_event_type': 'heartbeat', 'status': {'online': True, 'good': True}, 'interval': 30000}
[2025-07-09 01:42:46,670.670] DEBUG    [MainThread|MainProcess] websockets.client (protocol.py:read_frame:1177) | < TEXT '{"time":1751996566,"self_id":703263936,"post_ty...true},"interval":30000}' [148 bytes]
[2025-07-09 01:42:46,670.670] DEBUG    [MainThread|MainProcess] Logger (connect.py:on_message:43) | {'time': 1751996566, 'self_id': 703263936, 'post_type': 'meta_event', 'meta_event_type': 'heartbeat', 'status': {'online': True, 'good': True}, 'interval': 30000}
[2025-07-09 01:43:16,684.684] DEBUG    [MainThread|MainProcess] websockets.client (protocol.py:read_frame:1177) | < TEXT '{"time":1751996596,"self_id":703263936,"post_ty...true},"interval":30000}' [148 bytes]
[2025-07-09 01:43:16,684.684] DEBUG    [MainThread|MainProcess] Logger (connect.py:on_message:43) | {'time': 1751996596, 'self_id': 703263936, 'post_type': 'meta_event', 'meta_event_type': 'heartbeat', 'status': {'online': True, 'good': True}, 'interval': 30000}
[2025-07-09 01:43:46,686.686] DEBUG    [MainThread|MainProcess] websockets.client (protocol.py:read_frame:1177) | < TEXT '{"time":1751996626,"self_id":703263936,"post_ty...true},"interval":30000}' [148 bytes]
[2025-07-09 01:43:46,686.686] DEBUG    [MainThread|MainProcess] Logger (connect.py:on_message:43) | {'time': 1751996626, 'self_id': 703263936, 'post_type': 'meta_event', 'meta_event_type': 'heartbeat', 'status': {'online': True, 'good': True}, 'interval': 30000}
[2025-07-09 01:44:16,696.696] DEBUG    [MainThread|MainProcess] websockets.client (protocol.py:read_frame:1177) | < TEXT '{"time":1751996656,"self_id":703263936,"post_ty...true},"interval":30000}' [148 bytes]
[2025-07-09 01:44:16,696.696] DEBUG    [MainThread|MainProcess] Logger (connect.py:on_message:43) | {'time': 1751996656, 'self_id': 703263936, 'post_type': 'meta_event', 'meta_event_type': 'heartbeat', 'status': {'online': True, 'good': True}, 'interval': 30000}
[2025-07-09 01:44:46,694.694] DEBUG    [MainThread|MainProcess] websockets.client (protocol.py:read_frame:1177) | < TEXT '{"time":1751996686,"self_id":703263936,"post_ty...true},"interval":30000}' [148 bytes]
[2025-07-09 01:44:46,694.694] DEBUG    [MainThread|MainProcess] Logger (connect.py:on_message:43) | {'time': 1751996686, 'self_id': 703263936, 'post_type': 'meta_event', 'meta_event_type': 'heartbeat', 'status': {'online': True, 'good': True}, 'interval': 30000}
[2025-07-09 01:45:16,707.707] DEBUG    [MainThread|MainProcess] websockets.client (protocol.py:read_frame:1177) | < TEXT '{"time":1751996716,"self_id":703263936,"post_ty...true},"interval":30000}' [148 bytes]
[2025-07-09 01:45:16,707.707] DEBUG    [MainThread|MainProcess] Logger (connect.py:on_message:43) | {'time': 1751996716, 'self_id': 703263936, 'post_type': 'meta_event', 'meta_event_type': 'heartbeat', 'status': {'online': True, 'good': True}, 'interval': 30000}
[2025-07-09 01:45:46,720.720] DEBUG    [MainThread|MainProcess] websockets.client (protocol.py:read_frame:1177) | < TEXT '{"time":1751996746,"self_id":703263936,"post_ty...true},"interval":30000}' [148 bytes]
[2025-07-09 01:45:46,720.720] DEBUG    [MainThread|MainProcess] Logger (connect.py:on_message:43) | {'time': 1751996746, 'self_id': 703263936, 'post_type': 'meta_event', 'meta_event_type': 'heartbeat', 'status': {'online': True, 'good': True}, 'interval': 30000}
[2025-07-09 01:46:16,729.729] DEBUG    [MainThread|MainProcess] websockets.client (protocol.py:read_frame:1177) | < TEXT '{"time":1751996776,"self_id":703263936,"post_ty...true},"interval":30000}' [148 bytes]
[2025-07-09 01:46:16,729.729] DEBUG    [MainThread|MainProcess] Logger (connect.py:on_message:43) | {'time': 1751996776, 'self_id': 703263936, 'post_type': 'meta_event', 'meta_event_type': 'heartbeat', 'status': {'online': True, 'good': True}, 'interval': 30000}
[2025-07-09 01:46:46,741.741] DEBUG    [MainThread|MainProcess] websockets.client (protocol.py:read_frame:1177) | < TEXT '{"time":1751996806,"self_id":703263936,"post_ty...true},"interval":30000}' [148 bytes]
[2025-07-09 01:46:46,741.741] DEBUG    [MainThread|MainProcess] Logger (connect.py:on_message:43) | {'time': 1751996806, 'self_id': 703263936, 'post_type': 'meta_event', 'meta_event_type': 'heartbeat', 'status': {'online': True, 'good': True}, 'interval': 30000}
[2025-07-09 01:47:16,754.754] DEBUG    [MainThread|MainProcess] websockets.client (protocol.py:read_frame:1177) | < TEXT '{"time":1751996836,"self_id":703263936,"post_ty...true},"interval":30000}' [148 bytes]
[2025-07-09 01:47:16,754.754] DEBUG    [MainThread|MainProcess] Logger (connect.py:on_message:43) | {'time': 1751996836, 'self_id': 703263936, 'post_type': 'meta_event', 'meta_event_type': 'heartbeat', 'status': {'online': True, 'good': True}, 'interval': 30000}
[2025-07-09 01:47:46,764.764] DEBUG    [MainThread|MainProcess] websockets.client (protocol.py:read_frame:1177) | < TEXT '{"time":1751996866,"self_id":703263936,"post_ty...true},"interval":30000}' [148 bytes]
[2025-07-09 01:47:46,764.764] DEBUG    [MainThread|MainProcess] Logger (connect.py:on_message:43) | {'time': 1751996866, 'self_id': 703263936, 'post_type': 'meta_event', 'meta_event_type': 'heartbeat', 'status': {'online': True, 'good': True}, 'interval': 30000}
[2025-07-09 01:48:16,775.775] DEBUG    [MainThread|MainProcess] websockets.client (protocol.py:read_frame:1177) | < TEXT '{"time":1751996896,"self_id":703263936,"post_ty...true},"interval":30000}' [148 bytes]
[2025-07-09 01:48:16,775.775] DEBUG    [MainThread|MainProcess] Logger (connect.py:on_message:43) | {'time': 1751996896, 'self_id': 703263936, 'post_type': 'meta_event', 'meta_event_type': 'heartbeat', 'status': {'online': True, 'good': True}, 'interval': 30000}
[2025-07-09 01:48:46,789.789] DEBUG    [MainThread|MainProcess] websockets.client (protocol.py:read_frame:1177) | < TEXT '{"time":1751996926,"self_id":703263936,"post_ty...true},"interval":30000}' [148 bytes]
[2025-07-09 01:48:46,789.789] DEBUG    [MainThread|MainProcess] Logger (connect.py:on_message:43) | {'time': 1751996926, 'self_id': 703263936, 'post_type': 'meta_event', 'meta_event_type': 'heartbeat', 'status': {'online': True, 'good': True}, 'interval': 30000}
[2025-07-09 01:49:16,802.802] DEBUG    [MainThread|MainProcess] websockets.client (protocol.py:read_frame:1177) | < TEXT '{"time":1751996956,"self_id":703263936,"post_ty...true},"interval":30000}' [148 bytes]
[2025-07-09 01:49:16,802.802] DEBUG    [MainThread|MainProcess] Logger (connect.py:on_message:43) | {'time': 1751996956, 'self_id': 703263936, 'post_type': 'meta_event', 'meta_event_type': 'heartbeat', 'status': {'online': True, 'good': True}, 'interval': 30000}
[2025-07-09 01:49:46,805.805] DEBUG    [MainThread|MainProcess] websockets.client (protocol.py:read_frame:1177) | < TEXT '{"time":1751996986,"self_id":703263936,"post_ty...true},"interval":30000}' [148 bytes]
[2025-07-09 01:49:46,805.805] DEBUG    [MainThread|MainProcess] Logger (connect.py:on_message:43) | {'time': 1751996986, 'self_id': 703263936, 'post_type': 'meta_event', 'meta_event_type': 'heartbeat', 'status': {'online': True, 'good': True}, 'interval': 30000}
[2025-07-09 01:50:16,819.819] DEBUG    [MainThread|MainProcess] websockets.client (protocol.py:read_frame:1177) | < TEXT '{"time":1751997016,"self_id":703263936,"post_ty...true},"interval":30000}' [148 bytes]
[2025-07-09 01:50:16,819.819] DEBUG    [MainThread|MainProcess] Logger (connect.py:on_message:43) | {'time': 1751997016, 'self_id': 703263936, 'post_type': 'meta_event', 'meta_event_type': 'heartbeat', 'status': {'online': True, 'good': True}, 'interval': 30000}
[2025-07-09 01:50:46,834.834] DEBUG    [MainThread|MainProcess] websockets.client (protocol.py:read_frame:1177) | < TEXT '{"time":1751997046,"self_id":703263936,"post_ty...true},"interval":30000}' [148 bytes]
[2025-07-09 01:50:46,834.834] DEBUG    [MainThread|MainProcess] Logger (connect.py:on_message:43) | {'time': 1751997046, 'self_id': 703263936, 'post_type': 'meta_event', 'meta_event_type': 'heartbeat', 'status': {'online': True, 'good': True}, 'interval': 30000}
[2025-07-09 01:51:16,848.848] DEBUG    [MainThread|MainProcess] websockets.client (protocol.py:read_frame:1177) | < TEXT '{"time":1751997076,"self_id":703263936,"post_ty...true},"interval":30000}' [148 bytes]
[2025-07-09 01:51:16,848.848] DEBUG    [MainThread|MainProcess] Logger (connect.py:on_message:43) | {'time': 1751997076, 'self_id': 703263936, 'post_type': 'meta_event', 'meta_event_type': 'heartbeat', 'status': {'online': True, 'good': True}, 'interval': 30000}
[2025-07-09 01:51:46,852.852] DEBUG    [MainThread|MainProcess] websockets.client (protocol.py:read_frame:1177) | < TEXT '{"time":1751997106,"self_id":703263936,"post_ty...true},"interval":30000}' [148 bytes]
[2025-07-09 01:51:46,852.852] DEBUG    [MainThread|MainProcess] Logger (connect.py:on_message:43) | {'time': 1751997106, 'self_id': 703263936, 'post_type': 'meta_event', 'meta_event_type': 'heartbeat', 'status': {'online': True, 'good': True}, 'interval': 30000}
[2025-07-09 01:52:16,861.861] DEBUG    [MainThread|MainProcess] websockets.client (protocol.py:read_frame:1177) | < TEXT '{"time":1751997136,"self_id":703263936,"post_ty...true},"interval":30000}' [148 bytes]
[2025-07-09 01:52:16,861.861] DEBUG    [MainThread|MainProcess] Logger (connect.py:on_message:43) | {'time': 1751997136, 'self_id': 703263936, 'post_type': 'meta_event', 'meta_event_type': 'heartbeat', 'status': {'online': True, 'good': True}, 'interval': 30000}
[2025-07-09 01:52:46,875.875] DEBUG    [MainThread|MainProcess] websockets.client (protocol.py:read_frame:1177) | < TEXT '{"time":1751997166,"self_id":703263936,"post_ty...true},"interval":30000}' [148 bytes]
[2025-07-09 01:52:46,875.875] DEBUG    [MainThread|MainProcess] Logger (connect.py:on_message:43) | {'time': 1751997166, 'self_id': 703263936, 'post_type': 'meta_event', 'meta_event_type': 'heartbeat', 'status': {'online': True, 'good': True}, 'interval': 30000}
[2025-07-09 01:53:16,888.888] DEBUG    [MainThread|MainProcess] websockets.client (protocol.py:read_frame:1177) | < TEXT '{"time":1751997196,"self_id":703263936,"post_ty...true},"interval":30000}' [148 bytes]
[2025-07-09 01:53:16,888.888] DEBUG    [MainThread|MainProcess] Logger (connect.py:on_message:43) | {'time': 1751997196, 'self_id': 703263936, 'post_type': 'meta_event', 'meta_event_type': 'heartbeat', 'status': {'online': True, 'good': True}, 'interval': 30000}
[2025-07-09 01:53:46,898.898] DEBUG    [MainThread|MainProcess] websockets.client (protocol.py:read_frame:1177) | < TEXT '{"time":1751997226,"self_id":703263936,"post_ty...true},"interval":30000}' [148 bytes]
[2025-07-09 01:53:46,898.898] DEBUG    [MainThread|MainProcess] Logger (connect.py:on_message:43) | {'time': 1751997226, 'self_id': 703263936, 'post_type': 'meta_event', 'meta_event_type': 'heartbeat', 'status': {'online': True, 'good': True}, 'interval': 30000}
[2025-07-09 01:54:16,908.908] DEBUG    [MainThread|MainProcess] websockets.client (protocol.py:read_frame:1177) | < TEXT '{"time":1751997256,"self_id":703263936,"post_ty...true},"interval":30000}' [148 bytes]
[2025-07-09 01:54:16,908.908] DEBUG    [MainThread|MainProcess] Logger (connect.py:on_message:43) | {'time': 1751997256, 'self_id': 703263936, 'post_type': 'meta_event', 'meta_event_type': 'heartbeat', 'status': {'online': True, 'good': True}, 'interval': 30000}
[2025-07-09 01:54:46,922.922] DEBUG    [MainThread|MainProcess] websockets.client (protocol.py:read_frame:1177) | < TEXT '{"time":1751997286,"self_id":703263936,"post_ty...true},"interval":30000}' [148 bytes]
[2025-07-09 01:54:46,922.922] DEBUG    [MainThread|MainProcess] Logger (connect.py:on_message:43) | {'time': 1751997286, 'self_id': 703263936, 'post_type': 'meta_event', 'meta_event_type': 'heartbeat', 'status': {'online': True, 'good': True}, 'interval': 30000}
[2025-07-09 01:55:16,935.935] DEBUG    [MainThread|MainProcess] websockets.client (protocol.py:read_frame:1177) | < TEXT '{"time":1751997316,"self_id":703263936,"post_ty...true},"interval":30000}' [148 bytes]
[2025-07-09 01:55:16,935.935] DEBUG    [MainThread|MainProcess] Logger (connect.py:on_message:43) | {'time': 1751997316, 'self_id': 703263936, 'post_type': 'meta_event', 'meta_event_type': 'heartbeat', 'status': {'online': True, 'good': True}, 'interval': 30000}
[2025-07-09 01:55:46,949.949] DEBUG    [MainThread|MainProcess] websockets.client (protocol.py:read_frame:1177) | < TEXT '{"time":1751997346,"self_id":703263936,"post_ty...true},"interval":30000}' [148 bytes]
[2025-07-09 01:55:46,949.949] DEBUG    [MainThread|MainProcess] Logger (connect.py:on_message:43) | {'time': 1751997346, 'self_id': 703263936, 'post_type': 'meta_event', 'meta_event_type': 'heartbeat', 'status': {'online': True, 'good': True}, 'interval': 30000}
[2025-07-09 01:56:16,957.957] DEBUG    [MainThread|MainProcess] websockets.client (protocol.py:read_frame:1177) | < TEXT '{"time":1751997376,"self_id":703263936,"post_ty...true},"interval":30000}' [148 bytes]
[2025-07-09 01:56:16,957.957] DEBUG    [MainThread|MainProcess] Logger (connect.py:on_message:43) | {'time': 1751997376, 'self_id': 703263936, 'post_type': 'meta_event', 'meta_event_type': 'heartbeat', 'status': {'online': True, 'good': True}, 'interval': 30000}
[2025-07-09 01:56:46,969.969] DEBUG    [MainThread|MainProcess] websockets.client (protocol.py:read_frame:1177) | < TEXT '{"time":1751997406,"self_id":703263936,"post_ty...true},"interval":30000}' [148 bytes]
[2025-07-09 01:56:46,969.969] DEBUG    [MainThread|MainProcess] Logger (connect.py:on_message:43) | {'time': 1751997406, 'self_id': 703263936, 'post_type': 'meta_event', 'meta_event_type': 'heartbeat', 'status': {'online': True, 'good': True}, 'interval': 30000}
[2025-07-09 01:57:16,982.982] DEBUG    [MainThread|MainProcess] websockets.client (protocol.py:read_frame:1177) | < TEXT '{"time":1751997436,"self_id":703263936,"post_ty...true},"interval":30000}' [148 bytes]
[2025-07-09 01:57:16,982.982] DEBUG    [MainThread|MainProcess] Logger (connect.py:on_message:43) | {'time': 1751997436, 'self_id': 703263936, 'post_type': 'meta_event', 'meta_event_type': 'heartbeat', 'status': {'online': True, 'good': True}, 'interval': 30000}
[2025-07-09 01:57:46,994.994] DEBUG    [MainThread|MainProcess] websockets.client (protocol.py:read_frame:1177) | < TEXT '{"time":1751997466,"self_id":703263936,"post_ty...true},"interval":30000}' [148 bytes]
[2025-07-09 01:57:46,994.994] DEBUG    [MainThread|MainProcess] Logger (connect.py:on_message:43) | {'time': 1751997466, 'self_id': 703263936, 'post_type': 'meta_event', 'meta_event_type': 'heartbeat', 'status': {'online': True, 'good': True}, 'interval': 30000}
[2025-07-09 01:58:17,006.006] DEBUG    [MainThread|MainProcess] websockets.client (protocol.py:read_frame:1177) | < TEXT '{"time":1751997497,"self_id":703263936,"post_ty...true},"interval":30000}' [148 bytes]
[2025-07-09 01:58:17,006.006] DEBUG    [MainThread|MainProcess] Logger (connect.py:on_message:43) | {'time': 1751997497, 'self_id': 703263936, 'post_type': 'meta_event', 'meta_event_type': 'heartbeat', 'status': {'online': True, 'good': True}, 'interval': 30000}
[2025-07-09 01:58:47,019.019] DEBUG    [MainThread|MainProcess] websockets.client (protocol.py:read_frame:1177) | < TEXT '{"time":1751997527,"self_id":703263936,"post_ty...true},"interval":30000}' [148 bytes]
[2025-07-09 01:58:47,019.019] DEBUG    [MainThread|MainProcess] Logger (connect.py:on_message:43) | {'time': 1751997527, 'self_id': 703263936, 'post_type': 'meta_event', 'meta_event_type': 'heartbeat', 'status': {'online': True, 'good': True}, 'interval': 30000}
[2025-07-09 01:59:17,033.033] DEBUG    [MainThread|MainProcess] websockets.client (protocol.py:read_frame:1177) | < TEXT '{"time":1751997557,"self_id":703263936,"post_ty...true},"interval":30000}' [148 bytes]
[2025-07-09 01:59:17,033.033] DEBUG    [MainThread|MainProcess] Logger (connect.py:on_message:43) | {'time': 1751997557, 'self_id': 703263936, 'post_type': 'meta_event', 'meta_event_type': 'heartbeat', 'status': {'online': True, 'good': True}, 'interval': 30000}
[2025-07-09 01:59:47,035.035] DEBUG    [MainThread|MainProcess] websockets.client (protocol.py:read_frame:1177) | < TEXT '{"time":1751997587,"self_id":703263936,"post_ty...true},"interval":30000}' [148 bytes]
[2025-07-09 01:59:47,035.035] DEBUG    [MainThread|MainProcess] Logger (connect.py:on_message:43) | {'time': 1751997587, 'self_id': 703263936, 'post_type': 'meta_event', 'meta_event_type': 'heartbeat', 'status': {'online': True, 'good': True}, 'interval': 30000}
[2025-07-09 02:00:17,047.047] DEBUG    [MainThread|MainProcess] websockets.client (protocol.py:read_frame:1177) | < TEXT '{"time":1751997617,"self_id":703263936,"post_ty...true},"interval":30000}' [148 bytes]
[2025-07-09 02:00:17,047.047] DEBUG    [MainThread|MainProcess] Logger (connect.py:on_message:43) | {'time': 1751997617, 'self_id': 703263936, 'post_type': 'meta_event', 'meta_event_type': 'heartbeat', 'status': {'online': True, 'good': True}, 'interval': 30000}
[2025-07-09 02:00:47,060.060] DEBUG    [MainThread|MainProcess] websockets.client (protocol.py:read_frame:1177) | < TEXT '{"time":1751997647,"self_id":703263936,"post_ty...true},"interval":30000}' [148 bytes]
[2025-07-09 02:00:47,060.060] DEBUG    [MainThread|MainProcess] Logger (connect.py:on_message:43) | {'time': 1751997647, 'self_id': 703263936, 'post_type': 'meta_event', 'meta_event_type': 'heartbeat', 'status': {'online': True, 'good': True}, 'interval': 30000}
[2025-07-09 02:01:17,058.058] DEBUG    [MainThread|MainProcess] websockets.client (protocol.py:read_frame:1177) | < TEXT '{"time":1751997677,"self_id":703263936,"post_ty...true},"interval":30000}' [148 bytes]
[2025-07-09 02:01:17,058.058] DEBUG    [MainThread|MainProcess] Logger (connect.py:on_message:43) | {'time': 1751997677, 'self_id': 703263936, 'post_type': 'meta_event', 'meta_event_type': 'heartbeat', 'status': {'online': True, 'good': True}, 'interval': 30000}
[2025-07-09 02:01:47,062.062] DEBUG    [MainThread|MainProcess] websockets.client (protocol.py:read_frame:1177) | < TEXT '{"time":1751997707,"self_id":703263936,"post_ty...true},"interval":30000}' [148 bytes]
[2025-07-09 02:01:47,062.062] DEBUG    [MainThread|MainProcess] Logger (connect.py:on_message:43) | {'time': 1751997707, 'self_id': 703263936, 'post_type': 'meta_event', 'meta_event_type': 'heartbeat', 'status': {'online': True, 'good': True}, 'interval': 30000}
[2025-07-09 02:02:17,071.071] DEBUG    [MainThread|MainProcess] websockets.client (protocol.py:read_frame:1177) | < TEXT '{"time":1751997737,"self_id":703263936,"post_ty...true},"interval":30000}' [148 bytes]
[2025-07-09 02:02:17,071.071] DEBUG    [MainThread|MainProcess] Logger (connect.py:on_message:43) | {'time': 1751997737, 'self_id': 703263936, 'post_type': 'meta_event', 'meta_event_type': 'heartbeat', 'status': {'online': True, 'good': True}, 'interval': 30000}
[2025-07-09 02:02:47,115.115] DEBUG    [MainThread|MainProcess] websockets.client (protocol.py:read_frame:1177) | < TEXT '{"time":1751997767,"self_id":703263936,"post_ty...true},"interval":30000}' [148 bytes]
[2025-07-09 02:02:47,115.115] DEBUG    [MainThread|MainProcess] Logger (connect.py:on_message:43) | {'time': 1751997767, 'self_id': 703263936, 'post_type': 'meta_event', 'meta_event_type': 'heartbeat', 'status': {'online': True, 'good': True}, 'interval': 30000}
[2025-07-09 02:03:17,129.129] DEBUG    [MainThread|MainProcess] websockets.client (protocol.py:read_frame:1177) | < TEXT '{"time":1751997797,"self_id":703263936,"post_ty...true},"interval":30000}' [148 bytes]
[2025-07-09 02:03:17,129.129] DEBUG    [MainThread|MainProcess] Logger (connect.py:on_message:43) | {'time': 1751997797, 'self_id': 703263936, 'post_type': 'meta_event', 'meta_event_type': 'heartbeat', 'status': {'online': True, 'good': True}, 'interval': 30000}
[2025-07-09 02:03:47,130.130] DEBUG    [MainThread|MainProcess] websockets.client (protocol.py:read_frame:1177) | < TEXT '{"time":1751997827,"self_id":703263936,"post_ty...true},"interval":30000}' [148 bytes]
[2025-07-09 02:03:47,130.130] DEBUG    [MainThread|MainProcess] Logger (connect.py:on_message:43) | {'time': 1751997827, 'self_id': 703263936, 'post_type': 'meta_event', 'meta_event_type': 'heartbeat', 'status': {'online': True, 'good': True}, 'interval': 30000}
[2025-07-09 02:04:17,139.139] DEBUG    [MainThread|MainProcess] websockets.client (protocol.py:read_frame:1177) | < TEXT '{"time":1751997857,"self_id":703263936,"post_ty...true},"interval":30000}' [148 bytes]
[2025-07-09 02:04:17,139.139] DEBUG    [MainThread|MainProcess] Logger (connect.py:on_message:43) | {'time': 1751997857, 'self_id': 703263936, 'post_type': 'meta_event', 'meta_event_type': 'heartbeat', 'status': {'online': True, 'good': True}, 'interval': 30000}
[2025-07-09 02:04:47,152.152] DEBUG    [MainThread|MainProcess] websockets.client (protocol.py:read_frame:1177) | < TEXT '{"time":1751997887,"self_id":703263936,"post_ty...true},"interval":30000}' [148 bytes]
[2025-07-09 02:04:47,152.152] DEBUG    [MainThread|MainProcess] Logger (connect.py:on_message:43) | {'time': 1751997887, 'self_id': 703263936, 'post_type': 'meta_event', 'meta_event_type': 'heartbeat', 'status': {'online': True, 'good': True}, 'interval': 30000}
[2025-07-09 02:05:17,166.166] DEBUG    [MainThread|MainProcess] websockets.client (protocol.py:read_frame:1177) | < TEXT '{"time":1751997917,"self_id":703263936,"post_ty...true},"interval":30000}' [148 bytes]
[2025-07-09 02:05:17,166.166] DEBUG    [MainThread|MainProcess] Logger (connect.py:on_message:43) | {'time': 1751997917, 'self_id': 703263936, 'post_type': 'meta_event', 'meta_event_type': 'heartbeat', 'status': {'online': True, 'good': True}, 'interval': 30000}
[2025-07-09 02:05:47,179.179] DEBUG    [MainThread|MainProcess] websockets.client (protocol.py:read_frame:1177) | < TEXT '{"time":1751997947,"self_id":703263936,"post_ty...true},"interval":30000}' [148 bytes]
[2025-07-09 02:05:47,179.179] DEBUG    [MainThread|MainProcess] Logger (connect.py:on_message:43) | {'time': 1751997947, 'self_id': 703263936, 'post_type': 'meta_event', 'meta_event_type': 'heartbeat', 'status': {'online': True, 'good': True}, 'interval': 30000}
[2025-07-09 02:06:17,189.189] DEBUG    [MainThread|MainProcess] websockets.client (protocol.py:read_frame:1177) | < TEXT '{"time":1751997977,"self_id":703263936,"post_ty...true},"interval":30000}' [148 bytes]
[2025-07-09 02:06:17,189.189] DEBUG    [MainThread|MainProcess] Logger (connect.py:on_message:43) | {'time': 1751997977, 'self_id': 703263936, 'post_type': 'meta_event', 'meta_event_type': 'heartbeat', 'status': {'online': True, 'good': True}, 'interval': 30000}
[2025-07-09 02:06:47,200.200] DEBUG    [MainThread|MainProcess] websockets.client (protocol.py:read_frame:1177) | < TEXT '{"time":1751998007,"self_id":703263936,"post_ty...true},"interval":30000}' [148 bytes]
[2025-07-09 02:06:47,200.200] DEBUG    [MainThread|MainProcess] Logger (connect.py:on_message:43) | {'time': 1751998007, 'self_id': 703263936, 'post_type': 'meta_event', 'meta_event_type': 'heartbeat', 'status': {'online': True, 'good': True}, 'interval': 30000}
[2025-07-09 02:07:17,214.214] DEBUG    [MainThread|MainProcess] websockets.client (protocol.py:read_frame:1177) | < TEXT '{"time":1751998037,"self_id":703263936,"post_ty...true},"interval":30000}' [148 bytes]
[2025-07-09 02:07:17,214.214] DEBUG    [MainThread|MainProcess] Logger (connect.py:on_message:43) | {'time': 1751998037, 'self_id': 703263936, 'post_type': 'meta_event', 'meta_event_type': 'heartbeat', 'status': {'online': True, 'good': True}, 'interval': 30000}
[2025-07-09 02:07:47,225.225] DEBUG    [MainThread|MainProcess] websockets.client (protocol.py:read_frame:1177) | < TEXT '{"time":1751998067,"self_id":703263936,"post_ty...true},"interval":30000}' [148 bytes]
[2025-07-09 02:07:47,225.225] DEBUG    [MainThread|MainProcess] Logger (connect.py:on_message:43) | {'time': 1751998067, 'self_id': 703263936, 'post_type': 'meta_event', 'meta_event_type': 'heartbeat', 'status': {'online': True, 'good': True}, 'interval': 30000}
[2025-07-09 02:08:17,235.235] DEBUG    [MainThread|MainProcess] websockets.client (protocol.py:read_frame:1177) | < TEXT '{"time":1751998097,"self_id":703263936,"post_ty...true},"interval":30000}' [148 bytes]
[2025-07-09 02:08:17,235.235] DEBUG    [MainThread|MainProcess] Logger (connect.py:on_message:43) | {'time': 1751998097, 'self_id': 703263936, 'post_type': 'meta_event', 'meta_event_type': 'heartbeat', 'status': {'online': True, 'good': True}, 'interval': 30000}
[2025-07-09 02:08:47,248.248] DEBUG    [MainThread|MainProcess] websockets.client (protocol.py:read_frame:1177) | < TEXT '{"time":1751998127,"self_id":703263936,"post_ty...true},"interval":30000}' [148 bytes]
[2025-07-09 02:08:47,248.248] DEBUG    [MainThread|MainProcess] Logger (connect.py:on_message:43) | {'time': 1751998127, 'self_id': 703263936, 'post_type': 'meta_event', 'meta_event_type': 'heartbeat', 'status': {'online': True, 'good': True}, 'interval': 30000}
[2025-07-09 02:09:17,255.255] DEBUG    [MainThread|MainProcess] websockets.client (protocol.py:read_frame:1177) | < TEXT '{"time":1751998157,"self_id":703263936,"post_ty...true},"interval":30000}' [148 bytes]
[2025-07-09 02:09:17,255.255] DEBUG    [MainThread|MainProcess] Logger (connect.py:on_message:43) | {'time': 1751998157, 'self_id': 703263936, 'post_type': 'meta_event', 'meta_event_type': 'heartbeat', 'status': {'online': True, 'good': True}, 'interval': 30000}
[2025-07-09 02:09:47,263.263] DEBUG    [MainThread|MainProcess] websockets.client (protocol.py:read_frame:1177) | < TEXT '{"time":1751998187,"self_id":703263936,"post_ty...true},"interval":30000}' [148 bytes]
[2025-07-09 02:09:47,263.263] DEBUG    [MainThread|MainProcess] Logger (connect.py:on_message:43) | {'time': 1751998187, 'self_id': 703263936, 'post_type': 'meta_event', 'meta_event_type': 'heartbeat', 'status': {'online': True, 'good': True}, 'interval': 30000}
[2025-07-09 02:10:17,274.274] DEBUG    [MainThread|MainProcess] websockets.client (protocol.py:read_frame:1177) | < TEXT '{"time":1751998217,"self_id":703263936,"post_ty...true},"interval":30000}' [148 bytes]
[2025-07-09 02:10:17,274.274] DEBUG    [MainThread|MainProcess] Logger (connect.py:on_message:43) | {'time': 1751998217, 'self_id': 703263936, 'post_type': 'meta_event', 'meta_event_type': 'heartbeat', 'status': {'online': True, 'good': True}, 'interval': 30000}
[2025-07-09 02:10:47,288.288] DEBUG    [MainThread|MainProcess] websockets.client (protocol.py:read_frame:1177) | < TEXT '{"time":1751998247,"self_id":703263936,"post_ty...true},"interval":30000}' [148 bytes]
[2025-07-09 02:10:47,288.288] DEBUG    [MainThread|MainProcess] Logger (connect.py:on_message:43) | {'time': 1751998247, 'self_id': 703263936, 'post_type': 'meta_event', 'meta_event_type': 'heartbeat', 'status': {'online': True, 'good': True}, 'interval': 30000}
[2025-07-09 02:11:17,301.301] DEBUG    [MainThread|MainProcess] websockets.client (protocol.py:read_frame:1177) | < TEXT '{"time":1751998277,"self_id":703263936,"post_ty...true},"interval":30000}' [148 bytes]
[2025-07-09 02:11:17,301.301] DEBUG    [MainThread|MainProcess] Logger (connect.py:on_message:43) | {'time': 1751998277, 'self_id': 703263936, 'post_type': 'meta_event', 'meta_event_type': 'heartbeat', 'status': {'online': True, 'good': True}, 'interval': 30000}
[2025-07-09 02:11:47,306.306] DEBUG    [MainThread|MainProcess] websockets.client (protocol.py:read_frame:1177) | < TEXT '{"time":1751998307,"self_id":703263936,"post_ty...true},"interval":30000}' [148 bytes]
[2025-07-09 02:11:47,306.306] DEBUG    [MainThread|MainProcess] Logger (connect.py:on_message:43) | {'time': 1751998307, 'self_id': 703263936, 'post_type': 'meta_event', 'meta_event_type': 'heartbeat', 'status': {'online': True, 'good': True}, 'interval': 30000}
[2025-07-09 02:12:17,313.313] DEBUG    [MainThread|MainProcess] websockets.client (protocol.py:read_frame:1177) | < TEXT '{"time":1751998337,"self_id":703263936,"post_ty...true},"interval":30000}' [148 bytes]
[2025-07-09 02:12:17,313.313] DEBUG    [MainThread|MainProcess] Logger (connect.py:on_message:43) | {'time': 1751998337, 'self_id': 703263936, 'post_type': 'meta_event', 'meta_event_type': 'heartbeat', 'status': {'online': True, 'good': True}, 'interval': 30000}
[2025-07-09 02:12:47,327.327] DEBUG    [MainThread|MainProcess] websockets.client (protocol.py:read_frame:1177) | < TEXT '{"time":1751998367,"self_id":703263936,"post_ty...true},"interval":30000}' [148 bytes]
[2025-07-09 02:12:47,327.327] DEBUG    [MainThread|MainProcess] Logger (connect.py:on_message:43) | {'time': 1751998367, 'self_id': 703263936, 'post_type': 'meta_event', 'meta_event_type': 'heartbeat', 'status': {'online': True, 'good': True}, 'interval': 30000}
[2025-07-09 02:13:17,340.340] DEBUG    [MainThread|MainProcess] websockets.client (protocol.py:read_frame:1177) | < TEXT '{"time":1751998397,"self_id":703263936,"post_ty...true},"interval":30000}' [148 bytes]
[2025-07-09 02:13:17,340.340] DEBUG    [MainThread|MainProcess] Logger (connect.py:on_message:43) | {'time': 1751998397, 'self_id': 703263936, 'post_type': 'meta_event', 'meta_event_type': 'heartbeat', 'status': {'online': True, 'good': True}, 'interval': 30000}
[2025-07-09 02:13:47,352.352] DEBUG    [MainThread|MainProcess] websockets.client (protocol.py:read_frame:1177) | < TEXT '{"time":1751998427,"self_id":703263936,"post_ty...true},"interval":30000}' [148 bytes]
[2025-07-09 02:13:47,352.352] DEBUG    [MainThread|MainProcess] Logger (connect.py:on_message:43) | {'time': 1751998427, 'self_id': 703263936, 'post_type': 'meta_event', 'meta_event_type': 'heartbeat', 'status': {'online': True, 'good': True}, 'interval': 30000}
[2025-07-09 02:14:17,355.355] DEBUG    [MainThread|MainProcess] websockets.client (protocol.py:read_frame:1177) | < TEXT '{"time":1751998457,"self_id":703263936,"post_ty...true},"interval":30000}' [148 bytes]
[2025-07-09 02:14:17,355.355] DEBUG    [MainThread|MainProcess] Logger (connect.py:on_message:43) | {'time': 1751998457, 'self_id': 703263936, 'post_type': 'meta_event', 'meta_event_type': 'heartbeat', 'status': {'online': True, 'good': True}, 'interval': 30000}
[2025-07-09 02:14:47,368.368] DEBUG    [MainThread|MainProcess] websockets.client (protocol.py:read_frame:1177) | < TEXT '{"time":1751998487,"self_id":703263936,"post_ty...true},"interval":30000}' [148 bytes]
[2025-07-09 02:14:47,368.368] DEBUG    [MainThread|MainProcess] Logger (connect.py:on_message:43) | {'time': 1751998487, 'self_id': 703263936, 'post_type': 'meta_event', 'meta_event_type': 'heartbeat', 'status': {'online': True, 'good': True}, 'interval': 30000}
[2025-07-09 02:15:17,382.382] DEBUG    [MainThread|MainProcess] websockets.client (protocol.py:read_frame:1177) | < TEXT '{"time":1751998517,"self_id":703263936,"post_ty...true},"interval":30000}' [148 bytes]
[2025-07-09 02:15:17,382.382] DEBUG    [MainThread|MainProcess] Logger (connect.py:on_message:43) | {'time': 1751998517, 'self_id': 703263936, 'post_type': 'meta_event', 'meta_event_type': 'heartbeat', 'status': {'online': True, 'good': True}, 'interval': 30000}
[2025-07-09 02:15:47,395.395] DEBUG    [MainThread|MainProcess] websockets.client (protocol.py:read_frame:1177) | < TEXT '{"time":1751998547,"self_id":703263936,"post_ty...true},"interval":30000}' [148 bytes]
[2025-07-09 02:15:47,395.395] DEBUG    [MainThread|MainProcess] Logger (connect.py:on_message:43) | {'time': 1751998547, 'self_id': 703263936, 'post_type': 'meta_event', 'meta_event_type': 'heartbeat', 'status': {'online': True, 'good': True}, 'interval': 30000}
[2025-07-09 02:16:17,403.403] DEBUG    [MainThread|MainProcess] websockets.client (protocol.py:read_frame:1177) | < TEXT '{"time":1751998577,"self_id":703263936,"post_ty...true},"interval":30000}' [148 bytes]
[2025-07-09 02:16:17,403.403] DEBUG    [MainThread|MainProcess] Logger (connect.py:on_message:43) | {'time': 1751998577, 'self_id': 703263936, 'post_type': 'meta_event', 'meta_event_type': 'heartbeat', 'status': {'online': True, 'good': True}, 'interval': 30000}
[2025-07-09 02:16:47,412.412] DEBUG    [MainThread|MainProcess] websockets.client (protocol.py:read_frame:1177) | < TEXT '{"time":1751998607,"self_id":703263936,"post_ty...true},"interval":30000}' [148 bytes]
[2025-07-09 02:16:47,412.412] DEBUG    [MainThread|MainProcess] Logger (connect.py:on_message:43) | {'time': 1751998607, 'self_id': 703263936, 'post_type': 'meta_event', 'meta_event_type': 'heartbeat', 'status': {'online': True, 'good': True}, 'interval': 30000}
[2025-07-09 02:17:17,426.426] DEBUG    [MainThread|MainProcess] websockets.client (protocol.py:read_frame:1177) | < TEXT '{"time":1751998637,"self_id":703263936,"post_ty...true},"interval":30000}' [148 bytes]
[2025-07-09 02:17:17,426.426] DEBUG    [MainThread|MainProcess] Logger (connect.py:on_message:43) | {'time': 1751998637, 'self_id': 703263936, 'post_type': 'meta_event', 'meta_event_type': 'heartbeat', 'status': {'online': True, 'good': True}, 'interval': 30000}
[2025-07-09 02:17:47,428.428] DEBUG    [MainThread|MainProcess] websockets.client (protocol.py:read_frame:1177) | < TEXT '{"time":1751998667,"self_id":703263936,"post_ty...true},"interval":30000}' [148 bytes]
[2025-07-09 02:17:47,428.428] DEBUG    [MainThread|MainProcess] Logger (connect.py:on_message:43) | {'time': 1751998667, 'self_id': 703263936, 'post_type': 'meta_event', 'meta_event_type': 'heartbeat', 'status': {'online': True, 'good': True}, 'interval': 30000}
[2025-07-09 02:18:17,440.440] DEBUG    [MainThread|MainProcess] websockets.client (protocol.py:read_frame:1177) | < TEXT '{"time":1751998697,"self_id":703263936,"post_ty...true},"interval":30000}' [148 bytes]
[2025-07-09 02:18:17,440.440] DEBUG    [MainThread|MainProcess] Logger (connect.py:on_message:43) | {'time': 1751998697, 'self_id': 703263936, 'post_type': 'meta_event', 'meta_event_type': 'heartbeat', 'status': {'online': True, 'good': True}, 'interval': 30000}
[2025-07-09 02:18:47,453.453] DEBUG    [MainThread|MainProcess] websockets.client (protocol.py:read_frame:1177) | < TEXT '{"time":1751998727,"self_id":703263936,"post_ty...true},"interval":30000}' [148 bytes]
[2025-07-09 02:18:47,453.453] DEBUG    [MainThread|MainProcess] Logger (connect.py:on_message:43) | {'time': 1751998727, 'self_id': 703263936, 'post_type': 'meta_event', 'meta_event_type': 'heartbeat', 'status': {'online': True, 'good': True}, 'interval': 30000}
[2025-07-09 02:19:17,467.467] DEBUG    [MainThread|MainProcess] websockets.client (protocol.py:read_frame:1177) | < TEXT '{"time":1751998757,"self_id":703263936,"post_ty...true},"interval":30000}' [148 bytes]
[2025-07-09 02:19:17,467.467] DEBUG    [MainThread|MainProcess] Logger (connect.py:on_message:43) | {'time': 1751998757, 'self_id': 703263936, 'post_type': 'meta_event', 'meta_event_type': 'heartbeat', 'status': {'online': True, 'good': True}, 'interval': 30000}
[2025-07-09 02:19:47,478.478] DEBUG    [MainThread|MainProcess] websockets.client (protocol.py:read_frame:1177) | < TEXT '{"time":1751998787,"self_id":703263936,"post_ty...true},"interval":30000}' [148 bytes]
[2025-07-09 02:19:47,478.478] DEBUG    [MainThread|MainProcess] Logger (connect.py:on_message:43) | {'time': 1751998787, 'self_id': 703263936, 'post_type': 'meta_event', 'meta_event_type': 'heartbeat', 'status': {'online': True, 'good': True}, 'interval': 30000}
[2025-07-09 02:20:17,489.489] DEBUG    [MainThread|MainProcess] websockets.client (protocol.py:read_frame:1177) | < TEXT '{"time":1751998817,"self_id":703263936,"post_ty...true},"interval":30000}' [148 bytes]
[2025-07-09 02:20:17,489.489] DEBUG    [MainThread|MainProcess] Logger (connect.py:on_message:43) | {'time': 1751998817, 'self_id': 703263936, 'post_type': 'meta_event', 'meta_event_type': 'heartbeat', 'status': {'online': True, 'good': True}, 'interval': 30000}
[2025-07-09 02:20:47,503.503] DEBUG    [MainThread|MainProcess] websockets.client (protocol.py:read_frame:1177) | < TEXT '{"time":1751998847,"self_id":703263936,"post_ty...true},"interval":30000}' [148 bytes]
[2025-07-09 02:20:47,503.503] DEBUG    [MainThread|MainProcess] Logger (connect.py:on_message:43) | {'time': 1751998847, 'self_id': 703263936, 'post_type': 'meta_event', 'meta_event_type': 'heartbeat', 'status': {'online': True, 'good': True}, 'interval': 30000}
[2025-07-09 02:21:17,516.516] DEBUG    [MainThread|MainProcess] websockets.client (protocol.py:read_frame:1177) | < TEXT '{"time":1751998877,"self_id":703263936,"post_ty...true},"interval":30000}' [148 bytes]
[2025-07-09 02:21:17,516.516] DEBUG    [MainThread|MainProcess] Logger (connect.py:on_message:43) | {'time': 1751998877, 'self_id': 703263936, 'post_type': 'meta_event', 'meta_event_type': 'heartbeat', 'status': {'online': True, 'good': True}, 'interval': 30000}
[2025-07-09 02:21:47,520.520] DEBUG    [MainThread|MainProcess] websockets.client (protocol.py:read_frame:1177) | < TEXT '{"time":1751998907,"self_id":703263936,"post_ty...true},"interval":30000}' [148 bytes]
[2025-07-09 02:21:47,520.520] DEBUG    [MainThread|MainProcess] Logger (connect.py:on_message:43) | {'time': 1751998907, 'self_id': 703263936, 'post_type': 'meta_event', 'meta_event_type': 'heartbeat', 'status': {'online': True, 'good': True}, 'interval': 30000}
[2025-07-09 02:22:17,528.528] DEBUG    [MainThread|MainProcess] websockets.client (protocol.py:read_frame:1177) | < TEXT '{"time":1751998937,"self_id":703263936,"post_ty...true},"interval":30000}' [148 bytes]
[2025-07-09 02:22:17,528.528] DEBUG    [MainThread|MainProcess] Logger (connect.py:on_message:43) | {'time': 1751998937, 'self_id': 703263936, 'post_type': 'meta_event', 'meta_event_type': 'heartbeat', 'status': {'online': True, 'good': True}, 'interval': 30000}
[2025-07-09 02:22:47,542.542] DEBUG    [MainThread|MainProcess] websockets.client (protocol.py:read_frame:1177) | < TEXT '{"time":1751998967,"self_id":703263936,"post_ty...true},"interval":30000}' [148 bytes]
[2025-07-09 02:22:47,542.542] DEBUG    [MainThread|MainProcess] Logger (connect.py:on_message:43) | {'time': 1751998967, 'self_id': 703263936, 'post_type': 'meta_event', 'meta_event_type': 'heartbeat', 'status': {'online': True, 'good': True}, 'interval': 30000}
[2025-07-09 02:23:17,555.555] DEBUG    [MainThread|MainProcess] websockets.client (protocol.py:read_frame:1177) | < TEXT '{"time":1751998997,"self_id":703263936,"post_ty...true},"interval":30000}' [148 bytes]
[2025-07-09 02:23:17,555.555] DEBUG    [MainThread|MainProcess] Logger (connect.py:on_message:43) | {'time': 1751998997, 'self_id': 703263936, 'post_type': 'meta_event', 'meta_event_type': 'heartbeat', 'status': {'online': True, 'good': True}, 'interval': 30000}
[2025-07-09 02:23:47,557.557] DEBUG    [MainThread|MainProcess] websockets.client (protocol.py:read_frame:1177) | < TEXT '{"time":1751999027,"self_id":703263936,"post_ty...true},"interval":30000}' [148 bytes]
[2025-07-09 02:23:47,557.557] DEBUG    [MainThread|MainProcess] Logger (connect.py:on_message:43) | {'time': 1751999027, 'self_id': 703263936, 'post_type': 'meta_event', 'meta_event_type': 'heartbeat', 'status': {'online': True, 'good': True}, 'interval': 30000}
[2025-07-09 02:24:17,569.569] DEBUG    [MainThread|MainProcess] websockets.client (protocol.py:read_frame:1177) | < TEXT '{"time":1751999057,"self_id":703263936,"post_ty...true},"interval":30000}' [148 bytes]
[2025-07-09 02:24:17,569.569] DEBUG    [MainThread|MainProcess] Logger (connect.py:on_message:43) | {'time': 1751999057, 'self_id': 703263936, 'post_type': 'meta_event', 'meta_event_type': 'heartbeat', 'status': {'online': True, 'good': True}, 'interval': 30000}
[2025-07-09 02:24:47,582.582] DEBUG    [MainThread|MainProcess] websockets.client (protocol.py:read_frame:1177) | < TEXT '{"time":1751999087,"self_id":703263936,"post_ty...true},"interval":30000}' [148 bytes]
[2025-07-09 02:24:47,582.582] DEBUG    [MainThread|MainProcess] Logger (connect.py:on_message:43) | {'time': 1751999087, 'self_id': 703263936, 'post_type': 'meta_event', 'meta_event_type': 'heartbeat', 'status': {'online': True, 'good': True}, 'interval': 30000}
[2025-07-09 02:25:17,595.595] DEBUG    [MainThread|MainProcess] websockets.client (protocol.py:read_frame:1177) | < TEXT '{"time":1751999117,"self_id":703263936,"post_ty...true},"interval":30000}' [148 bytes]
[2025-07-09 02:25:17,595.595] DEBUG    [MainThread|MainProcess] Logger (connect.py:on_message:43) | {'time': 1751999117, 'self_id': 703263936, 'post_type': 'meta_event', 'meta_event_type': 'heartbeat', 'status': {'online': True, 'good': True}, 'interval': 30000}
[2025-07-09 02:25:47,609.609] DEBUG    [MainThread|MainProcess] websockets.client (protocol.py:read_frame:1177) | < TEXT '{"time":1751999147,"self_id":703263936,"post_ty...true},"interval":30000}' [148 bytes]
[2025-07-09 02:25:47,609.609] DEBUG    [MainThread|MainProcess] Logger (connect.py:on_message:43) | {'time': 1751999147, 'self_id': 703263936, 'post_type': 'meta_event', 'meta_event_type': 'heartbeat', 'status': {'online': True, 'good': True}, 'interval': 30000}
[2025-07-09 02:26:17,617.617] DEBUG    [MainThread|MainProcess] websockets.client (protocol.py:read_frame:1177) | < TEXT '{"time":1751999177,"self_id":703263936,"post_ty...true},"interval":30000}' [148 bytes]
[2025-07-09 02:26:17,617.617] DEBUG    [MainThread|MainProcess] Logger (connect.py:on_message:43) | {'time': 1751999177, 'self_id': 703263936, 'post_type': 'meta_event', 'meta_event_type': 'heartbeat', 'status': {'online': True, 'good': True}, 'interval': 30000}
[2025-07-09 02:26:47,627.627] DEBUG    [MainThread|MainProcess] websockets.client (protocol.py:read_frame:1177) | < TEXT '{"time":1751999207,"self_id":703263936,"post_ty...true},"interval":30000}' [148 bytes]
[2025-07-09 02:26:47,627.627] DEBUG    [MainThread|MainProcess] Logger (connect.py:on_message:43) | {'time': 1751999207, 'self_id': 703263936, 'post_type': 'meta_event', 'meta_event_type': 'heartbeat', 'status': {'online': True, 'good': True}, 'interval': 30000}
[2025-07-09 02:27:17,640.640] DEBUG    [MainThread|MainProcess] websockets.client (protocol.py:read_frame:1177) | < TEXT '{"time":1751999237,"self_id":703263936,"post_ty...true},"interval":30000}' [148 bytes]
[2025-07-09 02:27:17,640.640] DEBUG    [MainThread|MainProcess] Logger (connect.py:on_message:43) | {'time': 1751999237, 'self_id': 703263936, 'post_type': 'meta_event', 'meta_event_type': 'heartbeat', 'status': {'online': True, 'good': True}, 'interval': 30000}
[2025-07-09 02:27:47,653.653] DEBUG    [MainThread|MainProcess] websockets.client (protocol.py:read_frame:1177) | < TEXT '{"time":1751999267,"self_id":703263936,"post_ty...true},"interval":30000}' [148 bytes]
[2025-07-09 02:27:47,653.653] DEBUG    [MainThread|MainProcess] Logger (connect.py:on_message:43) | {'time': 1751999267, 'self_id': 703263936, 'post_type': 'meta_event', 'meta_event_type': 'heartbeat', 'status': {'online': True, 'good': True}, 'interval': 30000}
[2025-07-09 02:28:17,659.659] DEBUG    [MainThread|MainProcess] websockets.client (protocol.py:read_frame:1177) | < TEXT '{"time":1751999297,"self_id":703263936,"post_ty...true},"interval":30000}' [148 bytes]
[2025-07-09 02:28:17,659.659] DEBUG    [MainThread|MainProcess] Logger (connect.py:on_message:43) | {'time': 1751999297, 'self_id': 703263936, 'post_type': 'meta_event', 'meta_event_type': 'heartbeat', 'status': {'online': True, 'good': True}, 'interval': 30000}
[2025-07-09 02:28:47,673.673] DEBUG    [MainThread|MainProcess] websockets.client (protocol.py:read_frame:1177) | < TEXT '{"time":1751999327,"self_id":703263936,"post_ty...true},"interval":30000}' [148 bytes]
[2025-07-09 02:28:47,673.673] DEBUG    [MainThread|MainProcess] Logger (connect.py:on_message:43) | {'time': 1751999327, 'self_id': 703263936, 'post_type': 'meta_event', 'meta_event_type': 'heartbeat', 'status': {'online': True, 'good': True}, 'interval': 30000}
[2025-07-09 02:29:17,686.686] DEBUG    [MainThread|MainProcess] websockets.client (protocol.py:read_frame:1177) | < TEXT '{"time":1751999357,"self_id":703263936,"post_ty...true},"interval":30000}' [148 bytes]
[2025-07-09 02:29:17,686.686] DEBUG    [MainThread|MainProcess] Logger (connect.py:on_message:43) | {'time': 1751999357, 'self_id': 703263936, 'post_type': 'meta_event', 'meta_event_type': 'heartbeat', 'status': {'online': True, 'good': True}, 'interval': 30000}
[2025-07-09 02:29:47,692.692] DEBUG    [MainThread|MainProcess] websockets.client (protocol.py:read_frame:1177) | < TEXT '{"time":1751999387,"self_id":703263936,"post_ty...true},"interval":30000}' [148 bytes]
[2025-07-09 02:29:47,692.692] DEBUG    [MainThread|MainProcess] Logger (connect.py:on_message:43) | {'time': 1751999387, 'self_id': 703263936, 'post_type': 'meta_event', 'meta_event_type': 'heartbeat', 'status': {'online': True, 'good': True}, 'interval': 30000}
[2025-07-09 02:30:17,700.700] DEBUG    [MainThread|MainProcess] websockets.client (protocol.py:read_frame:1177) | < TEXT '{"time":1751999417,"self_id":703263936,"post_ty...true},"interval":30000}' [148 bytes]
[2025-07-09 02:30:17,700.700] DEBUG    [MainThread|MainProcess] Logger (connect.py:on_message:43) | {'time': 1751999417, 'self_id': 703263936, 'post_type': 'meta_event', 'meta_event_type': 'heartbeat', 'status': {'online': True, 'good': True}, 'interval': 30000}
[2025-07-09 02:30:47,713.713] DEBUG    [MainThread|MainProcess] websockets.client (protocol.py:read_frame:1177) | < TEXT '{"time":1751999447,"self_id":703263936,"post_ty...true},"interval":30000}' [148 bytes]
[2025-07-09 02:30:47,713.713] DEBUG    [MainThread|MainProcess] Logger (connect.py:on_message:43) | {'time': 1751999447, 'self_id': 703263936, 'post_type': 'meta_event', 'meta_event_type': 'heartbeat', 'status': {'online': True, 'good': True}, 'interval': 30000}
[2025-07-09 02:31:17,726.726] DEBUG    [MainThread|MainProcess] websockets.client (protocol.py:read_frame:1177) | < TEXT '{"time":1751999477,"self_id":703263936,"post_ty...true},"interval":30000}' [148 bytes]
[2025-07-09 02:31:17,726.726] DEBUG    [MainThread|MainProcess] Logger (connect.py:on_message:43) | {'time': 1751999477, 'self_id': 703263936, 'post_type': 'meta_event', 'meta_event_type': 'heartbeat', 'status': {'online': True, 'good': True}, 'interval': 30000}
[2025-07-09 02:31:47,735.735] DEBUG    [MainThread|MainProcess] websockets.client (protocol.py:read_frame:1177) | < TEXT '{"time":1751999507,"self_id":703263936,"post_ty...true},"interval":30000}' [148 bytes]
[2025-07-09 02:31:47,735.735] DEBUG    [MainThread|MainProcess] Logger (connect.py:on_message:43) | {'time': 1751999507, 'self_id': 703263936, 'post_type': 'meta_event', 'meta_event_type': 'heartbeat', 'status': {'online': True, 'good': True}, 'interval': 30000}
[2025-07-09 02:32:17,744.744] DEBUG    [MainThread|MainProcess] websockets.client (protocol.py:read_frame:1177) | < TEXT '{"time":1751999537,"self_id":703263936,"post_ty...true},"interval":30000}' [148 bytes]
[2025-07-09 02:32:17,744.744] DEBUG    [MainThread|MainProcess] Logger (connect.py:on_message:43) | {'time': 1751999537, 'self_id': 703263936, 'post_type': 'meta_event', 'meta_event_type': 'heartbeat', 'status': {'online': True, 'good': True}, 'interval': 30000}
[2025-07-09 02:32:47,758.758] DEBUG    [MainThread|MainProcess] websockets.client (protocol.py:read_frame:1177) | < TEXT '{"time":1751999567,"self_id":703263936,"post_ty...true},"interval":30000}' [148 bytes]
[2025-07-09 02:32:47,758.758] DEBUG    [MainThread|MainProcess] Logger (connect.py:on_message:43) | {'time': 1751999567, 'self_id': 703263936, 'post_type': 'meta_event', 'meta_event_type': 'heartbeat', 'status': {'online': True, 'good': True}, 'interval': 30000}
[2025-07-09 02:33:17,771.771] DEBUG    [MainThread|MainProcess] websockets.client (protocol.py:read_frame:1177) | < TEXT '{"time":1751999597,"self_id":703263936,"post_ty...true},"interval":30000}' [148 bytes]
[2025-07-09 02:33:17,771.771] DEBUG    [MainThread|MainProcess] Logger (connect.py:on_message:43) | {'time': 1751999597, 'self_id': 703263936, 'post_type': 'meta_event', 'meta_event_type': 'heartbeat', 'status': {'online': True, 'good': True}, 'interval': 30000}
[2025-07-09 02:33:47,773.773] DEBUG    [MainThread|MainProcess] websockets.client (protocol.py:read_frame:1177) | < TEXT '{"time":1751999627,"self_id":703263936,"post_ty...true},"interval":30000}' [148 bytes]
[2025-07-09 02:33:47,773.773] DEBUG    [MainThread|MainProcess] Logger (connect.py:on_message:43) | {'time': 1751999627, 'self_id': 703263936, 'post_type': 'meta_event', 'meta_event_type': 'heartbeat', 'status': {'online': True, 'good': True}, 'interval': 30000}
[2025-07-09 02:34:17,781.781] DEBUG    [MainThread|MainProcess] websockets.client (protocol.py:read_frame:1177) | < TEXT '{"time":1751999657,"self_id":703263936,"post_ty...true},"interval":30000}' [148 bytes]
[2025-07-09 02:34:17,781.781] DEBUG    [MainThread|MainProcess] Logger (connect.py:on_message:43) | {'time': 1751999657, 'self_id': 703263936, 'post_type': 'meta_event', 'meta_event_type': 'heartbeat', 'status': {'online': True, 'good': True}, 'interval': 30000}
[2025-07-09 02:34:47,795.795] DEBUG    [MainThread|MainProcess] websockets.client (protocol.py:read_frame:1177) | < TEXT '{"time":1751999687,"self_id":703263936,"post_ty...true},"interval":30000}' [148 bytes]
[2025-07-09 02:34:47,795.795] DEBUG    [MainThread|MainProcess] Logger (connect.py:on_message:43) | {'time': 1751999687, 'self_id': 703263936, 'post_type': 'meta_event', 'meta_event_type': 'heartbeat', 'status': {'online': True, 'good': True}, 'interval': 30000}
[2025-07-09 02:35:17,808.808] DEBUG    [MainThread|MainProcess] websockets.client (protocol.py:read_frame:1177) | < TEXT '{"time":1751999717,"self_id":703263936,"post_ty...true},"interval":30000}' [148 bytes]
[2025-07-09 02:35:17,808.808] DEBUG    [MainThread|MainProcess] Logger (connect.py:on_message:43) | {'time': 1751999717, 'self_id': 703263936, 'post_type': 'meta_event', 'meta_event_type': 'heartbeat', 'status': {'online': True, 'good': True}, 'interval': 30000}
[2025-07-09 02:35:47,822.822] DEBUG    [MainThread|MainProcess] websockets.client (protocol.py:read_frame:1177) | < TEXT '{"time":1751999747,"self_id":703263936,"post_ty...true},"interval":30000}' [148 bytes]
[2025-07-09 02:35:47,822.822] DEBUG    [MainThread|MainProcess] Logger (connect.py:on_message:43) | {'time': 1751999747, 'self_id': 703263936, 'post_type': 'meta_event', 'meta_event_type': 'heartbeat', 'status': {'online': True, 'good': True}, 'interval': 30000}
[2025-07-09 02:36:17,835.835] DEBUG    [MainThread|MainProcess] websockets.client (protocol.py:read_frame:1177) | < TEXT '{"time":1751999777,"self_id":703263936,"post_ty...true},"interval":30000}' [148 bytes]
[2025-07-09 02:36:17,835.835] DEBUG    [MainThread|MainProcess] Logger (connect.py:on_message:43) | {'time': 1751999777, 'self_id': 703263936, 'post_type': 'meta_event', 'meta_event_type': 'heartbeat', 'status': {'online': True, 'good': True}, 'interval': 30000}
[2025-07-09 02:36:47,849.849] DEBUG    [MainThread|MainProcess] websockets.client (protocol.py:read_frame:1177) | < TEXT '{"time":1751999807,"self_id":703263936,"post_ty...true},"interval":30000}' [148 bytes]
[2025-07-09 02:36:47,849.849] DEBUG    [MainThread|MainProcess] Logger (connect.py:on_message:43) | {'time': 1751999807, 'self_id': 703263936, 'post_type': 'meta_event', 'meta_event_type': 'heartbeat', 'status': {'online': True, 'good': True}, 'interval': 30000}
[2025-07-09 02:37:17,853.853] DEBUG    [MainThread|MainProcess] websockets.client (protocol.py:read_frame:1177) | < TEXT '{"time":1751999837,"self_id":703263936,"post_ty...true},"interval":30000}' [148 bytes]
[2025-07-09 02:37:17,853.853] DEBUG    [MainThread|MainProcess] Logger (connect.py:on_message:43) | {'time': 1751999837, 'self_id': 703263936, 'post_type': 'meta_event', 'meta_event_type': 'heartbeat', 'status': {'online': True, 'good': True}, 'interval': 30000}
[2025-07-09 02:37:47,867.867] DEBUG    [MainThread|MainProcess] websockets.client (protocol.py:read_frame:1177) | < TEXT '{"time":1751999867,"self_id":703263936,"post_ty...true},"interval":30000}' [148 bytes]
[2025-07-09 02:37:47,867.867] DEBUG    [MainThread|MainProcess] Logger (connect.py:on_message:43) | {'time': 1751999867, 'self_id': 703263936, 'post_type': 'meta_event', 'meta_event_type': 'heartbeat', 'status': {'online': True, 'good': True}, 'interval': 30000}
[2025-07-09 02:38:17,877.877] DEBUG    [MainThread|MainProcess] websockets.client (protocol.py:read_frame:1177) | < TEXT '{"time":1751999897,"self_id":703263936,"post_ty...true},"interval":30000}' [148 bytes]
[2025-07-09 02:38:17,877.877] DEBUG    [MainThread|MainProcess] Logger (connect.py:on_message:43) | {'time': 1751999897, 'self_id': 703263936, 'post_type': 'meta_event', 'meta_event_type': 'heartbeat', 'status': {'online': True, 'good': True}, 'interval': 30000}
[2025-07-09 02:38:47,882.882] DEBUG    [MainThread|MainProcess] websockets.client (protocol.py:read_frame:1177) | < TEXT '{"time":1751999927,"self_id":703263936,"post_ty...true},"interval":30000}' [148 bytes]
[2025-07-09 02:38:47,882.882] DEBUG    [MainThread|MainProcess] Logger (connect.py:on_message:43) | {'time': 1751999927, 'self_id': 703263936, 'post_type': 'meta_event', 'meta_event_type': 'heartbeat', 'status': {'online': True, 'good': True}, 'interval': 30000}
[2025-07-09 02:39:17,895.895] DEBUG    [MainThread|MainProcess] websockets.client (protocol.py:read_frame:1177) | < TEXT '{"time":1751999957,"self_id":703263936,"post_ty...true},"interval":30000}' [148 bytes]
[2025-07-09 02:39:17,895.895] DEBUG    [MainThread|MainProcess] Logger (connect.py:on_message:43) | {'time': 1751999957, 'self_id': 703263936, 'post_type': 'meta_event', 'meta_event_type': 'heartbeat', 'status': {'online': True, 'good': True}, 'interval': 30000}
[2025-07-09 02:39:47,900.900] DEBUG    [MainThread|MainProcess] websockets.client (protocol.py:read_frame:1177) | < TEXT '{"time":1751999987,"self_id":703263936,"post_ty...true},"interval":30000}' [148 bytes]
[2025-07-09 02:39:47,900.900] DEBUG    [MainThread|MainProcess] Logger (connect.py:on_message:43) | {'time': 1751999987, 'self_id': 703263936, 'post_type': 'meta_event', 'meta_event_type': 'heartbeat', 'status': {'online': True, 'good': True}, 'interval': 30000}
[2025-07-09 02:40:17,906.906] DEBUG    [MainThread|MainProcess] websockets.client (protocol.py:read_frame:1177) | < TEXT '{"time":1752000017,"self_id":703263936,"post_ty...true},"interval":30000}' [148 bytes]
[2025-07-09 02:40:17,906.906] DEBUG    [MainThread|MainProcess] Logger (connect.py:on_message:43) | {'time': 1752000017, 'self_id': 703263936, 'post_type': 'meta_event', 'meta_event_type': 'heartbeat', 'status': {'online': True, 'good': True}, 'interval': 30000}
[2025-07-09 02:40:47,919.919] DEBUG    [MainThread|MainProcess] websockets.client (protocol.py:read_frame:1177) | < TEXT '{"time":1752000047,"self_id":703263936,"post_ty...true},"interval":30000}' [148 bytes]
[2025-07-09 02:40:47,919.919] DEBUG    [MainThread|MainProcess] Logger (connect.py:on_message:43) | {'time': 1752000047, 'self_id': 703263936, 'post_type': 'meta_event', 'meta_event_type': 'heartbeat', 'status': {'online': True, 'good': True}, 'interval': 30000}
[2025-07-09 02:41:17,933.933] DEBUG    [MainThread|MainProcess] websockets.client (protocol.py:read_frame:1177) | < TEXT '{"time":1752000077,"self_id":703263936,"post_ty...true},"interval":30000}' [148 bytes]
[2025-07-09 02:41:17,933.933] DEBUG    [MainThread|MainProcess] Logger (connect.py:on_message:43) | {'time': 1752000077, 'self_id': 703263936, 'post_type': 'meta_event', 'meta_event_type': 'heartbeat', 'status': {'online': True, 'good': True}, 'interval': 30000}
[2025-07-09 02:41:47,943.943] DEBUG    [MainThread|MainProcess] websockets.client (protocol.py:read_frame:1177) | < TEXT '{"time":1752000107,"self_id":703263936,"post_ty...true},"interval":30000}' [148 bytes]
[2025-07-09 02:41:47,943.943] DEBUG    [MainThread|MainProcess] Logger (connect.py:on_message:43) | {'time': 1752000107, 'self_id': 703263936, 'post_type': 'meta_event', 'meta_event_type': 'heartbeat', 'status': {'online': True, 'good': True}, 'interval': 30000}
[2025-07-09 02:42:17,949.949] DEBUG    [MainThread|MainProcess] websockets.client (protocol.py:read_frame:1177) | < TEXT '{"time":1752000137,"self_id":703263936,"post_ty...true},"interval":30000}' [148 bytes]
[2025-07-09 02:42:17,949.949] DEBUG    [MainThread|MainProcess] Logger (connect.py:on_message:43) | {'time': 1752000137, 'self_id': 703263936, 'post_type': 'meta_event', 'meta_event_type': 'heartbeat', 'status': {'online': True, 'good': True}, 'interval': 30000}
[2025-07-09 02:42:47,963.963] DEBUG    [MainThread|MainProcess] websockets.client (protocol.py:read_frame:1177) | < TEXT '{"time":1752000167,"self_id":703263936,"post_ty...true},"interval":30000}' [148 bytes]
[2025-07-09 02:42:47,963.963] DEBUG    [MainThread|MainProcess] Logger (connect.py:on_message:43) | {'time': 1752000167, 'self_id': 703263936, 'post_type': 'meta_event', 'meta_event_type': 'heartbeat', 'status': {'online': True, 'good': True}, 'interval': 30000}
[2025-07-09 02:43:17,976.976] DEBUG    [MainThread|MainProcess] websockets.client (protocol.py:read_frame:1177) | < TEXT '{"time":1752000197,"self_id":703263936,"post_ty...true},"interval":30000}' [148 bytes]
[2025-07-09 02:43:17,976.976] DEBUG    [MainThread|MainProcess] Logger (connect.py:on_message:43) | {'time': 1752000197, 'self_id': 703263936, 'post_type': 'meta_event', 'meta_event_type': 'heartbeat', 'status': {'online': True, 'good': True}, 'interval': 30000}
[2025-07-09 02:43:47,980.980] DEBUG    [MainThread|MainProcess] websockets.client (protocol.py:read_frame:1177) | < TEXT '{"time":1752000227,"self_id":703263936,"post_ty...true},"interval":30000}' [148 bytes]
[2025-07-09 02:43:47,980.980] DEBUG    [MainThread|MainProcess] Logger (connect.py:on_message:43) | {'time': 1752000227, 'self_id': 703263936, 'post_type': 'meta_event', 'meta_event_type': 'heartbeat', 'status': {'online': True, 'good': True}, 'interval': 30000}
[2025-07-09 02:44:17,984.984] DEBUG    [MainThread|MainProcess] websockets.client (protocol.py:read_frame:1177) | < TEXT '{"time":1752000257,"self_id":703263936,"post_ty...true},"interval":30000}' [148 bytes]
[2025-07-09 02:44:17,984.984] DEBUG    [MainThread|MainProcess] Logger (connect.py:on_message:43) | {'time': 1752000257, 'self_id': 703263936, 'post_type': 'meta_event', 'meta_event_type': 'heartbeat', 'status': {'online': True, 'good': True}, 'interval': 30000}
[2025-07-09 02:44:47,998.998] DEBUG    [MainThread|MainProcess] websockets.client (protocol.py:read_frame:1177) | < TEXT '{"time":1752000287,"self_id":703263936,"post_ty...true},"interval":30000}' [148 bytes]
[2025-07-09 02:44:47,998.998] DEBUG    [MainThread|MainProcess] Logger (connect.py:on_message:43) | {'time': 1752000287, 'self_id': 703263936, 'post_type': 'meta_event', 'meta_event_type': 'heartbeat', 'status': {'online': True, 'good': True}, 'interval': 30000}
[2025-07-09 02:45:18,011.011] DEBUG    [MainThread|MainProcess] websockets.client (protocol.py:read_frame:1177) | < TEXT '{"time":1752000318,"self_id":703263936,"post_ty...true},"interval":30000}' [148 bytes]
[2025-07-09 02:45:18,011.011] DEBUG    [MainThread|MainProcess] Logger (connect.py:on_message:43) | {'time': 1752000318, 'self_id': 703263936, 'post_type': 'meta_event', 'meta_event_type': 'heartbeat', 'status': {'online': True, 'good': True}, 'interval': 30000}
[2025-07-09 02:45:48,025.025] DEBUG    [MainThread|MainProcess] websockets.client (protocol.py:read_frame:1177) | < TEXT '{"time":1752000348,"self_id":703263936,"post_ty...true},"interval":30000}' [148 bytes]
[2025-07-09 02:45:48,025.025] DEBUG    [MainThread|MainProcess] Logger (connect.py:on_message:43) | {'time': 1752000348, 'self_id': 703263936, 'post_type': 'meta_event', 'meta_event_type': 'heartbeat', 'status': {'online': True, 'good': True}, 'interval': 30000}
[2025-07-09 02:46:18,025.025] DEBUG    [MainThread|MainProcess] websockets.client (protocol.py:read_frame:1177) | < TEXT '{"time":1752000378,"self_id":703263936,"post_ty...true},"interval":30000}' [148 bytes]
[2025-07-09 02:46:18,025.025] DEBUG    [MainThread|MainProcess] Logger (connect.py:on_message:43) | {'time': 1752000378, 'self_id': 703263936, 'post_type': 'meta_event', 'meta_event_type': 'heartbeat', 'status': {'online': True, 'good': True}, 'interval': 30000}
[2025-07-09 02:46:48,026.026] DEBUG    [MainThread|MainProcess] websockets.client (protocol.py:read_frame:1177) | < TEXT '{"time":1752000408,"self_id":703263936,"post_ty...true},"interval":30000}' [148 bytes]
[2025-07-09 02:46:48,026.026] DEBUG    [MainThread|MainProcess] Logger (connect.py:on_message:43) | {'time': 1752000408, 'self_id': 703263936, 'post_type': 'meta_event', 'meta_event_type': 'heartbeat', 'status': {'online': True, 'good': True}, 'interval': 30000}
[2025-07-09 02:47:18,040.040] DEBUG    [MainThread|MainProcess] websockets.client (protocol.py:read_frame:1177) | < TEXT '{"time":1752000438,"self_id":703263936,"post_ty...true},"interval":30000}' [148 bytes]
[2025-07-09 02:47:18,040.040] DEBUG    [MainThread|MainProcess] Logger (connect.py:on_message:43) | {'time': 1752000438, 'self_id': 703263936, 'post_type': 'meta_event', 'meta_event_type': 'heartbeat', 'status': {'online': True, 'good': True}, 'interval': 30000}
[2025-07-09 02:47:48,045.045] DEBUG    [MainThread|MainProcess] websockets.client (protocol.py:read_frame:1177) | < TEXT '{"time":1752000468,"self_id":703263936,"post_ty...true},"interval":30000}' [148 bytes]
[2025-07-09 02:47:48,045.045] DEBUG    [MainThread|MainProcess] Logger (connect.py:on_message:43) | {'time': 1752000468, 'self_id': 703263936, 'post_type': 'meta_event', 'meta_event_type': 'heartbeat', 'status': {'online': True, 'good': True}, 'interval': 30000}
[2025-07-09 02:48:18,048.048] DEBUG    [MainThread|MainProcess] websockets.client (protocol.py:read_frame:1177) | < TEXT '{"time":1752000498,"self_id":703263936,"post_ty...true},"interval":30000}' [148 bytes]
[2025-07-09 02:48:18,048.048] DEBUG    [MainThread|MainProcess] Logger (connect.py:on_message:43) | {'time': 1752000498, 'self_id': 703263936, 'post_type': 'meta_event', 'meta_event_type': 'heartbeat', 'status': {'online': True, 'good': True}, 'interval': 30000}
[2025-07-09 02:48:48,062.062] DEBUG    [MainThread|MainProcess] websockets.client (protocol.py:read_frame:1177) | < TEXT '{"time":1752000528,"self_id":703263936,"post_ty...true},"interval":30000}' [148 bytes]
[2025-07-09 02:48:48,062.062] DEBUG    [MainThread|MainProcess] Logger (connect.py:on_message:43) | {'time': 1752000528, 'self_id': 703263936, 'post_type': 'meta_event', 'meta_event_type': 'heartbeat', 'status': {'online': True, 'good': True}, 'interval': 30000}
[2025-07-09 02:49:18,075.075] DEBUG    [MainThread|MainProcess] websockets.client (protocol.py:read_frame:1177) | < TEXT '{"time":1752000558,"self_id":703263936,"post_ty...true},"interval":30000}' [148 bytes]
[2025-07-09 02:49:18,075.075] DEBUG    [MainThread|MainProcess] Logger (connect.py:on_message:43) | {'time': 1752000558, 'self_id': 703263936, 'post_type': 'meta_event', 'meta_event_type': 'heartbeat', 'status': {'online': True, 'good': True}, 'interval': 30000}
[2025-07-09 02:49:48,083.083] DEBUG    [MainThread|MainProcess] websockets.client (protocol.py:read_frame:1177) | < TEXT '{"time":1752000588,"self_id":703263936,"post_ty...true},"interval":30000}' [148 bytes]
[2025-07-09 02:49:48,083.083] DEBUG    [MainThread|MainProcess] Logger (connect.py:on_message:43) | {'time': 1752000588, 'self_id': 703263936, 'post_type': 'meta_event', 'meta_event_type': 'heartbeat', 'status': {'online': True, 'good': True}, 'interval': 30000}
[2025-07-09 02:50:18,088.088] DEBUG    [MainThread|MainProcess] websockets.client (protocol.py:read_frame:1177) | < TEXT '{"time":1752000618,"self_id":703263936,"post_ty...true},"interval":30000}' [148 bytes]
[2025-07-09 02:50:18,088.088] DEBUG    [MainThread|MainProcess] Logger (connect.py:on_message:43) | {'time': 1752000618, 'self_id': 703263936, 'post_type': 'meta_event', 'meta_event_type': 'heartbeat', 'status': {'online': True, 'good': True}, 'interval': 30000}
[2025-07-09 02:50:48,101.101] DEBUG    [MainThread|MainProcess] websockets.client (protocol.py:read_frame:1177) | < TEXT '{"time":1752000648,"self_id":703263936,"post_ty...true},"interval":30000}' [148 bytes]
[2025-07-09 02:50:48,101.101] DEBUG    [MainThread|MainProcess] Logger (connect.py:on_message:43) | {'time': 1752000648, 'self_id': 703263936, 'post_type': 'meta_event', 'meta_event_type': 'heartbeat', 'status': {'online': True, 'good': True}, 'interval': 30000}
[2025-07-09 02:51:18,114.114] DEBUG    [MainThread|MainProcess] websockets.client (protocol.py:read_frame:1177) | < TEXT '{"time":1752000678,"self_id":703263936,"post_ty...true},"interval":30000}' [148 bytes]
[2025-07-09 02:51:18,114.114] DEBUG    [MainThread|MainProcess] Logger (connect.py:on_message:43) | {'time': 1752000678, 'self_id': 703263936, 'post_type': 'meta_event', 'meta_event_type': 'heartbeat', 'status': {'online': True, 'good': True}, 'interval': 30000}
[2025-07-09 02:51:48,129.129] DEBUG    [MainThread|MainProcess] websockets.client (protocol.py:read_frame:1177) | < TEXT '{"time":1752000708,"self_id":703263936,"post_ty...true},"interval":30000}' [148 bytes]
[2025-07-09 02:51:48,129.129] DEBUG    [MainThread|MainProcess] Logger (connect.py:on_message:43) | {'time': 1752000708, 'self_id': 703263936, 'post_type': 'meta_event', 'meta_event_type': 'heartbeat', 'status': {'online': True, 'good': True}, 'interval': 30000}
[2025-07-09 02:52:18,135.135] DEBUG    [MainThread|MainProcess] websockets.client (protocol.py:read_frame:1177) | < TEXT '{"time":1752000738,"self_id":703263936,"post_ty...true},"interval":30000}' [148 bytes]
[2025-07-09 02:52:18,135.135] DEBUG    [MainThread|MainProcess] Logger (connect.py:on_message:43) | {'time': 1752000738, 'self_id': 703263936, 'post_type': 'meta_event', 'meta_event_type': 'heartbeat', 'status': {'online': True, 'good': True}, 'interval': 30000}
[2025-07-09 02:52:48,149.149] DEBUG    [MainThread|MainProcess] websockets.client (protocol.py:read_frame:1177) | < TEXT '{"time":1752000768,"self_id":703263936,"post_ty...true},"interval":30000}' [148 bytes]
[2025-07-09 02:52:48,149.149] DEBUG    [MainThread|MainProcess] Logger (connect.py:on_message:43) | {'time': 1752000768, 'self_id': 703263936, 'post_type': 'meta_event', 'meta_event_type': 'heartbeat', 'status': {'online': True, 'good': True}, 'interval': 30000}
[2025-07-09 02:53:18,178.178] DEBUG    [MainThread|MainProcess] websockets.client (protocol.py:read_frame:1177) | < TEXT '{"time":1752000798,"self_id":703263936,"post_ty...true},"interval":30000}' [148 bytes]
[2025-07-09 02:53:18,178.178] DEBUG    [MainThread|MainProcess] Logger (connect.py:on_message:43) | {'time': 1752000798, 'self_id': 703263936, 'post_type': 'meta_event', 'meta_event_type': 'heartbeat', 'status': {'online': True, 'good': True}, 'interval': 30000}
[2025-07-09 02:53:48,185.185] DEBUG    [MainThread|MainProcess] websockets.client (protocol.py:read_frame:1177) | < TEXT '{"time":1752000828,"self_id":703263936,"post_ty...true},"interval":30000}' [148 bytes]
[2025-07-09 02:53:48,185.185] DEBUG    [MainThread|MainProcess] Logger (connect.py:on_message:43) | {'time': 1752000828, 'self_id': 703263936, 'post_type': 'meta_event', 'meta_event_type': 'heartbeat', 'status': {'online': True, 'good': True}, 'interval': 30000}
[2025-07-09 02:54:18,190.190] DEBUG    [MainThread|MainProcess] websockets.client (protocol.py:read_frame:1177) | < TEXT '{"time":1752000858,"self_id":703263936,"post_ty...true},"interval":30000}' [148 bytes]
[2025-07-09 02:54:18,190.190] DEBUG    [MainThread|MainProcess] Logger (connect.py:on_message:43) | {'time': 1752000858, 'self_id': 703263936, 'post_type': 'meta_event', 'meta_event_type': 'heartbeat', 'status': {'online': True, 'good': True}, 'interval': 30000}
[2025-07-09 02:54:48,204.204] DEBUG    [MainThread|MainProcess] websockets.client (protocol.py:read_frame:1177) | < TEXT '{"time":1752000888,"self_id":703263936,"post_ty...true},"interval":30000}' [148 bytes]
[2025-07-09 02:54:48,204.204] DEBUG    [MainThread|MainProcess] Logger (connect.py:on_message:43) | {'time': 1752000888, 'self_id': 703263936, 'post_type': 'meta_event', 'meta_event_type': 'heartbeat', 'status': {'online': True, 'good': True}, 'interval': 30000}
[2025-07-09 02:55:18,217.217] DEBUG    [MainThread|MainProcess] websockets.client (protocol.py:read_frame:1177) | < TEXT '{"time":1752000918,"self_id":703263936,"post_ty...true},"interval":30000}' [148 bytes]
[2025-07-09 02:55:18,217.217] DEBUG    [MainThread|MainProcess] Logger (connect.py:on_message:43) | {'time': 1752000918, 'self_id': 703263936, 'post_type': 'meta_event', 'meta_event_type': 'heartbeat', 'status': {'online': True, 'good': True}, 'interval': 30000}
[2025-07-09 02:55:48,231.231] DEBUG    [MainThread|MainProcess] websockets.client (protocol.py:read_frame:1177) | < TEXT '{"time":1752000948,"self_id":703263936,"post_ty...true},"interval":30000}' [148 bytes]
[2025-07-09 02:55:48,231.231] DEBUG    [MainThread|MainProcess] Logger (connect.py:on_message:43) | {'time': 1752000948, 'self_id': 703263936, 'post_type': 'meta_event', 'meta_event_type': 'heartbeat', 'status': {'online': True, 'good': True}, 'interval': 30000}
[2025-07-09 02:56:18,237.237] DEBUG    [MainThread|MainProcess] websockets.client (protocol.py:read_frame:1177) | < TEXT '{"time":1752000978,"self_id":703263936,"post_ty...true},"interval":30000}' [148 bytes]
[2025-07-09 02:56:18,237.237] DEBUG    [MainThread|MainProcess] Logger (connect.py:on_message:43) | {'time': 1752000978, 'self_id': 703263936, 'post_type': 'meta_event', 'meta_event_type': 'heartbeat', 'status': {'online': True, 'good': True}, 'interval': 30000}
[2025-07-09 02:56:48,243.243] DEBUG    [MainThread|MainProcess] websockets.client (protocol.py:read_frame:1177) | < TEXT '{"time":1752001008,"self_id":703263936,"post_ty...true},"interval":30000}' [148 bytes]
[2025-07-09 02:56:48,243.243] DEBUG    [MainThread|MainProcess] Logger (connect.py:on_message:43) | {'time': 1752001008, 'self_id': 703263936, 'post_type': 'meta_event', 'meta_event_type': 'heartbeat', 'status': {'online': True, 'good': True}, 'interval': 30000}
[2025-07-09 02:57:18,256.256] DEBUG    [MainThread|MainProcess] websockets.client (protocol.py:read_frame:1177) | < TEXT '{"time":1752001038,"self_id":703263936,"post_ty...true},"interval":30000}' [148 bytes]
[2025-07-09 02:57:18,256.256] DEBUG    [MainThread|MainProcess] Logger (connect.py:on_message:43) | {'time': 1752001038, 'self_id': 703263936, 'post_type': 'meta_event', 'meta_event_type': 'heartbeat', 'status': {'online': True, 'good': True}, 'interval': 30000}
[2025-07-09 02:57:48,259.259] DEBUG    [MainThread|MainProcess] websockets.client (protocol.py:read_frame:1177) | < TEXT '{"time":1752001068,"self_id":703263936,"post_ty...true},"interval":30000}' [148 bytes]
[2025-07-09 02:57:48,259.259] DEBUG    [MainThread|MainProcess] Logger (connect.py:on_message:43) | {'time': 1752001068, 'self_id': 703263936, 'post_type': 'meta_event', 'meta_event_type': 'heartbeat', 'status': {'online': True, 'good': True}, 'interval': 30000}
[2025-07-09 02:58:18,261.261] DEBUG    [MainThread|MainProcess] websockets.client (protocol.py:read_frame:1177) | < TEXT '{"time":1752001098,"self_id":703263936,"post_ty...true},"interval":30000}' [148 bytes]
[2025-07-09 02:58:18,261.261] DEBUG    [MainThread|MainProcess] Logger (connect.py:on_message:43) | {'time': 1752001098, 'self_id': 703263936, 'post_type': 'meta_event', 'meta_event_type': 'heartbeat', 'status': {'online': True, 'good': True}, 'interval': 30000}
[2025-07-09 02:58:48,274.274] DEBUG    [MainThread|MainProcess] websockets.client (protocol.py:read_frame:1177) | < TEXT '{"time":1752001128,"self_id":703263936,"post_ty...true},"interval":30000}' [148 bytes]
[2025-07-09 02:58:48,274.274] DEBUG    [MainThread|MainProcess] Logger (connect.py:on_message:43) | {'time': 1752001128, 'self_id': 703263936, 'post_type': 'meta_event', 'meta_event_type': 'heartbeat', 'status': {'online': True, 'good': True}, 'interval': 30000}
[2025-07-09 02:59:18,288.288] DEBUG    [MainThread|MainProcess] websockets.client (protocol.py:read_frame:1177) | < TEXT '{"time":1752001158,"self_id":703263936,"post_ty...true},"interval":30000}' [148 bytes]
[2025-07-09 02:59:18,288.288] DEBUG    [MainThread|MainProcess] Logger (connect.py:on_message:43) | {'time': 1752001158, 'self_id': 703263936, 'post_type': 'meta_event', 'meta_event_type': 'heartbeat', 'status': {'online': True, 'good': True}, 'interval': 30000}
[2025-07-09 02:59:48,300.300] DEBUG    [MainThread|MainProcess] websockets.client (protocol.py:read_frame:1177) | < TEXT '{"time":1752001188,"self_id":703263936,"post_ty...true},"interval":30000}' [148 bytes]
[2025-07-09 02:59:48,300.300] DEBUG    [MainThread|MainProcess] Logger (connect.py:on_message:43) | {'time': 1752001188, 'self_id': 703263936, 'post_type': 'meta_event', 'meta_event_type': 'heartbeat', 'status': {'online': True, 'good': True}, 'interval': 30000}
[2025-07-09 03:00:18,304.304] DEBUG    [MainThread|MainProcess] websockets.client (protocol.py:read_frame:1177) | < TEXT '{"time":1752001218,"self_id":703263936,"post_ty...true},"interval":30000}' [148 bytes]
[2025-07-09 03:00:18,304.304] DEBUG    [MainThread|MainProcess] Logger (connect.py:on_message:43) | {'time': 1752001218, 'self_id': 703263936, 'post_type': 'meta_event', 'meta_event_type': 'heartbeat', 'status': {'online': True, 'good': True}, 'interval': 30000}
[2025-07-09 03:00:48,318.318] DEBUG    [MainThread|MainProcess] websockets.client (protocol.py:read_frame:1177) | < TEXT '{"time":1752001248,"self_id":703263936,"post_ty...true},"interval":30000}' [148 bytes]
[2025-07-09 03:00:48,318.318] DEBUG    [MainThread|MainProcess] Logger (connect.py:on_message:43) | {'time': 1752001248, 'self_id': 703263936, 'post_type': 'meta_event', 'meta_event_type': 'heartbeat', 'status': {'online': True, 'good': True}, 'interval': 30000}
[2025-07-09 03:01:18,331.331] DEBUG    [MainThread|MainProcess] websockets.client (protocol.py:read_frame:1177) | < TEXT '{"time":1752001278,"self_id":703263936,"post_ty...true},"interval":30000}' [148 bytes]
[2025-07-09 03:01:18,331.331] DEBUG    [MainThread|MainProcess] Logger (connect.py:on_message:43) | {'time': 1752001278, 'self_id': 703263936, 'post_type': 'meta_event', 'meta_event_type': 'heartbeat', 'status': {'online': True, 'good': True}, 'interval': 30000}
[2025-07-09 03:01:48,341.341] DEBUG    [MainThread|MainProcess] websockets.client (protocol.py:read_frame:1177) | < TEXT '{"time":1752001308,"self_id":703263936,"post_ty...true},"interval":30000}' [148 bytes]
[2025-07-09 03:01:48,341.341] DEBUG    [MainThread|MainProcess] Logger (connect.py:on_message:43) | {'time': 1752001308, 'self_id': 703263936, 'post_type': 'meta_event', 'meta_event_type': 'heartbeat', 'status': {'online': True, 'good': True}, 'interval': 30000}
[2025-07-09 03:02:18,345.345] DEBUG    [MainThread|MainProcess] websockets.client (protocol.py:read_frame:1177) | < TEXT '{"time":1752001338,"self_id":703263936,"post_ty...true},"interval":30000}' [148 bytes]
[2025-07-09 03:02:18,345.345] DEBUG    [MainThread|MainProcess] Logger (connect.py:on_message:43) | {'time': 1752001338, 'self_id': 703263936, 'post_type': 'meta_event', 'meta_event_type': 'heartbeat', 'status': {'online': True, 'good': True}, 'interval': 30000}
[2025-07-09 03:02:48,358.358] DEBUG    [MainThread|MainProcess] websockets.client (protocol.py:read_frame:1177) | < TEXT '{"time":1752001368,"self_id":703263936,"post_ty...true},"interval":30000}' [148 bytes]
[2025-07-09 03:02:48,358.358] DEBUG    [MainThread|MainProcess] Logger (connect.py:on_message:43) | {'time': 1752001368, 'self_id': 703263936, 'post_type': 'meta_event', 'meta_event_type': 'heartbeat', 'status': {'online': True, 'good': True}, 'interval': 30000}
[2025-07-09 03:03:18,371.371] DEBUG    [MainThread|MainProcess] websockets.client (protocol.py:read_frame:1177) | < TEXT '{"time":1752001398,"self_id":703263936,"post_ty...true},"interval":30000}' [148 bytes]
[2025-07-09 03:03:18,371.371] DEBUG    [MainThread|MainProcess] Logger (connect.py:on_message:43) | {'time': 1752001398, 'self_id': 703263936, 'post_type': 'meta_event', 'meta_event_type': 'heartbeat', 'status': {'online': True, 'good': True}, 'interval': 30000}
[2025-07-09 03:03:48,377.377] DEBUG    [MainThread|MainProcess] websockets.client (protocol.py:read_frame:1177) | < TEXT '{"time":1752001428,"self_id":703263936,"post_ty...true},"interval":30000}' [148 bytes]
[2025-07-09 03:03:48,377.377] DEBUG    [MainThread|MainProcess] Logger (connect.py:on_message:43) | {'time': 1752001428, 'self_id': 703263936, 'post_type': 'meta_event', 'meta_event_type': 'heartbeat', 'status': {'online': True, 'good': True}, 'interval': 30000}
[2025-07-09 03:04:18,385.385] DEBUG    [MainThread|MainProcess] websockets.client (protocol.py:read_frame:1177) | < TEXT '{"time":1752001458,"self_id":703263936,"post_ty...true},"interval":30000}' [148 bytes]
[2025-07-09 03:04:18,385.385] DEBUG    [MainThread|MainProcess] Logger (connect.py:on_message:43) | {'time': 1752001458, 'self_id': 703263936, 'post_type': 'meta_event', 'meta_event_type': 'heartbeat', 'status': {'online': True, 'good': True}, 'interval': 30000}
[2025-07-09 03:04:48,398.398] DEBUG    [MainThread|MainProcess] websockets.client (protocol.py:read_frame:1177) | < TEXT '{"time":1752001488,"self_id":703263936,"post_ty...true},"interval":30000}' [148 bytes]
[2025-07-09 03:04:48,398.398] DEBUG    [MainThread|MainProcess] Logger (connect.py:on_message:43) | {'time': 1752001488, 'self_id': 703263936, 'post_type': 'meta_event', 'meta_event_type': 'heartbeat', 'status': {'online': True, 'good': True}, 'interval': 30000}
[2025-07-09 03:05:18,412.412] DEBUG    [MainThread|MainProcess] websockets.client (protocol.py:read_frame:1177) | < TEXT '{"time":1752001518,"self_id":703263936,"post_ty...true},"interval":30000}' [148 bytes]
[2025-07-09 03:05:18,412.412] DEBUG    [MainThread|MainProcess] Logger (connect.py:on_message:43) | {'time': 1752001518, 'self_id': 703263936, 'post_type': 'meta_event', 'meta_event_type': 'heartbeat', 'status': {'online': True, 'good': True}, 'interval': 30000}
[2025-07-09 03:05:48,425.425] DEBUG    [MainThread|MainProcess] websockets.client (protocol.py:read_frame:1177) | < TEXT '{"time":1752001548,"self_id":703263936,"post_ty...true},"interval":30000}' [148 bytes]
[2025-07-09 03:05:48,425.425] DEBUG    [MainThread|MainProcess] Logger (connect.py:on_message:43) | {'time': 1752001548, 'self_id': 703263936, 'post_type': 'meta_event', 'meta_event_type': 'heartbeat', 'status': {'online': True, 'good': True}, 'interval': 30000}
[2025-07-09 03:06:18,438.438] DEBUG    [MainThread|MainProcess] websockets.client (protocol.py:read_frame:1177) | < TEXT '{"time":1752001578,"self_id":703263936,"post_ty...true},"interval":30000}' [148 bytes]
[2025-07-09 03:06:18,438.438] DEBUG    [MainThread|MainProcess] Logger (connect.py:on_message:43) | {'time': 1752001578, 'self_id': 703263936, 'post_type': 'meta_event', 'meta_event_type': 'heartbeat', 'status': {'online': True, 'good': True}, 'interval': 30000}
[2025-07-09 03:06:48,442.442] DEBUG    [MainThread|MainProcess] websockets.client (protocol.py:read_frame:1177) | < TEXT '{"time":1752001608,"self_id":703263936,"post_ty...true},"interval":30000}' [148 bytes]
[2025-07-09 03:06:48,442.442] DEBUG    [MainThread|MainProcess] Logger (connect.py:on_message:43) | {'time': 1752001608, 'self_id': 703263936, 'post_type': 'meta_event', 'meta_event_type': 'heartbeat', 'status': {'online': True, 'good': True}, 'interval': 30000}
[2025-07-09 03:07:18,455.455] DEBUG    [MainThread|MainProcess] websockets.client (protocol.py:read_frame:1177) | < TEXT '{"time":1752001638,"self_id":703263936,"post_ty...true},"interval":30000}' [148 bytes]
[2025-07-09 03:07:18,455.455] DEBUG    [MainThread|MainProcess] Logger (connect.py:on_message:43) | {'time': 1752001638, 'self_id': 703263936, 'post_type': 'meta_event', 'meta_event_type': 'heartbeat', 'status': {'online': True, 'good': True}, 'interval': 30000}
[2025-07-09 03:07:48,456.456] DEBUG    [MainThread|MainProcess] websockets.client (protocol.py:read_frame:1177) | < TEXT '{"time":1752001668,"self_id":703263936,"post_ty...true},"interval":30000}' [148 bytes]
[2025-07-09 03:07:48,456.456] DEBUG    [MainThread|MainProcess] Logger (connect.py:on_message:43) | {'time': 1752001668, 'self_id': 703263936, 'post_type': 'meta_event', 'meta_event_type': 'heartbeat', 'status': {'online': True, 'good': True}, 'interval': 30000}
[2025-07-09 03:08:18,470.470] DEBUG    [MainThread|MainProcess] websockets.client (protocol.py:read_frame:1177) | < TEXT '{"time":1752001698,"self_id":703263936,"post_ty...true},"interval":30000}' [148 bytes]
[2025-07-09 03:08:18,470.470] DEBUG    [MainThread|MainProcess] Logger (connect.py:on_message:43) | {'time': 1752001698, 'self_id': 703263936, 'post_type': 'meta_event', 'meta_event_type': 'heartbeat', 'status': {'online': True, 'good': True}, 'interval': 30000}
[2025-07-09 03:08:48,484.484] DEBUG    [MainThread|MainProcess] websockets.client (protocol.py:read_frame:1177) | < TEXT '{"time":1752001728,"self_id":703263936,"post_ty...true},"interval":30000}' [148 bytes]
[2025-07-09 03:08:48,484.484] DEBUG    [MainThread|MainProcess] Logger (connect.py:on_message:43) | {'time': 1752001728, 'self_id': 703263936, 'post_type': 'meta_event', 'meta_event_type': 'heartbeat', 'status': {'online': True, 'good': True}, 'interval': 30000}
[2025-07-09 03:09:18,490.490] DEBUG    [MainThread|MainProcess] websockets.client (protocol.py:read_frame:1177) | < TEXT '{"time":1752001758,"self_id":703263936,"post_ty...true},"interval":30000}' [148 bytes]
[2025-07-09 03:09:18,490.490] DEBUG    [MainThread|MainProcess] Logger (connect.py:on_message:43) | {'time': 1752001758, 'self_id': 703263936, 'post_type': 'meta_event', 'meta_event_type': 'heartbeat', 'status': {'online': True, 'good': True}, 'interval': 30000}
[2025-07-09 03:09:48,495.495] DEBUG    [MainThread|MainProcess] websockets.client (protocol.py:read_frame:1177) | < TEXT '{"time":1752001788,"self_id":703263936,"post_ty...true},"interval":30000}' [148 bytes]
[2025-07-09 03:09:48,495.495] DEBUG    [MainThread|MainProcess] Logger (connect.py:on_message:43) | {'time': 1752001788, 'self_id': 703263936, 'post_type': 'meta_event', 'meta_event_type': 'heartbeat', 'status': {'online': True, 'good': True}, 'interval': 30000}
[2025-07-09 03:10:18,499.499] DEBUG    [MainThread|MainProcess] websockets.client (protocol.py:read_frame:1177) | < TEXT '{"time":1752001818,"self_id":703263936,"post_ty...true},"interval":30000}' [148 bytes]
[2025-07-09 03:10:18,499.499] DEBUG    [MainThread|MainProcess] Logger (connect.py:on_message:43) | {'time': 1752001818, 'self_id': 703263936, 'post_type': 'meta_event', 'meta_event_type': 'heartbeat', 'status': {'online': True, 'good': True}, 'interval': 30000}
[2025-07-09 03:10:48,512.512] DEBUG    [MainThread|MainProcess] websockets.client (protocol.py:read_frame:1177) | < TEXT '{"time":1752001848,"self_id":703263936,"post_ty...true},"interval":30000}' [148 bytes]
[2025-07-09 03:10:48,512.512] DEBUG    [MainThread|MainProcess] Logger (connect.py:on_message:43) | {'time': 1752001848, 'self_id': 703263936, 'post_type': 'meta_event', 'meta_event_type': 'heartbeat', 'status': {'online': True, 'good': True}, 'interval': 30000}
[2025-07-09 03:11:18,526.526] DEBUG    [MainThread|MainProcess] websockets.client (protocol.py:read_frame:1177) | < TEXT '{"time":1752001878,"self_id":703263936,"post_ty...true},"interval":30000}' [148 bytes]
[2025-07-09 03:11:18,526.526] DEBUG    [MainThread|MainProcess] Logger (connect.py:on_message:43) | {'time': 1752001878, 'self_id': 703263936, 'post_type': 'meta_event', 'meta_event_type': 'heartbeat', 'status': {'online': True, 'good': True}, 'interval': 30000}
[2025-07-09 03:11:48,542.542] DEBUG    [MainThread|MainProcess] websockets.client (protocol.py:read_frame:1177) | < TEXT '{"time":1752001908,"self_id":703263936,"post_ty...true},"interval":30000}' [148 bytes]
[2025-07-09 03:11:48,542.542] DEBUG    [MainThread|MainProcess] Logger (connect.py:on_message:43) | {'time': 1752001908, 'self_id': 703263936, 'post_type': 'meta_event', 'meta_event_type': 'heartbeat', 'status': {'online': True, 'good': True}, 'interval': 30000}
[2025-07-09 03:12:18,547.547] DEBUG    [MainThread|MainProcess] websockets.client (protocol.py:read_frame:1177) | < TEXT '{"time":1752001938,"self_id":703263936,"post_ty...true},"interval":30000}' [148 bytes]
[2025-07-09 03:12:18,547.547] DEBUG    [MainThread|MainProcess] Logger (connect.py:on_message:43) | {'time': 1752001938, 'self_id': 703263936, 'post_type': 'meta_event', 'meta_event_type': 'heartbeat', 'status': {'online': True, 'good': True}, 'interval': 30000}
[2025-07-09 03:12:48,560.560] DEBUG    [MainThread|MainProcess] websockets.client (protocol.py:read_frame:1177) | < TEXT '{"time":1752001968,"self_id":703263936,"post_ty...true},"interval":30000}' [148 bytes]
[2025-07-09 03:12:48,560.560] DEBUG    [MainThread|MainProcess] Logger (connect.py:on_message:43) | {'time': 1752001968, 'self_id': 703263936, 'post_type': 'meta_event', 'meta_event_type': 'heartbeat', 'status': {'online': True, 'good': True}, 'interval': 30000}
[2025-07-09 03:13:18,574.574] DEBUG    [MainThread|MainProcess] websockets.client (protocol.py:read_frame:1177) | < TEXT '{"time":1752001998,"self_id":703263936,"post_ty...true},"interval":30000}' [148 bytes]
[2025-07-09 03:13:18,574.574] DEBUG    [MainThread|MainProcess] Logger (connect.py:on_message:43) | {'time': 1752001998, 'self_id': 703263936, 'post_type': 'meta_event', 'meta_event_type': 'heartbeat', 'status': {'online': True, 'good': True}, 'interval': 30000}
[2025-07-09 03:13:48,579.579] DEBUG    [MainThread|MainProcess] websockets.client (protocol.py:read_frame:1177) | < TEXT '{"time":1752002028,"self_id":703263936,"post_ty...true},"interval":30000}' [148 bytes]
[2025-07-09 03:13:48,579.579] DEBUG    [MainThread|MainProcess] Logger (connect.py:on_message:43) | {'time': 1752002028, 'self_id': 703263936, 'post_type': 'meta_event', 'meta_event_type': 'heartbeat', 'status': {'online': True, 'good': True}, 'interval': 30000}
[2025-07-09 03:14:18,589.589] DEBUG    [MainThread|MainProcess] websockets.client (protocol.py:read_frame:1177) | < TEXT '{"time":1752002058,"self_id":703263936,"post_ty...true},"interval":30000}' [148 bytes]
[2025-07-09 03:14:18,589.589] DEBUG    [MainThread|MainProcess] Logger (connect.py:on_message:43) | {'time': 1752002058, 'self_id': 703263936, 'post_type': 'meta_event', 'meta_event_type': 'heartbeat', 'status': {'online': True, 'good': True}, 'interval': 30000}
[2025-07-09 03:14:48,603.603] DEBUG    [MainThread|MainProcess] websockets.client (protocol.py:read_frame:1177) | < TEXT '{"time":1752002088,"self_id":703263936,"post_ty...true},"interval":30000}' [148 bytes]
[2025-07-09 03:14:48,603.603] DEBUG    [MainThread|MainProcess] Logger (connect.py:on_message:43) | {'time': 1752002088, 'self_id': 703263936, 'post_type': 'meta_event', 'meta_event_type': 'heartbeat', 'status': {'online': True, 'good': True}, 'interval': 30000}
[2025-07-09 03:15:18,616.616] DEBUG    [MainThread|MainProcess] websockets.client (protocol.py:read_frame:1177) | < TEXT '{"time":1752002118,"self_id":703263936,"post_ty...true},"interval":30000}' [148 bytes]
[2025-07-09 03:15:18,616.616] DEBUG    [MainThread|MainProcess] Logger (connect.py:on_message:43) | {'time': 1752002118, 'self_id': 703263936, 'post_type': 'meta_event', 'meta_event_type': 'heartbeat', 'status': {'online': True, 'good': True}, 'interval': 30000}
[2025-07-09 03:15:48,630.630] DEBUG    [MainThread|MainProcess] websockets.client (protocol.py:read_frame:1177) | < TEXT '{"time":1752002148,"self_id":703263936,"post_ty...true},"interval":30000}' [148 bytes]
[2025-07-09 03:15:48,630.630] DEBUG    [MainThread|MainProcess] Logger (connect.py:on_message:43) | {'time': 1752002148, 'self_id': 703263936, 'post_type': 'meta_event', 'meta_event_type': 'heartbeat', 'status': {'online': True, 'good': True}, 'interval': 30000}
[2025-07-09 03:16:18,635.635] DEBUG    [MainThread|MainProcess] websockets.client (protocol.py:read_frame:1177) | < TEXT '{"time":1752002178,"self_id":703263936,"post_ty...true},"interval":30000}' [148 bytes]
[2025-07-09 03:16:18,635.635] DEBUG    [MainThread|MainProcess] Logger (connect.py:on_message:43) | {'time': 1752002178, 'self_id': 703263936, 'post_type': 'meta_event', 'meta_event_type': 'heartbeat', 'status': {'online': True, 'good': True}, 'interval': 30000}
[2025-07-09 03:16:48,648.648] DEBUG    [MainThread|MainProcess] websockets.client (protocol.py:read_frame:1177) | < TEXT '{"time":1752002208,"self_id":703263936,"post_ty...true},"interval":30000}' [148 bytes]
[2025-07-09 03:16:48,648.648] DEBUG    [MainThread|MainProcess] Logger (connect.py:on_message:43) | {'time': 1752002208, 'self_id': 703263936, 'post_type': 'meta_event', 'meta_event_type': 'heartbeat', 'status': {'online': True, 'good': True}, 'interval': 30000}
[2025-07-09 03:17:18,658.658] DEBUG    [MainThread|MainProcess] websockets.client (protocol.py:read_frame:1177) | < TEXT '{"time":1752002238,"self_id":703263936,"post_ty...true},"interval":30000}' [148 bytes]
[2025-07-09 03:17:18,658.658] DEBUG    [MainThread|MainProcess] Logger (connect.py:on_message:43) | {'time': 1752002238, 'self_id': 703263936, 'post_type': 'meta_event', 'meta_event_type': 'heartbeat', 'status': {'online': True, 'good': True}, 'interval': 30000}
[2025-07-09 03:17:48,663.663] DEBUG    [MainThread|MainProcess] websockets.client (protocol.py:read_frame:1177) | < TEXT '{"time":1752002268,"self_id":703263936,"post_ty...true},"interval":30000}' [148 bytes]
[2025-07-09 03:17:48,663.663] DEBUG    [MainThread|MainProcess] Logger (connect.py:on_message:43) | {'time': 1752002268, 'self_id': 703263936, 'post_type': 'meta_event', 'meta_event_type': 'heartbeat', 'status': {'online': True, 'good': True}, 'interval': 30000}
[2025-07-09 03:18:18,661.661] DEBUG    [MainThread|MainProcess] websockets.client (protocol.py:read_frame:1177) | < TEXT '{"time":1752002298,"self_id":703263936,"post_ty...true},"interval":30000}' [148 bytes]
[2025-07-09 03:18:18,661.661] DEBUG    [MainThread|MainProcess] Logger (connect.py:on_message:43) | {'time': 1752002298, 'self_id': 703263936, 'post_type': 'meta_event', 'meta_event_type': 'heartbeat', 'status': {'online': True, 'good': True}, 'interval': 30000}
[2025-07-09 03:18:48,672.672] DEBUG    [MainThread|MainProcess] websockets.client (protocol.py:read_frame:1177) | < TEXT '{"time":1752002328,"self_id":703263936,"post_ty...true},"interval":30000}' [148 bytes]
[2025-07-09 03:18:48,672.672] DEBUG    [MainThread|MainProcess] Logger (connect.py:on_message:43) | {'time': 1752002328, 'self_id': 703263936, 'post_type': 'meta_event', 'meta_event_type': 'heartbeat', 'status': {'online': True, 'good': True}, 'interval': 30000}
[2025-07-09 03:19:18,685.685] DEBUG    [MainThread|MainProcess] websockets.client (protocol.py:read_frame:1177) | < TEXT '{"time":1752002358,"self_id":703263936,"post_ty...true},"interval":30000}' [148 bytes]
[2025-07-09 03:19:18,685.685] DEBUG    [MainThread|MainProcess] Logger (connect.py:on_message:43) | {'time': 1752002358, 'self_id': 703263936, 'post_type': 'meta_event', 'meta_event_type': 'heartbeat', 'status': {'online': True, 'good': True}, 'interval': 30000}
[2025-07-09 03:19:48,689.689] DEBUG    [MainThread|MainProcess] websockets.client (protocol.py:read_frame:1177) | < TEXT '{"time":1752002388,"self_id":703263936,"post_ty...true},"interval":30000}' [148 bytes]
[2025-07-09 03:19:48,689.689] DEBUG    [MainThread|MainProcess] Logger (connect.py:on_message:43) | {'time': 1752002388, 'self_id': 703263936, 'post_type': 'meta_event', 'meta_event_type': 'heartbeat', 'status': {'online': True, 'good': True}, 'interval': 30000}
[2025-07-09 03:20:18,703.703] DEBUG    [MainThread|MainProcess] websockets.client (protocol.py:read_frame:1177) | < TEXT '{"time":1752002418,"self_id":703263936,"post_ty...true},"interval":30000}' [148 bytes]
[2025-07-09 03:20:18,703.703] DEBUG    [MainThread|MainProcess] Logger (connect.py:on_message:43) | {'time': 1752002418, 'self_id': 703263936, 'post_type': 'meta_event', 'meta_event_type': 'heartbeat', 'status': {'online': True, 'good': True}, 'interval': 30000}
[2025-07-09 03:20:48,707.707] DEBUG    [MainThread|MainProcess] websockets.client (protocol.py:read_frame:1177) | < TEXT '{"time":1752002448,"self_id":703263936,"post_ty...true},"interval":30000}' [148 bytes]
[2025-07-09 03:20:48,707.707] DEBUG    [MainThread|MainProcess] Logger (connect.py:on_message:43) | {'time': 1752002448, 'self_id': 703263936, 'post_type': 'meta_event', 'meta_event_type': 'heartbeat', 'status': {'online': True, 'good': True}, 'interval': 30000}
[2025-07-09 03:21:18,708.708] DEBUG    [MainThread|MainProcess] websockets.client (protocol.py:read_frame:1177) | < TEXT '{"time":1752002478,"self_id":703263936,"post_ty...true},"interval":30000}' [148 bytes]
[2025-07-09 03:21:18,708.708] DEBUG    [MainThread|MainProcess] Logger (connect.py:on_message:43) | {'time': 1752002478, 'self_id': 703263936, 'post_type': 'meta_event', 'meta_event_type': 'heartbeat', 'status': {'online': True, 'good': True}, 'interval': 30000}
[2025-07-09 03:21:48,719.719] DEBUG    [MainThread|MainProcess] websockets.client (protocol.py:read_frame:1177) | < TEXT '{"time":1752002508,"self_id":703263936,"post_ty...true},"interval":30000}' [148 bytes]
[2025-07-09 03:21:48,719.719] DEBUG    [MainThread|MainProcess] Logger (connect.py:on_message:43) | {'time': 1752002508, 'self_id': 703263936, 'post_type': 'meta_event', 'meta_event_type': 'heartbeat', 'status': {'online': True, 'good': True}, 'interval': 30000}
[2025-07-09 03:22:18,732.732] DEBUG    [MainThread|MainProcess] websockets.client (protocol.py:read_frame:1177) | < TEXT '{"time":1752002538,"self_id":703263936,"post_ty...true},"interval":30000}' [148 bytes]
[2025-07-09 03:22:18,732.732] DEBUG    [MainThread|MainProcess] Logger (connect.py:on_message:43) | {'time': 1752002538, 'self_id': 703263936, 'post_type': 'meta_event', 'meta_event_type': 'heartbeat', 'status': {'online': True, 'good': True}, 'interval': 30000}
[2025-07-09 03:22:48,741.741] DEBUG    [MainThread|MainProcess] websockets.client (protocol.py:read_frame:1177) | < TEXT '{"time":1752002568,"self_id":703263936,"post_ty...true},"interval":30000}' [148 bytes]
[2025-07-09 03:22:48,741.741] DEBUG    [MainThread|MainProcess] Logger (connect.py:on_message:43) | {'time': 1752002568, 'self_id': 703263936, 'post_type': 'meta_event', 'meta_event_type': 'heartbeat', 'status': {'online': True, 'good': True}, 'interval': 30000}
[2025-07-09 03:23:18,754.754] DEBUG    [MainThread|MainProcess] websockets.client (protocol.py:read_frame:1177) | < TEXT '{"time":1752002598,"self_id":703263936,"post_ty...true},"interval":30000}' [148 bytes]
[2025-07-09 03:23:18,754.754] DEBUG    [MainThread|MainProcess] Logger (connect.py:on_message:43) | {'time': 1752002598, 'self_id': 703263936, 'post_type': 'meta_event', 'meta_event_type': 'heartbeat', 'status': {'online': True, 'good': True}, 'interval': 30000}
[2025-07-09 03:23:48,768.768] DEBUG    [MainThread|MainProcess] websockets.client (protocol.py:read_frame:1177) | < TEXT '{"time":1752002628,"self_id":703263936,"post_ty...true},"interval":30000}' [148 bytes]
[2025-07-09 03:23:48,768.768] DEBUG    [MainThread|MainProcess] Logger (connect.py:on_message:43) | {'time': 1752002628, 'self_id': 703263936, 'post_type': 'meta_event', 'meta_event_type': 'heartbeat', 'status': {'online': True, 'good': True}, 'interval': 30000}
[2025-07-09 03:24:18,777.777] DEBUG    [MainThread|MainProcess] websockets.client (protocol.py:read_frame:1177) | < TEXT '{"time":1752002658,"self_id":703263936,"post_ty...true},"interval":30000}' [148 bytes]
[2025-07-09 03:24:18,777.777] DEBUG    [MainThread|MainProcess] Logger (connect.py:on_message:43) | {'time': 1752002658, 'self_id': 703263936, 'post_type': 'meta_event', 'meta_event_type': 'heartbeat', 'status': {'online': True, 'good': True}, 'interval': 30000}
[2025-07-09 03:24:48,776.776] DEBUG    [MainThread|MainProcess] websockets.client (protocol.py:read_frame:1177) | < TEXT '{"time":1752002688,"self_id":703263936,"post_ty...true},"interval":30000}' [148 bytes]
[2025-07-09 03:24:48,776.776] DEBUG    [MainThread|MainProcess] Logger (connect.py:on_message:43) | {'time': 1752002688, 'self_id': 703263936, 'post_type': 'meta_event', 'meta_event_type': 'heartbeat', 'status': {'online': True, 'good': True}, 'interval': 30000}
[2025-07-09 03:25:18,790.790] DEBUG    [MainThread|MainProcess] websockets.client (protocol.py:read_frame:1177) | < TEXT '{"time":1752002718,"self_id":703263936,"post_ty...true},"interval":30000}' [148 bytes]
[2025-07-09 03:25:18,790.790] DEBUG    [MainThread|MainProcess] Logger (connect.py:on_message:43) | {'time': 1752002718, 'self_id': 703263936, 'post_type': 'meta_event', 'meta_event_type': 'heartbeat', 'status': {'online': True, 'good': True}, 'interval': 30000}
[2025-07-09 03:25:48,803.803] DEBUG    [MainThread|MainProcess] websockets.client (protocol.py:read_frame:1177) | < TEXT '{"time":1752002748,"self_id":703263936,"post_ty...true},"interval":30000}' [148 bytes]
[2025-07-09 03:25:48,803.803] DEBUG    [MainThread|MainProcess] Logger (connect.py:on_message:43) | {'time': 1752002748, 'self_id': 703263936, 'post_type': 'meta_event', 'meta_event_type': 'heartbeat', 'status': {'online': True, 'good': True}, 'interval': 30000}
[2025-07-09 03:26:18,817.817] DEBUG    [MainThread|MainProcess] websockets.client (protocol.py:read_frame:1177) | < TEXT '{"time":1752002778,"self_id":703263936,"post_ty...true},"interval":30000}' [148 bytes]
[2025-07-09 03:26:18,817.817] DEBUG    [MainThread|MainProcess] Logger (connect.py:on_message:43) | {'time': 1752002778, 'self_id': 703263936, 'post_type': 'meta_event', 'meta_event_type': 'heartbeat', 'status': {'online': True, 'good': True}, 'interval': 30000}
[2025-07-09 03:26:48,823.823] DEBUG    [MainThread|MainProcess] websockets.client (protocol.py:read_frame:1177) | < TEXT '{"time":1752002808,"self_id":703263936,"post_ty...true},"interval":30000}' [148 bytes]
[2025-07-09 03:26:48,823.823] DEBUG    [MainThread|MainProcess] Logger (connect.py:on_message:43) | {'time': 1752002808, 'self_id': 703263936, 'post_type': 'meta_event', 'meta_event_type': 'heartbeat', 'status': {'online': True, 'good': True}, 'interval': 30000}
[2025-07-09 03:27:18,837.837] DEBUG    [MainThread|MainProcess] websockets.client (protocol.py:read_frame:1177) | < TEXT '{"time":1752002838,"self_id":703263936,"post_ty...true},"interval":30000}' [148 bytes]
[2025-07-09 03:27:18,837.837] DEBUG    [MainThread|MainProcess] Logger (connect.py:on_message:43) | {'time': 1752002838, 'self_id': 703263936, 'post_type': 'meta_event', 'meta_event_type': 'heartbeat', 'status': {'online': True, 'good': True}, 'interval': 30000}
[2025-07-09 03:27:48,852.852] DEBUG    [MainThread|MainProcess] websockets.client (protocol.py:read_frame:1177) | < TEXT '{"time":1752002868,"self_id":703263936,"post_ty...true},"interval":30000}' [148 bytes]
[2025-07-09 03:27:48,852.852] DEBUG    [MainThread|MainProcess] Logger (connect.py:on_message:43) | {'time': 1752002868, 'self_id': 703263936, 'post_type': 'meta_event', 'meta_event_type': 'heartbeat', 'status': {'online': True, 'good': True}, 'interval': 30000}
[2025-07-09 03:28:18,850.850] DEBUG    [MainThread|MainProcess] websockets.client (protocol.py:read_frame:1177) | < TEXT '{"time":1752002898,"self_id":703263936,"post_ty...true},"interval":30000}' [148 bytes]
[2025-07-09 03:28:18,850.850] DEBUG    [MainThread|MainProcess] Logger (connect.py:on_message:43) | {'time': 1752002898, 'self_id': 703263936, 'post_type': 'meta_event', 'meta_event_type': 'heartbeat', 'status': {'online': True, 'good': True}, 'interval': 30000}
[2025-07-09 03:28:48,858.858] DEBUG    [MainThread|MainProcess] websockets.client (protocol.py:read_frame:1177) | < TEXT '{"time":1752002928,"self_id":703263936,"post_ty...true},"interval":30000}' [148 bytes]
[2025-07-09 03:28:48,858.858] DEBUG    [MainThread|MainProcess] Logger (connect.py:on_message:43) | {'time': 1752002928, 'self_id': 703263936, 'post_type': 'meta_event', 'meta_event_type': 'heartbeat', 'status': {'online': True, 'good': True}, 'interval': 30000}
[2025-07-09 03:29:18,871.871] DEBUG    [MainThread|MainProcess] websockets.client (protocol.py:read_frame:1177) | < TEXT '{"time":1752002958,"self_id":703263936,"post_ty...true},"interval":30000}' [148 bytes]
[2025-07-09 03:29:18,871.871] DEBUG    [MainThread|MainProcess] Logger (connect.py:on_message:43) | {'time': 1752002958, 'self_id': 703263936, 'post_type': 'meta_event', 'meta_event_type': 'heartbeat', 'status': {'online': True, 'good': True}, 'interval': 30000}
[2025-07-09 03:29:48,875.875] DEBUG    [MainThread|MainProcess] websockets.client (protocol.py:read_frame:1177) | < TEXT '{"time":1752002988,"self_id":703263936,"post_ty...true},"interval":30000}' [148 bytes]
[2025-07-09 03:29:48,875.875] DEBUG    [MainThread|MainProcess] Logger (connect.py:on_message:43) | {'time': 1752002988, 'self_id': 703263936, 'post_type': 'meta_event', 'meta_event_type': 'heartbeat', 'status': {'online': True, 'good': True}, 'interval': 30000}
[2025-07-09 03:30:18,888.888] DEBUG    [MainThread|MainProcess] websockets.client (protocol.py:read_frame:1177) | < TEXT '{"time":1752003018,"self_id":703263936,"post_ty...true},"interval":30000}' [148 bytes]
[2025-07-09 03:30:18,888.888] DEBUG    [MainThread|MainProcess] Logger (connect.py:on_message:43) | {'time': 1752003018, 'self_id': 703263936, 'post_type': 'meta_event', 'meta_event_type': 'heartbeat', 'status': {'online': True, 'good': True}, 'interval': 30000}
[2025-07-09 03:30:48,903.903] DEBUG    [MainThread|MainProcess] websockets.client (protocol.py:read_frame:1177) | < TEXT '{"time":1752003048,"self_id":703263936,"post_ty...true},"interval":30000}' [148 bytes]
[2025-07-09 03:30:48,903.903] DEBUG    [MainThread|MainProcess] Logger (connect.py:on_message:43) | {'time': 1752003048, 'self_id': 703263936, 'post_type': 'meta_event', 'meta_event_type': 'heartbeat', 'status': {'online': True, 'good': True}, 'interval': 30000}
[2025-07-09 03:31:18,917.917] DEBUG    [MainThread|MainProcess] websockets.client (protocol.py:read_frame:1177) | < TEXT '{"time":1752003078,"self_id":703263936,"post_ty...true},"interval":30000}' [148 bytes]
[2025-07-09 03:31:18,917.917] DEBUG    [MainThread|MainProcess] Logger (connect.py:on_message:43) | {'time': 1752003078, 'self_id': 703263936, 'post_type': 'meta_event', 'meta_event_type': 'heartbeat', 'status': {'online': True, 'good': True}, 'interval': 30000}
[2025-07-09 03:31:48,928.928] DEBUG    [MainThread|MainProcess] websockets.client (protocol.py:read_frame:1177) | < TEXT '{"time":1752003108,"self_id":703263936,"post_ty...true},"interval":30000}' [148 bytes]
[2025-07-09 03:31:48,928.928] DEBUG    [MainThread|MainProcess] Logger (connect.py:on_message:43) | {'time': 1752003108, 'self_id': 703263936, 'post_type': 'meta_event', 'meta_event_type': 'heartbeat', 'status': {'online': True, 'good': True}, 'interval': 30000}
[2025-07-09 03:32:18,942.942] DEBUG    [MainThread|MainProcess] websockets.client (protocol.py:read_frame:1177) | < TEXT '{"time":1752003138,"self_id":703263936,"post_ty...true},"interval":30000}' [148 bytes]
[2025-07-09 03:32:18,942.942] DEBUG    [MainThread|MainProcess] Logger (connect.py:on_message:43) | {'time': 1752003138, 'self_id': 703263936, 'post_type': 'meta_event', 'meta_event_type': 'heartbeat', 'status': {'online': True, 'good': True}, 'interval': 30000}
[2025-07-09 03:32:48,944.944] DEBUG    [MainThread|MainProcess] websockets.client (protocol.py:read_frame:1177) | < TEXT '{"time":1752003168,"self_id":703263936,"post_ty...true},"interval":30000}' [148 bytes]
[2025-07-09 03:32:48,944.944] DEBUG    [MainThread|MainProcess] Logger (connect.py:on_message:43) | {'time': 1752003168, 'self_id': 703263936, 'post_type': 'meta_event', 'meta_event_type': 'heartbeat', 'status': {'online': True, 'good': True}, 'interval': 30000}
[2025-07-09 03:33:18,958.958] DEBUG    [MainThread|MainProcess] websockets.client (protocol.py:read_frame:1177) | < TEXT '{"time":1752003198,"self_id":703263936,"post_ty...true},"interval":30000}' [148 bytes]
[2025-07-09 03:33:18,958.958] DEBUG    [MainThread|MainProcess] Logger (connect.py:on_message:43) | {'time': 1752003198, 'self_id': 703263936, 'post_type': 'meta_event', 'meta_event_type': 'heartbeat', 'status': {'online': True, 'good': True}, 'interval': 30000}
[2025-07-09 03:33:48,963.963] DEBUG    [MainThread|MainProcess] websockets.client (protocol.py:read_frame:1177) | < TEXT '{"time":1752003228,"self_id":703263936,"post_ty...true},"interval":30000}' [148 bytes]
[2025-07-09 03:33:48,963.963] DEBUG    [MainThread|MainProcess] Logger (connect.py:on_message:43) | {'time': 1752003228, 'self_id': 703263936, 'post_type': 'meta_event', 'meta_event_type': 'heartbeat', 'status': {'online': True, 'good': True}, 'interval': 30000}
[2025-07-09 03:34:18,976.976] DEBUG    [MainThread|MainProcess] websockets.client (protocol.py:read_frame:1177) | < TEXT '{"time":1752003258,"self_id":703263936,"post_ty...true},"interval":30000}' [148 bytes]
[2025-07-09 03:34:18,976.976] DEBUG    [MainThread|MainProcess] Logger (connect.py:on_message:43) | {'time': 1752003258, 'self_id': 703263936, 'post_type': 'meta_event', 'meta_event_type': 'heartbeat', 'status': {'online': True, 'good': True}, 'interval': 30000}
[2025-07-09 03:34:48,983.983] DEBUG    [MainThread|MainProcess] websockets.client (protocol.py:read_frame:1177) | < TEXT '{"time":1752003288,"self_id":703263936,"post_ty...true},"interval":30000}' [148 bytes]
[2025-07-09 03:34:48,983.983] DEBUG    [MainThread|MainProcess] Logger (connect.py:on_message:43) | {'time': 1752003288, 'self_id': 703263936, 'post_type': 'meta_event', 'meta_event_type': 'heartbeat', 'status': {'online': True, 'good': True}, 'interval': 30000}
[2025-07-09 03:35:18,993.993] DEBUG    [MainThread|MainProcess] websockets.client (protocol.py:read_frame:1177) | < TEXT '{"time":1752003318,"self_id":703263936,"post_ty...true},"interval":30000}' [148 bytes]
[2025-07-09 03:35:18,993.993] DEBUG    [MainThread|MainProcess] Logger (connect.py:on_message:43) | {'time': 1752003318, 'self_id': 703263936, 'post_type': 'meta_event', 'meta_event_type': 'heartbeat', 'status': {'online': True, 'good': True}, 'interval': 30000}
[2025-07-09 03:35:49,006.006] DEBUG    [MainThread|MainProcess] websockets.client (protocol.py:read_frame:1177) | < TEXT '{"time":1752003349,"self_id":703263936,"post_ty...true},"interval":30000}' [148 bytes]
[2025-07-09 03:35:49,006.006] DEBUG    [MainThread|MainProcess] Logger (connect.py:on_message:43) | {'time': 1752003349, 'self_id': 703263936, 'post_type': 'meta_event', 'meta_event_type': 'heartbeat', 'status': {'online': True, 'good': True}, 'interval': 30000}
[2025-07-09 03:36:19,012.012] DEBUG    [MainThread|MainProcess] websockets.client (protocol.py:read_frame:1177) | < TEXT '{"time":1752003379,"self_id":703263936,"post_ty...true},"interval":30000}' [148 bytes]
[2025-07-09 03:36:19,012.012] DEBUG    [MainThread|MainProcess] Logger (connect.py:on_message:43) | {'time': 1752003379, 'self_id': 703263936, 'post_type': 'meta_event', 'meta_event_type': 'heartbeat', 'status': {'online': True, 'good': True}, 'interval': 30000}
[2025-07-09 03:36:49,022.022] DEBUG    [MainThread|MainProcess] websockets.client (protocol.py:read_frame:1177) | < TEXT '{"time":1752003409,"self_id":703263936,"post_ty...true},"interval":30000}' [148 bytes]
[2025-07-09 03:36:49,022.022] DEBUG    [MainThread|MainProcess] Logger (connect.py:on_message:43) | {'time': 1752003409, 'self_id': 703263936, 'post_type': 'meta_event', 'meta_event_type': 'heartbeat', 'status': {'online': True, 'good': True}, 'interval': 30000}
[2025-07-09 03:37:19,036.036] DEBUG    [MainThread|MainProcess] websockets.client (protocol.py:read_frame:1177) | < TEXT '{"time":1752003439,"self_id":703263936,"post_ty...true},"interval":30000}' [148 bytes]
[2025-07-09 03:37:19,036.036] DEBUG    [MainThread|MainProcess] Logger (connect.py:on_message:43) | {'time': 1752003439, 'self_id': 703263936, 'post_type': 'meta_event', 'meta_event_type': 'heartbeat', 'status': {'online': True, 'good': True}, 'interval': 30000}
[2025-07-09 03:37:49,047.047] DEBUG    [MainThread|MainProcess] websockets.client (protocol.py:read_frame:1177) | < TEXT '{"time":1752003469,"self_id":703263936,"post_ty...true},"interval":30000}' [148 bytes]
[2025-07-09 03:37:49,047.047] DEBUG    [MainThread|MainProcess] Logger (connect.py:on_message:43) | {'time': 1752003469, 'self_id': 703263936, 'post_type': 'meta_event', 'meta_event_type': 'heartbeat', 'status': {'online': True, 'good': True}, 'interval': 30000}
[2025-07-09 03:38:19,060.060] DEBUG    [MainThread|MainProcess] websockets.client (protocol.py:read_frame:1177) | < TEXT '{"time":1752003499,"self_id":703263936,"post_ty...true},"interval":30000}' [148 bytes]
[2025-07-09 03:38:19,060.060] DEBUG    [MainThread|MainProcess] Logger (connect.py:on_message:43) | {'time': 1752003499, 'self_id': 703263936, 'post_type': 'meta_event', 'meta_event_type': 'heartbeat', 'status': {'online': True, 'good': True}, 'interval': 30000}
[2025-07-09 03:38:49,062.062] DEBUG    [MainThread|MainProcess] websockets.client (protocol.py:read_frame:1177) | < TEXT '{"time":1752003529,"self_id":703263936,"post_ty...true},"interval":30000}' [148 bytes]
[2025-07-09 03:38:49,062.062] DEBUG    [MainThread|MainProcess] Logger (connect.py:on_message:43) | {'time': 1752003529, 'self_id': 703263936, 'post_type': 'meta_event', 'meta_event_type': 'heartbeat', 'status': {'online': True, 'good': True}, 'interval': 30000}
[2025-07-09 03:39:19,075.075] DEBUG    [MainThread|MainProcess] websockets.client (protocol.py:read_frame:1177) | < TEXT '{"time":1752003559,"self_id":703263936,"post_ty...true},"interval":30000}' [148 bytes]
[2025-07-09 03:39:19,075.075] DEBUG    [MainThread|MainProcess] Logger (connect.py:on_message:43) | {'time': 1752003559, 'self_id': 703263936, 'post_type': 'meta_event', 'meta_event_type': 'heartbeat', 'status': {'online': True, 'good': True}, 'interval': 30000}
[2025-07-09 03:39:49,085.085] DEBUG    [MainThread|MainProcess] websockets.client (protocol.py:read_frame:1177) | < TEXT '{"time":1752003589,"self_id":703263936,"post_ty...true},"interval":30000}' [148 bytes]
[2025-07-09 03:39:49,085.085] DEBUG    [MainThread|MainProcess] Logger (connect.py:on_message:43) | {'time': 1752003589, 'self_id': 703263936, 'post_type': 'meta_event', 'meta_event_type': 'heartbeat', 'status': {'online': True, 'good': True}, 'interval': 30000}
[2025-07-09 03:40:19,098.098] DEBUG    [MainThread|MainProcess] websockets.client (protocol.py:read_frame:1177) | < TEXT '{"time":1752003619,"self_id":703263936,"post_ty...true},"interval":30000}' [148 bytes]
[2025-07-09 03:40:19,098.098] DEBUG    [MainThread|MainProcess] Logger (connect.py:on_message:43) | {'time': 1752003619, 'self_id': 703263936, 'post_type': 'meta_event', 'meta_event_type': 'heartbeat', 'status': {'online': True, 'good': True}, 'interval': 30000}
[2025-07-09 03:40:49,101.101] DEBUG    [MainThread|MainProcess] websockets.client (protocol.py:read_frame:1177) | < TEXT '{"time":1752003649,"self_id":703263936,"post_ty...true},"interval":30000}' [148 bytes]
[2025-07-09 03:40:49,101.101] DEBUG    [MainThread|MainProcess] Logger (connect.py:on_message:43) | {'time': 1752003649, 'self_id': 703263936, 'post_type': 'meta_event', 'meta_event_type': 'heartbeat', 'status': {'online': True, 'good': True}, 'interval': 30000}
[2025-07-09 03:41:19,115.115] DEBUG    [MainThread|MainProcess] websockets.client (protocol.py:read_frame:1177) | < TEXT '{"time":1752003679,"self_id":703263936,"post_ty...true},"interval":30000}' [148 bytes]
[2025-07-09 03:41:19,115.115] DEBUG    [MainThread|MainProcess] Logger (connect.py:on_message:43) | {'time': 1752003679, 'self_id': 703263936, 'post_type': 'meta_event', 'meta_event_type': 'heartbeat', 'status': {'online': True, 'good': True}, 'interval': 30000}
[2025-07-09 03:41:49,115.115] DEBUG    [MainThread|MainProcess] websockets.client (protocol.py:read_frame:1177) | < TEXT '{"time":1752003709,"self_id":703263936,"post_ty...true},"interval":30000}' [148 bytes]
[2025-07-09 03:41:49,115.115] DEBUG    [MainThread|MainProcess] Logger (connect.py:on_message:43) | {'time': 1752003709, 'self_id': 703263936, 'post_type': 'meta_event', 'meta_event_type': 'heartbeat', 'status': {'online': True, 'good': True}, 'interval': 30000}
[2025-07-09 03:42:19,126.126] DEBUG    [MainThread|MainProcess] websockets.client (protocol.py:read_frame:1177) | < TEXT '{"time":1752003739,"self_id":703263936,"post_ty...true},"interval":30000}' [148 bytes]
[2025-07-09 03:42:19,126.126] DEBUG    [MainThread|MainProcess] Logger (connect.py:on_message:43) | {'time': 1752003739, 'self_id': 703263936, 'post_type': 'meta_event', 'meta_event_type': 'heartbeat', 'status': {'online': True, 'good': True}, 'interval': 30000}
[2025-07-09 03:42:49,137.137] DEBUG    [MainThread|MainProcess] websockets.client (protocol.py:read_frame:1177) | < TEXT '{"time":1752003769,"self_id":703263936,"post_ty...true},"interval":30000}' [148 bytes]
[2025-07-09 03:42:49,137.137] DEBUG    [MainThread|MainProcess] Logger (connect.py:on_message:43) | {'time': 1752003769, 'self_id': 703263936, 'post_type': 'meta_event', 'meta_event_type': 'heartbeat', 'status': {'online': True, 'good': True}, 'interval': 30000}
[2025-07-09 03:43:19,151.151] DEBUG    [MainThread|MainProcess] websockets.client (protocol.py:read_frame:1177) | < TEXT '{"time":1752003799,"self_id":703263936,"post_ty...true},"interval":30000}' [148 bytes]
[2025-07-09 03:43:19,151.151] DEBUG    [MainThread|MainProcess] Logger (connect.py:on_message:43) | {'time': 1752003799, 'self_id': 703263936, 'post_type': 'meta_event', 'meta_event_type': 'heartbeat', 'status': {'online': True, 'good': True}, 'interval': 30000}
[2025-07-09 03:43:49,151.151] DEBUG    [MainThread|MainProcess] websockets.client (protocol.py:read_frame:1177) | < TEXT '{"time":1752003829,"self_id":703263936,"post_ty...true},"interval":30000}' [148 bytes]
[2025-07-09 03:43:49,151.151] DEBUG    [MainThread|MainProcess] Logger (connect.py:on_message:43) | {'time': 1752003829, 'self_id': 703263936, 'post_type': 'meta_event', 'meta_event_type': 'heartbeat', 'status': {'online': True, 'good': True}, 'interval': 30000}
[2025-07-09 03:44:19,164.164] DEBUG    [MainThread|MainProcess] websockets.client (protocol.py:read_frame:1177) | < TEXT '{"time":1752003859,"self_id":703263936,"post_ty...true},"interval":30000}' [148 bytes]
[2025-07-09 03:44:19,164.164] DEBUG    [MainThread|MainProcess] Logger (connect.py:on_message:43) | {'time': 1752003859, 'self_id': 703263936, 'post_type': 'meta_event', 'meta_event_type': 'heartbeat', 'status': {'online': True, 'good': True}, 'interval': 30000}
[2025-07-09 03:44:49,173.173] DEBUG    [MainThread|MainProcess] websockets.client (protocol.py:read_frame:1177) | < TEXT '{"time":1752003889,"self_id":703263936,"post_ty...true},"interval":30000}' [148 bytes]
[2025-07-09 03:44:49,173.173] DEBUG    [MainThread|MainProcess] Logger (connect.py:on_message:43) | {'time': 1752003889, 'self_id': 703263936, 'post_type': 'meta_event', 'meta_event_type': 'heartbeat', 'status': {'online': True, 'good': True}, 'interval': 30000}
[2025-07-09 03:45:19,187.187] DEBUG    [MainThread|MainProcess] websockets.client (protocol.py:read_frame:1177) | < TEXT '{"time":1752003919,"self_id":703263936,"post_ty...true},"interval":30000}' [148 bytes]
[2025-07-09 03:45:19,187.187] DEBUG    [MainThread|MainProcess] Logger (connect.py:on_message:43) | {'time': 1752003919, 'self_id': 703263936, 'post_type': 'meta_event', 'meta_event_type': 'heartbeat', 'status': {'online': True, 'good': True}, 'interval': 30000}
[2025-07-09 03:45:49,200.200] DEBUG    [MainThread|MainProcess] websockets.client (protocol.py:read_frame:1177) | < TEXT '{"time":1752003949,"self_id":703263936,"post_ty...true},"interval":30000}' [148 bytes]
[2025-07-09 03:45:49,200.200] DEBUG    [MainThread|MainProcess] Logger (connect.py:on_message:43) | {'time': 1752003949, 'self_id': 703263936, 'post_type': 'meta_event', 'meta_event_type': 'heartbeat', 'status': {'online': True, 'good': True}, 'interval': 30000}
[2025-07-09 03:46:19,214.214] DEBUG    [MainThread|MainProcess] websockets.client (protocol.py:read_frame:1177) | < TEXT '{"time":1752003979,"self_id":703263936,"post_ty...true},"interval":30000}' [148 bytes]
[2025-07-09 03:46:19,214.214] DEBUG    [MainThread|MainProcess] Logger (connect.py:on_message:43) | {'time': 1752003979, 'self_id': 703263936, 'post_type': 'meta_event', 'meta_event_type': 'heartbeat', 'status': {'online': True, 'good': True}, 'interval': 30000}
[2025-07-09 03:46:49,228.228] DEBUG    [MainThread|MainProcess] websockets.client (protocol.py:read_frame:1177) | < TEXT '{"time":1752004009,"self_id":703263936,"post_ty...true},"interval":30000}' [148 bytes]
[2025-07-09 03:46:49,228.228] DEBUG    [MainThread|MainProcess] Logger (connect.py:on_message:43) | {'time': 1752004009, 'self_id': 703263936, 'post_type': 'meta_event', 'meta_event_type': 'heartbeat', 'status': {'online': True, 'good': True}, 'interval': 30000}
[2025-07-09 03:47:19,242.242] DEBUG    [MainThread|MainProcess] websockets.client (protocol.py:read_frame:1177) | < TEXT '{"time":1752004039,"self_id":703263936,"post_ty...true},"interval":30000}' [148 bytes]
[2025-07-09 03:47:19,242.242] DEBUG    [MainThread|MainProcess] Logger (connect.py:on_message:43) | {'time': 1752004039, 'self_id': 703263936, 'post_type': 'meta_event', 'meta_event_type': 'heartbeat', 'status': {'online': True, 'good': True}, 'interval': 30000}
[2025-07-09 03:47:49,244.244] DEBUG    [MainThread|MainProcess] websockets.client (protocol.py:read_frame:1177) | < TEXT '{"time":1752004069,"self_id":703263936,"post_ty...true},"interval":30000}' [148 bytes]
[2025-07-09 03:47:49,244.244] DEBUG    [MainThread|MainProcess] Logger (connect.py:on_message:43) | {'time': 1752004069, 'self_id': 703263936, 'post_type': 'meta_event', 'meta_event_type': 'heartbeat', 'status': {'online': True, 'good': True}, 'interval': 30000}
[2025-07-09 03:48:19,258.258] DEBUG    [MainThread|MainProcess] websockets.client (protocol.py:read_frame:1177) | < TEXT '{"time":1752004099,"self_id":703263936,"post_ty...true},"interval":30000}' [148 bytes]
[2025-07-09 03:48:19,258.258] DEBUG    [MainThread|MainProcess] Logger (connect.py:on_message:43) | {'time': 1752004099, 'self_id': 703263936, 'post_type': 'meta_event', 'meta_event_type': 'heartbeat', 'status': {'online': True, 'good': True}, 'interval': 30000}
[2025-07-09 03:48:49,260.260] DEBUG    [MainThread|MainProcess] websockets.client (protocol.py:read_frame:1177) | < TEXT '{"time":1752004129,"self_id":703263936,"post_ty...true},"interval":30000}' [148 bytes]
[2025-07-09 03:48:49,260.260] DEBUG    [MainThread|MainProcess] Logger (connect.py:on_message:43) | {'time': 1752004129, 'self_id': 703263936, 'post_type': 'meta_event', 'meta_event_type': 'heartbeat', 'status': {'online': True, 'good': True}, 'interval': 30000}
[2025-07-09 03:49:19,273.273] DEBUG    [MainThread|MainProcess] websockets.client (protocol.py:read_frame:1177) | < TEXT '{"time":1752004159,"self_id":703263936,"post_ty...true},"interval":30000}' [148 bytes]
[2025-07-09 03:49:19,273.273] DEBUG    [MainThread|MainProcess] Logger (connect.py:on_message:43) | {'time': 1752004159, 'self_id': 703263936, 'post_type': 'meta_event', 'meta_event_type': 'heartbeat', 'status': {'online': True, 'good': True}, 'interval': 30000}
[2025-07-09 03:49:49,277.277] DEBUG    [MainThread|MainProcess] websockets.client (protocol.py:read_frame:1177) | < TEXT '{"time":1752004189,"self_id":703263936,"post_ty...true},"interval":30000}' [148 bytes]
[2025-07-09 03:49:49,277.277] DEBUG    [MainThread|MainProcess] Logger (connect.py:on_message:43) | {'time': 1752004189, 'self_id': 703263936, 'post_type': 'meta_event', 'meta_event_type': 'heartbeat', 'status': {'online': True, 'good': True}, 'interval': 30000}
[2025-07-09 03:50:19,290.290] DEBUG    [MainThread|MainProcess] websockets.client (protocol.py:read_frame:1177) | < TEXT '{"time":1752004219,"self_id":703263936,"post_ty...true},"interval":30000}' [148 bytes]
[2025-07-09 03:50:19,290.290] DEBUG    [MainThread|MainProcess] Logger (connect.py:on_message:43) | {'time': 1752004219, 'self_id': 703263936, 'post_type': 'meta_event', 'meta_event_type': 'heartbeat', 'status': {'online': True, 'good': True}, 'interval': 30000}
[2025-07-09 03:50:49,315.315] DEBUG    [MainThread|MainProcess] websockets.client (protocol.py:read_frame:1177) | < TEXT '{"time":1752004249,"self_id":703263936,"post_ty...true},"interval":30000}' [148 bytes]
[2025-07-09 03:50:49,315.315] DEBUG    [MainThread|MainProcess] Logger (connect.py:on_message:43) | {'time': 1752004249, 'self_id': 703263936, 'post_type': 'meta_event', 'meta_event_type': 'heartbeat', 'status': {'online': True, 'good': True}, 'interval': 30000}
[2025-07-09 03:51:19,344.344] DEBUG    [MainThread|MainProcess] websockets.client (protocol.py:read_frame:1177) | < TEXT '{"time":1752004279,"self_id":703263936,"post_ty...true},"interval":30000}' [148 bytes]
[2025-07-09 03:51:19,344.344] DEBUG    [MainThread|MainProcess] Logger (connect.py:on_message:43) | {'time': 1752004279, 'self_id': 703263936, 'post_type': 'meta_event', 'meta_event_type': 'heartbeat', 'status': {'online': True, 'good': True}, 'interval': 30000}
[2025-07-09 03:51:49,368.368] DEBUG    [MainThread|MainProcess] websockets.client (protocol.py:read_frame:1177) | < TEXT '{"time":1752004309,"self_id":703263936,"post_ty...true},"interval":30000}' [148 bytes]
[2025-07-09 03:51:49,368.368] DEBUG    [MainThread|MainProcess] Logger (connect.py:on_message:43) | {'time': 1752004309, 'self_id': 703263936, 'post_type': 'meta_event', 'meta_event_type': 'heartbeat', 'status': {'online': True, 'good': True}, 'interval': 30000}
[2025-07-09 03:52:19,397.397] DEBUG    [MainThread|MainProcess] websockets.client (protocol.py:read_frame:1177) | < TEXT '{"time":1752004339,"self_id":703263936,"post_ty...true},"interval":30000}' [148 bytes]
[2025-07-09 03:52:19,397.397] DEBUG    [MainThread|MainProcess] Logger (connect.py:on_message:43) | {'time': 1752004339, 'self_id': 703263936, 'post_type': 'meta_event', 'meta_event_type': 'heartbeat', 'status': {'online': True, 'good': True}, 'interval': 30000}
[2025-07-09 03:52:49,415.415] DEBUG    [MainThread|MainProcess] websockets.client (protocol.py:read_frame:1177) | < TEXT '{"time":1752004369,"self_id":703263936,"post_ty...true},"interval":30000}' [148 bytes]
[2025-07-09 03:52:49,415.415] DEBUG    [MainThread|MainProcess] Logger (connect.py:on_message:43) | {'time': 1752004369, 'self_id': 703263936, 'post_type': 'meta_event', 'meta_event_type': 'heartbeat', 'status': {'online': True, 'good': True}, 'interval': 30000}
[2025-07-09 03:53:19,428.428] DEBUG    [MainThread|MainProcess] websockets.client (protocol.py:read_frame:1177) | < TEXT '{"time":1752004399,"self_id":703263936,"post_ty...true},"interval":30000}' [148 bytes]
[2025-07-09 03:53:19,428.428] DEBUG    [MainThread|MainProcess] Logger (connect.py:on_message:43) | {'time': 1752004399, 'self_id': 703263936, 'post_type': 'meta_event', 'meta_event_type': 'heartbeat', 'status': {'online': True, 'good': True}, 'interval': 30000}
[2025-07-09 03:53:49,439.439] DEBUG    [MainThread|MainProcess] websockets.client (protocol.py:read_frame:1177) | < TEXT '{"time":1752004429,"self_id":703263936,"post_ty...true},"interval":30000}' [148 bytes]
[2025-07-09 03:53:49,439.439] DEBUG    [MainThread|MainProcess] Logger (connect.py:on_message:43) | {'time': 1752004429, 'self_id': 703263936, 'post_type': 'meta_event', 'meta_event_type': 'heartbeat', 'status': {'online': True, 'good': True}, 'interval': 30000}
[2025-07-09 03:54:19,452.452] DEBUG    [MainThread|MainProcess] websockets.client (protocol.py:read_frame:1177) | < TEXT '{"time":1752004459,"self_id":703263936,"post_ty...true},"interval":30000}' [148 bytes]
[2025-07-09 03:54:19,452.452] DEBUG    [MainThread|MainProcess] Logger (connect.py:on_message:43) | {'time': 1752004459, 'self_id': 703263936, 'post_type': 'meta_event', 'meta_event_type': 'heartbeat', 'status': {'online': True, 'good': True}, 'interval': 30000}
[2025-07-09 03:54:49,462.462] DEBUG    [MainThread|MainProcess] websockets.client (protocol.py:read_frame:1177) | < TEXT '{"time":1752004489,"self_id":703263936,"post_ty...true},"interval":30000}' [148 bytes]
[2025-07-09 03:54:49,462.462] DEBUG    [MainThread|MainProcess] Logger (connect.py:on_message:43) | {'time': 1752004489, 'self_id': 703263936, 'post_type': 'meta_event', 'meta_event_type': 'heartbeat', 'status': {'online': True, 'good': True}, 'interval': 30000}
[2025-07-09 03:55:19,475.475] DEBUG    [MainThread|MainProcess] websockets.client (protocol.py:read_frame:1177) | < TEXT '{"time":1752004519,"self_id":703263936,"post_ty...true},"interval":30000}' [148 bytes]
[2025-07-09 03:55:19,475.475] DEBUG    [MainThread|MainProcess] Logger (connect.py:on_message:43) | {'time': 1752004519, 'self_id': 703263936, 'post_type': 'meta_event', 'meta_event_type': 'heartbeat', 'status': {'online': True, 'good': True}, 'interval': 30000}
[2025-07-09 03:55:49,488.488] DEBUG    [MainThread|MainProcess] websockets.client (protocol.py:read_frame:1177) | < TEXT '{"time":1752004549,"self_id":703263936,"post_ty...true},"interval":30000}' [148 bytes]
[2025-07-09 03:55:49,488.488] DEBUG    [MainThread|MainProcess] Logger (connect.py:on_message:43) | {'time': 1752004549, 'self_id': 703263936, 'post_type': 'meta_event', 'meta_event_type': 'heartbeat', 'status': {'online': True, 'good': True}, 'interval': 30000}
[2025-07-09 03:56:19,492.492] DEBUG    [MainThread|MainProcess] websockets.client (protocol.py:read_frame:1177) | < TEXT '{"time":1752004579,"self_id":703263936,"post_ty...true},"interval":30000}' [148 bytes]
[2025-07-09 03:56:19,492.492] DEBUG    [MainThread|MainProcess] Logger (connect.py:on_message:43) | {'time': 1752004579, 'self_id': 703263936, 'post_type': 'meta_event', 'meta_event_type': 'heartbeat', 'status': {'online': True, 'good': True}, 'interval': 30000}
[2025-07-09 03:56:49,502.502] DEBUG    [MainThread|MainProcess] websockets.client (protocol.py:read_frame:1177) | < TEXT '{"time":1752004609,"self_id":703263936,"post_ty...true},"interval":30000}' [148 bytes]
[2025-07-09 03:56:49,502.502] DEBUG    [MainThread|MainProcess] Logger (connect.py:on_message:43) | {'time': 1752004609, 'self_id': 703263936, 'post_type': 'meta_event', 'meta_event_type': 'heartbeat', 'status': {'online': True, 'good': True}, 'interval': 30000}
[2025-07-09 03:57:19,515.515] DEBUG    [MainThread|MainProcess] websockets.client (protocol.py:read_frame:1177) | < TEXT '{"time":1752004639,"self_id":703263936,"post_ty...true},"interval":30000}' [148 bytes]
[2025-07-09 03:57:19,515.515] DEBUG    [MainThread|MainProcess] Logger (connect.py:on_message:43) | {'time': 1752004639, 'self_id': 703263936, 'post_type': 'meta_event', 'meta_event_type': 'heartbeat', 'status': {'online': True, 'good': True}, 'interval': 30000}
[2025-07-09 03:57:49,528.528] DEBUG    [MainThread|MainProcess] websockets.client (protocol.py:read_frame:1177) | < TEXT '{"time":1752004669,"self_id":703263936,"post_ty...true},"interval":30000}' [148 bytes]
[2025-07-09 03:57:49,528.528] DEBUG    [MainThread|MainProcess] Logger (connect.py:on_message:43) | {'time': 1752004669, 'self_id': 703263936, 'post_type': 'meta_event', 'meta_event_type': 'heartbeat', 'status': {'online': True, 'good': True}, 'interval': 30000}
[2025-07-09 03:58:19,541.541] DEBUG    [MainThread|MainProcess] websockets.client (protocol.py:read_frame:1177) | < TEXT '{"time":1752004699,"self_id":703263936,"post_ty...true},"interval":30000}' [148 bytes]
[2025-07-09 03:58:19,541.541] DEBUG    [MainThread|MainProcess] Logger (connect.py:on_message:43) | {'time': 1752004699, 'self_id': 703263936, 'post_type': 'meta_event', 'meta_event_type': 'heartbeat', 'status': {'online': True, 'good': True}, 'interval': 30000}
[2025-07-09 03:58:49,560.560] DEBUG    [MainThread|MainProcess] websockets.client (protocol.py:read_frame:1177) | < TEXT '{"time":1752004729,"self_id":703263936,"post_ty...true},"interval":30000}' [148 bytes]
[2025-07-09 03:58:49,560.560] DEBUG    [MainThread|MainProcess] Logger (connect.py:on_message:43) | {'time': 1752004729, 'self_id': 703263936, 'post_type': 'meta_event', 'meta_event_type': 'heartbeat', 'status': {'online': True, 'good': True}, 'interval': 30000}
[2025-07-09 03:59:19,573.573] DEBUG    [MainThread|MainProcess] websockets.client (protocol.py:read_frame:1177) | < TEXT '{"time":1752004759,"self_id":703263936,"post_ty...true},"interval":30000}' [148 bytes]
[2025-07-09 03:59:19,573.573] DEBUG    [MainThread|MainProcess] Logger (connect.py:on_message:43) | {'time': 1752004759, 'self_id': 703263936, 'post_type': 'meta_event', 'meta_event_type': 'heartbeat', 'status': {'online': True, 'good': True}, 'interval': 30000}
[2025-07-09 03:59:49,580.580] DEBUG    [MainThread|MainProcess] websockets.client (protocol.py:read_frame:1177) | < TEXT '{"time":1752004789,"self_id":703263936,"post_ty...true},"interval":30000}' [148 bytes]
[2025-07-09 03:59:49,580.580] DEBUG    [MainThread|MainProcess] Logger (connect.py:on_message:43) | {'time': 1752004789, 'self_id': 703263936, 'post_type': 'meta_event', 'meta_event_type': 'heartbeat', 'status': {'online': True, 'good': True}, 'interval': 30000}
[2025-07-09 04:00:19,594.594] DEBUG    [MainThread|MainProcess] websockets.client (protocol.py:read_frame:1177) | < TEXT '{"time":1752004819,"self_id":703263936,"post_ty...true},"interval":30000}' [148 bytes]
[2025-07-09 04:00:19,594.594] DEBUG    [MainThread|MainProcess] Logger (connect.py:on_message:43) | {'time': 1752004819, 'self_id': 703263936, 'post_type': 'meta_event', 'meta_event_type': 'heartbeat', 'status': {'online': True, 'good': True}, 'interval': 30000}
[2025-07-09 04:00:49,594.594] DEBUG    [MainThread|MainProcess] websockets.client (protocol.py:read_frame:1177) | < TEXT '{"time":1752004849,"self_id":703263936,"post_ty...true},"interval":30000}' [148 bytes]
[2025-07-09 04:00:49,594.594] DEBUG    [MainThread|MainProcess] Logger (connect.py:on_message:43) | {'time': 1752004849, 'self_id': 703263936, 'post_type': 'meta_event', 'meta_event_type': 'heartbeat', 'status': {'online': True, 'good': True}, 'interval': 30000}
[2025-07-09 04:01:19,608.608] DEBUG    [MainThread|MainProcess] websockets.client (protocol.py:read_frame:1177) | < TEXT '{"time":1752004879,"self_id":703263936,"post_ty...true},"interval":30000}' [148 bytes]
[2025-07-09 04:01:19,608.608] DEBUG    [MainThread|MainProcess] Logger (connect.py:on_message:43) | {'time': 1752004879, 'self_id': 703263936, 'post_type': 'meta_event', 'meta_event_type': 'heartbeat', 'status': {'online': True, 'good': True}, 'interval': 30000}
[2025-07-09 04:01:49,636.636] DEBUG    [MainThread|MainProcess] websockets.client (protocol.py:read_frame:1177) | < TEXT '{"time":1752004909,"self_id":703263936,"post_ty...true},"interval":30000}' [148 bytes]
[2025-07-09 04:01:49,636.636] DEBUG    [MainThread|MainProcess] Logger (connect.py:on_message:43) | {'time': 1752004909, 'self_id': 703263936, 'post_type': 'meta_event', 'meta_event_type': 'heartbeat', 'status': {'online': True, 'good': True}, 'interval': 30000}
[2025-07-09 04:02:19,650.650] DEBUG    [MainThread|MainProcess] websockets.client (protocol.py:read_frame:1177) | < TEXT '{"time":1752004939,"self_id":703263936,"post_ty...true},"interval":30000}' [148 bytes]
[2025-07-09 04:02:19,650.650] DEBUG    [MainThread|MainProcess] Logger (connect.py:on_message:43) | {'time': 1752004939, 'self_id': 703263936, 'post_type': 'meta_event', 'meta_event_type': 'heartbeat', 'status': {'online': True, 'good': True}, 'interval': 30000}
[2025-07-09 04:02:49,665.665] DEBUG    [MainThread|MainProcess] websockets.client (protocol.py:read_frame:1177) | < TEXT '{"time":1752004969,"self_id":703263936,"post_ty...true},"interval":30000}' [148 bytes]
[2025-07-09 04:02:49,665.665] DEBUG    [MainThread|MainProcess] Logger (connect.py:on_message:43) | {'time': 1752004969, 'self_id': 703263936, 'post_type': 'meta_event', 'meta_event_type': 'heartbeat', 'status': {'online': True, 'good': True}, 'interval': 30000}
[2025-07-09 04:03:19,678.678] DEBUG    [MainThread|MainProcess] websockets.client (protocol.py:read_frame:1177) | < TEXT '{"time":1752004999,"self_id":703263936,"post_ty...true},"interval":30000}' [148 bytes]
[2025-07-09 04:03:19,678.678] DEBUG    [MainThread|MainProcess] Logger (connect.py:on_message:43) | {'time': 1752004999, 'self_id': 703263936, 'post_type': 'meta_event', 'meta_event_type': 'heartbeat', 'status': {'online': True, 'good': True}, 'interval': 30000}
[2025-07-09 04:03:49,690.690] DEBUG    [MainThread|MainProcess] websockets.client (protocol.py:read_frame:1177) | < TEXT '{"time":1752005029,"self_id":703263936,"post_ty...true},"interval":30000}' [148 bytes]
[2025-07-09 04:03:49,690.690] DEBUG    [MainThread|MainProcess] Logger (connect.py:on_message:43) | {'time': 1752005029, 'self_id': 703263936, 'post_type': 'meta_event', 'meta_event_type': 'heartbeat', 'status': {'online': True, 'good': True}, 'interval': 30000}
[2025-07-09 04:04:19,704.704] DEBUG    [MainThread|MainProcess] websockets.client (protocol.py:read_frame:1177) | < TEXT '{"time":1752005059,"self_id":703263936,"post_ty...true},"interval":30000}' [148 bytes]
[2025-07-09 04:04:19,704.704] DEBUG    [MainThread|MainProcess] Logger (connect.py:on_message:43) | {'time': 1752005059, 'self_id': 703263936, 'post_type': 'meta_event', 'meta_event_type': 'heartbeat', 'status': {'online': True, 'good': True}, 'interval': 30000}
[2025-07-09 04:04:49,707.707] DEBUG    [MainThread|MainProcess] websockets.client (protocol.py:read_frame:1177) | < TEXT '{"time":1752005089,"self_id":703263936,"post_ty...true},"interval":30000}' [148 bytes]
[2025-07-09 04:04:49,707.707] DEBUG    [MainThread|MainProcess] Logger (connect.py:on_message:43) | {'time': 1752005089, 'self_id': 703263936, 'post_type': 'meta_event', 'meta_event_type': 'heartbeat', 'status': {'online': True, 'good': True}, 'interval': 30000}
[2025-07-09 04:05:19,721.721] DEBUG    [MainThread|MainProcess] websockets.client (protocol.py:read_frame:1177) | < TEXT '{"time":1752005119,"self_id":703263936,"post_ty...true},"interval":30000}' [148 bytes]
[2025-07-09 04:05:19,721.721] DEBUG    [MainThread|MainProcess] Logger (connect.py:on_message:43) | {'time': 1752005119, 'self_id': 703263936, 'post_type': 'meta_event', 'meta_event_type': 'heartbeat', 'status': {'online': True, 'good': True}, 'interval': 30000}
[2025-07-09 04:05:49,734.734] DEBUG    [MainThread|MainProcess] websockets.client (protocol.py:read_frame:1177) | < TEXT '{"time":1752005149,"self_id":703263936,"post_ty...true},"interval":30000}' [148 bytes]
[2025-07-09 04:05:49,734.734] DEBUG    [MainThread|MainProcess] Logger (connect.py:on_message:43) | {'time': 1752005149, 'self_id': 703263936, 'post_type': 'meta_event', 'meta_event_type': 'heartbeat', 'status': {'online': True, 'good': True}, 'interval': 30000}
[2025-07-09 04:06:19,748.748] DEBUG    [MainThread|MainProcess] websockets.client (protocol.py:read_frame:1177) | < TEXT '{"time":1752005179,"self_id":703263936,"post_ty...true},"interval":30000}' [148 bytes]
[2025-07-09 04:06:19,748.748] DEBUG    [MainThread|MainProcess] Logger (connect.py:on_message:43) | {'time': 1752005179, 'self_id': 703263936, 'post_type': 'meta_event', 'meta_event_type': 'heartbeat', 'status': {'online': True, 'good': True}, 'interval': 30000}
[2025-07-09 04:06:49,749.749] DEBUG    [MainThread|MainProcess] websockets.client (protocol.py:read_frame:1177) | < TEXT '{"time":1752005209,"self_id":703263936,"post_ty...true},"interval":30000}' [148 bytes]
[2025-07-09 04:06:49,749.749] DEBUG    [MainThread|MainProcess] Logger (connect.py:on_message:43) | {'time': 1752005209, 'self_id': 703263936, 'post_type': 'meta_event', 'meta_event_type': 'heartbeat', 'status': {'online': True, 'good': True}, 'interval': 30000}
[2025-07-09 04:07:19,762.762] DEBUG    [MainThread|MainProcess] websockets.client (protocol.py:read_frame:1177) | < TEXT '{"time":1752005239,"self_id":703263936,"post_ty...true},"interval":30000}' [148 bytes]
[2025-07-09 04:07:19,762.762] DEBUG    [MainThread|MainProcess] Logger (connect.py:on_message:43) | {'time': 1752005239, 'self_id': 703263936, 'post_type': 'meta_event', 'meta_event_type': 'heartbeat', 'status': {'online': True, 'good': True}, 'interval': 30000}
[2025-07-09 04:07:49,767.767] DEBUG    [MainThread|MainProcess] websockets.client (protocol.py:read_frame:1177) | < TEXT '{"time":1752005269,"self_id":703263936,"post_ty...true},"interval":30000}' [148 bytes]
[2025-07-09 04:07:49,767.767] DEBUG    [MainThread|MainProcess] Logger (connect.py:on_message:43) | {'time': 1752005269, 'self_id': 703263936, 'post_type': 'meta_event', 'meta_event_type': 'heartbeat', 'status': {'online': True, 'good': True}, 'interval': 30000}
[2025-07-09 04:08:19,771.771] DEBUG    [MainThread|MainProcess] websockets.client (protocol.py:read_frame:1177) | < TEXT '{"time":1752005299,"self_id":703263936,"post_ty...true},"interval":30000}' [148 bytes]
[2025-07-09 04:08:19,771.771] DEBUG    [MainThread|MainProcess] Logger (connect.py:on_message:43) | {'time': 1752005299, 'self_id': 703263936, 'post_type': 'meta_event', 'meta_event_type': 'heartbeat', 'status': {'online': True, 'good': True}, 'interval': 30000}
[2025-07-09 04:08:49,783.783] DEBUG    [MainThread|MainProcess] websockets.client (protocol.py:read_frame:1177) | < TEXT '{"time":1752005329,"self_id":703263936,"post_ty...true},"interval":30000}' [148 bytes]
[2025-07-09 04:08:49,783.783] DEBUG    [MainThread|MainProcess] Logger (connect.py:on_message:43) | {'time': 1752005329, 'self_id': 703263936, 'post_type': 'meta_event', 'meta_event_type': 'heartbeat', 'status': {'online': True, 'good': True}, 'interval': 30000}
[2025-07-09 04:09:19,790.790] DEBUG    [MainThread|MainProcess] websockets.client (protocol.py:read_frame:1177) | < TEXT '{"time":1752005359,"self_id":703263936,"post_ty...true},"interval":30000}' [148 bytes]
[2025-07-09 04:09:19,790.790] DEBUG    [MainThread|MainProcess] Logger (connect.py:on_message:43) | {'time': 1752005359, 'self_id': 703263936, 'post_type': 'meta_event', 'meta_event_type': 'heartbeat', 'status': {'online': True, 'good': True}, 'interval': 30000}
[2025-07-09 04:09:49,793.793] DEBUG    [MainThread|MainProcess] websockets.client (protocol.py:read_frame:1177) | < TEXT '{"time":1752005389,"self_id":703263936,"post_ty...true},"interval":30000}' [148 bytes]
[2025-07-09 04:09:49,793.793] DEBUG    [MainThread|MainProcess] Logger (connect.py:on_message:43) | {'time': 1752005389, 'self_id': 703263936, 'post_type': 'meta_event', 'meta_event_type': 'heartbeat', 'status': {'online': True, 'good': True}, 'interval': 30000}
[2025-07-09 04:10:19,807.807] DEBUG    [MainThread|MainProcess] websockets.client (protocol.py:read_frame:1177) | < TEXT '{"time":1752005419,"self_id":703263936,"post_ty...true},"interval":30000}' [148 bytes]
[2025-07-09 04:10:19,807.807] DEBUG    [MainThread|MainProcess] Logger (connect.py:on_message:43) | {'time': 1752005419, 'self_id': 703263936, 'post_type': 'meta_event', 'meta_event_type': 'heartbeat', 'status': {'online': True, 'good': True}, 'interval': 30000}
[2025-07-09 04:10:49,821.821] DEBUG    [MainThread|MainProcess] websockets.client (protocol.py:read_frame:1177) | < TEXT '{"time":1752005449,"self_id":703263936,"post_ty...true},"interval":30000}' [148 bytes]
[2025-07-09 04:10:49,821.821] DEBUG    [MainThread|MainProcess] Logger (connect.py:on_message:43) | {'time': 1752005449, 'self_id': 703263936, 'post_type': 'meta_event', 'meta_event_type': 'heartbeat', 'status': {'online': True, 'good': True}, 'interval': 30000}
[2025-07-09 04:11:19,834.834] DEBUG    [MainThread|MainProcess] websockets.client (protocol.py:read_frame:1177) | < TEXT '{"time":1752005479,"self_id":703263936,"post_ty...true},"interval":30000}' [148 bytes]
[2025-07-09 04:11:19,834.834] DEBUG    [MainThread|MainProcess] Logger (connect.py:on_message:43) | {'time': 1752005479, 'self_id': 703263936, 'post_type': 'meta_event', 'meta_event_type': 'heartbeat', 'status': {'online': True, 'good': True}, 'interval': 30000}
[2025-07-09 04:11:49,839.839] DEBUG    [MainThread|MainProcess] websockets.client (protocol.py:read_frame:1177) | < TEXT '{"time":1752005509,"self_id":703263936,"post_ty...true},"interval":30000}' [148 bytes]
[2025-07-09 04:11:49,839.839] DEBUG    [MainThread|MainProcess] Logger (connect.py:on_message:43) | {'time': 1752005509, 'self_id': 703263936, 'post_type': 'meta_event', 'meta_event_type': 'heartbeat', 'status': {'online': True, 'good': True}, 'interval': 30000}
[2025-07-09 04:12:19,852.852] DEBUG    [MainThread|MainProcess] websockets.client (protocol.py:read_frame:1177) | < TEXT '{"time":1752005539,"self_id":703263936,"post_ty...true},"interval":30000}' [148 bytes]
[2025-07-09 04:12:19,852.852] DEBUG    [MainThread|MainProcess] Logger (connect.py:on_message:43) | {'time': 1752005539, 'self_id': 703263936, 'post_type': 'meta_event', 'meta_event_type': 'heartbeat', 'status': {'online': True, 'good': True}, 'interval': 30000}
[2025-07-09 04:12:49,864.864] DEBUG    [MainThread|MainProcess] websockets.client (protocol.py:read_frame:1177) | < TEXT '{"time":1752005569,"self_id":703263936,"post_ty...true},"interval":30000}' [148 bytes]
[2025-07-09 04:12:49,864.864] DEBUG    [MainThread|MainProcess] Logger (connect.py:on_message:43) | {'time': 1752005569, 'self_id': 703263936, 'post_type': 'meta_event', 'meta_event_type': 'heartbeat', 'status': {'online': True, 'good': True}, 'interval': 30000}
[2025-07-09 04:13:19,877.877] DEBUG    [MainThread|MainProcess] websockets.client (protocol.py:read_frame:1177) | < TEXT '{"time":1752005599,"self_id":703263936,"post_ty...true},"interval":30000}' [148 bytes]
[2025-07-09 04:13:19,877.877] DEBUG    [MainThread|MainProcess] Logger (connect.py:on_message:43) | {'time': 1752005599, 'self_id': 703263936, 'post_type': 'meta_event', 'meta_event_type': 'heartbeat', 'status': {'online': True, 'good': True}, 'interval': 30000}
[2025-07-09 04:13:49,888.888] DEBUG    [MainThread|MainProcess] websockets.client (protocol.py:read_frame:1177) | < TEXT '{"time":1752005629,"self_id":703263936,"post_ty...true},"interval":30000}' [148 bytes]
[2025-07-09 04:13:49,888.888] DEBUG    [MainThread|MainProcess] Logger (connect.py:on_message:43) | {'time': 1752005629, 'self_id': 703263936, 'post_type': 'meta_event', 'meta_event_type': 'heartbeat', 'status': {'online': True, 'good': True}, 'interval': 30000}
[2025-07-09 04:14:19,902.902] DEBUG    [MainThread|MainProcess] websockets.client (protocol.py:read_frame:1177) | < TEXT '{"time":1752005659,"self_id":703263936,"post_ty...true},"interval":30000}' [148 bytes]
[2025-07-09 04:14:19,902.902] DEBUG    [MainThread|MainProcess] Logger (connect.py:on_message:43) | {'time': 1752005659, 'self_id': 703263936, 'post_type': 'meta_event', 'meta_event_type': 'heartbeat', 'status': {'online': True, 'good': True}, 'interval': 30000}
[2025-07-09 04:14:49,904.904] DEBUG    [MainThread|MainProcess] websockets.client (protocol.py:read_frame:1177) | < TEXT '{"time":1752005689,"self_id":703263936,"post_ty...true},"interval":30000}' [148 bytes]
[2025-07-09 04:14:49,904.904] DEBUG    [MainThread|MainProcess] Logger (connect.py:on_message:43) | {'time': 1752005689, 'self_id': 703263936, 'post_type': 'meta_event', 'meta_event_type': 'heartbeat', 'status': {'online': True, 'good': True}, 'interval': 30000}
[2025-07-09 04:15:19,918.918] DEBUG    [MainThread|MainProcess] websockets.client (protocol.py:read_frame:1177) | < TEXT '{"time":1752005719,"self_id":703263936,"post_ty...true},"interval":30000}' [148 bytes]
[2025-07-09 04:15:19,918.918] DEBUG    [MainThread|MainProcess] Logger (connect.py:on_message:43) | {'time': 1752005719, 'self_id': 703263936, 'post_type': 'meta_event', 'meta_event_type': 'heartbeat', 'status': {'online': True, 'good': True}, 'interval': 30000}
[2025-07-09 04:15:49,931.931] DEBUG    [MainThread|MainProcess] websockets.client (protocol.py:read_frame:1177) | < TEXT '{"time":1752005749,"self_id":703263936,"post_ty...true},"interval":30000}' [148 bytes]
[2025-07-09 04:15:49,931.931] DEBUG    [MainThread|MainProcess] Logger (connect.py:on_message:43) | {'time': 1752005749, 'self_id': 703263936, 'post_type': 'meta_event', 'meta_event_type': 'heartbeat', 'status': {'online': True, 'good': True}, 'interval': 30000}
[2025-07-09 04:16:19,945.945] DEBUG    [MainThread|MainProcess] websockets.client (protocol.py:read_frame:1177) | < TEXT '{"time":1752005779,"self_id":703263936,"post_ty...true},"interval":30000}' [148 bytes]
[2025-07-09 04:16:19,945.945] DEBUG    [MainThread|MainProcess] Logger (connect.py:on_message:43) | {'time': 1752005779, 'self_id': 703263936, 'post_type': 'meta_event', 'meta_event_type': 'heartbeat', 'status': {'online': True, 'good': True}, 'interval': 30000}
[2025-07-09 04:16:49,953.953] DEBUG    [MainThread|MainProcess] websockets.client (protocol.py:read_frame:1177) | < TEXT '{"time":1752005809,"self_id":703263936,"post_ty...true},"interval":30000}' [148 bytes]
[2025-07-09 04:16:49,953.953] DEBUG    [MainThread|MainProcess] Logger (connect.py:on_message:43) | {'time': 1752005809, 'self_id': 703263936, 'post_type': 'meta_event', 'meta_event_type': 'heartbeat', 'status': {'online': True, 'good': True}, 'interval': 30000}
[2025-07-09 04:17:19,967.967] DEBUG    [MainThread|MainProcess] websockets.client (protocol.py:read_frame:1177) | < TEXT '{"time":1752005839,"self_id":703263936,"post_ty...true},"interval":30000}' [148 bytes]
[2025-07-09 04:17:19,967.967] DEBUG    [MainThread|MainProcess] Logger (connect.py:on_message:43) | {'time': 1752005839, 'self_id': 703263936, 'post_type': 'meta_event', 'meta_event_type': 'heartbeat', 'status': {'online': True, 'good': True}, 'interval': 30000}
[2025-07-09 04:17:49,967.967] DEBUG    [MainThread|MainProcess] websockets.client (protocol.py:read_frame:1177) | < TEXT '{"time":1752005869,"self_id":703263936,"post_ty...true},"interval":30000}' [148 bytes]
[2025-07-09 04:17:49,967.967] DEBUG    [MainThread|MainProcess] Logger (connect.py:on_message:43) | {'time': 1752005869, 'self_id': 703263936, 'post_type': 'meta_event', 'meta_event_type': 'heartbeat', 'status': {'online': True, 'good': True}, 'interval': 30000}
[2025-07-09 04:18:19,980.980] DEBUG    [MainThread|MainProcess] websockets.client (protocol.py:read_frame:1177) | < TEXT '{"time":1752005899,"self_id":703263936,"post_ty...true},"interval":30000}' [148 bytes]
[2025-07-09 04:18:19,980.980] DEBUG    [MainThread|MainProcess] Logger (connect.py:on_message:43) | {'time': 1752005899, 'self_id': 703263936, 'post_type': 'meta_event', 'meta_event_type': 'heartbeat', 'status': {'online': True, 'good': True}, 'interval': 30000}
[2025-07-09 04:18:49,991.991] DEBUG    [MainThread|MainProcess] websockets.client (protocol.py:read_frame:1177) | < TEXT '{"time":1752005929,"self_id":703263936,"post_ty...true},"interval":30000}' [148 bytes]
[2025-07-09 04:18:49,991.991] DEBUG    [MainThread|MainProcess] Logger (connect.py:on_message:43) | {'time': 1752005929, 'self_id': 703263936, 'post_type': 'meta_event', 'meta_event_type': 'heartbeat', 'status': {'online': True, 'good': True}, 'interval': 30000}
[2025-07-09 04:19:20,005.005] DEBUG    [MainThread|MainProcess] websockets.client (protocol.py:read_frame:1177) | < TEXT '{"time":1752005960,"self_id":703263936,"post_ty...true},"interval":30000}' [148 bytes]
[2025-07-09 04:19:20,005.005] DEBUG    [MainThread|MainProcess] Logger (connect.py:on_message:43) | {'time': 1752005960, 'self_id': 703263936, 'post_type': 'meta_event', 'meta_event_type': 'heartbeat', 'status': {'online': True, 'good': True}, 'interval': 30000}
[2025-07-09 04:19:50,007.007] DEBUG    [MainThread|MainProcess] websockets.client (protocol.py:read_frame:1177) | < TEXT '{"time":1752005990,"self_id":703263936,"post_ty...true},"interval":30000}' [148 bytes]
[2025-07-09 04:19:50,007.007] DEBUG    [MainThread|MainProcess] Logger (connect.py:on_message:43) | {'time': 1752005990, 'self_id': 703263936, 'post_type': 'meta_event', 'meta_event_type': 'heartbeat', 'status': {'online': True, 'good': True}, 'interval': 30000}
[2025-07-09 04:20:20,021.021] DEBUG    [MainThread|MainProcess] websockets.client (protocol.py:read_frame:1177) | < TEXT '{"time":1752006020,"self_id":703263936,"post_ty...true},"interval":30000}' [148 bytes]
[2025-07-09 04:20:20,021.021] DEBUG    [MainThread|MainProcess] Logger (connect.py:on_message:43) | {'time': 1752006020, 'self_id': 703263936, 'post_type': 'meta_event', 'meta_event_type': 'heartbeat', 'status': {'online': True, 'good': True}, 'interval': 30000}
[2025-07-09 04:20:50,025.025] DEBUG    [MainThread|MainProcess] websockets.client (protocol.py:read_frame:1177) | < TEXT '{"time":1752006050,"self_id":703263936,"post_ty...true},"interval":30000}' [148 bytes]
[2025-07-09 04:20:50,025.025] DEBUG    [MainThread|MainProcess] Logger (connect.py:on_message:43) | {'time': 1752006050, 'self_id': 703263936, 'post_type': 'meta_event', 'meta_event_type': 'heartbeat', 'status': {'online': True, 'good': True}, 'interval': 30000}
[2025-07-09 04:21:20,039.039] DEBUG    [MainThread|MainProcess] websockets.client (protocol.py:read_frame:1177) | < TEXT '{"time":1752006080,"self_id":703263936,"post_ty...true},"interval":30000}' [148 bytes]
[2025-07-09 04:21:20,039.039] DEBUG    [MainThread|MainProcess] Logger (connect.py:on_message:43) | {'time': 1752006080, 'self_id': 703263936, 'post_type': 'meta_event', 'meta_event_type': 'heartbeat', 'status': {'online': True, 'good': True}, 'interval': 30000}
[2025-07-09 04:21:50,039.039] DEBUG    [MainThread|MainProcess] websockets.client (protocol.py:read_frame:1177) | < TEXT '{"time":1752006110,"self_id":703263936,"post_ty...true},"interval":30000}' [148 bytes]
[2025-07-09 04:21:50,039.039] DEBUG    [MainThread|MainProcess] Logger (connect.py:on_message:43) | {'time': 1752006110, 'self_id': 703263936, 'post_type': 'meta_event', 'meta_event_type': 'heartbeat', 'status': {'online': True, 'good': True}, 'interval': 30000}
[2025-07-09 04:22:20,053.053] DEBUG    [MainThread|MainProcess] websockets.client (protocol.py:read_frame:1177) | < TEXT '{"time":1752006140,"self_id":703263936,"post_ty...true},"interval":30000}' [148 bytes]
[2025-07-09 04:22:20,053.053] DEBUG    [MainThread|MainProcess] Logger (connect.py:on_message:43) | {'time': 1752006140, 'self_id': 703263936, 'post_type': 'meta_event', 'meta_event_type': 'heartbeat', 'status': {'online': True, 'good': True}, 'interval': 30000}
[2025-07-09 04:22:50,063.063] DEBUG    [MainThread|MainProcess] websockets.client (protocol.py:read_frame:1177) | < TEXT '{"time":1752006170,"self_id":703263936,"post_ty...true},"interval":30000}' [148 bytes]
[2025-07-09 04:22:50,063.063] DEBUG    [MainThread|MainProcess] Logger (connect.py:on_message:43) | {'time': 1752006170, 'self_id': 703263936, 'post_type': 'meta_event', 'meta_event_type': 'heartbeat', 'status': {'online': True, 'good': True}, 'interval': 30000}
[2025-07-09 04:23:20,077.077] DEBUG    [MainThread|MainProcess] websockets.client (protocol.py:read_frame:1177) | < TEXT '{"time":1752006200,"self_id":703263936,"post_ty...true},"interval":30000}' [148 bytes]
[2025-07-09 04:23:20,077.077] DEBUG    [MainThread|MainProcess] Logger (connect.py:on_message:43) | {'time': 1752006200, 'self_id': 703263936, 'post_type': 'meta_event', 'meta_event_type': 'heartbeat', 'status': {'online': True, 'good': True}, 'interval': 30000}
[2025-07-09 04:23:50,085.085] DEBUG    [MainThread|MainProcess] websockets.client (protocol.py:read_frame:1177) | < TEXT '{"time":1752006230,"self_id":703263936,"post_ty...true},"interval":30000}' [148 bytes]
[2025-07-09 04:23:50,085.085] DEBUG    [MainThread|MainProcess] Logger (connect.py:on_message:43) | {'time': 1752006230, 'self_id': 703263936, 'post_type': 'meta_event', 'meta_event_type': 'heartbeat', 'status': {'online': True, 'good': True}, 'interval': 30000}
[2025-07-09 04:24:20,099.099] DEBUG    [MainThread|MainProcess] websockets.client (protocol.py:read_frame:1177) | < TEXT '{"time":1752006260,"self_id":703263936,"post_ty...true},"interval":30000}' [148 bytes]
[2025-07-09 04:24:20,099.099] DEBUG    [MainThread|MainProcess] Logger (connect.py:on_message:43) | {'time': 1752006260, 'self_id': 703263936, 'post_type': 'meta_event', 'meta_event_type': 'heartbeat', 'status': {'online': True, 'good': True}, 'interval': 30000}
[2025-07-09 04:24:50,104.104] DEBUG    [MainThread|MainProcess] websockets.client (protocol.py:read_frame:1177) | < TEXT '{"time":1752006290,"self_id":703263936,"post_ty...true},"interval":30000}' [148 bytes]
[2025-07-09 04:24:50,150.150] DEBUG    [MainThread|MainProcess] Logger (connect.py:on_message:43) | {'time': 1752006290, 'self_id': 703263936, 'post_type': 'meta_event', 'meta_event_type': 'heartbeat', 'status': {'online': True, 'good': True}, 'interval': 30000}
[2025-07-09 04:25:20,117.117] DEBUG    [MainThread|MainProcess] websockets.client (protocol.py:read_frame:1177) | < TEXT '{"time":1752006320,"self_id":703263936,"post_ty...true},"interval":30000}' [148 bytes]
[2025-07-09 04:25:20,117.117] DEBUG    [MainThread|MainProcess] Logger (connect.py:on_message:43) | {'time': 1752006320, 'self_id': 703263936, 'post_type': 'meta_event', 'meta_event_type': 'heartbeat', 'status': {'online': True, 'good': True}, 'interval': 30000}
[2025-07-09 04:25:50,130.130] DEBUG    [MainThread|MainProcess] websockets.client (protocol.py:read_frame:1177) | < TEXT '{"time":1752006350,"self_id":703263936,"post_ty...true},"interval":30000}' [148 bytes]
[2025-07-09 04:25:50,130.130] DEBUG    [MainThread|MainProcess] Logger (connect.py:on_message:43) | {'time': 1752006350, 'self_id': 703263936, 'post_type': 'meta_event', 'meta_event_type': 'heartbeat', 'status': {'online': True, 'good': True}, 'interval': 30000}
[2025-07-09 04:26:20,144.144] DEBUG    [MainThread|MainProcess] websockets.client (protocol.py:read_frame:1177) | < TEXT '{"time":1752006380,"self_id":703263936,"post_ty...true},"interval":30000}' [148 bytes]
[2025-07-09 04:26:20,144.144] DEBUG    [MainThread|MainProcess] Logger (connect.py:on_message:43) | {'time': 1752006380, 'self_id': 703263936, 'post_type': 'meta_event', 'meta_event_type': 'heartbeat', 'status': {'online': True, 'good': True}, 'interval': 30000}
[2025-07-09 04:26:50,146.146] DEBUG    [MainThread|MainProcess] websockets.client (protocol.py:read_frame:1177) | < TEXT '{"time":1752006410,"self_id":703263936,"post_ty...true},"interval":30000}' [148 bytes]
[2025-07-09 04:26:50,146.146] DEBUG    [MainThread|MainProcess] Logger (connect.py:on_message:43) | {'time': 1752006410, 'self_id': 703263936, 'post_type': 'meta_event', 'meta_event_type': 'heartbeat', 'status': {'online': True, 'good': True}, 'interval': 30000}
[2025-07-09 04:27:20,160.160] DEBUG    [MainThread|MainProcess] websockets.client (protocol.py:read_frame:1177) | < TEXT '{"time":1752006440,"self_id":703263936,"post_ty...true},"interval":30000}' [148 bytes]
[2025-07-09 04:27:20,160.160] DEBUG    [MainThread|MainProcess] Logger (connect.py:on_message:43) | {'time': 1752006440, 'self_id': 703263936, 'post_type': 'meta_event', 'meta_event_type': 'heartbeat', 'status': {'online': True, 'good': True}, 'interval': 30000}
[2025-07-09 04:27:50,167.167] DEBUG    [MainThread|MainProcess] websockets.client (protocol.py:read_frame:1177) | < TEXT '{"time":1752006470,"self_id":703263936,"post_ty...true},"interval":30000}' [148 bytes]
[2025-07-09 04:27:50,167.167] DEBUG    [MainThread|MainProcess] Logger (connect.py:on_message:43) | {'time': 1752006470, 'self_id': 703263936, 'post_type': 'meta_event', 'meta_event_type': 'heartbeat', 'status': {'online': True, 'good': True}, 'interval': 30000}
[2025-07-09 04:28:20,180.180] DEBUG    [MainThread|MainProcess] websockets.client (protocol.py:read_frame:1177) | < TEXT '{"time":1752006500,"self_id":703263936,"post_ty...true},"interval":30000}' [148 bytes]
[2025-07-09 04:28:20,180.180] DEBUG    [MainThread|MainProcess] Logger (connect.py:on_message:43) | {'time': 1752006500, 'self_id': 703263936, 'post_type': 'meta_event', 'meta_event_type': 'heartbeat', 'status': {'online': True, 'good': True}, 'interval': 30000}
[2025-07-09 04:28:50,194.194] DEBUG    [MainThread|MainProcess] websockets.client (protocol.py:read_frame:1177) | < TEXT '{"time":1752006530,"self_id":703263936,"post_ty...true},"interval":30000}' [148 bytes]
[2025-07-09 04:28:50,194.194] DEBUG    [MainThread|MainProcess] Logger (connect.py:on_message:43) | {'time': 1752006530, 'self_id': 703263936, 'post_type': 'meta_event', 'meta_event_type': 'heartbeat', 'status': {'online': True, 'good': True}, 'interval': 30000}
[2025-07-09 04:29:20,208.208] DEBUG    [MainThread|MainProcess] websockets.client (protocol.py:read_frame:1177) | < TEXT '{"time":1752006560,"self_id":703263936,"post_ty...true},"interval":30000}' [148 bytes]
[2025-07-09 04:29:20,208.208] DEBUG    [MainThread|MainProcess] Logger (connect.py:on_message:43) | {'time': 1752006560, 'self_id': 703263936, 'post_type': 'meta_event', 'meta_event_type': 'heartbeat', 'status': {'online': True, 'good': True}, 'interval': 30000}
[2025-07-09 04:29:50,221.221] DEBUG    [MainThread|MainProcess] websockets.client (protocol.py:read_frame:1177) | < TEXT '{"time":1752006590,"self_id":703263936,"post_ty...true},"interval":30000}' [148 bytes]
[2025-07-09 04:29:50,221.221] DEBUG    [MainThread|MainProcess] Logger (connect.py:on_message:43) | {'time': 1752006590, 'self_id': 703263936, 'post_type': 'meta_event', 'meta_event_type': 'heartbeat', 'status': {'online': True, 'good': True}, 'interval': 30000}
[2025-07-09 04:30:20,235.235] DEBUG    [MainThread|MainProcess] websockets.client (protocol.py:read_frame:1177) | < TEXT '{"time":1752006620,"self_id":703263936,"post_ty...true},"interval":30000}' [148 bytes]
[2025-07-09 04:30:20,235.235] DEBUG    [MainThread|MainProcess] Logger (connect.py:on_message:43) | {'time': 1752006620, 'self_id': 703263936, 'post_type': 'meta_event', 'meta_event_type': 'heartbeat', 'status': {'online': True, 'good': True}, 'interval': 30000}
[2025-07-09 04:30:50,235.235] DEBUG    [MainThread|MainProcess] websockets.client (protocol.py:read_frame:1177) | < TEXT '{"time":1752006650,"self_id":703263936,"post_ty...true},"interval":30000}' [148 bytes]
[2025-07-09 04:30:50,235.235] DEBUG    [MainThread|MainProcess] Logger (connect.py:on_message:43) | {'time': 1752006650, 'self_id': 703263936, 'post_type': 'meta_event', 'meta_event_type': 'heartbeat', 'status': {'online': True, 'good': True}, 'interval': 30000}
[2025-07-09 04:31:20,248.248] DEBUG    [MainThread|MainProcess] websockets.client (protocol.py:read_frame:1177) | < TEXT '{"time":1752006680,"self_id":703263936,"post_ty...true},"interval":30000}' [148 bytes]
[2025-07-09 04:31:20,248.248] DEBUG    [MainThread|MainProcess] Logger (connect.py:on_message:43) | {'time': 1752006680, 'self_id': 703263936, 'post_type': 'meta_event', 'meta_event_type': 'heartbeat', 'status': {'online': True, 'good': True}, 'interval': 30000}
[2025-07-09 04:31:50,251.251] DEBUG    [MainThread|MainProcess] websockets.client (protocol.py:read_frame:1177) | < TEXT '{"time":1752006710,"self_id":703263936,"post_ty...true},"interval":30000}' [148 bytes]
[2025-07-09 04:31:50,251.251] DEBUG    [MainThread|MainProcess] Logger (connect.py:on_message:43) | {'time': 1752006710, 'self_id': 703263936, 'post_type': 'meta_event', 'meta_event_type': 'heartbeat', 'status': {'online': True, 'good': True}, 'interval': 30000}
[2025-07-09 04:32:20,264.264] DEBUG    [MainThread|MainProcess] websockets.client (protocol.py:read_frame:1177) | < TEXT '{"time":1752006740,"self_id":703263936,"post_ty...true},"interval":30000}' [148 bytes]
[2025-07-09 04:32:20,264.264] DEBUG    [MainThread|MainProcess] Logger (connect.py:on_message:43) | {'time': 1752006740, 'self_id': 703263936, 'post_type': 'meta_event', 'meta_event_type': 'heartbeat', 'status': {'online': True, 'good': True}, 'interval': 30000}
[2025-07-09 04:32:50,278.278] DEBUG    [MainThread|MainProcess] websockets.client (protocol.py:read_frame:1177) | < TEXT '{"time":1752006770,"self_id":703263936,"post_ty...true},"interval":30000}' [148 bytes]
[2025-07-09 04:32:50,278.278] DEBUG    [MainThread|MainProcess] Logger (connect.py:on_message:43) | {'time': 1752006770, 'self_id': 703263936, 'post_type': 'meta_event', 'meta_event_type': 'heartbeat', 'status': {'online': True, 'good': True}, 'interval': 30000}
[2025-07-09 04:33:20,291.291] DEBUG    [MainThread|MainProcess] websockets.client (protocol.py:read_frame:1177) | < TEXT '{"time":1752006800,"self_id":703263936,"post_ty...true},"interval":30000}' [148 bytes]
[2025-07-09 04:33:20,291.291] DEBUG    [MainThread|MainProcess] Logger (connect.py:on_message:43) | {'time': 1752006800, 'self_id': 703263936, 'post_type': 'meta_event', 'meta_event_type': 'heartbeat', 'status': {'online': True, 'good': True}, 'interval': 30000}
[2025-07-09 04:33:50,299.299] DEBUG    [MainThread|MainProcess] websockets.client (protocol.py:read_frame:1177) | < TEXT '{"time":1752006830,"self_id":703263936,"post_ty...true},"interval":30000}' [148 bytes]
[2025-07-09 04:33:50,299.299] DEBUG    [MainThread|MainProcess] Logger (connect.py:on_message:43) | {'time': 1752006830, 'self_id': 703263936, 'post_type': 'meta_event', 'meta_event_type': 'heartbeat', 'status': {'online': True, 'good': True}, 'interval': 30000}
[2025-07-09 04:34:20,313.313] DEBUG    [MainThread|MainProcess] websockets.client (protocol.py:read_frame:1177) | < TEXT '{"time":1752006860,"self_id":703263936,"post_ty...true},"interval":30000}' [148 bytes]
[2025-07-09 04:34:20,313.313] DEBUG    [MainThread|MainProcess] Logger (connect.py:on_message:43) | {'time': 1752006860, 'self_id': 703263936, 'post_type': 'meta_event', 'meta_event_type': 'heartbeat', 'status': {'online': True, 'good': True}, 'interval': 30000}
[2025-07-09 04:34:50,326.326] DEBUG    [MainThread|MainProcess] websockets.client (protocol.py:read_frame:1177) | < TEXT '{"time":1752006890,"self_id":703263936,"post_ty...true},"interval":30000}' [148 bytes]
[2025-07-09 04:34:50,326.326] DEBUG    [MainThread|MainProcess] Logger (connect.py:on_message:43) | {'time': 1752006890, 'self_id': 703263936, 'post_type': 'meta_event', 'meta_event_type': 'heartbeat', 'status': {'online': True, 'good': True}, 'interval': 30000}
[2025-07-09 04:35:20,336.336] DEBUG    [MainThread|MainProcess] websockets.client (protocol.py:read_frame:1177) | < TEXT '{"time":1752006920,"self_id":703263936,"post_ty...true},"interval":30000}' [148 bytes]
[2025-07-09 04:35:20,336.336] DEBUG    [MainThread|MainProcess] Logger (connect.py:on_message:43) | {'time': 1752006920, 'self_id': 703263936, 'post_type': 'meta_event', 'meta_event_type': 'heartbeat', 'status': {'online': True, 'good': True}, 'interval': 30000}
[2025-07-09 04:35:50,350.350] DEBUG    [MainThread|MainProcess] websockets.client (protocol.py:read_frame:1177) | < TEXT '{"time":1752006950,"self_id":703263936,"post_ty...true},"interval":30000}' [148 bytes]
[2025-07-09 04:35:50,350.350] DEBUG    [MainThread|MainProcess] Logger (connect.py:on_message:43) | {'time': 1752006950, 'self_id': 703263936, 'post_type': 'meta_event', 'meta_event_type': 'heartbeat', 'status': {'online': True, 'good': True}, 'interval': 30000}
[2025-07-09 04:36:20,352.352] DEBUG    [MainThread|MainProcess] websockets.client (protocol.py:read_frame:1177) | < TEXT '{"time":1752006980,"self_id":703263936,"post_ty...true},"interval":30000}' [148 bytes]
[2025-07-09 04:36:20,352.352] DEBUG    [MainThread|MainProcess] Logger (connect.py:on_message:43) | {'time': 1752006980, 'self_id': 703263936, 'post_type': 'meta_event', 'meta_event_type': 'heartbeat', 'status': {'online': True, 'good': True}, 'interval': 30000}
[2025-07-09 04:36:50,359.359] DEBUG    [MainThread|MainProcess] websockets.client (protocol.py:read_frame:1177) | < TEXT '{"time":1752007010,"self_id":703263936,"post_ty...true},"interval":30000}' [148 bytes]
[2025-07-09 04:36:50,359.359] DEBUG    [MainThread|MainProcess] Logger (connect.py:on_message:43) | {'time': 1752007010, 'self_id': 703263936, 'post_type': 'meta_event', 'meta_event_type': 'heartbeat', 'status': {'online': True, 'good': True}, 'interval': 30000}
[2025-07-09 04:37:20,372.372] DEBUG    [MainThread|MainProcess] websockets.client (protocol.py:read_frame:1177) | < TEXT '{"time":1752007040,"self_id":703263936,"post_ty...true},"interval":30000}' [148 bytes]
[2025-07-09 04:37:20,372.372] DEBUG    [MainThread|MainProcess] Logger (connect.py:on_message:43) | {'time': 1752007040, 'self_id': 703263936, 'post_type': 'meta_event', 'meta_event_type': 'heartbeat', 'status': {'online': True, 'good': True}, 'interval': 30000}
[2025-07-09 04:37:50,380.380] DEBUG    [MainThread|MainProcess] websockets.client (protocol.py:read_frame:1177) | < TEXT '{"time":1752007070,"self_id":703263936,"post_ty...true},"interval":30000}' [148 bytes]
[2025-07-09 04:37:50,380.380] DEBUG    [MainThread|MainProcess] Logger (connect.py:on_message:43) | {'time': 1752007070, 'self_id': 703263936, 'post_type': 'meta_event', 'meta_event_type': 'heartbeat', 'status': {'online': True, 'good': True}, 'interval': 30000}
[2025-07-09 04:38:20,393.393] DEBUG    [MainThread|MainProcess] websockets.client (protocol.py:read_frame:1177) | < TEXT '{"time":1752007100,"self_id":703263936,"post_ty...true},"interval":30000}' [148 bytes]
[2025-07-09 04:38:20,393.393] DEBUG    [MainThread|MainProcess] Logger (connect.py:on_message:43) | {'time': 1752007100, 'self_id': 703263936, 'post_type': 'meta_event', 'meta_event_type': 'heartbeat', 'status': {'online': True, 'good': True}, 'interval': 30000}
[2025-07-09 04:38:50,395.395] DEBUG    [MainThread|MainProcess] websockets.client (protocol.py:read_frame:1177) | < TEXT '{"time":1752007130,"self_id":703263936,"post_ty...true},"interval":30000}' [148 bytes]
[2025-07-09 04:38:50,395.395] DEBUG    [MainThread|MainProcess] Logger (connect.py:on_message:43) | {'time': 1752007130, 'self_id': 703263936, 'post_type': 'meta_event', 'meta_event_type': 'heartbeat', 'status': {'online': True, 'good': True}, 'interval': 30000}
[2025-07-09 04:39:20,408.408] DEBUG    [MainThread|MainProcess] websockets.client (protocol.py:read_frame:1177) | < TEXT '{"time":1752007160,"self_id":703263936,"post_ty...true},"interval":30000}' [148 bytes]
[2025-07-09 04:39:20,408.408] DEBUG    [MainThread|MainProcess] Logger (connect.py:on_message:43) | {'time': 1752007160, 'self_id': 703263936, 'post_type': 'meta_event', 'meta_event_type': 'heartbeat', 'status': {'online': True, 'good': True}, 'interval': 30000}
[2025-07-09 04:39:50,419.419] DEBUG    [MainThread|MainProcess] websockets.client (protocol.py:read_frame:1177) | < TEXT '{"time":1752007190,"self_id":703263936,"post_ty...true},"interval":30000}' [148 bytes]
[2025-07-09 04:39:50,419.419] DEBUG    [MainThread|MainProcess] Logger (connect.py:on_message:43) | {'time': 1752007190, 'self_id': 703263936, 'post_type': 'meta_event', 'meta_event_type': 'heartbeat', 'status': {'online': True, 'good': True}, 'interval': 30000}
[2025-07-09 04:40:20,433.433] DEBUG    [MainThread|MainProcess] websockets.client (protocol.py:read_frame:1177) | < TEXT '{"time":1752007220,"self_id":703263936,"post_ty...true},"interval":30000}' [148 bytes]
[2025-07-09 04:40:20,433.433] DEBUG    [MainThread|MainProcess] Logger (connect.py:on_message:43) | {'time': 1752007220, 'self_id': 703263936, 'post_type': 'meta_event', 'meta_event_type': 'heartbeat', 'status': {'online': True, 'good': True}, 'interval': 30000}
[2025-07-09 04:40:50,434.434] DEBUG    [MainThread|MainProcess] websockets.client (protocol.py:read_frame:1177) | < TEXT '{"time":1752007250,"self_id":703263936,"post_ty...true},"interval":30000}' [148 bytes]
[2025-07-09 04:40:50,434.434] DEBUG    [MainThread|MainProcess] Logger (connect.py:on_message:43) | {'time': 1752007250, 'self_id': 703263936, 'post_type': 'meta_event', 'meta_event_type': 'heartbeat', 'status': {'online': True, 'good': True}, 'interval': 30000}
[2025-07-09 04:41:20,447.447] DEBUG    [MainThread|MainProcess] websockets.client (protocol.py:read_frame:1177) | < TEXT '{"time":1752007280,"self_id":703263936,"post_ty...true},"interval":30000}' [148 bytes]
[2025-07-09 04:41:20,447.447] DEBUG    [MainThread|MainProcess] Logger (connect.py:on_message:43) | {'time': 1752007280, 'self_id': 703263936, 'post_type': 'meta_event', 'meta_event_type': 'heartbeat', 'status': {'online': True, 'good': True}, 'interval': 30000}
[2025-07-09 04:41:50,449.449] DEBUG    [MainThread|MainProcess] websockets.client (protocol.py:read_frame:1177) | < TEXT '{"time":1752007310,"self_id":703263936,"post_ty...true},"interval":30000}' [148 bytes]
[2025-07-09 04:41:50,449.449] DEBUG    [MainThread|MainProcess] Logger (connect.py:on_message:43) | {'time': 1752007310, 'self_id': 703263936, 'post_type': 'meta_event', 'meta_event_type': 'heartbeat', 'status': {'online': True, 'good': True}, 'interval': 30000}
[2025-07-09 04:42:20,462.462] DEBUG    [MainThread|MainProcess] websockets.client (protocol.py:read_frame:1177) | < TEXT '{"time":1752007340,"self_id":703263936,"post_ty...true},"interval":30000}' [148 bytes]
[2025-07-09 04:42:20,462.462] DEBUG    [MainThread|MainProcess] Logger (connect.py:on_message:43) | {'time': 1752007340, 'self_id': 703263936, 'post_type': 'meta_event', 'meta_event_type': 'heartbeat', 'status': {'online': True, 'good': True}, 'interval': 30000}
[2025-07-09 04:42:50,476.476] DEBUG    [MainThread|MainProcess] websockets.client (protocol.py:read_frame:1177) | < TEXT '{"time":1752007370,"self_id":703263936,"post_ty...true},"interval":30000}' [148 bytes]
[2025-07-09 04:42:50,476.476] DEBUG    [MainThread|MainProcess] Logger (connect.py:on_message:43) | {'time': 1752007370, 'self_id': 703263936, 'post_type': 'meta_event', 'meta_event_type': 'heartbeat', 'status': {'online': True, 'good': True}, 'interval': 30000}
[2025-07-09 04:43:20,490.490] DEBUG    [MainThread|MainProcess] websockets.client (protocol.py:read_frame:1177) | < TEXT '{"time":1752007400,"self_id":703263936,"post_ty...true},"interval":30000}' [148 bytes]
[2025-07-09 04:43:20,490.490] DEBUG    [MainThread|MainProcess] Logger (connect.py:on_message:43) | {'time': 1752007400, 'self_id': 703263936, 'post_type': 'meta_event', 'meta_event_type': 'heartbeat', 'status': {'online': True, 'good': True}, 'interval': 30000}
[2025-07-09 04:43:50,503.503] DEBUG    [MainThread|MainProcess] websockets.client (protocol.py:read_frame:1177) | < TEXT '{"time":1752007430,"self_id":703263936,"post_ty...true},"interval":30000}' [148 bytes]
[2025-07-09 04:43:50,503.503] DEBUG    [MainThread|MainProcess] Logger (connect.py:on_message:43) | {'time': 1752007430, 'self_id': 703263936, 'post_type': 'meta_event', 'meta_event_type': 'heartbeat', 'status': {'online': True, 'good': True}, 'interval': 30000}
[2025-07-09 04:44:20,516.516] DEBUG    [MainThread|MainProcess] websockets.client (protocol.py:read_frame:1177) | < TEXT '{"time":1752007460,"self_id":703263936,"post_ty...true},"interval":30000}' [148 bytes]
[2025-07-09 04:44:20,516.516] DEBUG    [MainThread|MainProcess] Logger (connect.py:on_message:43) | {'time': 1752007460, 'self_id': 703263936, 'post_type': 'meta_event', 'meta_event_type': 'heartbeat', 'status': {'online': True, 'good': True}, 'interval': 30000}
[2025-07-09 04:44:50,528.528] DEBUG    [MainThread|MainProcess] websockets.client (protocol.py:read_frame:1177) | < TEXT '{"time":1752007490,"self_id":703263936,"post_ty...true},"interval":30000}' [148 bytes]
[2025-07-09 04:44:50,528.528] DEBUG    [MainThread|MainProcess] Logger (connect.py:on_message:43) | {'time': 1752007490, 'self_id': 703263936, 'post_type': 'meta_event', 'meta_event_type': 'heartbeat', 'status': {'online': True, 'good': True}, 'interval': 30000}
[2025-07-09 04:45:20,541.541] DEBUG    [MainThread|MainProcess] websockets.client (protocol.py:read_frame:1177) | < TEXT '{"time":1752007520,"self_id":703263936,"post_ty...true},"interval":30000}' [148 bytes]
[2025-07-09 04:45:20,541.541] DEBUG    [MainThread|MainProcess] Logger (connect.py:on_message:43) | {'time': 1752007520, 'self_id': 703263936, 'post_type': 'meta_event', 'meta_event_type': 'heartbeat', 'status': {'online': True, 'good': True}, 'interval': 30000}
[2025-07-09 04:45:50,555.555] DEBUG    [MainThread|MainProcess] websockets.client (protocol.py:read_frame:1177) | < TEXT '{"time":1752007550,"self_id":703263936,"post_ty...true},"interval":30000}' [148 bytes]
[2025-07-09 04:45:50,555.555] DEBUG    [MainThread|MainProcess] Logger (connect.py:on_message:43) | {'time': 1752007550, 'self_id': 703263936, 'post_type': 'meta_event', 'meta_event_type': 'heartbeat', 'status': {'online': True, 'good': True}, 'interval': 30000}
[2025-07-09 04:46:20,568.568] DEBUG    [MainThread|MainProcess] websockets.client (protocol.py:read_frame:1177) | < TEXT '{"time":1752007580,"self_id":703263936,"post_ty...true},"interval":30000}' [148 bytes]
[2025-07-09 04:46:20,568.568] DEBUG    [MainThread|MainProcess] Logger (connect.py:on_message:43) | {'time': 1752007580, 'self_id': 703263936, 'post_type': 'meta_event', 'meta_event_type': 'heartbeat', 'status': {'online': True, 'good': True}, 'interval': 30000}
[2025-07-09 04:46:50,580.580] DEBUG    [MainThread|MainProcess] websockets.client (protocol.py:read_frame:1177) | < TEXT '{"time":1752007610,"self_id":703263936,"post_ty...true},"interval":30000}' [148 bytes]
[2025-07-09 04:46:50,580.580] DEBUG    [MainThread|MainProcess] Logger (connect.py:on_message:43) | {'time': 1752007610, 'self_id': 703263936, 'post_type': 'meta_event', 'meta_event_type': 'heartbeat', 'status': {'online': True, 'good': True}, 'interval': 30000}
[2025-07-09 04:47:20,593.593] DEBUG    [MainThread|MainProcess] websockets.client (protocol.py:read_frame:1177) | < TEXT '{"time":1752007640,"self_id":703263936,"post_ty...true},"interval":30000}' [148 bytes]
[2025-07-09 04:47:20,593.593] DEBUG    [MainThread|MainProcess] Logger (connect.py:on_message:43) | {'time': 1752007640, 'self_id': 703263936, 'post_type': 'meta_event', 'meta_event_type': 'heartbeat', 'status': {'online': True, 'good': True}, 'interval': 30000}
[2025-07-09 04:47:50,594.594] DEBUG    [MainThread|MainProcess] websockets.client (protocol.py:read_frame:1177) | < TEXT '{"time":1752007670,"self_id":703263936,"post_ty...true},"interval":30000}' [148 bytes]
[2025-07-09 04:47:50,594.594] DEBUG    [MainThread|MainProcess] Logger (connect.py:on_message:43) | {'time': 1752007670, 'self_id': 703263936, 'post_type': 'meta_event', 'meta_event_type': 'heartbeat', 'status': {'online': True, 'good': True}, 'interval': 30000}
[2025-07-09 04:48:20,607.607] DEBUG    [MainThread|MainProcess] websockets.client (protocol.py:read_frame:1177) | < TEXT '{"time":1752007700,"self_id":703263936,"post_ty...true},"interval":30000}' [148 bytes]
[2025-07-09 04:48:20,607.607] DEBUG    [MainThread|MainProcess] Logger (connect.py:on_message:43) | {'time': 1752007700, 'self_id': 703263936, 'post_type': 'meta_event', 'meta_event_type': 'heartbeat', 'status': {'online': True, 'good': True}, 'interval': 30000}
[2025-07-09 04:48:50,622.622] DEBUG    [MainThread|MainProcess] websockets.client (protocol.py:read_frame:1177) | < TEXT '{"time":1752007730,"self_id":703263936,"post_ty...true},"interval":30000}' [148 bytes]
[2025-07-09 04:48:50,622.622] DEBUG    [MainThread|MainProcess] Logger (connect.py:on_message:43) | {'time': 1752007730, 'self_id': 703263936, 'post_type': 'meta_event', 'meta_event_type': 'heartbeat', 'status': {'online': True, 'good': True}, 'interval': 30000}
[2025-07-09 04:49:20,635.635] DEBUG    [MainThread|MainProcess] websockets.client (protocol.py:read_frame:1177) | < TEXT '{"time":1752007760,"self_id":703263936,"post_ty...true},"interval":30000}' [148 bytes]
[2025-07-09 04:49:20,635.635] DEBUG    [MainThread|MainProcess] Logger (connect.py:on_message:43) | {'time': 1752007760, 'self_id': 703263936, 'post_type': 'meta_event', 'meta_event_type': 'heartbeat', 'status': {'online': True, 'good': True}, 'interval': 30000}
[2025-07-09 04:49:50,648.648] DEBUG    [MainThread|MainProcess] websockets.client (protocol.py:read_frame:1177) | < TEXT '{"time":1752007790,"self_id":703263936,"post_ty...true},"interval":30000}' [148 bytes]
[2025-07-09 04:49:50,648.648] DEBUG    [MainThread|MainProcess] Logger (connect.py:on_message:43) | {'time': 1752007790, 'self_id': 703263936, 'post_type': 'meta_event', 'meta_event_type': 'heartbeat', 'status': {'online': True, 'good': True}, 'interval': 30000}
[2025-07-09 04:50:20,662.662] DEBUG    [MainThread|MainProcess] websockets.client (protocol.py:read_frame:1177) | < TEXT '{"time":1752007820,"self_id":703263936,"post_ty...true},"interval":30000}' [148 bytes]
[2025-07-09 04:50:20,662.662] DEBUG    [MainThread|MainProcess] Logger (connect.py:on_message:43) | {'time': 1752007820, 'self_id': 703263936, 'post_type': 'meta_event', 'meta_event_type': 'heartbeat', 'status': {'online': True, 'good': True}, 'interval': 30000}
[2025-07-09 04:50:50,667.667] DEBUG    [MainThread|MainProcess] websockets.client (protocol.py:read_frame:1177) | < TEXT '{"time":1752007850,"self_id":703263936,"post_ty...true},"interval":30000}' [148 bytes]
[2025-07-09 04:50:50,667.667] DEBUG    [MainThread|MainProcess] Logger (connect.py:on_message:43) | {'time': 1752007850, 'self_id': 703263936, 'post_type': 'meta_event', 'meta_event_type': 'heartbeat', 'status': {'online': True, 'good': True}, 'interval': 30000}
[2025-07-09 04:51:20,681.681] DEBUG    [MainThread|MainProcess] websockets.client (protocol.py:read_frame:1177) | < TEXT '{"time":1752007880,"self_id":703263936,"post_ty...true},"interval":30000}' [148 bytes]
[2025-07-09 04:51:20,681.681] DEBUG    [MainThread|MainProcess] Logger (connect.py:on_message:43) | {'time': 1752007880, 'self_id': 703263936, 'post_type': 'meta_event', 'meta_event_type': 'heartbeat', 'status': {'online': True, 'good': True}, 'interval': 30000}
[2025-07-09 04:51:50,694.694] DEBUG    [MainThread|MainProcess] websockets.client (protocol.py:read_frame:1177) | < TEXT '{"time":1752007910,"self_id":703263936,"post_ty...true},"interval":30000}' [148 bytes]
[2025-07-09 04:51:50,694.694] DEBUG    [MainThread|MainProcess] Logger (connect.py:on_message:43) | {'time': 1752007910, 'self_id': 703263936, 'post_type': 'meta_event', 'meta_event_type': 'heartbeat', 'status': {'online': True, 'good': True}, 'interval': 30000}
[2025-07-09 04:52:20,707.707] DEBUG    [MainThread|MainProcess] websockets.client (protocol.py:read_frame:1177) | < TEXT '{"time":1752007940,"self_id":703263936,"post_ty...true},"interval":30000}' [148 bytes]
[2025-07-09 04:52:20,707.707] DEBUG    [MainThread|MainProcess] Logger (connect.py:on_message:43) | {'time': 1752007940, 'self_id': 703263936, 'post_type': 'meta_event', 'meta_event_type': 'heartbeat', 'status': {'online': True, 'good': True}, 'interval': 30000}
[2025-07-09 04:52:50,708.708] DEBUG    [MainThread|MainProcess] websockets.client (protocol.py:read_frame:1177) | < TEXT '{"time":1752007970,"self_id":703263936,"post_ty...true},"interval":30000}' [148 bytes]
[2025-07-09 04:52:50,708.708] DEBUG    [MainThread|MainProcess] Logger (connect.py:on_message:43) | {'time': 1752007970, 'self_id': 703263936, 'post_type': 'meta_event', 'meta_event_type': 'heartbeat', 'status': {'online': True, 'good': True}, 'interval': 30000}
[2025-07-09 04:53:20,721.721] DEBUG    [MainThread|MainProcess] websockets.client (protocol.py:read_frame:1177) | < TEXT '{"time":1752008000,"self_id":703263936,"post_ty...true},"interval":30000}' [148 bytes]
[2025-07-09 04:53:20,721.721] DEBUG    [MainThread|MainProcess] Logger (connect.py:on_message:43) | {'time': 1752008000, 'self_id': 703263936, 'post_type': 'meta_event', 'meta_event_type': 'heartbeat', 'status': {'online': True, 'good': True}, 'interval': 30000}
[2025-07-09 04:53:50,729.729] DEBUG    [MainThread|MainProcess] websockets.client (protocol.py:read_frame:1177) | < TEXT '{"time":1752008030,"self_id":703263936,"post_ty...true},"interval":30000}' [148 bytes]
[2025-07-09 04:53:50,729.729] DEBUG    [MainThread|MainProcess] Logger (connect.py:on_message:43) | {'time': 1752008030, 'self_id': 703263936, 'post_type': 'meta_event', 'meta_event_type': 'heartbeat', 'status': {'online': True, 'good': True}, 'interval': 30000}
[2025-07-09 04:54:20,742.742] DEBUG    [MainThread|MainProcess] websockets.client (protocol.py:read_frame:1177) | < TEXT '{"time":1752008060,"self_id":703263936,"post_ty...true},"interval":30000}' [148 bytes]
[2025-07-09 04:54:20,742.742] DEBUG    [MainThread|MainProcess] Logger (connect.py:on_message:43) | {'time': 1752008060, 'self_id': 703263936, 'post_type': 'meta_event', 'meta_event_type': 'heartbeat', 'status': {'online': True, 'good': True}, 'interval': 30000}
[2025-07-09 04:54:50,755.755] DEBUG    [MainThread|MainProcess] websockets.client (protocol.py:read_frame:1177) | < TEXT '{"time":1752008090,"self_id":703263936,"post_ty...true},"interval":30000}' [148 bytes]
[2025-07-09 04:54:50,755.755] DEBUG    [MainThread|MainProcess] Logger (connect.py:on_message:43) | {'time': 1752008090, 'self_id': 703263936, 'post_type': 'meta_event', 'meta_event_type': 'heartbeat', 'status': {'online': True, 'good': True}, 'interval': 30000}
[2025-07-09 04:55:20,769.769] DEBUG    [MainThread|MainProcess] websockets.client (protocol.py:read_frame:1177) | < TEXT '{"time":1752008120,"self_id":703263936,"post_ty...true},"interval":30000}' [148 bytes]
[2025-07-09 04:55:20,769.769] DEBUG    [MainThread|MainProcess] Logger (connect.py:on_message:43) | {'time': 1752008120, 'self_id': 703263936, 'post_type': 'meta_event', 'meta_event_type': 'heartbeat', 'status': {'online': True, 'good': True}, 'interval': 30000}
[2025-07-09 04:55:50,782.782] DEBUG    [MainThread|MainProcess] websockets.client (protocol.py:read_frame:1177) | < TEXT '{"time":1752008150,"self_id":703263936,"post_ty...true},"interval":30000}' [148 bytes]
[2025-07-09 04:55:50,782.782] DEBUG    [MainThread|MainProcess] Logger (connect.py:on_message:43) | {'time': 1752008150, 'self_id': 703263936, 'post_type': 'meta_event', 'meta_event_type': 'heartbeat', 'status': {'online': True, 'good': True}, 'interval': 30000}
[2025-07-09 04:56:20,795.795] DEBUG    [MainThread|MainProcess] websockets.client (protocol.py:read_frame:1177) | < TEXT '{"time":1752008180,"self_id":703263936,"post_ty...true},"interval":30000}' [148 bytes]
[2025-07-09 04:56:20,795.795] DEBUG    [MainThread|MainProcess] Logger (connect.py:on_message:43) | {'time': 1752008180, 'self_id': 703263936, 'post_type': 'meta_event', 'meta_event_type': 'heartbeat', 'status': {'online': True, 'good': True}, 'interval': 30000}
[2025-07-09 04:56:50,807.807] DEBUG    [MainThread|MainProcess] websockets.client (protocol.py:read_frame:1177) | < TEXT '{"time":1752008210,"self_id":703263936,"post_ty...true},"interval":30000}' [148 bytes]
[2025-07-09 04:56:50,807.807] DEBUG    [MainThread|MainProcess] Logger (connect.py:on_message:43) | {'time': 1752008210, 'self_id': 703263936, 'post_type': 'meta_event', 'meta_event_type': 'heartbeat', 'status': {'online': True, 'good': True}, 'interval': 30000}
[2025-07-09 04:57:20,821.821] DEBUG    [MainThread|MainProcess] websockets.client (protocol.py:read_frame:1177) | < TEXT '{"time":1752008240,"self_id":703263936,"post_ty...true},"interval":30000}' [148 bytes]
[2025-07-09 04:57:20,821.821] DEBUG    [MainThread|MainProcess] Logger (connect.py:on_message:43) | {'time': 1752008240, 'self_id': 703263936, 'post_type': 'meta_event', 'meta_event_type': 'heartbeat', 'status': {'online': True, 'good': True}, 'interval': 30000}
[2025-07-09 04:57:50,823.823] DEBUG    [MainThread|MainProcess] websockets.client (protocol.py:read_frame:1177) | < TEXT '{"time":1752008270,"self_id":703263936,"post_ty...true},"interval":30000}' [148 bytes]
[2025-07-09 04:57:50,823.823] DEBUG    [MainThread|MainProcess] Logger (connect.py:on_message:43) | {'time': 1752008270, 'self_id': 703263936, 'post_type': 'meta_event', 'meta_event_type': 'heartbeat', 'status': {'online': True, 'good': True}, 'interval': 30000}
[2025-07-09 04:58:20,836.836] DEBUG    [MainThread|MainProcess] websockets.client (protocol.py:read_frame:1177) | < TEXT '{"time":1752008300,"self_id":703263936,"post_ty...true},"interval":30000}' [148 bytes]
[2025-07-09 04:58:20,836.836] DEBUG    [MainThread|MainProcess] Logger (connect.py:on_message:43) | {'time': 1752008300, 'self_id': 703263936, 'post_type': 'meta_event', 'meta_event_type': 'heartbeat', 'status': {'online': True, 'good': True}, 'interval': 30000}
[2025-07-09 04:58:50,840.840] DEBUG    [MainThread|MainProcess] websockets.client (protocol.py:read_frame:1177) | < TEXT '{"time":1752008330,"self_id":703263936,"post_ty...true},"interval":30000}' [148 bytes]
[2025-07-09 04:58:50,840.840] DEBUG    [MainThread|MainProcess] Logger (connect.py:on_message:43) | {'time': 1752008330, 'self_id': 703263936, 'post_type': 'meta_event', 'meta_event_type': 'heartbeat', 'status': {'online': True, 'good': True}, 'interval': 30000}
[2025-07-09 04:59:20,853.853] DEBUG    [MainThread|MainProcess] websockets.client (protocol.py:read_frame:1177) | < TEXT '{"time":1752008360,"self_id":703263936,"post_ty...true},"interval":30000}' [148 bytes]
[2025-07-09 04:59:20,853.853] DEBUG    [MainThread|MainProcess] Logger (connect.py:on_message:43) | {'time': 1752008360, 'self_id': 703263936, 'post_type': 'meta_event', 'meta_event_type': 'heartbeat', 'status': {'online': True, 'good': True}, 'interval': 30000}
[2025-07-09 04:59:50,862.862] DEBUG    [MainThread|MainProcess] websockets.client (protocol.py:read_frame:1177) | < TEXT '{"time":1752008390,"self_id":703263936,"post_ty...true},"interval":30000}' [148 bytes]
[2025-07-09 04:59:50,862.862] DEBUG    [MainThread|MainProcess] Logger (connect.py:on_message:43) | {'time': 1752008390, 'self_id': 703263936, 'post_type': 'meta_event', 'meta_event_type': 'heartbeat', 'status': {'online': True, 'good': True}, 'interval': 30000}
[2025-07-09 05:00:20,876.876] DEBUG    [MainThread|MainProcess] websockets.client (protocol.py:read_frame:1177) | < TEXT '{"time":1752008420,"self_id":703263936,"post_ty...true},"interval":30000}' [148 bytes]
[2025-07-09 05:00:20,876.876] DEBUG    [MainThread|MainProcess] Logger (connect.py:on_message:43) | {'time': 1752008420, 'self_id': 703263936, 'post_type': 'meta_event', 'meta_event_type': 'heartbeat', 'status': {'online': True, 'good': True}, 'interval': 30000}
[2025-07-09 05:00:50,878.878] DEBUG    [MainThread|MainProcess] websockets.client (protocol.py:read_frame:1177) | < TEXT '{"time":1752008450,"self_id":703263936,"post_ty...true},"interval":30000}' [148 bytes]
[2025-07-09 05:00:50,878.878] DEBUG    [MainThread|MainProcess] Logger (connect.py:on_message:43) | {'time': 1752008450, 'self_id': 703263936, 'post_type': 'meta_event', 'meta_event_type': 'heartbeat', 'status': {'online': True, 'good': True}, 'interval': 30000}
[2025-07-09 05:01:20,892.892] DEBUG    [MainThread|MainProcess] websockets.client (protocol.py:read_frame:1177) | < TEXT '{"time":1752008480,"self_id":703263936,"post_ty...true},"interval":30000}' [148 bytes]
[2025-07-09 05:01:20,892.892] DEBUG    [MainThread|MainProcess] Logger (connect.py:on_message:43) | {'time': 1752008480, 'self_id': 703263936, 'post_type': 'meta_event', 'meta_event_type': 'heartbeat', 'status': {'online': True, 'good': True}, 'interval': 30000}
[2025-07-09 05:01:50,894.894] DEBUG    [MainThread|MainProcess] websockets.client (protocol.py:read_frame:1177) | < TEXT '{"time":1752008510,"self_id":703263936,"post_ty...true},"interval":30000}' [148 bytes]
[2025-07-09 05:01:50,894.894] DEBUG    [MainThread|MainProcess] Logger (connect.py:on_message:43) | {'time': 1752008510, 'self_id': 703263936, 'post_type': 'meta_event', 'meta_event_type': 'heartbeat', 'status': {'online': True, 'good': True}, 'interval': 30000}
[2025-07-09 05:02:20,907.907] DEBUG    [MainThread|MainProcess] websockets.client (protocol.py:read_frame:1177) | < TEXT '{"time":1752008540,"self_id":703263936,"post_ty...true},"interval":30000}' [148 bytes]
[2025-07-09 05:02:20,907.907] DEBUG    [MainThread|MainProcess] Logger (connect.py:on_message:43) | {'time': 1752008540, 'self_id': 703263936, 'post_type': 'meta_event', 'meta_event_type': 'heartbeat', 'status': {'online': True, 'good': True}, 'interval': 30000}
[2025-07-09 05:02:50,917.917] DEBUG    [MainThread|MainProcess] websockets.client (protocol.py:read_frame:1177) | < TEXT '{"time":1752008570,"self_id":703263936,"post_ty...true},"interval":30000}' [148 bytes]
[2025-07-09 05:02:50,917.917] DEBUG    [MainThread|MainProcess] Logger (connect.py:on_message:43) | {'time': 1752008570, 'self_id': 703263936, 'post_type': 'meta_event', 'meta_event_type': 'heartbeat', 'status': {'online': True, 'good': True}, 'interval': 30000}
[2025-07-09 05:03:20,931.931] DEBUG    [MainThread|MainProcess] websockets.client (protocol.py:read_frame:1177) | < TEXT '{"time":1752008600,"self_id":703263936,"post_ty...true},"interval":30000}' [148 bytes]
[2025-07-09 05:03:20,931.931] DEBUG    [MainThread|MainProcess] Logger (connect.py:on_message:43) | {'time': 1752008600, 'self_id': 703263936, 'post_type': 'meta_event', 'meta_event_type': 'heartbeat', 'status': {'online': True, 'good': True}, 'interval': 30000}
[2025-07-09 05:03:50,942.942] DEBUG    [MainThread|MainProcess] websockets.client (protocol.py:read_frame:1177) | < TEXT '{"time":1752008630,"self_id":703263936,"post_ty...true},"interval":30000}' [148 bytes]
[2025-07-09 05:03:50,942.942] DEBUG    [MainThread|MainProcess] Logger (connect.py:on_message:43) | {'time': 1752008630, 'self_id': 703263936, 'post_type': 'meta_event', 'meta_event_type': 'heartbeat', 'status': {'online': True, 'good': True}, 'interval': 30000}
[2025-07-09 05:04:20,955.955] DEBUG    [MainThread|MainProcess] websockets.client (protocol.py:read_frame:1177) | < TEXT '{"time":1752008660,"self_id":703263936,"post_ty...true},"interval":30000}' [148 bytes]
[2025-07-09 05:04:20,955.955] DEBUG    [MainThread|MainProcess] Logger (connect.py:on_message:43) | {'time': 1752008660, 'self_id': 703263936, 'post_type': 'meta_event', 'meta_event_type': 'heartbeat', 'status': {'online': True, 'good': True}, 'interval': 30000}
[2025-07-09 05:04:50,960.960] DEBUG    [MainThread|MainProcess] websockets.client (protocol.py:read_frame:1177) | < TEXT '{"time":1752008690,"self_id":703263936,"post_ty...true},"interval":30000}' [148 bytes]
[2025-07-09 05:04:50,960.960] DEBUG    [MainThread|MainProcess] Logger (connect.py:on_message:43) | {'time': 1752008690, 'self_id': 703263936, 'post_type': 'meta_event', 'meta_event_type': 'heartbeat', 'status': {'online': True, 'good': True}, 'interval': 30000}
[2025-07-09 05:05:20,973.973] DEBUG    [MainThread|MainProcess] websockets.client (protocol.py:read_frame:1177) | < TEXT '{"time":1752008720,"self_id":703263936,"post_ty...true},"interval":30000}' [148 bytes]
[2025-07-09 05:05:20,973.973] DEBUG    [MainThread|MainProcess] Logger (connect.py:on_message:43) | {'time': 1752008720, 'self_id': 703263936, 'post_type': 'meta_event', 'meta_event_type': 'heartbeat', 'status': {'online': True, 'good': True}, 'interval': 30000}
[2025-07-09 05:05:50,987.987] DEBUG    [MainThread|MainProcess] websockets.client (protocol.py:read_frame:1177) | < TEXT '{"time":1752008750,"self_id":703263936,"post_ty...true},"interval":30000}' [148 bytes]
[2025-07-09 05:05:50,987.987] DEBUG    [MainThread|MainProcess] Logger (connect.py:on_message:43) | {'time': 1752008750, 'self_id': 703263936, 'post_type': 'meta_event', 'meta_event_type': 'heartbeat', 'status': {'online': True, 'good': True}, 'interval': 30000}
[2025-07-09 05:06:21,000.000] DEBUG    [MainThread|MainProcess] websockets.client (protocol.py:read_frame:1177) | < TEXT '{"time":1752008781,"self_id":703263936,"post_ty...true},"interval":30000}' [148 bytes]
[2025-07-09 05:06:21,000.000] DEBUG    [MainThread|MainProcess] Logger (connect.py:on_message:43) | {'time': 1752008781, 'self_id': 703263936, 'post_type': 'meta_event', 'meta_event_type': 'heartbeat', 'status': {'online': True, 'good': True}, 'interval': 30000}
[2025-07-09 05:06:51,007.007] DEBUG    [MainThread|MainProcess] websockets.client (protocol.py:read_frame:1177) | < TEXT '{"time":1752008811,"self_id":703263936,"post_ty...true},"interval":30000}' [148 bytes]
[2025-07-09 05:06:51,007.007] DEBUG    [MainThread|MainProcess] Logger (connect.py:on_message:43) | {'time': 1752008811, 'self_id': 703263936, 'post_type': 'meta_event', 'meta_event_type': 'heartbeat', 'status': {'online': True, 'good': True}, 'interval': 30000}
[2025-07-09 05:07:21,021.021] DEBUG    [MainThread|MainProcess] websockets.client (protocol.py:read_frame:1177) | < TEXT '{"time":1752008841,"self_id":703263936,"post_ty...true},"interval":30000}' [148 bytes]
[2025-07-09 05:07:21,021.021] DEBUG    [MainThread|MainProcess] Logger (connect.py:on_message:43) | {'time': 1752008841, 'self_id': 703263936, 'post_type': 'meta_event', 'meta_event_type': 'heartbeat', 'status': {'online': True, 'good': True}, 'interval': 30000}
[2025-07-09 05:07:51,022.022] DEBUG    [MainThread|MainProcess] websockets.client (protocol.py:read_frame:1177) | < TEXT '{"time":1752008871,"self_id":703263936,"post_ty...true},"interval":30000}' [148 bytes]
[2025-07-09 05:07:51,022.022] DEBUG    [MainThread|MainProcess] Logger (connect.py:on_message:43) | {'time': 1752008871, 'self_id': 703263936, 'post_type': 'meta_event', 'meta_event_type': 'heartbeat', 'status': {'online': True, 'good': True}, 'interval': 30000}
[2025-07-09 05:08:21,026.026] DEBUG    [MainThread|MainProcess] websockets.client (protocol.py:read_frame:1177) | < TEXT '{"time":1752008901,"self_id":703263936,"post_ty...true},"interval":30000}' [148 bytes]
[2025-07-09 05:08:21,026.026] DEBUG    [MainThread|MainProcess] Logger (connect.py:on_message:43) | {'time': 1752008901, 'self_id': 703263936, 'post_type': 'meta_event', 'meta_event_type': 'heartbeat', 'status': {'online': True, 'good': True}, 'interval': 30000}
[2025-07-09 05:08:51,036.036] DEBUG    [MainThread|MainProcess] websockets.client (protocol.py:read_frame:1177) | < TEXT '{"time":1752008931,"self_id":703263936,"post_ty...true},"interval":30000}' [148 bytes]
[2025-07-09 05:08:51,036.036] DEBUG    [MainThread|MainProcess] Logger (connect.py:on_message:43) | {'time': 1752008931, 'self_id': 703263936, 'post_type': 'meta_event', 'meta_event_type': 'heartbeat', 'status': {'online': True, 'good': True}, 'interval': 30000}
[2025-07-09 05:09:21,040.040] DEBUG    [MainThread|MainProcess] websockets.client (protocol.py:read_frame:1177) | < TEXT '{"time":1752008961,"self_id":703263936,"post_ty...true},"interval":30000}' [148 bytes]
[2025-07-09 05:09:21,040.040] DEBUG    [MainThread|MainProcess] Logger (connect.py:on_message:43) | {'time': 1752008961, 'self_id': 703263936, 'post_type': 'meta_event', 'meta_event_type': 'heartbeat', 'status': {'online': True, 'good': True}, 'interval': 30000}
[2025-07-09 05:09:51,061.061] DEBUG    [MainThread|MainProcess] websockets.client (protocol.py:read_frame:1177) | < TEXT '{"time":1752008991,"self_id":703263936,"post_ty...true},"interval":30000}' [148 bytes]
[2025-07-09 05:09:51,061.061] DEBUG    [MainThread|MainProcess] Logger (connect.py:on_message:43) | {'time': 1752008991, 'self_id': 703263936, 'post_type': 'meta_event', 'meta_event_type': 'heartbeat', 'status': {'online': True, 'good': True}, 'interval': 30000}
[2025-07-09 05:10:21,075.075] DEBUG    [MainThread|MainProcess] websockets.client (protocol.py:read_frame:1177) | < TEXT '{"time":1752009021,"self_id":703263936,"post_ty...true},"interval":30000}' [148 bytes]
[2025-07-09 05:10:21,075.075] DEBUG    [MainThread|MainProcess] Logger (connect.py:on_message:43) | {'time': 1752009021, 'self_id': 703263936, 'post_type': 'meta_event', 'meta_event_type': 'heartbeat', 'status': {'online': True, 'good': True}, 'interval': 30000}
[2025-07-09 05:10:51,076.076] DEBUG    [MainThread|MainProcess] websockets.client (protocol.py:read_frame:1177) | < TEXT '{"time":1752009051,"self_id":703263936,"post_ty...true},"interval":30000}' [148 bytes]
[2025-07-09 05:10:51,076.076] DEBUG    [MainThread|MainProcess] Logger (connect.py:on_message:43) | {'time': 1752009051, 'self_id': 703263936, 'post_type': 'meta_event', 'meta_event_type': 'heartbeat', 'status': {'online': True, 'good': True}, 'interval': 30000}
[2025-07-09 05:11:21,090.090] DEBUG    [MainThread|MainProcess] websockets.client (protocol.py:read_frame:1177) | < TEXT '{"time":1752009081,"self_id":703263936,"post_ty...true},"interval":30000}' [148 bytes]
[2025-07-09 05:11:21,090.090] DEBUG    [MainThread|MainProcess] Logger (connect.py:on_message:43) | {'time': 1752009081, 'self_id': 703263936, 'post_type': 'meta_event', 'meta_event_type': 'heartbeat', 'status': {'online': True, 'good': True}, 'interval': 30000}
[2025-07-09 05:11:51,092.092] DEBUG    [MainThread|MainProcess] websockets.client (protocol.py:read_frame:1177) | < TEXT '{"time":1752009111,"self_id":703263936,"post_ty...true},"interval":30000}' [148 bytes]
[2025-07-09 05:11:51,092.092] DEBUG    [MainThread|MainProcess] Logger (connect.py:on_message:43) | {'time': 1752009111, 'self_id': 703263936, 'post_type': 'meta_event', 'meta_event_type': 'heartbeat', 'status': {'online': True, 'good': True}, 'interval': 30000}
[2025-07-09 05:12:21,106.106] DEBUG    [MainThread|MainProcess] websockets.client (protocol.py:read_frame:1177) | < TEXT '{"time":1752009141,"self_id":703263936,"post_ty...true},"interval":30000}' [148 bytes]
[2025-07-09 05:12:21,106.106] DEBUG    [MainThread|MainProcess] Logger (connect.py:on_message:43) | {'time': 1752009141, 'self_id': 703263936, 'post_type': 'meta_event', 'meta_event_type': 'heartbeat', 'status': {'online': True, 'good': True}, 'interval': 30000}
[2025-07-09 05:12:51,117.117] DEBUG    [MainThread|MainProcess] websockets.client (protocol.py:read_frame:1177) | < TEXT '{"time":1752009171,"self_id":703263936,"post_ty...true},"interval":30000}' [148 bytes]
[2025-07-09 05:12:51,117.117] DEBUG    [MainThread|MainProcess] Logger (connect.py:on_message:43) | {'time': 1752009171, 'self_id': 703263936, 'post_type': 'meta_event', 'meta_event_type': 'heartbeat', 'status': {'online': True, 'good': True}, 'interval': 30000}
[2025-07-09 05:13:21,131.131] DEBUG    [MainThread|MainProcess] websockets.client (protocol.py:read_frame:1177) | < TEXT '{"time":1752009201,"self_id":703263936,"post_ty...true},"interval":30000}' [148 bytes]
[2025-07-09 05:13:21,131.131] DEBUG    [MainThread|MainProcess] Logger (connect.py:on_message:43) | {'time': 1752009201, 'self_id': 703263936, 'post_type': 'meta_event', 'meta_event_type': 'heartbeat', 'status': {'online': True, 'good': True}, 'interval': 30000}
[2025-07-09 05:13:51,140.140] DEBUG    [MainThread|MainProcess] websockets.client (protocol.py:read_frame:1177) | < TEXT '{"time":1752009231,"self_id":703263936,"post_ty...true},"interval":30000}' [148 bytes]
[2025-07-09 05:13:51,140.140] DEBUG    [MainThread|MainProcess] Logger (connect.py:on_message:43) | {'time': 1752009231, 'self_id': 703263936, 'post_type': 'meta_event', 'meta_event_type': 'heartbeat', 'status': {'online': True, 'good': True}, 'interval': 30000}
[2025-07-09 05:14:21,153.153] DEBUG    [MainThread|MainProcess] websockets.client (protocol.py:read_frame:1177) | < TEXT '{"time":1752009261,"self_id":703263936,"post_ty...true},"interval":30000}' [148 bytes]
[2025-07-09 05:14:21,153.153] DEBUG    [MainThread|MainProcess] Logger (connect.py:on_message:43) | {'time': 1752009261, 'self_id': 703263936, 'post_type': 'meta_event', 'meta_event_type': 'heartbeat', 'status': {'online': True, 'good': True}, 'interval': 30000}
[2025-07-09 05:14:51,155.155] DEBUG    [MainThread|MainProcess] websockets.client (protocol.py:read_frame:1177) | < TEXT '{"time":1752009291,"self_id":703263936,"post_ty...true},"interval":30000}' [148 bytes]
[2025-07-09 05:14:51,155.155] DEBUG    [MainThread|MainProcess] Logger (connect.py:on_message:43) | {'time': 1752009291, 'self_id': 703263936, 'post_type': 'meta_event', 'meta_event_type': 'heartbeat', 'status': {'online': True, 'good': True}, 'interval': 30000}
[2025-07-09 05:15:21,168.168] DEBUG    [MainThread|MainProcess] websockets.client (protocol.py:read_frame:1177) | < TEXT '{"time":1752009321,"self_id":703263936,"post_ty...true},"interval":30000}' [148 bytes]
[2025-07-09 05:15:21,168.168] DEBUG    [MainThread|MainProcess] Logger (connect.py:on_message:43) | {'time': 1752009321, 'self_id': 703263936, 'post_type': 'meta_event', 'meta_event_type': 'heartbeat', 'status': {'online': True, 'good': True}, 'interval': 30000}
[2025-07-09 05:15:51,182.182] DEBUG    [MainThread|MainProcess] websockets.client (protocol.py:read_frame:1177) | < TEXT '{"time":1752009351,"self_id":703263936,"post_ty...true},"interval":30000}' [148 bytes]
[2025-07-09 05:15:51,182.182] DEBUG    [MainThread|MainProcess] Logger (connect.py:on_message:43) | {'time': 1752009351, 'self_id': 703263936, 'post_type': 'meta_event', 'meta_event_type': 'heartbeat', 'status': {'online': True, 'good': True}, 'interval': 30000}
[2025-07-09 05:16:21,195.195] DEBUG    [MainThread|MainProcess] websockets.client (protocol.py:read_frame:1177) | < TEXT '{"time":1752009381,"self_id":703263936,"post_ty...true},"interval":30000}' [148 bytes]
[2025-07-09 05:16:21,195.195] DEBUG    [MainThread|MainProcess] Logger (connect.py:on_message:43) | {'time': 1752009381, 'self_id': 703263936, 'post_type': 'meta_event', 'meta_event_type': 'heartbeat', 'status': {'online': True, 'good': True}, 'interval': 30000}
[2025-07-09 05:16:51,207.207] DEBUG    [MainThread|MainProcess] websockets.client (protocol.py:read_frame:1177) | < TEXT '{"time":1752009411,"self_id":703263936,"post_ty...true},"interval":30000}' [148 bytes]
[2025-07-09 05:16:51,207.207] DEBUG    [MainThread|MainProcess] Logger (connect.py:on_message:43) | {'time': 1752009411, 'self_id': 703263936, 'post_type': 'meta_event', 'meta_event_type': 'heartbeat', 'status': {'online': True, 'good': True}, 'interval': 30000}
[2025-07-09 05:17:21,220.220] DEBUG    [MainThread|MainProcess] websockets.client (protocol.py:read_frame:1177) | < TEXT '{"time":1752009441,"self_id":703263936,"post_ty...true},"interval":30000}' [148 bytes]
[2025-07-09 05:17:21,220.220] DEBUG    [MainThread|MainProcess] Logger (connect.py:on_message:43) | {'time': 1752009441, 'self_id': 703263936, 'post_type': 'meta_event', 'meta_event_type': 'heartbeat', 'status': {'online': True, 'good': True}, 'interval': 30000}
[2025-07-09 05:17:51,221.221] DEBUG    [MainThread|MainProcess] websockets.client (protocol.py:read_frame:1177) | < TEXT '{"time":1752009471,"self_id":703263936,"post_ty...true},"interval":30000}' [148 bytes]
[2025-07-09 05:17:51,221.221] DEBUG    [MainThread|MainProcess] Logger (connect.py:on_message:43) | {'time': 1752009471, 'self_id': 703263936, 'post_type': 'meta_event', 'meta_event_type': 'heartbeat', 'status': {'online': True, 'good': True}, 'interval': 30000}
[2025-07-09 05:18:21,235.235] DEBUG    [MainThread|MainProcess] websockets.client (protocol.py:read_frame:1177) | < TEXT '{"time":1752009501,"self_id":703263936,"post_ty...true},"interval":30000}' [148 bytes]
[2025-07-09 05:18:21,235.235] DEBUG    [MainThread|MainProcess] Logger (connect.py:on_message:43) | {'time': 1752009501, 'self_id': 703263936, 'post_type': 'meta_event', 'meta_event_type': 'heartbeat', 'status': {'online': True, 'good': True}, 'interval': 30000}
[2025-07-09 05:18:51,247.247] DEBUG    [MainThread|MainProcess] websockets.client (protocol.py:read_frame:1177) | < TEXT '{"time":1752009531,"self_id":703263936,"post_ty...true},"interval":30000}' [148 bytes]
[2025-07-09 05:18:51,247.247] DEBUG    [MainThread|MainProcess] Logger (connect.py:on_message:43) | {'time': 1752009531, 'self_id': 703263936, 'post_type': 'meta_event', 'meta_event_type': 'heartbeat', 'status': {'online': True, 'good': True}, 'interval': 30000}
[2025-07-09 05:19:21,260.260] DEBUG    [MainThread|MainProcess] websockets.client (protocol.py:read_frame:1177) | < TEXT '{"time":1752009561,"self_id":703263936,"post_ty...true},"interval":30000}' [148 bytes]
[2025-07-09 05:19:21,260.260] DEBUG    [MainThread|MainProcess] Logger (connect.py:on_message:43) | {'time': 1752009561, 'self_id': 703263936, 'post_type': 'meta_event', 'meta_event_type': 'heartbeat', 'status': {'online': True, 'good': True}, 'interval': 30000}
[2025-07-09 05:19:51,261.261] DEBUG    [MainThread|MainProcess] websockets.client (protocol.py:read_frame:1177) | < TEXT '{"time":1752009591,"self_id":703263936,"post_ty...true},"interval":30000}' [148 bytes]
[2025-07-09 05:19:51,261.261] DEBUG    [MainThread|MainProcess] Logger (connect.py:on_message:43) | {'time': 1752009591, 'self_id': 703263936, 'post_type': 'meta_event', 'meta_event_type': 'heartbeat', 'status': {'online': True, 'good': True}, 'interval': 30000}
[2025-07-09 05:20:21,275.275] DEBUG    [MainThread|MainProcess] websockets.client (protocol.py:read_frame:1177) | < TEXT '{"time":1752009621,"self_id":703263936,"post_ty...true},"interval":30000}' [148 bytes]
[2025-07-09 05:20:21,275.275] DEBUG    [MainThread|MainProcess] Logger (connect.py:on_message:43) | {'time': 1752009621, 'self_id': 703263936, 'post_type': 'meta_event', 'meta_event_type': 'heartbeat', 'status': {'online': True, 'good': True}, 'interval': 30000}
[2025-07-09 05:20:51,288.288] DEBUG    [MainThread|MainProcess] websockets.client (protocol.py:read_frame:1177) | < TEXT '{"time":1752009651,"self_id":703263936,"post_ty...true},"interval":30000}' [148 bytes]
[2025-07-09 05:20:51,288.288] DEBUG    [MainThread|MainProcess] Logger (connect.py:on_message:43) | {'time': 1752009651, 'self_id': 703263936, 'post_type': 'meta_event', 'meta_event_type': 'heartbeat', 'status': {'online': True, 'good': True}, 'interval': 30000}
[2025-07-09 05:21:21,305.305] DEBUG    [MainThread|MainProcess] websockets.client (protocol.py:read_frame:1177) | < TEXT '{"time":1752009681,"self_id":703263936,"post_ty...true},"interval":30000}' [148 bytes]
[2025-07-09 05:21:21,305.305] DEBUG    [MainThread|MainProcess] Logger (connect.py:on_message:43) | {'time': 1752009681, 'self_id': 703263936, 'post_type': 'meta_event', 'meta_event_type': 'heartbeat', 'status': {'online': True, 'good': True}, 'interval': 30000}
[2025-07-09 05:21:51,313.313] DEBUG    [MainThread|MainProcess] websockets.client (protocol.py:read_frame:1177) | < TEXT '{"time":1752009711,"self_id":703263936,"post_ty...true},"interval":30000}' [148 bytes]
[2025-07-09 05:21:51,313.313] DEBUG    [MainThread|MainProcess] Logger (connect.py:on_message:43) | {'time': 1752009711, 'self_id': 703263936, 'post_type': 'meta_event', 'meta_event_type': 'heartbeat', 'status': {'online': True, 'good': True}, 'interval': 30000}
[2025-07-09 05:22:21,326.326] DEBUG    [MainThread|MainProcess] websockets.client (protocol.py:read_frame:1177) | < TEXT '{"time":1752009741,"self_id":703263936,"post_ty...true},"interval":30000}' [148 bytes]
[2025-07-09 05:22:21,326.326] DEBUG    [MainThread|MainProcess] Logger (connect.py:on_message:43) | {'time': 1752009741, 'self_id': 703263936, 'post_type': 'meta_event', 'meta_event_type': 'heartbeat', 'status': {'online': True, 'good': True}, 'interval': 30000}
[2025-07-09 05:22:51,330.330] DEBUG    [MainThread|MainProcess] websockets.client (protocol.py:read_frame:1177) | < TEXT '{"time":1752009771,"self_id":703263936,"post_ty...true},"interval":30000}' [148 bytes]
[2025-07-09 05:22:51,330.330] DEBUG    [MainThread|MainProcess] Logger (connect.py:on_message:43) | {'time': 1752009771, 'self_id': 703263936, 'post_type': 'meta_event', 'meta_event_type': 'heartbeat', 'status': {'online': True, 'good': True}, 'interval': 30000}
[2025-07-09 05:23:21,344.344] DEBUG    [MainThread|MainProcess] websockets.client (protocol.py:read_frame:1177) | < TEXT '{"time":1752009801,"self_id":703263936,"post_ty...true},"interval":30000}' [148 bytes]
[2025-07-09 05:23:21,344.344] DEBUG    [MainThread|MainProcess] Logger (connect.py:on_message:43) | {'time': 1752009801, 'self_id': 703263936, 'post_type': 'meta_event', 'meta_event_type': 'heartbeat', 'status': {'online': True, 'good': True}, 'interval': 30000}
[2025-07-09 05:23:51,357.357] DEBUG    [MainThread|MainProcess] websockets.client (protocol.py:read_frame:1177) | < TEXT '{"time":1752009831,"self_id":703263936,"post_ty...true},"interval":30000}' [148 bytes]
[2025-07-09 05:23:51,357.357] DEBUG    [MainThread|MainProcess] Logger (connect.py:on_message:43) | {'time': 1752009831, 'self_id': 703263936, 'post_type': 'meta_event', 'meta_event_type': 'heartbeat', 'status': {'online': True, 'good': True}, 'interval': 30000}
[2025-07-09 05:24:21,370.370] DEBUG    [MainThread|MainProcess] websockets.client (protocol.py:read_frame:1177) | < TEXT '{"time":1752009861,"self_id":703263936,"post_ty...true},"interval":30000}' [148 bytes]
[2025-07-09 05:24:21,370.370] DEBUG    [MainThread|MainProcess] Logger (connect.py:on_message:43) | {'time': 1752009861, 'self_id': 703263936, 'post_type': 'meta_event', 'meta_event_type': 'heartbeat', 'status': {'online': True, 'good': True}, 'interval': 30000}
[2025-07-09 05:24:51,384.384] DEBUG    [MainThread|MainProcess] websockets.client (protocol.py:read_frame:1177) | < TEXT '{"time":1752009891,"self_id":703263936,"post_ty...true},"interval":30000}' [148 bytes]
[2025-07-09 05:24:51,384.384] DEBUG    [MainThread|MainProcess] Logger (connect.py:on_message:43) | {'time': 1752009891, 'self_id': 703263936, 'post_type': 'meta_event', 'meta_event_type': 'heartbeat', 'status': {'online': True, 'good': True}, 'interval': 30000}
[2025-07-09 05:25:21,397.397] DEBUG    [MainThread|MainProcess] websockets.client (protocol.py:read_frame:1177) | < TEXT '{"time":1752009921,"self_id":703263936,"post_ty...true},"interval":30000}' [148 bytes]
[2025-07-09 05:25:21,397.397] DEBUG    [MainThread|MainProcess] Logger (connect.py:on_message:43) | {'time': 1752009921, 'self_id': 703263936, 'post_type': 'meta_event', 'meta_event_type': 'heartbeat', 'status': {'online': True, 'good': True}, 'interval': 30000}
[2025-07-09 05:25:51,411.411] DEBUG    [MainThread|MainProcess] websockets.client (protocol.py:read_frame:1177) | < TEXT '{"time":1752009951,"self_id":703263936,"post_ty...true},"interval":30000}' [148 bytes]
[2025-07-09 05:25:51,411.411] DEBUG    [MainThread|MainProcess] Logger (connect.py:on_message:43) | {'time': 1752009951, 'self_id': 703263936, 'post_type': 'meta_event', 'meta_event_type': 'heartbeat', 'status': {'online': True, 'good': True}, 'interval': 30000}
[2025-07-09 05:26:21,424.424] DEBUG    [MainThread|MainProcess] websockets.client (protocol.py:read_frame:1177) | < TEXT '{"time":1752009981,"self_id":703263936,"post_ty...true},"interval":30000}' [148 bytes]
[2025-07-09 05:26:21,424.424] DEBUG    [MainThread|MainProcess] Logger (connect.py:on_message:43) | {'time': 1752009981, 'self_id': 703263936, 'post_type': 'meta_event', 'meta_event_type': 'heartbeat', 'status': {'online': True, 'good': True}, 'interval': 30000}
[2025-07-09 05:26:51,431.431] DEBUG    [MainThread|MainProcess] websockets.client (protocol.py:read_frame:1177) | < TEXT '{"time":1752010011,"self_id":703263936,"post_ty...true},"interval":30000}' [148 bytes]
[2025-07-09 05:26:51,431.431] DEBUG    [MainThread|MainProcess] Logger (connect.py:on_message:43) | {'time': 1752010011, 'self_id': 703263936, 'post_type': 'meta_event', 'meta_event_type': 'heartbeat', 'status': {'online': True, 'good': True}, 'interval': 30000}
[2025-07-09 05:27:21,444.444] DEBUG    [MainThread|MainProcess] websockets.client (protocol.py:read_frame:1177) | < TEXT '{"time":1752010041,"self_id":703263936,"post_ty...true},"interval":30000}' [148 bytes]
[2025-07-09 05:27:21,444.444] DEBUG    [MainThread|MainProcess] Logger (connect.py:on_message:43) | {'time': 1752010041, 'self_id': 703263936, 'post_type': 'meta_event', 'meta_event_type': 'heartbeat', 'status': {'online': True, 'good': True}, 'interval': 30000}
[2025-07-09 05:27:51,449.449] DEBUG    [MainThread|MainProcess] websockets.client (protocol.py:read_frame:1177) | < TEXT '{"time":1752010071,"self_id":703263936,"post_ty...true},"interval":30000}' [148 bytes]
[2025-07-09 05:27:51,449.449] DEBUG    [MainThread|MainProcess] Logger (connect.py:on_message:43) | {'time': 1752010071, 'self_id': 703263936, 'post_type': 'meta_event', 'meta_event_type': 'heartbeat', 'status': {'online': True, 'good': True}, 'interval': 30000}
[2025-07-09 05:28:21,462.462] DEBUG    [MainThread|MainProcess] websockets.client (protocol.py:read_frame:1177) | < TEXT '{"time":1752010101,"self_id":703263936,"post_ty...true},"interval":30000}' [148 bytes]
[2025-07-09 05:28:21,462.462] DEBUG    [MainThread|MainProcess] Logger (connect.py:on_message:43) | {'time': 1752010101, 'self_id': 703263936, 'post_type': 'meta_event', 'meta_event_type': 'heartbeat', 'status': {'online': True, 'good': True}, 'interval': 30000}
[2025-07-09 05:28:51,464.464] DEBUG    [MainThread|MainProcess] websockets.client (protocol.py:read_frame:1177) | < TEXT '{"time":1752010131,"self_id":703263936,"post_ty...true},"interval":30000}' [148 bytes]
[2025-07-09 05:28:51,464.464] DEBUG    [MainThread|MainProcess] Logger (connect.py:on_message:43) | {'time': 1752010131, 'self_id': 703263936, 'post_type': 'meta_event', 'meta_event_type': 'heartbeat', 'status': {'online': True, 'good': True}, 'interval': 30000}
[2025-07-09 05:29:21,478.478] DEBUG    [MainThread|MainProcess] websockets.client (protocol.py:read_frame:1177) | < TEXT '{"time":1752010161,"self_id":703263936,"post_ty...true},"interval":30000}' [148 bytes]
[2025-07-09 05:29:21,478.478] DEBUG    [MainThread|MainProcess] Logger (connect.py:on_message:43) | {'time': 1752010161, 'self_id': 703263936, 'post_type': 'meta_event', 'meta_event_type': 'heartbeat', 'status': {'online': True, 'good': True}, 'interval': 30000}
[2025-07-09 05:29:51,491.491] DEBUG    [MainThread|MainProcess] websockets.client (protocol.py:read_frame:1177) | < TEXT '{"time":1752010191,"self_id":703263936,"post_ty...true},"interval":30000}' [148 bytes]
[2025-07-09 05:29:51,491.491] DEBUG    [MainThread|MainProcess] Logger (connect.py:on_message:43) | {'time': 1752010191, 'self_id': 703263936, 'post_type': 'meta_event', 'meta_event_type': 'heartbeat', 'status': {'online': True, 'good': True}, 'interval': 30000}
[2025-07-09 05:30:21,504.504] DEBUG    [MainThread|MainProcess] websockets.client (protocol.py:read_frame:1177) | < TEXT '{"time":1752010221,"self_id":703263936,"post_ty...true},"interval":30000}' [148 bytes]
[2025-07-09 05:30:21,504.504] DEBUG    [MainThread|MainProcess] Logger (connect.py:on_message:43) | {'time': 1752010221, 'self_id': 703263936, 'post_type': 'meta_event', 'meta_event_type': 'heartbeat', 'status': {'online': True, 'good': True}, 'interval': 30000}
[2025-07-09 05:30:51,517.517] DEBUG    [MainThread|MainProcess] websockets.client (protocol.py:read_frame:1177) | < TEXT '{"time":1752010251,"self_id":703263936,"post_ty...true},"interval":30000}' [148 bytes]
[2025-07-09 05:30:51,517.517] DEBUG    [MainThread|MainProcess] Logger (connect.py:on_message:43) | {'time': 1752010251, 'self_id': 703263936, 'post_type': 'meta_event', 'meta_event_type': 'heartbeat', 'status': {'online': True, 'good': True}, 'interval': 30000}
[2025-07-09 05:31:21,531.531] DEBUG    [MainThread|MainProcess] websockets.client (protocol.py:read_frame:1177) | < TEXT '{"time":1752010281,"self_id":703263936,"post_ty...true},"interval":30000}' [148 bytes]
[2025-07-09 05:31:21,531.531] DEBUG    [MainThread|MainProcess] Logger (connect.py:on_message:43) | {'time': 1752010281, 'self_id': 703263936, 'post_type': 'meta_event', 'meta_event_type': 'heartbeat', 'status': {'online': True, 'good': True}, 'interval': 30000}
[2025-07-09 05:31:51,540.540] DEBUG    [MainThread|MainProcess] websockets.client (protocol.py:read_frame:1177) | < TEXT '{"time":1752010311,"self_id":703263936,"post_ty...true},"interval":30000}' [148 bytes]
[2025-07-09 05:31:51,540.540] DEBUG    [MainThread|MainProcess] Logger (connect.py:on_message:43) | {'time': 1752010311, 'self_id': 703263936, 'post_type': 'meta_event', 'meta_event_type': 'heartbeat', 'status': {'online': True, 'good': True}, 'interval': 30000}
[2025-07-09 05:32:21,553.553] DEBUG    [MainThread|MainProcess] websockets.client (protocol.py:read_frame:1177) | < TEXT '{"time":1752010341,"self_id":703263936,"post_ty...true},"interval":30000}' [148 bytes]
[2025-07-09 05:32:21,553.553] DEBUG    [MainThread|MainProcess] Logger (connect.py:on_message:43) | {'time': 1752010341, 'self_id': 703263936, 'post_type': 'meta_event', 'meta_event_type': 'heartbeat', 'status': {'online': True, 'good': True}, 'interval': 30000}
[2025-07-09 05:32:51,561.561] DEBUG    [MainThread|MainProcess] websockets.client (protocol.py:read_frame:1177) | < TEXT '{"time":1752010371,"self_id":703263936,"post_ty...true},"interval":30000}' [148 bytes]
[2025-07-09 05:32:51,561.561] DEBUG    [MainThread|MainProcess] Logger (connect.py:on_message:43) | {'time': 1752010371, 'self_id': 703263936, 'post_type': 'meta_event', 'meta_event_type': 'heartbeat', 'status': {'online': True, 'good': True}, 'interval': 30000}
[2025-07-09 05:33:21,574.574] DEBUG    [MainThread|MainProcess] websockets.client (protocol.py:read_frame:1177) | < TEXT '{"time":1752010401,"self_id":703263936,"post_ty...true},"interval":30000}' [148 bytes]
[2025-07-09 05:33:21,574.574] DEBUG    [MainThread|MainProcess] Logger (connect.py:on_message:43) | {'time': 1752010401, 'self_id': 703263936, 'post_type': 'meta_event', 'meta_event_type': 'heartbeat', 'status': {'online': True, 'good': True}, 'interval': 30000}
[2025-07-09 05:33:51,584.584] DEBUG    [MainThread|MainProcess] websockets.client (protocol.py:read_frame:1177) | < TEXT '{"time":1752010431,"self_id":703263936,"post_ty...true},"interval":30000}' [148 bytes]
[2025-07-09 05:33:51,584.584] DEBUG    [MainThread|MainProcess] Logger (connect.py:on_message:43) | {'time': 1752010431, 'self_id': 703263936, 'post_type': 'meta_event', 'meta_event_type': 'heartbeat', 'status': {'online': True, 'good': True}, 'interval': 30000}
[2025-07-09 05:34:21,598.598] DEBUG    [MainThread|MainProcess] websockets.client (protocol.py:read_frame:1177) | < TEXT '{"time":1752010461,"self_id":703263936,"post_ty...true},"interval":30000}' [148 bytes]
[2025-07-09 05:34:21,598.598] DEBUG    [MainThread|MainProcess] Logger (connect.py:on_message:43) | {'time': 1752010461, 'self_id': 703263936, 'post_type': 'meta_event', 'meta_event_type': 'heartbeat', 'status': {'online': True, 'good': True}, 'interval': 30000}
[2025-07-09 05:34:51,611.611] DEBUG    [MainThread|MainProcess] websockets.client (protocol.py:read_frame:1177) | < TEXT '{"time":1752010491,"self_id":703263936,"post_ty...true},"interval":30000}' [148 bytes]
[2025-07-09 05:34:51,611.611] DEBUG    [MainThread|MainProcess] Logger (connect.py:on_message:43) | {'time': 1752010491, 'self_id': 703263936, 'post_type': 'meta_event', 'meta_event_type': 'heartbeat', 'status': {'online': True, 'good': True}, 'interval': 30000}
[2025-07-09 05:35:21,622.622] DEBUG    [MainThread|MainProcess] websockets.client (protocol.py:read_frame:1177) | < TEXT '{"time":1752010521,"self_id":703263936,"post_ty...true},"interval":30000}' [148 bytes]
[2025-07-09 05:35:21,622.622] DEBUG    [MainThread|MainProcess] Logger (connect.py:on_message:43) | {'time': 1752010521, 'self_id': 703263936, 'post_type': 'meta_event', 'meta_event_type': 'heartbeat', 'status': {'online': True, 'good': True}, 'interval': 30000}
[2025-07-09 05:35:51,636.636] DEBUG    [MainThread|MainProcess] websockets.client (protocol.py:read_frame:1177) | < TEXT '{"time":1752010551,"self_id":703263936,"post_ty...true},"interval":30000}' [148 bytes]
[2025-07-09 05:35:51,636.636] DEBUG    [MainThread|MainProcess] Logger (connect.py:on_message:43) | {'time': 1752010551, 'self_id': 703263936, 'post_type': 'meta_event', 'meta_event_type': 'heartbeat', 'status': {'online': True, 'good': True}, 'interval': 30000}
[2025-07-09 05:36:21,638.638] DEBUG    [MainThread|MainProcess] websockets.client (protocol.py:read_frame:1177) | < TEXT '{"time":1752010581,"self_id":703263936,"post_ty...true},"interval":30000}' [148 bytes]
[2025-07-09 05:36:21,638.638] DEBUG    [MainThread|MainProcess] Logger (connect.py:on_message:43) | {'time': 1752010581, 'self_id': 703263936, 'post_type': 'meta_event', 'meta_event_type': 'heartbeat', 'status': {'online': True, 'good': True}, 'interval': 30000}
[2025-07-09 05:36:51,649.649] DEBUG    [MainThread|MainProcess] websockets.client (protocol.py:read_frame:1177) | < TEXT '{"time":1752010611,"self_id":703263936,"post_ty...true},"interval":30000}' [148 bytes]
[2025-07-09 05:36:51,649.649] DEBUG    [MainThread|MainProcess] Logger (connect.py:on_message:43) | {'time': 1752010611, 'self_id': 703263936, 'post_type': 'meta_event', 'meta_event_type': 'heartbeat', 'status': {'online': True, 'good': True}, 'interval': 30000}
[2025-07-09 05:37:21,662.662] DEBUG    [MainThread|MainProcess] websockets.client (protocol.py:read_frame:1177) | < TEXT '{"time":1752010641,"self_id":703263936,"post_ty...true},"interval":30000}' [148 bytes]
[2025-07-09 05:37:21,662.662] DEBUG    [MainThread|MainProcess] Logger (connect.py:on_message:43) | {'time': 1752010641, 'self_id': 703263936, 'post_type': 'meta_event', 'meta_event_type': 'heartbeat', 'status': {'online': True, 'good': True}, 'interval': 30000}
[2025-07-09 05:37:51,666.666] DEBUG    [MainThread|MainProcess] websockets.client (protocol.py:read_frame:1177) | < TEXT '{"time":1752010671,"self_id":703263936,"post_ty...true},"interval":30000}' [148 bytes]
[2025-07-09 05:37:51,666.666] DEBUG    [MainThread|MainProcess] Logger (connect.py:on_message:43) | {'time': 1752010671, 'self_id': 703263936, 'post_type': 'meta_event', 'meta_event_type': 'heartbeat', 'status': {'online': True, 'good': True}, 'interval': 30000}
[2025-07-09 05:38:21,679.679] DEBUG    [MainThread|MainProcess] websockets.client (protocol.py:read_frame:1177) | < TEXT '{"time":1752010701,"self_id":703263936,"post_ty...true},"interval":30000}' [148 bytes]
[2025-07-09 05:38:21,679.679] DEBUG    [MainThread|MainProcess] Logger (connect.py:on_message:43) | {'time': 1752010701, 'self_id': 703263936, 'post_type': 'meta_event', 'meta_event_type': 'heartbeat', 'status': {'online': True, 'good': True}, 'interval': 30000}
[2025-07-09 05:38:51,685.685] DEBUG    [MainThread|MainProcess] websockets.client (protocol.py:read_frame:1177) | < TEXT '{"time":1752010731,"self_id":703263936,"post_ty...true},"interval":30000}' [148 bytes]
[2025-07-09 05:38:51,685.685] DEBUG    [MainThread|MainProcess] Logger (connect.py:on_message:43) | {'time': 1752010731, 'self_id': 703263936, 'post_type': 'meta_event', 'meta_event_type': 'heartbeat', 'status': {'online': True, 'good': True}, 'interval': 30000}
[2025-07-09 05:39:21,698.698] DEBUG    [MainThread|MainProcess] websockets.client (protocol.py:read_frame:1177) | < TEXT '{"time":1752010761,"self_id":703263936,"post_ty...true},"interval":30000}' [148 bytes]
[2025-07-09 05:39:21,698.698] DEBUG    [MainThread|MainProcess] Logger (connect.py:on_message:43) | {'time': 1752010761, 'self_id': 703263936, 'post_type': 'meta_event', 'meta_event_type': 'heartbeat', 'status': {'online': True, 'good': True}, 'interval': 30000}
[2025-07-09 05:39:51,705.705] DEBUG    [MainThread|MainProcess] websockets.client (protocol.py:read_frame:1177) | < TEXT '{"time":1752010791,"self_id":703263936,"post_ty...true},"interval":30000}' [148 bytes]
[2025-07-09 05:39:51,705.705] DEBUG    [MainThread|MainProcess] Logger (connect.py:on_message:43) | {'time': 1752010791, 'self_id': 703263936, 'post_type': 'meta_event', 'meta_event_type': 'heartbeat', 'status': {'online': True, 'good': True}, 'interval': 30000}
[2025-07-09 05:40:21,718.718] DEBUG    [MainThread|MainProcess] websockets.client (protocol.py:read_frame:1177) | < TEXT '{"time":1752010821,"self_id":703263936,"post_ty...true},"interval":30000}' [148 bytes]
[2025-07-09 05:40:21,718.718] DEBUG    [MainThread|MainProcess] Logger (connect.py:on_message:43) | {'time': 1752010821, 'self_id': 703263936, 'post_type': 'meta_event', 'meta_event_type': 'heartbeat', 'status': {'online': True, 'good': True}, 'interval': 30000}
[2025-07-09 05:40:51,718.718] DEBUG    [MainThread|MainProcess] websockets.client (protocol.py:read_frame:1177) | < TEXT '{"time":1752010851,"self_id":703263936,"post_ty...true},"interval":30000}' [148 bytes]
[2025-07-09 05:40:51,718.718] DEBUG    [MainThread|MainProcess] Logger (connect.py:on_message:43) | {'time': 1752010851, 'self_id': 703263936, 'post_type': 'meta_event', 'meta_event_type': 'heartbeat', 'status': {'online': True, 'good': True}, 'interval': 30000}
[2025-07-09 05:41:21,731.731] DEBUG    [MainThread|MainProcess] websockets.client (protocol.py:read_frame:1177) | < TEXT '{"time":1752010881,"self_id":703263936,"post_ty...true},"interval":30000}' [148 bytes]
[2025-07-09 05:41:21,731.731] DEBUG    [MainThread|MainProcess] Logger (connect.py:on_message:43) | {'time': 1752010881, 'self_id': 703263936, 'post_type': 'meta_event', 'meta_event_type': 'heartbeat', 'status': {'online': True, 'good': True}, 'interval': 30000}
[2025-07-09 05:41:51,735.735] DEBUG    [MainThread|MainProcess] websockets.client (protocol.py:read_frame:1177) | < TEXT '{"time":1752010911,"self_id":703263936,"post_ty...true},"interval":30000}' [148 bytes]
[2025-07-09 05:41:51,735.735] DEBUG    [MainThread|MainProcess] Logger (connect.py:on_message:43) | {'time': 1752010911, 'self_id': 703263936, 'post_type': 'meta_event', 'meta_event_type': 'heartbeat', 'status': {'online': True, 'good': True}, 'interval': 30000}
[2025-07-09 05:42:21,842.842] DEBUG    [MainThread|MainProcess] websockets.client (protocol.py:read_frame:1177) | < TEXT '{"time":1752010941,"self_id":703263936,"post_ty...true},"interval":30000}' [148 bytes]
[2025-07-09 05:42:21,842.842] DEBUG    [MainThread|MainProcess] Logger (connect.py:on_message:43) | {'time': 1752010941, 'self_id': 703263936, 'post_type': 'meta_event', 'meta_event_type': 'heartbeat', 'status': {'online': True, 'good': True}, 'interval': 30000}
[2025-07-09 05:42:51,855.855] DEBUG    [MainThread|MainProcess] websockets.client (protocol.py:read_frame:1177) | < TEXT '{"time":1752010971,"self_id":703263936,"post_ty...true},"interval":30000}' [148 bytes]
[2025-07-09 05:42:51,855.855] DEBUG    [MainThread|MainProcess] Logger (connect.py:on_message:43) | {'time': 1752010971, 'self_id': 703263936, 'post_type': 'meta_event', 'meta_event_type': 'heartbeat', 'status': {'online': True, 'good': True}, 'interval': 30000}
[2025-07-09 05:43:21,868.868] DEBUG    [MainThread|MainProcess] websockets.client (protocol.py:read_frame:1177) | < TEXT '{"time":1752011001,"self_id":703263936,"post_ty...true},"interval":30000}' [148 bytes]
[2025-07-09 05:43:21,868.868] DEBUG    [MainThread|MainProcess] Logger (connect.py:on_message:43) | {'time': 1752011001, 'self_id': 703263936, 'post_type': 'meta_event', 'meta_event_type': 'heartbeat', 'status': {'online': True, 'good': True}, 'interval': 30000}
[2025-07-09 05:43:51,876.876] DEBUG    [MainThread|MainProcess] websockets.client (protocol.py:read_frame:1177) | < TEXT '{"time":1752011031,"self_id":703263936,"post_ty...true},"interval":30000}' [148 bytes]
[2025-07-09 05:43:51,876.876] DEBUG    [MainThread|MainProcess] Logger (connect.py:on_message:43) | {'time': 1752011031, 'self_id': 703263936, 'post_type': 'meta_event', 'meta_event_type': 'heartbeat', 'status': {'online': True, 'good': True}, 'interval': 30000}
[2025-07-09 05:44:21,889.889] DEBUG    [MainThread|MainProcess] websockets.client (protocol.py:read_frame:1177) | < TEXT '{"time":1752011061,"self_id":703263936,"post_ty...true},"interval":30000}' [148 bytes]
[2025-07-09 05:44:21,889.889] DEBUG    [MainThread|MainProcess] Logger (connect.py:on_message:43) | {'time': 1752011061, 'self_id': 703263936, 'post_type': 'meta_event', 'meta_event_type': 'heartbeat', 'status': {'online': True, 'good': True}, 'interval': 30000}
[2025-07-09 05:44:51,893.893] DEBUG    [MainThread|MainProcess] websockets.client (protocol.py:read_frame:1177) | < TEXT '{"time":1752011091,"self_id":703263936,"post_ty...true},"interval":30000}' [148 bytes]
[2025-07-09 05:44:51,893.893] DEBUG    [MainThread|MainProcess] Logger (connect.py:on_message:43) | {'time': 1752011091, 'self_id': 703263936, 'post_type': 'meta_event', 'meta_event_type': 'heartbeat', 'status': {'online': True, 'good': True}, 'interval': 30000}
[2025-07-09 05:45:21,906.906] DEBUG    [MainThread|MainProcess] websockets.client (protocol.py:read_frame:1177) | < TEXT '{"time":1752011121,"self_id":703263936,"post_ty...true},"interval":30000}' [148 bytes]
[2025-07-09 05:45:21,906.906] DEBUG    [MainThread|MainProcess] Logger (connect.py:on_message:43) | {'time': 1752011121, 'self_id': 703263936, 'post_type': 'meta_event', 'meta_event_type': 'heartbeat', 'status': {'online': True, 'good': True}, 'interval': 30000}
[2025-07-09 05:45:51,920.920] DEBUG    [MainThread|MainProcess] websockets.client (protocol.py:read_frame:1177) | < TEXT '{"time":1752011151,"self_id":703263936,"post_ty...true},"interval":30000}' [148 bytes]
[2025-07-09 05:45:51,920.920] DEBUG    [MainThread|MainProcess] Logger (connect.py:on_message:43) | {'time': 1752011151, 'self_id': 703263936, 'post_type': 'meta_event', 'meta_event_type': 'heartbeat', 'status': {'online': True, 'good': True}, 'interval': 30000}
[2025-07-09 05:46:21,933.933] DEBUG    [MainThread|MainProcess] websockets.client (protocol.py:read_frame:1177) | < TEXT '{"time":1752011181,"self_id":703263936,"post_ty...true},"interval":30000}' [148 bytes]
[2025-07-09 05:46:21,933.933] DEBUG    [MainThread|MainProcess] Logger (connect.py:on_message:43) | {'time': 1752011181, 'self_id': 703263936, 'post_type': 'meta_event', 'meta_event_type': 'heartbeat', 'status': {'online': True, 'good': True}, 'interval': 30000}
[2025-07-09 05:46:51,935.935] DEBUG    [MainThread|MainProcess] websockets.client (protocol.py:read_frame:1177) | < TEXT '{"time":1752011211,"self_id":703263936,"post_ty...true},"interval":30000}' [148 bytes]
[2025-07-09 05:46:51,935.935] DEBUG    [MainThread|MainProcess] Logger (connect.py:on_message:43) | {'time': 1752011211, 'self_id': 703263936, 'post_type': 'meta_event', 'meta_event_type': 'heartbeat', 'status': {'online': True, 'good': True}, 'interval': 30000}
[2025-07-09 05:47:21,949.949] DEBUG    [MainThread|MainProcess] websockets.client (protocol.py:read_frame:1177) | < TEXT '{"time":1752011241,"self_id":703263936,"post_ty...true},"interval":30000}' [148 bytes]
[2025-07-09 05:47:21,949.949] DEBUG    [MainThread|MainProcess] Logger (connect.py:on_message:43) | {'time': 1752011241, 'self_id': 703263936, 'post_type': 'meta_event', 'meta_event_type': 'heartbeat', 'status': {'online': True, 'good': True}, 'interval': 30000}
[2025-07-09 05:47:51,954.954] DEBUG    [MainThread|MainProcess] websockets.client (protocol.py:read_frame:1177) | < TEXT '{"time":1752011271,"self_id":703263936,"post_ty...true},"interval":30000}' [148 bytes]
[2025-07-09 05:47:51,954.954] DEBUG    [MainThread|MainProcess] Logger (connect.py:on_message:43) | {'time': 1752011271, 'self_id': 703263936, 'post_type': 'meta_event', 'meta_event_type': 'heartbeat', 'status': {'online': True, 'good': True}, 'interval': 30000}
[2025-07-09 05:48:21,968.968] DEBUG    [MainThread|MainProcess] websockets.client (protocol.py:read_frame:1177) | < TEXT '{"time":1752011301,"self_id":703263936,"post_ty...true},"interval":30000}' [148 bytes]
[2025-07-09 05:48:21,968.968] DEBUG    [MainThread|MainProcess] Logger (connect.py:on_message:43) | {'time': 1752011301, 'self_id': 703263936, 'post_type': 'meta_event', 'meta_event_type': 'heartbeat', 'status': {'online': True, 'good': True}, 'interval': 30000}
[2025-07-09 05:48:51,973.973] DEBUG    [MainThread|MainProcess] websockets.client (protocol.py:read_frame:1177) | < TEXT '{"time":1752011331,"self_id":703263936,"post_ty...true},"interval":30000}' [148 bytes]
[2025-07-09 05:48:51,973.973] DEBUG    [MainThread|MainProcess] Logger (connect.py:on_message:43) | {'time': 1752011331, 'self_id': 703263936, 'post_type': 'meta_event', 'meta_event_type': 'heartbeat', 'status': {'online': True, 'good': True}, 'interval': 30000}
[2025-07-09 05:49:21,987.987] DEBUG    [MainThread|MainProcess] websockets.client (protocol.py:read_frame:1177) | < TEXT '{"time":1752011361,"self_id":703263936,"post_ty...true},"interval":30000}' [148 bytes]
[2025-07-09 05:49:21,987.987] DEBUG    [MainThread|MainProcess] Logger (connect.py:on_message:43) | {'time': 1752011361, 'self_id': 703263936, 'post_type': 'meta_event', 'meta_event_type': 'heartbeat', 'status': {'online': True, 'good': True}, 'interval': 30000}
[2025-07-09 05:49:51,996.996] DEBUG    [MainThread|MainProcess] websockets.client (protocol.py:read_frame:1177) | < TEXT '{"time":1752011391,"self_id":703263936,"post_ty...true},"interval":30000}' [148 bytes]
[2025-07-09 05:49:51,996.996] DEBUG    [MainThread|MainProcess] Logger (connect.py:on_message:43) | {'time': 1752011391, 'self_id': 703263936, 'post_type': 'meta_event', 'meta_event_type': 'heartbeat', 'status': {'online': True, 'good': True}, 'interval': 30000}
[2025-07-09 05:50:22,010.010] DEBUG    [MainThread|MainProcess] websockets.client (protocol.py:read_frame:1177) | < TEXT '{"time":1752011422,"self_id":703263936,"post_ty...true},"interval":30000}' [148 bytes]
[2025-07-09 05:50:22,010.010] DEBUG    [MainThread|MainProcess] Logger (connect.py:on_message:43) | {'time': 1752011422, 'self_id': 703263936, 'post_type': 'meta_event', 'meta_event_type': 'heartbeat', 'status': {'online': True, 'good': True}, 'interval': 30000}
[2025-07-09 05:50:52,024.024] DEBUG    [MainThread|MainProcess] websockets.client (protocol.py:read_frame:1177) | < TEXT '{"time":1752011452,"self_id":703263936,"post_ty...true},"interval":30000}' [148 bytes]
[2025-07-09 05:50:52,024.024] DEBUG    [MainThread|MainProcess] Logger (connect.py:on_message:43) | {'time': 1752011452, 'self_id': 703263936, 'post_type': 'meta_event', 'meta_event_type': 'heartbeat', 'status': {'online': True, 'good': True}, 'interval': 30000}
[2025-07-09 05:51:22,037.037] DEBUG    [MainThread|MainProcess] websockets.client (protocol.py:read_frame:1177) | < TEXT '{"time":1752011482,"self_id":703263936,"post_ty...true},"interval":30000}' [148 bytes]
[2025-07-09 05:51:22,037.037] DEBUG    [MainThread|MainProcess] Logger (connect.py:on_message:43) | {'time': 1752011482, 'self_id': 703263936, 'post_type': 'meta_event', 'meta_event_type': 'heartbeat', 'status': {'online': True, 'good': True}, 'interval': 30000}
[2025-07-09 05:51:52,045.045] DEBUG    [MainThread|MainProcess] websockets.client (protocol.py:read_frame:1177) | < TEXT '{"time":1752011512,"self_id":703263936,"post_ty...true},"interval":30000}' [148 bytes]
[2025-07-09 05:51:52,045.045] DEBUG    [MainThread|MainProcess] Logger (connect.py:on_message:43) | {'time': 1752011512, 'self_id': 703263936, 'post_type': 'meta_event', 'meta_event_type': 'heartbeat', 'status': {'online': True, 'good': True}, 'interval': 30000}
[2025-07-09 05:52:22,059.059] DEBUG    [MainThread|MainProcess] websockets.client (protocol.py:read_frame:1177) | < TEXT '{"time":1752011542,"self_id":703263936,"post_ty...true},"interval":30000}' [148 bytes]
[2025-07-09 05:52:22,059.059] DEBUG    [MainThread|MainProcess] Logger (connect.py:on_message:43) | {'time': 1752011542, 'self_id': 703263936, 'post_type': 'meta_event', 'meta_event_type': 'heartbeat', 'status': {'online': True, 'good': True}, 'interval': 30000}
[2025-07-09 05:52:52,065.065] DEBUG    [MainThread|MainProcess] websockets.client (protocol.py:read_frame:1177) | < TEXT '{"time":1752011572,"self_id":703263936,"post_ty...true},"interval":30000}' [148 bytes]
[2025-07-09 05:52:52,065.065] DEBUG    [MainThread|MainProcess] Logger (connect.py:on_message:43) | {'time': 1752011572, 'self_id': 703263936, 'post_type': 'meta_event', 'meta_event_type': 'heartbeat', 'status': {'online': True, 'good': True}, 'interval': 30000}
[2025-07-09 05:53:22,079.079] DEBUG    [MainThread|MainProcess] websockets.client (protocol.py:read_frame:1177) | < TEXT '{"time":1752011602,"self_id":703263936,"post_ty...true},"interval":30000}' [148 bytes]
[2025-07-09 05:53:22,079.079] DEBUG    [MainThread|MainProcess] Logger (connect.py:on_message:43) | {'time': 1752011602, 'self_id': 703263936, 'post_type': 'meta_event', 'meta_event_type': 'heartbeat', 'status': {'online': True, 'good': True}, 'interval': 30000}
[2025-07-09 05:53:52,092.092] DEBUG    [MainThread|MainProcess] websockets.client (protocol.py:read_frame:1177) | < TEXT '{"time":1752011632,"self_id":703263936,"post_ty...true},"interval":30000}' [148 bytes]
[2025-07-09 05:53:52,092.092] DEBUG    [MainThread|MainProcess] Logger (connect.py:on_message:43) | {'time': 1752011632, 'self_id': 703263936, 'post_type': 'meta_event', 'meta_event_type': 'heartbeat', 'status': {'online': True, 'good': True}, 'interval': 30000}
[2025-07-09 05:54:22,105.105] DEBUG    [MainThread|MainProcess] websockets.client (protocol.py:read_frame:1177) | < TEXT '{"time":1752011662,"self_id":703263936,"post_ty...true},"interval":30000}' [148 bytes]
[2025-07-09 05:54:22,105.105] DEBUG    [MainThread|MainProcess] Logger (connect.py:on_message:43) | {'time': 1752011662, 'self_id': 703263936, 'post_type': 'meta_event', 'meta_event_type': 'heartbeat', 'status': {'online': True, 'good': True}, 'interval': 30000}
[2025-07-09 05:54:52,106.106] DEBUG    [MainThread|MainProcess] websockets.client (protocol.py:read_frame:1177) | < TEXT '{"time":1752011692,"self_id":703263936,"post_ty...true},"interval":30000}' [148 bytes]
[2025-07-09 05:54:52,106.106] DEBUG    [MainThread|MainProcess] Logger (connect.py:on_message:43) | {'time': 1752011692, 'self_id': 703263936, 'post_type': 'meta_event', 'meta_event_type': 'heartbeat', 'status': {'online': True, 'good': True}, 'interval': 30000}
[2025-07-09 05:55:22,119.119] DEBUG    [MainThread|MainProcess] websockets.client (protocol.py:read_frame:1177) | < TEXT '{"time":1752011722,"self_id":703263936,"post_ty...true},"interval":30000}' [148 bytes]
[2025-07-09 05:55:22,119.119] DEBUG    [MainThread|MainProcess] Logger (connect.py:on_message:43) | {'time': 1752011722, 'self_id': 703263936, 'post_type': 'meta_event', 'meta_event_type': 'heartbeat', 'status': {'online': True, 'good': True}, 'interval': 30000}
[2025-07-09 05:55:52,132.132] DEBUG    [MainThread|MainProcess] websockets.client (protocol.py:read_frame:1177) | < TEXT '{"time":1752011752,"self_id":703263936,"post_ty...true},"interval":30000}' [148 bytes]
[2025-07-09 05:55:52,132.132] DEBUG    [MainThread|MainProcess] Logger (connect.py:on_message:43) | {'time': 1752011752, 'self_id': 703263936, 'post_type': 'meta_event', 'meta_event_type': 'heartbeat', 'status': {'online': True, 'good': True}, 'interval': 30000}
[2025-07-09 05:56:22,143.143] DEBUG    [MainThread|MainProcess] websockets.client (protocol.py:read_frame:1177) | < TEXT '{"time":1752011782,"self_id":703263936,"post_ty...true},"interval":30000}' [148 bytes]
[2025-07-09 05:56:22,143.143] DEBUG    [MainThread|MainProcess] Logger (connect.py:on_message:43) | {'time': 1752011782, 'self_id': 703263936, 'post_type': 'meta_event', 'meta_event_type': 'heartbeat', 'status': {'online': True, 'good': True}, 'interval': 30000}
[2025-07-09 05:56:52,149.149] DEBUG    [MainThread|MainProcess] websockets.client (protocol.py:read_frame:1177) | < TEXT '{"time":1752011812,"self_id":703263936,"post_ty...true},"interval":30000}' [148 bytes]
[2025-07-09 05:56:52,149.149] DEBUG    [MainThread|MainProcess] Logger (connect.py:on_message:43) | {'time': 1752011812, 'self_id': 703263936, 'post_type': 'meta_event', 'meta_event_type': 'heartbeat', 'status': {'online': True, 'good': True}, 'interval': 30000}
[2025-07-09 05:57:22,162.162] DEBUG    [MainThread|MainProcess] websockets.client (protocol.py:read_frame:1177) | < TEXT '{"time":1752011842,"self_id":703263936,"post_ty...true},"interval":30000}' [148 bytes]
[2025-07-09 05:57:22,162.162] DEBUG    [MainThread|MainProcess] Logger (connect.py:on_message:43) | {'time': 1752011842, 'self_id': 703263936, 'post_type': 'meta_event', 'meta_event_type': 'heartbeat', 'status': {'online': True, 'good': True}, 'interval': 30000}
[2025-07-09 05:57:52,173.173] DEBUG    [MainThread|MainProcess] websockets.client (protocol.py:read_frame:1177) | < TEXT '{"time":1752011872,"self_id":703263936,"post_ty...true},"interval":30000}' [148 bytes]
[2025-07-09 05:57:52,173.173] DEBUG    [MainThread|MainProcess] Logger (connect.py:on_message:43) | {'time': 1752011872, 'self_id': 703263936, 'post_type': 'meta_event', 'meta_event_type': 'heartbeat', 'status': {'online': True, 'good': True}, 'interval': 30000}
[2025-07-09 05:58:22,187.187] DEBUG    [MainThread|MainProcess] websockets.client (protocol.py:read_frame:1177) | < TEXT '{"time":1752011902,"self_id":703263936,"post_ty...true},"interval":30000}' [148 bytes]
[2025-07-09 05:58:22,187.187] DEBUG    [MainThread|MainProcess] Logger (connect.py:on_message:43) | {'time': 1752011902, 'self_id': 703263936, 'post_type': 'meta_event', 'meta_event_type': 'heartbeat', 'status': {'online': True, 'good': True}, 'interval': 30000}
[2025-07-09 05:58:52,198.198] DEBUG    [MainThread|MainProcess] websockets.client (protocol.py:read_frame:1177) | < TEXT '{"time":1752011932,"self_id":703263936,"post_ty...true},"interval":30000}' [148 bytes]
[2025-07-09 05:58:52,198.198] DEBUG    [MainThread|MainProcess] Logger (connect.py:on_message:43) | {'time': 1752011932, 'self_id': 703263936, 'post_type': 'meta_event', 'meta_event_type': 'heartbeat', 'status': {'online': True, 'good': True}, 'interval': 30000}
[2025-07-09 05:59:22,212.212] DEBUG    [MainThread|MainProcess] websockets.client (protocol.py:read_frame:1177) | < TEXT '{"time":1752011962,"self_id":703263936,"post_ty...true},"interval":30000}' [148 bytes]
[2025-07-09 05:59:22,212.212] DEBUG    [MainThread|MainProcess] Logger (connect.py:on_message:43) | {'time': 1752011962, 'self_id': 703263936, 'post_type': 'meta_event', 'meta_event_type': 'heartbeat', 'status': {'online': True, 'good': True}, 'interval': 30000}
[2025-07-09 05:59:52,224.224] DEBUG    [MainThread|MainProcess] websockets.client (protocol.py:read_frame:1177) | < TEXT '{"time":1752011992,"self_id":703263936,"post_ty...true},"interval":30000}' [148 bytes]
[2025-07-09 05:59:52,224.224] DEBUG    [MainThread|MainProcess] Logger (connect.py:on_message:43) | {'time': 1752011992, 'self_id': 703263936, 'post_type': 'meta_event', 'meta_event_type': 'heartbeat', 'status': {'online': True, 'good': True}, 'interval': 30000}
[2025-07-09 06:00:22,237.237] DEBUG    [MainThread|MainProcess] websockets.client (protocol.py:read_frame:1177) | < TEXT '{"time":1752012022,"self_id":703263936,"post_ty...true},"interval":30000}' [148 bytes]
[2025-07-09 06:00:22,237.237] DEBUG    [MainThread|MainProcess] Logger (connect.py:on_message:43) | {'time': 1752012022, 'self_id': 703263936, 'post_type': 'meta_event', 'meta_event_type': 'heartbeat', 'status': {'online': True, 'good': True}, 'interval': 30000}
[2025-07-09 06:00:52,242.242] DEBUG    [MainThread|MainProcess] websockets.client (protocol.py:read_frame:1177) | < TEXT '{"time":1752012052,"self_id":703263936,"post_ty...true},"interval":30000}' [148 bytes]
[2025-07-09 06:00:52,242.242] DEBUG    [MainThread|MainProcess] Logger (connect.py:on_message:43) | {'time': 1752012052, 'self_id': 703263936, 'post_type': 'meta_event', 'meta_event_type': 'heartbeat', 'status': {'online': True, 'good': True}, 'interval': 30000}
[2025-07-09 06:01:22,255.255] DEBUG    [MainThread|MainProcess] websockets.client (protocol.py:read_frame:1177) | < TEXT '{"time":1752012082,"self_id":703263936,"post_ty...true},"interval":30000}' [148 bytes]
[2025-07-09 06:01:22,255.255] DEBUG    [MainThread|MainProcess] Logger (connect.py:on_message:43) | {'time': 1752012082, 'self_id': 703263936, 'post_type': 'meta_event', 'meta_event_type': 'heartbeat', 'status': {'online': True, 'good': True}, 'interval': 30000}
[2025-07-09 06:01:52,256.256] DEBUG    [MainThread|MainProcess] websockets.client (protocol.py:read_frame:1177) | < TEXT '{"time":1752012112,"self_id":703263936,"post_ty...true},"interval":30000}' [148 bytes]
[2025-07-09 06:01:52,256.256] DEBUG    [MainThread|MainProcess] Logger (connect.py:on_message:43) | {'time': 1752012112, 'self_id': 703263936, 'post_type': 'meta_event', 'meta_event_type': 'heartbeat', 'status': {'online': True, 'good': True}, 'interval': 30000}
[2025-07-09 06:02:22,270.270] DEBUG    [MainThread|MainProcess] websockets.client (protocol.py:read_frame:1177) | < TEXT '{"time":1752012142,"self_id":703263936,"post_ty...true},"interval":30000}' [148 bytes]
[2025-07-09 06:02:22,270.270] DEBUG    [MainThread|MainProcess] Logger (connect.py:on_message:43) | {'time': 1752012142, 'self_id': 703263936, 'post_type': 'meta_event', 'meta_event_type': 'heartbeat', 'status': {'online': True, 'good': True}, 'interval': 30000}
[2025-07-09 06:02:52,269.269] DEBUG    [MainThread|MainProcess] websockets.client (protocol.py:read_frame:1177) | < TEXT '{"time":1752012172,"self_id":703263936,"post_ty...true},"interval":30000}' [148 bytes]
[2025-07-09 06:02:52,269.269] DEBUG    [MainThread|MainProcess] Logger (connect.py:on_message:43) | {'time': 1752012172, 'self_id': 703263936, 'post_type': 'meta_event', 'meta_event_type': 'heartbeat', 'status': {'online': True, 'good': True}, 'interval': 30000}
[2025-07-09 06:03:22,282.282] DEBUG    [MainThread|MainProcess] websockets.client (protocol.py:read_frame:1177) | < TEXT '{"time":1752012202,"self_id":703263936,"post_ty...true},"interval":30000}' [148 bytes]
[2025-07-09 06:03:22,282.282] DEBUG    [MainThread|MainProcess] Logger (connect.py:on_message:43) | {'time': 1752012202, 'self_id': 703263936, 'post_type': 'meta_event', 'meta_event_type': 'heartbeat', 'status': {'online': True, 'good': True}, 'interval': 30000}
[2025-07-09 06:03:52,290.290] DEBUG    [MainThread|MainProcess] websockets.client (protocol.py:read_frame:1177) | < TEXT '{"time":1752012232,"self_id":703263936,"post_ty...true},"interval":30000}' [148 bytes]
[2025-07-09 06:03:52,290.290] DEBUG    [MainThread|MainProcess] Logger (connect.py:on_message:43) | {'time': 1752012232, 'self_id': 703263936, 'post_type': 'meta_event', 'meta_event_type': 'heartbeat', 'status': {'online': True, 'good': True}, 'interval': 30000}
[2025-07-09 06:04:22,303.303] DEBUG    [MainThread|MainProcess] websockets.client (protocol.py:read_frame:1177) | < TEXT '{"time":1752012262,"self_id":703263936,"post_ty...true},"interval":30000}' [148 bytes]
[2025-07-09 06:04:22,303.303] DEBUG    [MainThread|MainProcess] Logger (connect.py:on_message:43) | {'time': 1752012262, 'self_id': 703263936, 'post_type': 'meta_event', 'meta_event_type': 'heartbeat', 'status': {'online': True, 'good': True}, 'interval': 30000}
[2025-07-09 06:04:52,308.308] DEBUG    [MainThread|MainProcess] websockets.client (protocol.py:read_frame:1177) | < TEXT '{"time":1752012292,"self_id":703263936,"post_ty...true},"interval":30000}' [148 bytes]
[2025-07-09 06:04:52,308.308] DEBUG    [MainThread|MainProcess] Logger (connect.py:on_message:43) | {'time': 1752012292, 'self_id': 703263936, 'post_type': 'meta_event', 'meta_event_type': 'heartbeat', 'status': {'online': True, 'good': True}, 'interval': 30000}
[2025-07-09 06:05:22,321.321] DEBUG    [MainThread|MainProcess] websockets.client (protocol.py:read_frame:1177) | < TEXT '{"time":1752012322,"self_id":703263936,"post_ty...true},"interval":30000}' [148 bytes]
[2025-07-09 06:05:22,321.321] DEBUG    [MainThread|MainProcess] Logger (connect.py:on_message:43) | {'time': 1752012322, 'self_id': 703263936, 'post_type': 'meta_event', 'meta_event_type': 'heartbeat', 'status': {'online': True, 'good': True}, 'interval': 30000}
[2025-07-09 06:05:52,335.335] DEBUG    [MainThread|MainProcess] websockets.client (protocol.py:read_frame:1177) | < TEXT '{"time":1752012352,"self_id":703263936,"post_ty...true},"interval":30000}' [148 bytes]
[2025-07-09 06:05:52,335.335] DEBUG    [MainThread|MainProcess] Logger (connect.py:on_message:43) | {'time': 1752012352, 'self_id': 703263936, 'post_type': 'meta_event', 'meta_event_type': 'heartbeat', 'status': {'online': True, 'good': True}, 'interval': 30000}
[2025-07-09 06:06:22,348.348] DEBUG    [MainThread|MainProcess] websockets.client (protocol.py:read_frame:1177) | < TEXT '{"time":1752012382,"self_id":703263936,"post_ty...true},"interval":30000}' [148 bytes]
[2025-07-09 06:06:22,348.348] DEBUG    [MainThread|MainProcess] Logger (connect.py:on_message:43) | {'time': 1752012382, 'self_id': 703263936, 'post_type': 'meta_event', 'meta_event_type': 'heartbeat', 'status': {'online': True, 'good': True}, 'interval': 30000}
[2025-07-09 06:06:52,357.357] DEBUG    [MainThread|MainProcess] websockets.client (protocol.py:read_frame:1177) | < TEXT '{"time":1752012412,"self_id":703263936,"post_ty...true},"interval":30000}' [148 bytes]
[2025-07-09 06:06:52,357.357] DEBUG    [MainThread|MainProcess] Logger (connect.py:on_message:43) | {'time': 1752012412, 'self_id': 703263936, 'post_type': 'meta_event', 'meta_event_type': 'heartbeat', 'status': {'online': True, 'good': True}, 'interval': 30000}
[2025-07-09 06:07:22,370.370] DEBUG    [MainThread|MainProcess] websockets.client (protocol.py:read_frame:1177) | < TEXT '{"time":1752012442,"self_id":703263936,"post_ty...true},"interval":30000}' [148 bytes]
[2025-07-09 06:07:22,370.370] DEBUG    [MainThread|MainProcess] Logger (connect.py:on_message:43) | {'time': 1752012442, 'self_id': 703263936, 'post_type': 'meta_event', 'meta_event_type': 'heartbeat', 'status': {'online': True, 'good': True}, 'interval': 30000}
[2025-07-09 06:07:52,383.383] DEBUG    [MainThread|MainProcess] websockets.client (protocol.py:read_frame:1177) | < TEXT '{"time":1752012472,"self_id":703263936,"post_ty...true},"interval":30000}' [148 bytes]
[2025-07-09 06:07:52,383.383] DEBUG    [MainThread|MainProcess] Logger (connect.py:on_message:43) | {'time': 1752012472, 'self_id': 703263936, 'post_type': 'meta_event', 'meta_event_type': 'heartbeat', 'status': {'online': True, 'good': True}, 'interval': 30000}
[2025-07-09 06:08:22,390.390] DEBUG    [MainThread|MainProcess] websockets.client (protocol.py:read_frame:1177) | < TEXT '{"time":1752012502,"self_id":703263936,"post_ty...true},"interval":30000}' [148 bytes]
[2025-07-09 06:08:22,390.390] DEBUG    [MainThread|MainProcess] Logger (connect.py:on_message:43) | {'time': 1752012502, 'self_id': 703263936, 'post_type': 'meta_event', 'meta_event_type': 'heartbeat', 'status': {'online': True, 'good': True}, 'interval': 30000}
[2025-07-09 06:08:52,398.398] DEBUG    [MainThread|MainProcess] websockets.client (protocol.py:read_frame:1177) | < TEXT '{"time":1752012532,"self_id":703263936,"post_ty...true},"interval":30000}' [148 bytes]
[2025-07-09 06:08:52,398.398] DEBUG    [MainThread|MainProcess] Logger (connect.py:on_message:43) | {'time': 1752012532, 'self_id': 703263936, 'post_type': 'meta_event', 'meta_event_type': 'heartbeat', 'status': {'online': True, 'good': True}, 'interval': 30000}
[2025-07-09 06:09:22,408.408] DEBUG    [MainThread|MainProcess] websockets.client (protocol.py:read_frame:1177) | < TEXT '{"time":1752012562,"self_id":703263936,"post_ty...true},"interval":30000}' [148 bytes]
[2025-07-09 06:09:22,408.408] DEBUG    [MainThread|MainProcess] Logger (connect.py:on_message:43) | {'time': 1752012562, 'self_id': 703263936, 'post_type': 'meta_event', 'meta_event_type': 'heartbeat', 'status': {'online': True, 'good': True}, 'interval': 30000}
[2025-07-09 06:09:52,408.408] DEBUG    [MainThread|MainProcess] websockets.client (protocol.py:read_frame:1177) | < TEXT '{"time":1752012592,"self_id":703263936,"post_ty...true},"interval":30000}' [148 bytes]
[2025-07-09 06:09:52,408.408] DEBUG    [MainThread|MainProcess] Logger (connect.py:on_message:43) | {'time': 1752012592, 'self_id': 703263936, 'post_type': 'meta_event', 'meta_event_type': 'heartbeat', 'status': {'online': True, 'good': True}, 'interval': 30000}
[2025-07-09 06:10:22,422.422] DEBUG    [MainThread|MainProcess] websockets.client (protocol.py:read_frame:1177) | < TEXT '{"time":1752012622,"self_id":703263936,"post_ty...true},"interval":30000}' [148 bytes]
[2025-07-09 06:10:22,422.422] DEBUG    [MainThread|MainProcess] Logger (connect.py:on_message:43) | {'time': 1752012622, 'self_id': 703263936, 'post_type': 'meta_event', 'meta_event_type': 'heartbeat', 'status': {'online': True, 'good': True}, 'interval': 30000}
[2025-07-09 06:10:52,426.426] DEBUG    [MainThread|MainProcess] websockets.client (protocol.py:read_frame:1177) | < TEXT '{"time":1752012652,"self_id":703263936,"post_ty...true},"interval":30000}' [148 bytes]
[2025-07-09 06:10:52,426.426] DEBUG    [MainThread|MainProcess] Logger (connect.py:on_message:43) | {'time': 1752012652, 'self_id': 703263936, 'post_type': 'meta_event', 'meta_event_type': 'heartbeat', 'status': {'online': True, 'good': True}, 'interval': 30000}
[2025-07-09 06:11:22,440.440] DEBUG    [MainThread|MainProcess] websockets.client (protocol.py:read_frame:1177) | < TEXT '{"time":1752012682,"self_id":703263936,"post_ty...true},"interval":30000}' [148 bytes]
[2025-07-09 06:11:22,440.440] DEBUG    [MainThread|MainProcess] Logger (connect.py:on_message:43) | {'time': 1752012682, 'self_id': 703263936, 'post_type': 'meta_event', 'meta_event_type': 'heartbeat', 'status': {'online': True, 'good': True}, 'interval': 30000}
[2025-07-09 06:11:52,441.441] DEBUG    [MainThread|MainProcess] websockets.client (protocol.py:read_frame:1177) | < TEXT '{"time":1752012712,"self_id":703263936,"post_ty...true},"interval":30000}' [148 bytes]
[2025-07-09 06:11:52,441.441] DEBUG    [MainThread|MainProcess] Logger (connect.py:on_message:43) | {'time': 1752012712, 'self_id': 703263936, 'post_type': 'meta_event', 'meta_event_type': 'heartbeat', 'status': {'online': True, 'good': True}, 'interval': 30000}
[2025-07-09 06:12:22,454.454] DEBUG    [MainThread|MainProcess] websockets.client (protocol.py:read_frame:1177) | < TEXT '{"time":1752012742,"self_id":703263936,"post_ty...true},"interval":30000}' [148 bytes]
[2025-07-09 06:12:22,454.454] DEBUG    [MainThread|MainProcess] Logger (connect.py:on_message:43) | {'time': 1752012742, 'self_id': 703263936, 'post_type': 'meta_event', 'meta_event_type': 'heartbeat', 'status': {'online': True, 'good': True}, 'interval': 30000}
[2025-07-09 06:12:52,463.463] DEBUG    [MainThread|MainProcess] websockets.client (protocol.py:read_frame:1177) | < TEXT '{"time":1752012772,"self_id":703263936,"post_ty...true},"interval":30000}' [148 bytes]
[2025-07-09 06:12:52,463.463] DEBUG    [MainThread|MainProcess] Logger (connect.py:on_message:43) | {'time': 1752012772, 'self_id': 703263936, 'post_type': 'meta_event', 'meta_event_type': 'heartbeat', 'status': {'online': True, 'good': True}, 'interval': 30000}
[2025-07-09 06:13:22,476.476] DEBUG    [MainThread|MainProcess] websockets.client (protocol.py:read_frame:1177) | < TEXT '{"time":1752012802,"self_id":703263936,"post_ty...true},"interval":30000}' [148 bytes]
[2025-07-09 06:13:22,476.476] DEBUG    [MainThread|MainProcess] Logger (connect.py:on_message:43) | {'time': 1752012802, 'self_id': 703263936, 'post_type': 'meta_event', 'meta_event_type': 'heartbeat', 'status': {'online': True, 'good': True}, 'interval': 30000}
[2025-07-09 06:13:52,491.491] DEBUG    [MainThread|MainProcess] websockets.client (protocol.py:read_frame:1177) | < TEXT '{"time":1752012832,"self_id":703263936,"post_ty...true},"interval":30000}' [148 bytes]
[2025-07-09 06:13:52,491.491] DEBUG    [MainThread|MainProcess] Logger (connect.py:on_message:43) | {'time': 1752012832, 'self_id': 703263936, 'post_type': 'meta_event', 'meta_event_type': 'heartbeat', 'status': {'online': True, 'good': True}, 'interval': 30000}
[2025-07-09 06:14:22,505.505] DEBUG    [MainThread|MainProcess] websockets.client (protocol.py:read_frame:1177) | < TEXT '{"time":1752012862,"self_id":703263936,"post_ty...true},"interval":30000}' [148 bytes]
[2025-07-09 06:14:22,505.505] DEBUG    [MainThread|MainProcess] Logger (connect.py:on_message:43) | {'time': 1752012862, 'self_id': 703263936, 'post_type': 'meta_event', 'meta_event_type': 'heartbeat', 'status': {'online': True, 'good': True}, 'interval': 30000}
[2025-07-09 06:14:52,516.516] DEBUG    [MainThread|MainProcess] websockets.client (protocol.py:read_frame:1177) | < TEXT '{"time":1752012892,"self_id":703263936,"post_ty...true},"interval":30000}' [148 bytes]
[2025-07-09 06:14:52,516.516] DEBUG    [MainThread|MainProcess] Logger (connect.py:on_message:43) | {'time': 1752012892, 'self_id': 703263936, 'post_type': 'meta_event', 'meta_event_type': 'heartbeat', 'status': {'online': True, 'good': True}, 'interval': 30000}
[2025-07-09 06:15:22,530.530] DEBUG    [MainThread|MainProcess] websockets.client (protocol.py:read_frame:1177) | < TEXT '{"time":1752012922,"self_id":703263936,"post_ty...true},"interval":30000}' [148 bytes]
[2025-07-09 06:15:22,530.530] DEBUG    [MainThread|MainProcess] Logger (connect.py:on_message:43) | {'time': 1752012922, 'self_id': 703263936, 'post_type': 'meta_event', 'meta_event_type': 'heartbeat', 'status': {'online': True, 'good': True}, 'interval': 30000}
[2025-07-09 06:15:52,543.543] DEBUG    [MainThread|MainProcess] websockets.client (protocol.py:read_frame:1177) | < TEXT '{"time":1752012952,"self_id":703263936,"post_ty...true},"interval":30000}' [148 bytes]
[2025-07-09 06:15:52,543.543] DEBUG    [MainThread|MainProcess] Logger (connect.py:on_message:43) | {'time': 1752012952, 'self_id': 703263936, 'post_type': 'meta_event', 'meta_event_type': 'heartbeat', 'status': {'online': True, 'good': True}, 'interval': 30000}
[2025-07-09 06:16:22,557.557] DEBUG    [MainThread|MainProcess] websockets.client (protocol.py:read_frame:1177) | < TEXT '{"time":1752012982,"self_id":703263936,"post_ty...true},"interval":30000}' [148 bytes]
[2025-07-09 06:16:22,557.557] DEBUG    [MainThread|MainProcess] Logger (connect.py:on_message:43) | {'time': 1752012982, 'self_id': 703263936, 'post_type': 'meta_event', 'meta_event_type': 'heartbeat', 'status': {'online': True, 'good': True}, 'interval': 30000}
[2025-07-09 06:16:52,581.581] DEBUG    [MainThread|MainProcess] websockets.client (protocol.py:read_frame:1177) | < TEXT '{"time":1752013012,"self_id":703263936,"post_ty...true},"interval":30000}' [148 bytes]
[2025-07-09 06:16:52,581.581] DEBUG    [MainThread|MainProcess] Logger (connect.py:on_message:43) | {'time': 1752013012, 'self_id': 703263936, 'post_type': 'meta_event', 'meta_event_type': 'heartbeat', 'status': {'online': True, 'good': True}, 'interval': 30000}
[2025-07-09 06:17:22,594.594] DEBUG    [MainThread|MainProcess] websockets.client (protocol.py:read_frame:1177) | < TEXT '{"time":1752013042,"self_id":703263936,"post_ty...true},"interval":30000}' [148 bytes]
[2025-07-09 06:17:22,594.594] DEBUG    [MainThread|MainProcess] Logger (connect.py:on_message:43) | {'time': 1752013042, 'self_id': 703263936, 'post_type': 'meta_event', 'meta_event_type': 'heartbeat', 'status': {'online': True, 'good': True}, 'interval': 30000}
[2025-07-09 06:17:52,599.599] DEBUG    [MainThread|MainProcess] websockets.client (protocol.py:read_frame:1177) | < TEXT '{"time":1752013072,"self_id":703263936,"post_ty...true},"interval":30000}' [148 bytes]
[2025-07-09 06:17:52,599.599] DEBUG    [MainThread|MainProcess] Logger (connect.py:on_message:43) | {'time': 1752013072, 'self_id': 703263936, 'post_type': 'meta_event', 'meta_event_type': 'heartbeat', 'status': {'online': True, 'good': True}, 'interval': 30000}
[2025-07-09 06:18:22,612.612] DEBUG    [MainThread|MainProcess] websockets.client (protocol.py:read_frame:1177) | < TEXT '{"time":1752013102,"self_id":703263936,"post_ty...true},"interval":30000}' [148 bytes]
[2025-07-09 06:18:22,612.612] DEBUG    [MainThread|MainProcess] Logger (connect.py:on_message:43) | {'time': 1752013102, 'self_id': 703263936, 'post_type': 'meta_event', 'meta_event_type': 'heartbeat', 'status': {'online': True, 'good': True}, 'interval': 30000}
[2025-07-09 06:18:52,632.632] DEBUG    [MainThread|MainProcess] websockets.client (protocol.py:read_frame:1177) | < TEXT '{"time":1752013132,"self_id":703263936,"post_ty...true},"interval":30000}' [148 bytes]
[2025-07-09 06:18:52,632.632] DEBUG    [MainThread|MainProcess] Logger (connect.py:on_message:43) | {'time': 1752013132, 'self_id': 703263936, 'post_type': 'meta_event', 'meta_event_type': 'heartbeat', 'status': {'online': True, 'good': True}, 'interval': 30000}
[2025-07-09 06:19:22,646.646] DEBUG    [MainThread|MainProcess] websockets.client (protocol.py:read_frame:1177) | < TEXT '{"time":1752013162,"self_id":703263936,"post_ty...true},"interval":30000}' [148 bytes]
[2025-07-09 06:19:22,646.646] DEBUG    [MainThread|MainProcess] Logger (connect.py:on_message:43) | {'time': 1752013162, 'self_id': 703263936, 'post_type': 'meta_event', 'meta_event_type': 'heartbeat', 'status': {'online': True, 'good': True}, 'interval': 30000}
[2025-07-09 06:19:52,650.650] DEBUG    [MainThread|MainProcess] websockets.client (protocol.py:read_frame:1177) | < TEXT '{"time":1752013192,"self_id":703263936,"post_ty...true},"interval":30000}' [148 bytes]
[2025-07-09 06:19:52,650.650] DEBUG    [MainThread|MainProcess] Logger (connect.py:on_message:43) | {'time': 1752013192, 'self_id': 703263936, 'post_type': 'meta_event', 'meta_event_type': 'heartbeat', 'status': {'online': True, 'good': True}, 'interval': 30000}
[2025-07-09 06:20:22,663.663] DEBUG    [MainThread|MainProcess] websockets.client (protocol.py:read_frame:1177) | < TEXT '{"time":1752013222,"self_id":703263936,"post_ty...true},"interval":30000}' [148 bytes]
[2025-07-09 06:20:22,663.663] DEBUG    [MainThread|MainProcess] Logger (connect.py:on_message:43) | {'time': 1752013222, 'self_id': 703263936, 'post_type': 'meta_event', 'meta_event_type': 'heartbeat', 'status': {'online': True, 'good': True}, 'interval': 30000}
[2025-07-09 06:20:52,669.669] DEBUG    [MainThread|MainProcess] websockets.client (protocol.py:read_frame:1177) | < TEXT '{"time":1752013252,"self_id":703263936,"post_ty...true},"interval":30000}' [148 bytes]
[2025-07-09 06:20:52,669.669] DEBUG    [MainThread|MainProcess] Logger (connect.py:on_message:43) | {'time': 1752013252, 'self_id': 703263936, 'post_type': 'meta_event', 'meta_event_type': 'heartbeat', 'status': {'online': True, 'good': True}, 'interval': 30000}
[2025-07-09 06:21:22,682.682] DEBUG    [MainThread|MainProcess] websockets.client (protocol.py:read_frame:1177) | < TEXT '{"time":1752013282,"self_id":703263936,"post_ty...true},"interval":30000}' [148 bytes]
[2025-07-09 06:21:22,682.682] DEBUG    [MainThread|MainProcess] Logger (connect.py:on_message:43) | {'time': 1752013282, 'self_id': 703263936, 'post_type': 'meta_event', 'meta_event_type': 'heartbeat', 'status': {'online': True, 'good': True}, 'interval': 30000}
[2025-07-09 06:21:52,684.684] DEBUG    [MainThread|MainProcess] websockets.client (protocol.py:read_frame:1177) | < TEXT '{"time":1752013312,"self_id":703263936,"post_ty...true},"interval":30000}' [148 bytes]
[2025-07-09 06:21:52,684.684] DEBUG    [MainThread|MainProcess] Logger (connect.py:on_message:43) | {'time': 1752013312, 'self_id': 703263936, 'post_type': 'meta_event', 'meta_event_type': 'heartbeat', 'status': {'online': True, 'good': True}, 'interval': 30000}
[2025-07-09 06:22:22,698.698] DEBUG    [MainThread|MainProcess] websockets.client (protocol.py:read_frame:1177) | < TEXT '{"time":1752013342,"self_id":703263936,"post_ty...true},"interval":30000}' [148 bytes]
[2025-07-09 06:22:22,698.698] DEBUG    [MainThread|MainProcess] Logger (connect.py:on_message:43) | {'time': 1752013342, 'self_id': 703263936, 'post_type': 'meta_event', 'meta_event_type': 'heartbeat', 'status': {'online': True, 'good': True}, 'interval': 30000}
[2025-07-09 06:22:52,707.707] DEBUG    [MainThread|MainProcess] websockets.client (protocol.py:read_frame:1177) | < TEXT '{"time":1752013372,"self_id":703263936,"post_ty...true},"interval":30000}' [148 bytes]
[2025-07-09 06:22:52,707.707] DEBUG    [MainThread|MainProcess] Logger (connect.py:on_message:43) | {'time': 1752013372, 'self_id': 703263936, 'post_type': 'meta_event', 'meta_event_type': 'heartbeat', 'status': {'online': True, 'good': True}, 'interval': 30000}
[2025-07-09 06:23:22,720.720] DEBUG    [MainThread|MainProcess] websockets.client (protocol.py:read_frame:1177) | < TEXT '{"time":1752013402,"self_id":703263936,"post_ty...true},"interval":30000}' [148 bytes]
[2025-07-09 06:23:22,720.720] DEBUG    [MainThread|MainProcess] Logger (connect.py:on_message:43) | {'time': 1752013402, 'self_id': 703263936, 'post_type': 'meta_event', 'meta_event_type': 'heartbeat', 'status': {'online': True, 'good': True}, 'interval': 30000}
[2025-07-09 06:23:52,735.735] DEBUG    [MainThread|MainProcess] websockets.client (protocol.py:read_frame:1177) | < TEXT '{"time":1752013432,"self_id":703263936,"post_ty...true},"interval":30000}' [148 bytes]
[2025-07-09 06:23:52,735.735] DEBUG    [MainThread|MainProcess] Logger (connect.py:on_message:43) | {'time': 1752013432, 'self_id': 703263936, 'post_type': 'meta_event', 'meta_event_type': 'heartbeat', 'status': {'online': True, 'good': True}, 'interval': 30000}
[2025-07-09 06:24:22,748.748] DEBUG    [MainThread|MainProcess] websockets.client (protocol.py:read_frame:1177) | < TEXT '{"time":1752013462,"self_id":703263936,"post_ty...true},"interval":30000}' [148 bytes]
[2025-07-09 06:24:22,748.748] DEBUG    [MainThread|MainProcess] Logger (connect.py:on_message:43) | {'time': 1752013462, 'self_id': 703263936, 'post_type': 'meta_event', 'meta_event_type': 'heartbeat', 'status': {'online': True, 'good': True}, 'interval': 30000}
[2025-07-09 06:24:52,762.762] DEBUG    [MainThread|MainProcess] websockets.client (protocol.py:read_frame:1177) | < TEXT '{"time":1752013492,"self_id":703263936,"post_ty...true},"interval":30000}' [148 bytes]
[2025-07-09 06:24:52,762.762] DEBUG    [MainThread|MainProcess] Logger (connect.py:on_message:43) | {'time': 1752013492, 'self_id': 703263936, 'post_type': 'meta_event', 'meta_event_type': 'heartbeat', 'status': {'online': True, 'good': True}, 'interval': 30000}
[2025-07-09 06:25:22,776.776] DEBUG    [MainThread|MainProcess] websockets.client (protocol.py:read_frame:1177) | < TEXT '{"time":1752013522,"self_id":703263936,"post_ty...true},"interval":30000}' [148 bytes]
[2025-07-09 06:25:22,776.776] DEBUG    [MainThread|MainProcess] Logger (connect.py:on_message:43) | {'time': 1752013522, 'self_id': 703263936, 'post_type': 'meta_event', 'meta_event_type': 'heartbeat', 'status': {'online': True, 'good': True}, 'interval': 30000}
[2025-07-09 06:25:52,789.789] DEBUG    [MainThread|MainProcess] websockets.client (protocol.py:read_frame:1177) | < TEXT '{"time":1752013552,"self_id":703263936,"post_ty...true},"interval":30000}' [148 bytes]
[2025-07-09 06:25:52,789.789] DEBUG    [MainThread|MainProcess] Logger (connect.py:on_message:43) | {'time': 1752013552, 'self_id': 703263936, 'post_type': 'meta_event', 'meta_event_type': 'heartbeat', 'status': {'online': True, 'good': True}, 'interval': 30000}
[2025-07-09 06:26:22,803.803] DEBUG    [MainThread|MainProcess] websockets.client (protocol.py:read_frame:1177) | < TEXT '{"time":1752013582,"self_id":703263936,"post_ty...true},"interval":30000}' [148 bytes]
[2025-07-09 06:26:22,803.803] DEBUG    [MainThread|MainProcess] Logger (connect.py:on_message:43) | {'time': 1752013582, 'self_id': 703263936, 'post_type': 'meta_event', 'meta_event_type': 'heartbeat', 'status': {'online': True, 'good': True}, 'interval': 30000}
[2025-07-09 06:26:52,811.811] DEBUG    [MainThread|MainProcess] websockets.client (protocol.py:read_frame:1177) | < TEXT '{"time":1752013612,"self_id":703263936,"post_ty...true},"interval":30000}' [148 bytes]
[2025-07-09 06:26:52,811.811] DEBUG    [MainThread|MainProcess] Logger (connect.py:on_message:43) | {'time': 1752013612, 'self_id': 703263936, 'post_type': 'meta_event', 'meta_event_type': 'heartbeat', 'status': {'online': True, 'good': True}, 'interval': 30000}
[2025-07-09 06:27:22,825.825] DEBUG    [MainThread|MainProcess] websockets.client (protocol.py:read_frame:1177) | < TEXT '{"time":1752013642,"self_id":703263936,"post_ty...true},"interval":30000}' [148 bytes]
[2025-07-09 06:27:22,825.825] DEBUG    [MainThread|MainProcess] Logger (connect.py:on_message:43) | {'time': 1752013642, 'self_id': 703263936, 'post_type': 'meta_event', 'meta_event_type': 'heartbeat', 'status': {'online': True, 'good': True}, 'interval': 30000}
[2025-07-09 06:27:52,827.827] DEBUG    [MainThread|MainProcess] websockets.client (protocol.py:read_frame:1177) | < TEXT '{"time":1752013672,"self_id":703263936,"post_ty...true},"interval":30000}' [148 bytes]
[2025-07-09 06:27:52,827.827] DEBUG    [MainThread|MainProcess] Logger (connect.py:on_message:43) | {'time': 1752013672, 'self_id': 703263936, 'post_type': 'meta_event', 'meta_event_type': 'heartbeat', 'status': {'online': True, 'good': True}, 'interval': 30000}
[2025-07-09 06:28:22,840.840] DEBUG    [MainThread|MainProcess] websockets.client (protocol.py:read_frame:1177) | < TEXT '{"time":1752013702,"self_id":703263936,"post_ty...true},"interval":30000}' [148 bytes]
[2025-07-09 06:28:22,840.840] DEBUG    [MainThread|MainProcess] Logger (connect.py:on_message:43) | {'time': 1752013702, 'self_id': 703263936, 'post_type': 'meta_event', 'meta_event_type': 'heartbeat', 'status': {'online': True, 'good': True}, 'interval': 30000}
[2025-07-09 06:28:52,844.844] DEBUG    [MainThread|MainProcess] websockets.client (protocol.py:read_frame:1177) | < TEXT '{"time":1752013732,"self_id":703263936,"post_ty...true},"interval":30000}' [148 bytes]
[2025-07-09 06:28:52,844.844] DEBUG    [MainThread|MainProcess] Logger (connect.py:on_message:43) | {'time': 1752013732, 'self_id': 703263936, 'post_type': 'meta_event', 'meta_event_type': 'heartbeat', 'status': {'online': True, 'good': True}, 'interval': 30000}
[2025-07-09 06:29:22,858.858] DEBUG    [MainThread|MainProcess] websockets.client (protocol.py:read_frame:1177) | < TEXT '{"time":1752013762,"self_id":703263936,"post_ty...true},"interval":30000}' [148 bytes]
[2025-07-09 06:29:22,858.858] DEBUG    [MainThread|MainProcess] Logger (connect.py:on_message:43) | {'time': 1752013762, 'self_id': 703263936, 'post_type': 'meta_event', 'meta_event_type': 'heartbeat', 'status': {'online': True, 'good': True}, 'interval': 30000}
[2025-07-09 06:29:52,867.867] DEBUG    [MainThread|MainProcess] websockets.client (protocol.py:read_frame:1177) | < TEXT '{"time":1752013792,"self_id":703263936,"post_ty...true},"interval":30000}' [148 bytes]
[2025-07-09 06:29:52,867.867] DEBUG    [MainThread|MainProcess] Logger (connect.py:on_message:43) | {'time': 1752013792, 'self_id': 703263936, 'post_type': 'meta_event', 'meta_event_type': 'heartbeat', 'status': {'online': True, 'good': True}, 'interval': 30000}
[2025-07-09 06:30:22,881.881] DEBUG    [MainThread|MainProcess] websockets.client (protocol.py:read_frame:1177) | < TEXT '{"time":1752013822,"self_id":703263936,"post_ty...true},"interval":30000}' [148 bytes]
[2025-07-09 06:30:22,881.881] DEBUG    [MainThread|MainProcess] Logger (connect.py:on_message:43) | {'time': 1752013822, 'self_id': 703263936, 'post_type': 'meta_event', 'meta_event_type': 'heartbeat', 'status': {'online': True, 'good': True}, 'interval': 30000}
[2025-07-09 06:30:52,884.884] DEBUG    [MainThread|MainProcess] websockets.client (protocol.py:read_frame:1177) | < TEXT '{"time":1752013852,"self_id":703263936,"post_ty...true},"interval":30000}' [148 bytes]
[2025-07-09 06:30:52,884.884] DEBUG    [MainThread|MainProcess] Logger (connect.py:on_message:43) | {'time': 1752013852, 'self_id': 703263936, 'post_type': 'meta_event', 'meta_event_type': 'heartbeat', 'status': {'online': True, 'good': True}, 'interval': 30000}
[2025-07-09 06:31:22,898.898] DEBUG    [MainThread|MainProcess] websockets.client (protocol.py:read_frame:1177) | < TEXT '{"time":1752013882,"self_id":703263936,"post_ty...true},"interval":30000}' [148 bytes]
[2025-07-09 06:31:22,898.898] DEBUG    [MainThread|MainProcess] Logger (connect.py:on_message:43) | {'time': 1752013882, 'self_id': 703263936, 'post_type': 'meta_event', 'meta_event_type': 'heartbeat', 'status': {'online': True, 'good': True}, 'interval': 30000}
[2025-07-09 06:31:52,901.901] DEBUG    [MainThread|MainProcess] websockets.client (protocol.py:read_frame:1177) | < TEXT '{"time":1752013912,"self_id":703263936,"post_ty...true},"interval":30000}' [148 bytes]
[2025-07-09 06:31:52,901.901] DEBUG    [MainThread|MainProcess] Logger (connect.py:on_message:43) | {'time': 1752013912, 'self_id': 703263936, 'post_type': 'meta_event', 'meta_event_type': 'heartbeat', 'status': {'online': True, 'good': True}, 'interval': 30000}
[2025-07-09 06:32:22,915.915] DEBUG    [MainThread|MainProcess] websockets.client (protocol.py:read_frame:1177) | < TEXT '{"time":1752013942,"self_id":703263936,"post_ty...true},"interval":30000}' [148 bytes]
[2025-07-09 06:32:22,915.915] DEBUG    [MainThread|MainProcess] Logger (connect.py:on_message:43) | {'time': 1752013942, 'self_id': 703263936, 'post_type': 'meta_event', 'meta_event_type': 'heartbeat', 'status': {'online': True, 'good': True}, 'interval': 30000}
[2025-07-09 06:32:52,922.922] DEBUG    [MainThread|MainProcess] websockets.client (protocol.py:read_frame:1177) | < TEXT '{"time":1752013972,"self_id":703263936,"post_ty...true},"interval":30000}' [148 bytes]
[2025-07-09 06:32:52,922.922] DEBUG    [MainThread|MainProcess] Logger (connect.py:on_message:43) | {'time': 1752013972, 'self_id': 703263936, 'post_type': 'meta_event', 'meta_event_type': 'heartbeat', 'status': {'online': True, 'good': True}, 'interval': 30000}
[2025-07-09 06:33:22,936.936] DEBUG    [MainThread|MainProcess] websockets.client (protocol.py:read_frame:1177) | < TEXT '{"time":1752014002,"self_id":703263936,"post_ty...true},"interval":30000}' [148 bytes]
[2025-07-09 06:33:22,936.936] DEBUG    [MainThread|MainProcess] Logger (connect.py:on_message:43) | {'time': 1752014002, 'self_id': 703263936, 'post_type': 'meta_event', 'meta_event_type': 'heartbeat', 'status': {'online': True, 'good': True}, 'interval': 30000}
[2025-07-09 06:33:52,948.948] DEBUG    [MainThread|MainProcess] websockets.client (protocol.py:read_frame:1177) | < TEXT '{"time":1752014032,"self_id":703263936,"post_ty...true},"interval":30000}' [148 bytes]
[2025-07-09 06:33:52,948.948] DEBUG    [MainThread|MainProcess] Logger (connect.py:on_message:43) | {'time': 1752014032, 'self_id': 703263936, 'post_type': 'meta_event', 'meta_event_type': 'heartbeat', 'status': {'online': True, 'good': True}, 'interval': 30000}
[2025-07-09 06:34:22,961.961] DEBUG    [MainThread|MainProcess] websockets.client (protocol.py:read_frame:1177) | < TEXT '{"time":1752014062,"self_id":703263936,"post_ty...true},"interval":30000}' [148 bytes]
[2025-07-09 06:34:22,961.961] DEBUG    [MainThread|MainProcess] Logger (connect.py:on_message:43) | {'time': 1752014062, 'self_id': 703263936, 'post_type': 'meta_event', 'meta_event_type': 'heartbeat', 'status': {'online': True, 'good': True}, 'interval': 30000}
[2025-07-09 06:34:52,975.975] DEBUG    [MainThread|MainProcess] websockets.client (protocol.py:read_frame:1177) | < TEXT '{"time":1752014092,"self_id":703263936,"post_ty...true},"interval":30000}' [148 bytes]
[2025-07-09 06:34:52,975.975] DEBUG    [MainThread|MainProcess] Logger (connect.py:on_message:43) | {'time': 1752014092, 'self_id': 703263936, 'post_type': 'meta_event', 'meta_event_type': 'heartbeat', 'status': {'online': True, 'good': True}, 'interval': 30000}
[2025-07-09 06:35:22,985.985] DEBUG    [MainThread|MainProcess] websockets.client (protocol.py:read_frame:1177) | < TEXT '{"time":1752014122,"self_id":703263936,"post_ty...true},"interval":30000}' [148 bytes]
[2025-07-09 06:35:22,985.985] DEBUG    [MainThread|MainProcess] Logger (connect.py:on_message:43) | {'time': 1752014122, 'self_id': 703263936, 'post_type': 'meta_event', 'meta_event_type': 'heartbeat', 'status': {'online': True, 'good': True}, 'interval': 30000}
[2025-07-09 06:35:52,998.998] DEBUG    [MainThread|MainProcess] websockets.client (protocol.py:read_frame:1177) | < TEXT '{"time":1752014152,"self_id":703263936,"post_ty...true},"interval":30000}' [148 bytes]
[2025-07-09 06:35:52,998.998] DEBUG    [MainThread|MainProcess] Logger (connect.py:on_message:43) | {'time': 1752014152, 'self_id': 703263936, 'post_type': 'meta_event', 'meta_event_type': 'heartbeat', 'status': {'online': True, 'good': True}, 'interval': 30000}
[2025-07-09 06:36:23,003.003] DEBUG    [MainThread|MainProcess] websockets.client (protocol.py:read_frame:1177) | < TEXT '{"time":1752014183,"self_id":703263936,"post_ty...true},"interval":30000}' [148 bytes]
[2025-07-09 06:36:23,003.003] DEBUG    [MainThread|MainProcess] Logger (connect.py:on_message:43) | {'time': 1752014183, 'self_id': 703263936, 'post_type': 'meta_event', 'meta_event_type': 'heartbeat', 'status': {'online': True, 'good': True}, 'interval': 30000}
[2025-07-09 06:36:53,005.005] DEBUG    [MainThread|MainProcess] websockets.client (protocol.py:read_frame:1177) | < TEXT '{"time":1752014213,"self_id":703263936,"post_ty...true},"interval":30000}' [148 bytes]
[2025-07-09 06:36:53,005.005] DEBUG    [MainThread|MainProcess] Logger (connect.py:on_message:43) | {'time': 1752014213, 'self_id': 703263936, 'post_type': 'meta_event', 'meta_event_type': 'heartbeat', 'status': {'online': True, 'good': True}, 'interval': 30000}
[2025-07-09 06:37:23,018.018] DEBUG    [MainThread|MainProcess] websockets.client (protocol.py:read_frame:1177) | < TEXT '{"time":1752014243,"self_id":703263936,"post_ty...true},"interval":30000}' [148 bytes]
[2025-07-09 06:37:23,018.018] DEBUG    [MainThread|MainProcess] Logger (connect.py:on_message:43) | {'time': 1752014243, 'self_id': 703263936, 'post_type': 'meta_event', 'meta_event_type': 'heartbeat', 'status': {'online': True, 'good': True}, 'interval': 30000}
[2025-07-09 06:37:53,026.026] DEBUG    [MainThread|MainProcess] websockets.client (protocol.py:read_frame:1177) | < TEXT '{"time":1752014273,"self_id":703263936,"post_ty...true},"interval":30000}' [148 bytes]
[2025-07-09 06:37:53,026.026] DEBUG    [MainThread|MainProcess] Logger (connect.py:on_message:43) | {'time': 1752014273, 'self_id': 703263936, 'post_type': 'meta_event', 'meta_event_type': 'heartbeat', 'status': {'online': True, 'good': True}, 'interval': 30000}
[2025-07-09 06:38:23,040.040] DEBUG    [MainThread|MainProcess] websockets.client (protocol.py:read_frame:1177) | < TEXT '{"time":1752014303,"self_id":703263936,"post_ty...true},"interval":30000}' [148 bytes]
[2025-07-09 06:38:23,040.040] DEBUG    [MainThread|MainProcess] Logger (connect.py:on_message:43) | {'time': 1752014303, 'self_id': 703263936, 'post_type': 'meta_event', 'meta_event_type': 'heartbeat', 'status': {'online': True, 'good': True}, 'interval': 30000}
[2025-07-09 06:38:53,055.055] DEBUG    [MainThread|MainProcess] websockets.client (protocol.py:read_frame:1177) | < TEXT '{"time":1752014333,"self_id":703263936,"post_ty...true},"interval":30000}' [148 bytes]
[2025-07-09 06:38:53,055.055] DEBUG    [MainThread|MainProcess] Logger (connect.py:on_message:43) | {'time': 1752014333, 'self_id': 703263936, 'post_type': 'meta_event', 'meta_event_type': 'heartbeat', 'status': {'online': True, 'good': True}, 'interval': 30000}
[2025-07-09 06:39:23,068.068] DEBUG    [MainThread|MainProcess] websockets.client (protocol.py:read_frame:1177) | < TEXT '{"time":1752014363,"self_id":703263936,"post_ty...true},"interval":30000}' [148 bytes]
[2025-07-09 06:39:23,068.068] DEBUG    [MainThread|MainProcess] Logger (connect.py:on_message:43) | {'time': 1752014363, 'self_id': 703263936, 'post_type': 'meta_event', 'meta_event_type': 'heartbeat', 'status': {'online': True, 'good': True}, 'interval': 30000}
[2025-07-09 06:39:53,081.081] DEBUG    [MainThread|MainProcess] websockets.client (protocol.py:read_frame:1177) | < TEXT '{"time":1752014393,"self_id":703263936,"post_ty...true},"interval":30000}' [148 bytes]
[2025-07-09 06:39:53,081.081] DEBUG    [MainThread|MainProcess] Logger (connect.py:on_message:43) | {'time': 1752014393, 'self_id': 703263936, 'post_type': 'meta_event', 'meta_event_type': 'heartbeat', 'status': {'online': True, 'good': True}, 'interval': 30000}
[2025-07-09 06:40:23,094.094] DEBUG    [MainThread|MainProcess] websockets.client (protocol.py:read_frame:1177) | < TEXT '{"time":1752014423,"self_id":703263936,"post_ty...true},"interval":30000}' [148 bytes]
[2025-07-09 06:40:23,094.094] DEBUG    [MainThread|MainProcess] Logger (connect.py:on_message:43) | {'time': 1752014423, 'self_id': 703263936, 'post_type': 'meta_event', 'meta_event_type': 'heartbeat', 'status': {'online': True, 'good': True}, 'interval': 30000}
[2025-07-09 06:40:53,099.099] DEBUG    [MainThread|MainProcess] websockets.client (protocol.py:read_frame:1177) | < TEXT '{"time":1752014453,"self_id":703263936,"post_ty...true},"interval":30000}' [148 bytes]
[2025-07-09 06:40:53,099.099] DEBUG    [MainThread|MainProcess] Logger (connect.py:on_message:43) | {'time': 1752014453, 'self_id': 703263936, 'post_type': 'meta_event', 'meta_event_type': 'heartbeat', 'status': {'online': True, 'good': True}, 'interval': 30000}
[2025-07-09 06:41:23,113.113] DEBUG    [MainThread|MainProcess] websockets.client (protocol.py:read_frame:1177) | < TEXT '{"time":1752014483,"self_id":703263936,"post_ty...true},"interval":30000}' [148 bytes]
[2025-07-09 06:41:23,113.113] DEBUG    [MainThread|MainProcess] Logger (connect.py:on_message:43) | {'time': 1752014483, 'self_id': 703263936, 'post_type': 'meta_event', 'meta_event_type': 'heartbeat', 'status': {'online': True, 'good': True}, 'interval': 30000}
[2025-07-09 06:41:53,128.128] DEBUG    [MainThread|MainProcess] websockets.client (protocol.py:read_frame:1177) | < TEXT '{"time":1752014513,"self_id":703263936,"post_ty...true},"interval":30000}' [148 bytes]
[2025-07-09 06:41:53,128.128] DEBUG    [MainThread|MainProcess] Logger (connect.py:on_message:43) | {'time': 1752014513, 'self_id': 703263936, 'post_type': 'meta_event', 'meta_event_type': 'heartbeat', 'status': {'online': True, 'good': True}, 'interval': 30000}
[2025-07-09 06:42:23,141.141] DEBUG    [MainThread|MainProcess] websockets.client (protocol.py:read_frame:1177) | < TEXT '{"time":1752014543,"self_id":703263936,"post_ty...true},"interval":30000}' [148 bytes]
[2025-07-09 06:42:23,141.141] DEBUG    [MainThread|MainProcess] Logger (connect.py:on_message:43) | {'time': 1752014543, 'self_id': 703263936, 'post_type': 'meta_event', 'meta_event_type': 'heartbeat', 'status': {'online': True, 'good': True}, 'interval': 30000}
[2025-07-09 06:42:53,153.153] DEBUG    [MainThread|MainProcess] websockets.client (protocol.py:read_frame:1177) | < TEXT '{"time":1752014573,"self_id":703263936,"post_ty...true},"interval":30000}' [148 bytes]
[2025-07-09 06:42:53,153.153] DEBUG    [MainThread|MainProcess] Logger (connect.py:on_message:43) | {'time': 1752014573, 'self_id': 703263936, 'post_type': 'meta_event', 'meta_event_type': 'heartbeat', 'status': {'online': True, 'good': True}, 'interval': 30000}
[2025-07-09 06:43:23,167.167] DEBUG    [MainThread|MainProcess] websockets.client (protocol.py:read_frame:1177) | < TEXT '{"time":1752014603,"self_id":703263936,"post_ty...true},"interval":30000}' [148 bytes]
[2025-07-09 06:43:23,167.167] DEBUG    [MainThread|MainProcess] Logger (connect.py:on_message:43) | {'time': 1752014603, 'self_id': 703263936, 'post_type': 'meta_event', 'meta_event_type': 'heartbeat', 'status': {'online': True, 'good': True}, 'interval': 30000}
[2025-07-09 06:43:53,177.177] DEBUG    [MainThread|MainProcess] websockets.client (protocol.py:read_frame:1177) | < TEXT '{"time":1752014633,"self_id":703263936,"post_ty...true},"interval":30000}' [148 bytes]
[2025-07-09 06:43:53,177.177] DEBUG    [MainThread|MainProcess] Logger (connect.py:on_message:43) | {'time': 1752014633, 'self_id': 703263936, 'post_type': 'meta_event', 'meta_event_type': 'heartbeat', 'status': {'online': True, 'good': True}, 'interval': 30000}
[2025-07-09 06:44:23,191.191] DEBUG    [MainThread|MainProcess] websockets.client (protocol.py:read_frame:1177) | < TEXT '{"time":1752014663,"self_id":703263936,"post_ty...true},"interval":30000}' [148 bytes]
[2025-07-09 06:44:23,191.191] DEBUG    [MainThread|MainProcess] Logger (connect.py:on_message:43) | {'time': 1752014663, 'self_id': 703263936, 'post_type': 'meta_event', 'meta_event_type': 'heartbeat', 'status': {'online': True, 'good': True}, 'interval': 30000}
[2025-07-09 06:44:53,192.192] DEBUG    [MainThread|MainProcess] websockets.client (protocol.py:read_frame:1177) | < TEXT '{"time":1752014693,"self_id":703263936,"post_ty...true},"interval":30000}' [148 bytes]
[2025-07-09 06:44:53,192.192] DEBUG    [MainThread|MainProcess] Logger (connect.py:on_message:43) | {'time': 1752014693, 'self_id': 703263936, 'post_type': 'meta_event', 'meta_event_type': 'heartbeat', 'status': {'online': True, 'good': True}, 'interval': 30000}
[2025-07-09 06:45:23,205.205] DEBUG    [MainThread|MainProcess] websockets.client (protocol.py:read_frame:1177) | < TEXT '{"time":1752014723,"self_id":703263936,"post_ty...true},"interval":30000}' [148 bytes]
[2025-07-09 06:45:23,205.205] DEBUG    [MainThread|MainProcess] Logger (connect.py:on_message:43) | {'time': 1752014723, 'self_id': 703263936, 'post_type': 'meta_event', 'meta_event_type': 'heartbeat', 'status': {'online': True, 'good': True}, 'interval': 30000}
[2025-07-09 06:45:53,219.219] DEBUG    [MainThread|MainProcess] websockets.client (protocol.py:read_frame:1177) | < TEXT '{"time":1752014753,"self_id":703263936,"post_ty...true},"interval":30000}' [148 bytes]
[2025-07-09 06:45:53,219.219] DEBUG    [MainThread|MainProcess] Logger (connect.py:on_message:43) | {'time': 1752014753, 'self_id': 703263936, 'post_type': 'meta_event', 'meta_event_type': 'heartbeat', 'status': {'online': True, 'good': True}, 'interval': 30000}
[2025-07-09 06:46:23,232.232] DEBUG    [MainThread|MainProcess] websockets.client (protocol.py:read_frame:1177) | < TEXT '{"time":1752014783,"self_id":703263936,"post_ty...true},"interval":30000}' [148 bytes]
[2025-07-09 06:46:23,232.232] DEBUG    [MainThread|MainProcess] Logger (connect.py:on_message:43) | {'time': 1752014783, 'self_id': 703263936, 'post_type': 'meta_event', 'meta_event_type': 'heartbeat', 'status': {'online': True, 'good': True}, 'interval': 30000}
[2025-07-09 06:46:53,235.235] DEBUG    [MainThread|MainProcess] websockets.client (protocol.py:read_frame:1177) | < TEXT '{"time":1752014813,"self_id":703263936,"post_ty...true},"interval":30000}' [148 bytes]
[2025-07-09 06:46:53,235.235] DEBUG    [MainThread|MainProcess] Logger (connect.py:on_message:43) | {'time': 1752014813, 'self_id': 703263936, 'post_type': 'meta_event', 'meta_event_type': 'heartbeat', 'status': {'online': True, 'good': True}, 'interval': 30000}
[2025-07-09 06:47:23,248.248] DEBUG    [MainThread|MainProcess] websockets.client (protocol.py:read_frame:1177) | < TEXT '{"time":1752014843,"self_id":703263936,"post_ty...true},"interval":30000}' [148 bytes]
[2025-07-09 06:47:23,248.248] DEBUG    [MainThread|MainProcess] Logger (connect.py:on_message:43) | {'time': 1752014843, 'self_id': 703263936, 'post_type': 'meta_event', 'meta_event_type': 'heartbeat', 'status': {'online': True, 'good': True}, 'interval': 30000}
[2025-07-09 06:47:53,257.257] DEBUG    [MainThread|MainProcess] websockets.client (protocol.py:read_frame:1177) | < TEXT '{"time":1752014873,"self_id":703263936,"post_ty...true},"interval":30000}' [148 bytes]
[2025-07-09 06:47:53,257.257] DEBUG    [MainThread|MainProcess] Logger (connect.py:on_message:43) | {'time': 1752014873, 'self_id': 703263936, 'post_type': 'meta_event', 'meta_event_type': 'heartbeat', 'status': {'online': True, 'good': True}, 'interval': 30000}
[2025-07-09 06:48:23,270.270] DEBUG    [MainThread|MainProcess] websockets.client (protocol.py:read_frame:1177) | < TEXT '{"time":1752014903,"self_id":703263936,"post_ty...true},"interval":30000}' [148 bytes]
[2025-07-09 06:48:23,270.270] DEBUG    [MainThread|MainProcess] Logger (connect.py:on_message:43) | {'time': 1752014903, 'self_id': 703263936, 'post_type': 'meta_event', 'meta_event_type': 'heartbeat', 'status': {'online': True, 'good': True}, 'interval': 30000}
[2025-07-09 06:48:53,272.272] DEBUG    [MainThread|MainProcess] websockets.client (protocol.py:read_frame:1177) | < TEXT '{"time":1752014933,"self_id":703263936,"post_ty...true},"interval":30000}' [148 bytes]
[2025-07-09 06:48:53,272.272] DEBUG    [MainThread|MainProcess] Logger (connect.py:on_message:43) | {'time': 1752014933, 'self_id': 703263936, 'post_type': 'meta_event', 'meta_event_type': 'heartbeat', 'status': {'online': True, 'good': True}, 'interval': 30000}
[2025-07-09 06:49:23,285.285] DEBUG    [MainThread|MainProcess] websockets.client (protocol.py:read_frame:1177) | < TEXT '{"time":1752014963,"self_id":703263936,"post_ty...true},"interval":30000}' [148 bytes]
[2025-07-09 06:49:23,285.285] DEBUG    [MainThread|MainProcess] Logger (connect.py:on_message:43) | {'time': 1752014963, 'self_id': 703263936, 'post_type': 'meta_event', 'meta_event_type': 'heartbeat', 'status': {'online': True, 'good': True}, 'interval': 30000}
[2025-07-09 06:49:53,297.297] DEBUG    [MainThread|MainProcess] websockets.client (protocol.py:read_frame:1177) | < TEXT '{"time":1752014993,"self_id":703263936,"post_ty...true},"interval":30000}' [148 bytes]
[2025-07-09 06:49:53,297.297] DEBUG    [MainThread|MainProcess] Logger (connect.py:on_message:43) | {'time': 1752014993, 'self_id': 703263936, 'post_type': 'meta_event', 'meta_event_type': 'heartbeat', 'status': {'online': True, 'good': True}, 'interval': 30000}
[2025-07-09 06:50:23,310.310] DEBUG    [MainThread|MainProcess] websockets.client (protocol.py:read_frame:1177) | < TEXT '{"time":1752015023,"self_id":703263936,"post_ty...true},"interval":30000}' [148 bytes]
[2025-07-09 06:50:23,310.310] DEBUG    [MainThread|MainProcess] Logger (connect.py:on_message:43) | {'time': 1752015023, 'self_id': 703263936, 'post_type': 'meta_event', 'meta_event_type': 'heartbeat', 'status': {'online': True, 'good': True}, 'interval': 30000}
[2025-07-09 06:50:53,311.311] DEBUG    [MainThread|MainProcess] websockets.client (protocol.py:read_frame:1177) | < TEXT '{"time":1752015053,"self_id":703263936,"post_ty...true},"interval":30000}' [148 bytes]
[2025-07-09 06:50:53,311.311] DEBUG    [MainThread|MainProcess] Logger (connect.py:on_message:43) | {'time': 1752015053, 'self_id': 703263936, 'post_type': 'meta_event', 'meta_event_type': 'heartbeat', 'status': {'online': True, 'good': True}, 'interval': 30000}
[2025-07-09 06:51:23,324.324] DEBUG    [MainThread|MainProcess] websockets.client (protocol.py:read_frame:1177) | < TEXT '{"time":1752015083,"self_id":703263936,"post_ty...true},"interval":30000}' [148 bytes]
[2025-07-09 06:51:23,324.324] DEBUG    [MainThread|MainProcess] Logger (connect.py:on_message:43) | {'time': 1752015083, 'self_id': 703263936, 'post_type': 'meta_event', 'meta_event_type': 'heartbeat', 'status': {'online': True, 'good': True}, 'interval': 30000}
[2025-07-09 06:51:53,327.327] DEBUG    [MainThread|MainProcess] websockets.client (protocol.py:read_frame:1177) | < TEXT '{"time":1752015113,"self_id":703263936,"post_ty...true},"interval":30000}' [148 bytes]
[2025-07-09 06:51:53,327.327] DEBUG    [MainThread|MainProcess] Logger (connect.py:on_message:43) | {'time': 1752015113, 'self_id': 703263936, 'post_type': 'meta_event', 'meta_event_type': 'heartbeat', 'status': {'online': True, 'good': True}, 'interval': 30000}
[2025-07-09 06:52:23,340.340] DEBUG    [MainThread|MainProcess] websockets.client (protocol.py:read_frame:1177) | < TEXT '{"time":1752015143,"self_id":703263936,"post_ty...true},"interval":30000}' [148 bytes]
[2025-07-09 06:52:23,340.340] DEBUG    [MainThread|MainProcess] Logger (connect.py:on_message:43) | {'time': 1752015143, 'self_id': 703263936, 'post_type': 'meta_event', 'meta_event_type': 'heartbeat', 'status': {'online': True, 'good': True}, 'interval': 30000}
[2025-07-09 06:52:53,351.351] DEBUG    [MainThread|MainProcess] websockets.client (protocol.py:read_frame:1177) | < TEXT '{"time":1752015173,"self_id":703263936,"post_ty...true},"interval":30000}' [148 bytes]
[2025-07-09 06:52:53,351.351] DEBUG    [MainThread|MainProcess] Logger (connect.py:on_message:43) | {'time': 1752015173, 'self_id': 703263936, 'post_type': 'meta_event', 'meta_event_type': 'heartbeat', 'status': {'online': True, 'good': True}, 'interval': 30000}
[2025-07-09 06:53:23,365.365] DEBUG    [MainThread|MainProcess] websockets.client (protocol.py:read_frame:1177) | < TEXT '{"time":1752015203,"self_id":703263936,"post_ty...true},"interval":30000}' [148 bytes]
[2025-07-09 06:53:23,365.365] DEBUG    [MainThread|MainProcess] Logger (connect.py:on_message:43) | {'time': 1752015203, 'self_id': 703263936, 'post_type': 'meta_event', 'meta_event_type': 'heartbeat', 'status': {'online': True, 'good': True}, 'interval': 30000}
[2025-07-09 06:53:53,374.374] DEBUG    [MainThread|MainProcess] websockets.client (protocol.py:read_frame:1177) | < TEXT '{"time":1752015233,"self_id":703263936,"post_ty...true},"interval":30000}' [148 bytes]
[2025-07-09 06:53:53,374.374] DEBUG    [MainThread|MainProcess] Logger (connect.py:on_message:43) | {'time': 1752015233, 'self_id': 703263936, 'post_type': 'meta_event', 'meta_event_type': 'heartbeat', 'status': {'online': True, 'good': True}, 'interval': 30000}
[2025-07-09 06:54:22,286.286] DEBUG    [MainThread|MainProcess] websockets.client (protocol.py:read_frame:1177) | < TEXT '{"time":1752015262,"self_id":703263936,"post_ty...true},"interval":30000}' [148 bytes]
[2025-07-09 06:54:22,286.286] DEBUG    [MainThread|MainProcess] Logger (connect.py:on_message:43) | {'time': 1752015262, 'self_id': 703263936, 'post_type': 'meta_event', 'meta_event_type': 'heartbeat', 'status': {'online': True, 'good': True}, 'interval': 30000}
[2025-07-09 06:54:52,286.286] DEBUG    [MainThread|MainProcess] websockets.client (protocol.py:read_frame:1177) | < TEXT '{"time":1752015292,"self_id":703263936,"post_ty...true},"interval":30000}' [148 bytes]
[2025-07-09 06:54:52,286.286] DEBUG    [MainThread|MainProcess] Logger (connect.py:on_message:43) | {'time': 1752015292, 'self_id': 703263936, 'post_type': 'meta_event', 'meta_event_type': 'heartbeat', 'status': {'online': True, 'good': True}, 'interval': 30000}
[2025-07-09 06:55:22,300.300] DEBUG    [MainThread|MainProcess] websockets.client (protocol.py:read_frame:1177) | < TEXT '{"time":1752015322,"self_id":703263936,"post_ty...true},"interval":30000}' [148 bytes]
[2025-07-09 06:55:22,300.300] DEBUG    [MainThread|MainProcess] Logger (connect.py:on_message:43) | {'time': 1752015322, 'self_id': 703263936, 'post_type': 'meta_event', 'meta_event_type': 'heartbeat', 'status': {'online': True, 'good': True}, 'interval': 30000}
[2025-07-09 06:55:52,315.315] DEBUG    [MainThread|MainProcess] websockets.client (protocol.py:read_frame:1177) | < TEXT '{"time":1752015352,"self_id":703263936,"post_ty...true},"interval":30000}' [148 bytes]
[2025-07-09 06:55:52,315.315] DEBUG    [MainThread|MainProcess] Logger (connect.py:on_message:43) | {'time': 1752015352, 'self_id': 703263936, 'post_type': 'meta_event', 'meta_event_type': 'heartbeat', 'status': {'online': True, 'good': True}, 'interval': 30000}
[2025-07-09 06:56:22,328.328] DEBUG    [MainThread|MainProcess] websockets.client (protocol.py:read_frame:1177) | < TEXT '{"time":1752015382,"self_id":703263936,"post_ty...true},"interval":30000}' [148 bytes]
[2025-07-09 06:56:22,328.328] DEBUG    [MainThread|MainProcess] Logger (connect.py:on_message:43) | {'time': 1752015382, 'self_id': 703263936, 'post_type': 'meta_event', 'meta_event_type': 'heartbeat', 'status': {'online': True, 'good': True}, 'interval': 30000}
[2025-07-09 06:56:52,332.332] DEBUG    [MainThread|MainProcess] websockets.client (protocol.py:read_frame:1177) | < TEXT '{"time":1752015412,"self_id":703263936,"post_ty...true},"interval":30000}' [148 bytes]
[2025-07-09 06:56:52,332.332] DEBUG    [MainThread|MainProcess] Logger (connect.py:on_message:43) | {'time': 1752015412, 'self_id': 703263936, 'post_type': 'meta_event', 'meta_event_type': 'heartbeat', 'status': {'online': True, 'good': True}, 'interval': 30000}
[2025-07-09 06:57:22,345.345] DEBUG    [MainThread|MainProcess] websockets.client (protocol.py:read_frame:1177) | < TEXT '{"time":1752015442,"self_id":703263936,"post_ty...true},"interval":30000}' [148 bytes]
[2025-07-09 06:57:22,345.345] DEBUG    [MainThread|MainProcess] Logger (connect.py:on_message:43) | {'time': 1752015442, 'self_id': 703263936, 'post_type': 'meta_event', 'meta_event_type': 'heartbeat', 'status': {'online': True, 'good': True}, 'interval': 30000}
[2025-07-09 06:57:52,353.353] DEBUG    [MainThread|MainProcess] websockets.client (protocol.py:read_frame:1177) | < TEXT '{"time":1752015472,"self_id":703263936,"post_ty...true},"interval":30000}' [148 bytes]
[2025-07-09 06:57:52,353.353] DEBUG    [MainThread|MainProcess] Logger (connect.py:on_message:43) | {'time': 1752015472, 'self_id': 703263936, 'post_type': 'meta_event', 'meta_event_type': 'heartbeat', 'status': {'online': True, 'good': True}, 'interval': 30000}
[2025-07-09 06:58:22,367.367] DEBUG    [MainThread|MainProcess] websockets.client (protocol.py:read_frame:1177) | < TEXT '{"time":1752015502,"self_id":703263936,"post_ty...true},"interval":30000}' [148 bytes]
[2025-07-09 06:58:22,367.367] DEBUG    [MainThread|MainProcess] Logger (connect.py:on_message:43) | {'time': 1752015502, 'self_id': 703263936, 'post_type': 'meta_event', 'meta_event_type': 'heartbeat', 'status': {'online': True, 'good': True}, 'interval': 30000}
[2025-07-09 06:58:52,382.382] DEBUG    [MainThread|MainProcess] websockets.client (protocol.py:read_frame:1177) | < TEXT '{"time":1752015532,"self_id":703263936,"post_ty...true},"interval":30000}' [148 bytes]
[2025-07-09 06:58:52,382.382] DEBUG    [MainThread|MainProcess] Logger (connect.py:on_message:43) | {'time': 1752015532, 'self_id': 703263936, 'post_type': 'meta_event', 'meta_event_type': 'heartbeat', 'status': {'online': True, 'good': True}, 'interval': 30000}
[2025-07-09 06:59:22,396.396] DEBUG    [MainThread|MainProcess] websockets.client (protocol.py:read_frame:1177) | < TEXT '{"time":1752015562,"self_id":703263936,"post_ty...true},"interval":30000}' [148 bytes]
[2025-07-09 06:59:22,396.396] DEBUG    [MainThread|MainProcess] Logger (connect.py:on_message:43) | {'time': 1752015562, 'self_id': 703263936, 'post_type': 'meta_event', 'meta_event_type': 'heartbeat', 'status': {'online': True, 'good': True}, 'interval': 30000}
[2025-07-09 06:59:52,409.409] DEBUG    [MainThread|MainProcess] websockets.client (protocol.py:read_frame:1177) | < TEXT '{"time":1752015592,"self_id":703263936,"post_ty...true},"interval":30000}' [148 bytes]
[2025-07-09 06:59:52,409.409] DEBUG    [MainThread|MainProcess] Logger (connect.py:on_message:43) | {'time': 1752015592, 'self_id': 703263936, 'post_type': 'meta_event', 'meta_event_type': 'heartbeat', 'status': {'online': True, 'good': True}, 'interval': 30000}
[2025-07-09 07:00:22,423.423] DEBUG    [MainThread|MainProcess] websockets.client (protocol.py:read_frame:1177) | < TEXT '{"time":1752015622,"self_id":703263936,"post_ty...true},"interval":30000}' [148 bytes]
[2025-07-09 07:00:22,423.423] DEBUG    [MainThread|MainProcess] Logger (connect.py:on_message:43) | {'time': 1752015622, 'self_id': 703263936, 'post_type': 'meta_event', 'meta_event_type': 'heartbeat', 'status': {'online': True, 'good': True}, 'interval': 30000}
[2025-07-09 07:00:52,429.429] DEBUG    [MainThread|MainProcess] websockets.client (protocol.py:read_frame:1177) | < TEXT '{"time":1752015652,"self_id":703263936,"post_ty...true},"interval":30000}' [148 bytes]
[2025-07-09 07:00:52,429.429] DEBUG    [MainThread|MainProcess] Logger (connect.py:on_message:43) | {'time': 1752015652, 'self_id': 703263936, 'post_type': 'meta_event', 'meta_event_type': 'heartbeat', 'status': {'online': True, 'good': True}, 'interval': 30000}
[2025-07-09 07:01:22,442.442] DEBUG    [MainThread|MainProcess] websockets.client (protocol.py:read_frame:1177) | < TEXT '{"time":1752015682,"self_id":703263936,"post_ty...true},"interval":30000}' [148 bytes]
[2025-07-09 07:01:22,442.442] DEBUG    [MainThread|MainProcess] Logger (connect.py:on_message:43) | {'time': 1752015682, 'self_id': 703263936, 'post_type': 'meta_event', 'meta_event_type': 'heartbeat', 'status': {'online': True, 'good': True}, 'interval': 30000}
[2025-07-09 07:01:52,455.455] DEBUG    [MainThread|MainProcess] websockets.client (protocol.py:read_frame:1177) | < TEXT '{"time":1752015712,"self_id":703263936,"post_ty...true},"interval":30000}' [148 bytes]
[2025-07-09 07:01:52,455.455] DEBUG    [MainThread|MainProcess] Logger (connect.py:on_message:43) | {'time': 1752015712, 'self_id': 703263936, 'post_type': 'meta_event', 'meta_event_type': 'heartbeat', 'status': {'online': True, 'good': True}, 'interval': 30000}
[2025-07-09 07:02:22,469.469] DEBUG    [MainThread|MainProcess] websockets.client (protocol.py:read_frame:1177) | < TEXT '{"time":1752015742,"self_id":703263936,"post_ty...true},"interval":30000}' [148 bytes]
[2025-07-09 07:02:22,469.469] DEBUG    [MainThread|MainProcess] Logger (connect.py:on_message:43) | {'time': 1752015742, 'self_id': 703263936, 'post_type': 'meta_event', 'meta_event_type': 'heartbeat', 'status': {'online': True, 'good': True}, 'interval': 30000}
[2025-07-09 07:02:52,483.483] DEBUG    [MainThread|MainProcess] websockets.client (protocol.py:read_frame:1177) | < TEXT '{"time":1752015772,"self_id":703263936,"post_ty...true},"interval":30000}' [148 bytes]
[2025-07-09 07:02:52,483.483] DEBUG    [MainThread|MainProcess] Logger (connect.py:on_message:43) | {'time': 1752015772, 'self_id': 703263936, 'post_type': 'meta_event', 'meta_event_type': 'heartbeat', 'status': {'online': True, 'good': True}, 'interval': 30000}
[2025-07-09 07:03:22,496.496] DEBUG    [MainThread|MainProcess] websockets.client (protocol.py:read_frame:1177) | < TEXT '{"time":1752015802,"self_id":703263936,"post_ty...true},"interval":30000}' [148 bytes]
[2025-07-09 07:03:22,496.496] DEBUG    [MainThread|MainProcess] Logger (connect.py:on_message:43) | {'time': 1752015802, 'self_id': 703263936, 'post_type': 'meta_event', 'meta_event_type': 'heartbeat', 'status': {'online': True, 'good': True}, 'interval': 30000}
[2025-07-09 07:03:52,505.505] DEBUG    [MainThread|MainProcess] websockets.client (protocol.py:read_frame:1177) | < TEXT '{"time":1752015832,"self_id":703263936,"post_ty...true},"interval":30000}' [148 bytes]
[2025-07-09 07:03:52,505.505] DEBUG    [MainThread|MainProcess] Logger (connect.py:on_message:43) | {'time': 1752015832, 'self_id': 703263936, 'post_type': 'meta_event', 'meta_event_type': 'heartbeat', 'status': {'online': True, 'good': True}, 'interval': 30000}
[2025-07-09 07:04:22,518.518] DEBUG    [MainThread|MainProcess] websockets.client (protocol.py:read_frame:1177) | < TEXT '{"time":1752015862,"self_id":703263936,"post_ty...true},"interval":30000}' [148 bytes]
[2025-07-09 07:04:22,518.518] DEBUG    [MainThread|MainProcess] Logger (connect.py:on_message:43) | {'time': 1752015862, 'self_id': 703263936, 'post_type': 'meta_event', 'meta_event_type': 'heartbeat', 'status': {'online': True, 'good': True}, 'interval': 30000}
[2025-07-09 07:04:52,519.519] DEBUG    [MainThread|MainProcess] websockets.client (protocol.py:read_frame:1177) | < TEXT '{"time":1752015892,"self_id":703263936,"post_ty...true},"interval":30000}' [148 bytes]
[2025-07-09 07:04:52,519.519] DEBUG    [MainThread|MainProcess] Logger (connect.py:on_message:43) | {'time': 1752015892, 'self_id': 703263936, 'post_type': 'meta_event', 'meta_event_type': 'heartbeat', 'status': {'online': True, 'good': True}, 'interval': 30000}
[2025-07-09 07:05:22,532.532] DEBUG    [MainThread|MainProcess] websockets.client (protocol.py:read_frame:1177) | < TEXT '{"time":1752015922,"self_id":703263936,"post_ty...true},"interval":30000}' [148 bytes]
[2025-07-09 07:05:22,532.532] DEBUG    [MainThread|MainProcess] Logger (connect.py:on_message:43) | {'time': 1752015922, 'self_id': 703263936, 'post_type': 'meta_event', 'meta_event_type': 'heartbeat', 'status': {'online': True, 'good': True}, 'interval': 30000}
[2025-07-09 07:05:52,546.546] DEBUG    [MainThread|MainProcess] websockets.client (protocol.py:read_frame:1177) | < TEXT '{"time":1752015952,"self_id":703263936,"post_ty...true},"interval":30000}' [148 bytes]
[2025-07-09 07:05:52,546.546] DEBUG    [MainThread|MainProcess] Logger (connect.py:on_message:43) | {'time': 1752015952, 'self_id': 703263936, 'post_type': 'meta_event', 'meta_event_type': 'heartbeat', 'status': {'online': True, 'good': True}, 'interval': 30000}
[2025-07-09 07:06:22,559.559] DEBUG    [MainThread|MainProcess] websockets.client (protocol.py:read_frame:1177) | < TEXT '{"time":1752015982,"self_id":703263936,"post_ty...true},"interval":30000}' [148 bytes]
[2025-07-09 07:06:22,559.559] DEBUG    [MainThread|MainProcess] Logger (connect.py:on_message:43) | {'time': 1752015982, 'self_id': 703263936, 'post_type': 'meta_event', 'meta_event_type': 'heartbeat', 'status': {'online': True, 'good': True}, 'interval': 30000}
[2025-07-09 07:06:52,561.561] DEBUG    [MainThread|MainProcess] websockets.client (protocol.py:read_frame:1177) | < TEXT '{"time":1752016012,"self_id":703263936,"post_ty...true},"interval":30000}' [148 bytes]
[2025-07-09 07:06:52,561.561] DEBUG    [MainThread|MainProcess] Logger (connect.py:on_message:43) | {'time': 1752016012, 'self_id': 703263936, 'post_type': 'meta_event', 'meta_event_type': 'heartbeat', 'status': {'online': True, 'good': True}, 'interval': 30000}
[2025-07-09 07:07:22,575.575] DEBUG    [MainThread|MainProcess] websockets.client (protocol.py:read_frame:1177) | < TEXT '{"time":1752016042,"self_id":703263936,"post_ty...true},"interval":30000}' [148 bytes]
[2025-07-09 07:07:22,575.575] DEBUG    [MainThread|MainProcess] Logger (connect.py:on_message:43) | {'time': 1752016042, 'self_id': 703263936, 'post_type': 'meta_event', 'meta_event_type': 'heartbeat', 'status': {'online': True, 'good': True}, 'interval': 30000}
[2025-07-09 07:07:52,582.582] DEBUG    [MainThread|MainProcess] websockets.client (protocol.py:read_frame:1177) | < TEXT '{"time":1752016072,"self_id":703263936,"post_ty...true},"interval":30000}' [148 bytes]
[2025-07-09 07:07:52,582.582] DEBUG    [MainThread|MainProcess] Logger (connect.py:on_message:43) | {'time': 1752016072, 'self_id': 703263936, 'post_type': 'meta_event', 'meta_event_type': 'heartbeat', 'status': {'online': True, 'good': True}, 'interval': 30000}
[2025-07-09 07:08:22,588.588] DEBUG    [MainThread|MainProcess] websockets.client (protocol.py:read_frame:1177) | < TEXT '{"time":1752016102,"self_id":703263936,"post_ty...true},"interval":30000}' [148 bytes]
[2025-07-09 07:08:22,588.588] DEBUG    [MainThread|MainProcess] Logger (connect.py:on_message:43) | {'time': 1752016102, 'self_id': 703263936, 'post_type': 'meta_event', 'meta_event_type': 'heartbeat', 'status': {'online': True, 'good': True}, 'interval': 30000}
[2025-07-09 07:08:52,610.610] DEBUG    [MainThread|MainProcess] websockets.client (protocol.py:read_frame:1177) | < TEXT '{"time":1752016132,"self_id":703263936,"post_ty...true},"interval":30000}' [148 bytes]
[2025-07-09 07:08:52,610.610] DEBUG    [MainThread|MainProcess] Logger (connect.py:on_message:43) | {'time': 1752016132, 'self_id': 703263936, 'post_type': 'meta_event', 'meta_event_type': 'heartbeat', 'status': {'online': True, 'good': True}, 'interval': 30000}
[2025-07-09 07:09:22,629.629] DEBUG    [MainThread|MainProcess] websockets.client (protocol.py:read_frame:1177) | < TEXT '{"time":1752016162,"self_id":703263936,"post_ty...true},"interval":30000}' [148 bytes]
[2025-07-09 07:09:22,629.629] DEBUG    [MainThread|MainProcess] Logger (connect.py:on_message:43) | {'time': 1752016162, 'self_id': 703263936, 'post_type': 'meta_event', 'meta_event_type': 'heartbeat', 'status': {'online': True, 'good': True}, 'interval': 30000}
[2025-07-09 07:09:52,628.628] DEBUG    [MainThread|MainProcess] websockets.client (protocol.py:read_frame:1177) | < TEXT '{"time":1752016192,"self_id":703263936,"post_ty...true},"interval":30000}' [148 bytes]
[2025-07-09 07:09:52,628.628] DEBUG    [MainThread|MainProcess] Logger (connect.py:on_message:43) | {'time': 1752016192, 'self_id': 703263936, 'post_type': 'meta_event', 'meta_event_type': 'heartbeat', 'status': {'online': True, 'good': True}, 'interval': 30000}
[2025-07-09 07:10:22,642.642] DEBUG    [MainThread|MainProcess] websockets.client (protocol.py:read_frame:1177) | < TEXT '{"time":1752016222,"self_id":703263936,"post_ty...true},"interval":30000}' [148 bytes]
[2025-07-09 07:10:22,642.642] DEBUG    [MainThread|MainProcess] Logger (connect.py:on_message:43) | {'time': 1752016222, 'self_id': 703263936, 'post_type': 'meta_event', 'meta_event_type': 'heartbeat', 'status': {'online': True, 'good': True}, 'interval': 30000}
[2025-07-09 07:10:52,652.652] DEBUG    [MainThread|MainProcess] websockets.client (protocol.py:read_frame:1177) | < TEXT '{"time":1752016252,"self_id":703263936,"post_ty...true},"interval":30000}' [148 bytes]
[2025-07-09 07:10:52,652.652] DEBUG    [MainThread|MainProcess] Logger (connect.py:on_message:43) | {'time': 1752016252, 'self_id': 703263936, 'post_type': 'meta_event', 'meta_event_type': 'heartbeat', 'status': {'online': True, 'good': True}, 'interval': 30000}
[2025-07-09 07:11:22,666.666] DEBUG    [MainThread|MainProcess] websockets.client (protocol.py:read_frame:1177) | < TEXT '{"time":1752016282,"self_id":703263936,"post_ty...true},"interval":30000}' [148 bytes]
[2025-07-09 07:11:22,666.666] DEBUG    [MainThread|MainProcess] Logger (connect.py:on_message:43) | {'time': 1752016282, 'self_id': 703263936, 'post_type': 'meta_event', 'meta_event_type': 'heartbeat', 'status': {'online': True, 'good': True}, 'interval': 30000}
[2025-07-09 07:11:52,669.669] DEBUG    [MainThread|MainProcess] websockets.client (protocol.py:read_frame:1177) | < TEXT '{"time":1752016312,"self_id":703263936,"post_ty...true},"interval":30000}' [148 bytes]
[2025-07-09 07:11:52,669.669] DEBUG    [MainThread|MainProcess] Logger (connect.py:on_message:43) | {'time': 1752016312, 'self_id': 703263936, 'post_type': 'meta_event', 'meta_event_type': 'heartbeat', 'status': {'online': True, 'good': True}, 'interval': 30000}
[2025-07-09 07:12:22,682.682] DEBUG    [MainThread|MainProcess] websockets.client (protocol.py:read_frame:1177) | < TEXT '{"time":1752016342,"self_id":703263936,"post_ty...true},"interval":30000}' [148 bytes]
[2025-07-09 07:12:22,682.682] DEBUG    [MainThread|MainProcess] Logger (connect.py:on_message:43) | {'time': 1752016342, 'self_id': 703263936, 'post_type': 'meta_event', 'meta_event_type': 'heartbeat', 'status': {'online': True, 'good': True}, 'interval': 30000}
[2025-07-09 07:12:52,692.692] DEBUG    [MainThread|MainProcess] websockets.client (protocol.py:read_frame:1177) | < TEXT '{"time":1752016372,"self_id":703263936,"post_ty...true},"interval":30000}' [148 bytes]
[2025-07-09 07:12:52,692.692] DEBUG    [MainThread|MainProcess] Logger (connect.py:on_message:43) | {'time': 1752016372, 'self_id': 703263936, 'post_type': 'meta_event', 'meta_event_type': 'heartbeat', 'status': {'online': True, 'good': True}, 'interval': 30000}
[2025-07-09 07:13:22,706.706] DEBUG    [MainThread|MainProcess] websockets.client (protocol.py:read_frame:1177) | < TEXT '{"time":1752016402,"self_id":703263936,"post_ty...true},"interval":30000}' [148 bytes]
[2025-07-09 07:13:22,706.706] DEBUG    [MainThread|MainProcess] Logger (connect.py:on_message:43) | {'time': 1752016402, 'self_id': 703263936, 'post_type': 'meta_event', 'meta_event_type': 'heartbeat', 'status': {'online': True, 'good': True}, 'interval': 30000}
[2025-07-09 07:13:52,717.717] DEBUG    [MainThread|MainProcess] websockets.client (protocol.py:read_frame:1177) | < TEXT '{"time":1752016432,"self_id":703263936,"post_ty...true},"interval":30000}' [148 bytes]
[2025-07-09 07:13:52,717.717] DEBUG    [MainThread|MainProcess] Logger (connect.py:on_message:43) | {'time': 1752016432, 'self_id': 703263936, 'post_type': 'meta_event', 'meta_event_type': 'heartbeat', 'status': {'online': True, 'good': True}, 'interval': 30000}
[2025-07-09 07:14:22,730.730] DEBUG    [MainThread|MainProcess] websockets.client (protocol.py:read_frame:1177) | < TEXT '{"time":1752016462,"self_id":703263936,"post_ty...true},"interval":30000}' [148 bytes]
[2025-07-09 07:14:22,730.730] DEBUG    [MainThread|MainProcess] Logger (connect.py:on_message:43) | {'time': 1752016462, 'self_id': 703263936, 'post_type': 'meta_event', 'meta_event_type': 'heartbeat', 'status': {'online': True, 'good': True}, 'interval': 30000}
[2025-07-09 07:14:52,735.735] DEBUG    [MainThread|MainProcess] websockets.client (protocol.py:read_frame:1177) | < TEXT '{"time":1752016492,"self_id":703263936,"post_ty...true},"interval":30000}' [148 bytes]
[2025-07-09 07:14:52,735.735] DEBUG    [MainThread|MainProcess] Logger (connect.py:on_message:43) | {'time': 1752016492, 'self_id': 703263936, 'post_type': 'meta_event', 'meta_event_type': 'heartbeat', 'status': {'online': True, 'good': True}, 'interval': 30000}
[2025-07-09 07:15:22,748.748] DEBUG    [MainThread|MainProcess] websockets.client (protocol.py:read_frame:1177) | < TEXT '{"time":1752016522,"self_id":703263936,"post_ty...true},"interval":30000}' [148 bytes]
[2025-07-09 07:15:22,748.748] DEBUG    [MainThread|MainProcess] Logger (connect.py:on_message:43) | {'time': 1752016522, 'self_id': 703263936, 'post_type': 'meta_event', 'meta_event_type': 'heartbeat', 'status': {'online': True, 'good': True}, 'interval': 30000}
[2025-07-09 07:15:52,762.762] DEBUG    [MainThread|MainProcess] websockets.client (protocol.py:read_frame:1177) | < TEXT '{"time":1752016552,"self_id":703263936,"post_ty...true},"interval":30000}' [148 bytes]
[2025-07-09 07:15:52,762.762] DEBUG    [MainThread|MainProcess] Logger (connect.py:on_message:43) | {'time': 1752016552, 'self_id': 703263936, 'post_type': 'meta_event', 'meta_event_type': 'heartbeat', 'status': {'online': True, 'good': True}, 'interval': 30000}
[2025-07-09 07:16:22,775.775] DEBUG    [MainThread|MainProcess] websockets.client (protocol.py:read_frame:1177) | < TEXT '{"time":1752016582,"self_id":703263936,"post_ty...true},"interval":30000}' [148 bytes]
[2025-07-09 07:16:22,775.775] DEBUG    [MainThread|MainProcess] Logger (connect.py:on_message:43) | {'time': 1752016582, 'self_id': 703263936, 'post_type': 'meta_event', 'meta_event_type': 'heartbeat', 'status': {'online': True, 'good': True}, 'interval': 30000}
[2025-07-09 07:16:52,779.779] DEBUG    [MainThread|MainProcess] websockets.client (protocol.py:read_frame:1177) | < TEXT '{"time":1752016612,"self_id":703263936,"post_ty...true},"interval":30000}' [148 bytes]
[2025-07-09 07:16:52,779.779] DEBUG    [MainThread|MainProcess] Logger (connect.py:on_message:43) | {'time': 1752016612, 'self_id': 703263936, 'post_type': 'meta_event', 'meta_event_type': 'heartbeat', 'status': {'online': True, 'good': True}, 'interval': 30000}
[2025-07-09 07:17:22,793.793] DEBUG    [MainThread|MainProcess] websockets.client (protocol.py:read_frame:1177) | < TEXT '{"time":1752016642,"self_id":703263936,"post_ty...true},"interval":30000}' [148 bytes]
[2025-07-09 07:17:22,793.793] DEBUG    [MainThread|MainProcess] Logger (connect.py:on_message:43) | {'time': 1752016642, 'self_id': 703263936, 'post_type': 'meta_event', 'meta_event_type': 'heartbeat', 'status': {'online': True, 'good': True}, 'interval': 30000}
[2025-07-09 07:17:52,797.797] DEBUG    [MainThread|MainProcess] websockets.client (protocol.py:read_frame:1177) | < TEXT '{"time":1752016672,"self_id":703263936,"post_ty...true},"interval":30000}' [148 bytes]
[2025-07-09 07:17:52,797.797] DEBUG    [MainThread|MainProcess] Logger (connect.py:on_message:43) | {'time': 1752016672, 'self_id': 703263936, 'post_type': 'meta_event', 'meta_event_type': 'heartbeat', 'status': {'online': True, 'good': True}, 'interval': 30000}
[2025-07-09 07:18:22,811.811] DEBUG    [MainThread|MainProcess] websockets.client (protocol.py:read_frame:1177) | < TEXT '{"time":1752016702,"self_id":703263936,"post_ty...true},"interval":30000}' [148 bytes]
[2025-07-09 07:18:22,811.811] DEBUG    [MainThread|MainProcess] Logger (connect.py:on_message:43) | {'time': 1752016702, 'self_id': 703263936, 'post_type': 'meta_event', 'meta_event_type': 'heartbeat', 'status': {'online': True, 'good': True}, 'interval': 30000}
[2025-07-09 07:18:52,812.812] DEBUG    [MainThread|MainProcess] websockets.client (protocol.py:read_frame:1177) | < TEXT '{"time":1752016732,"self_id":703263936,"post_ty...true},"interval":30000}' [148 bytes]
[2025-07-09 07:18:52,812.812] DEBUG    [MainThread|MainProcess] Logger (connect.py:on_message:43) | {'time': 1752016732, 'self_id': 703263936, 'post_type': 'meta_event', 'meta_event_type': 'heartbeat', 'status': {'online': True, 'good': True}, 'interval': 30000}
[2025-07-09 07:19:22,826.826] DEBUG    [MainThread|MainProcess] websockets.client (protocol.py:read_frame:1177) | < TEXT '{"time":1752016762,"self_id":703263936,"post_ty...true},"interval":30000}' [148 bytes]
[2025-07-09 07:19:22,826.826] DEBUG    [MainThread|MainProcess] Logger (connect.py:on_message:43) | {'time': 1752016762, 'self_id': 703263936, 'post_type': 'meta_event', 'meta_event_type': 'heartbeat', 'status': {'online': True, 'good': True}, 'interval': 30000}
[2025-07-09 07:19:52,836.836] DEBUG    [MainThread|MainProcess] websockets.client (protocol.py:read_frame:1177) | < TEXT '{"time":1752016792,"self_id":703263936,"post_ty...true},"interval":30000}' [148 bytes]
[2025-07-09 07:19:52,836.836] DEBUG    [MainThread|MainProcess] Logger (connect.py:on_message:43) | {'time': 1752016792, 'self_id': 703263936, 'post_type': 'meta_event', 'meta_event_type': 'heartbeat', 'status': {'online': True, 'good': True}, 'interval': 30000}
[2025-07-09 07:20:22,850.850] DEBUG    [MainThread|MainProcess] websockets.client (protocol.py:read_frame:1177) | < TEXT '{"time":1752016822,"self_id":703263936,"post_ty...true},"interval":30000}' [148 bytes]
[2025-07-09 07:20:22,850.850] DEBUG    [MainThread|MainProcess] Logger (connect.py:on_message:43) | {'time': 1752016822, 'self_id': 703263936, 'post_type': 'meta_event', 'meta_event_type': 'heartbeat', 'status': {'online': True, 'good': True}, 'interval': 30000}
[2025-07-09 07:20:52,856.856] DEBUG    [MainThread|MainProcess] websockets.client (protocol.py:read_frame:1177) | < TEXT '{"time":1752016852,"self_id":703263936,"post_ty...true},"interval":30000}' [148 bytes]
[2025-07-09 07:20:52,856.856] DEBUG    [MainThread|MainProcess] Logger (connect.py:on_message:43) | {'time': 1752016852, 'self_id': 703263936, 'post_type': 'meta_event', 'meta_event_type': 'heartbeat', 'status': {'online': True, 'good': True}, 'interval': 30000}
[2025-07-09 07:21:22,869.869] DEBUG    [MainThread|MainProcess] websockets.client (protocol.py:read_frame:1177) | < TEXT '{"time":1752016882,"self_id":703263936,"post_ty...true},"interval":30000}' [148 bytes]
[2025-07-09 07:21:22,869.869] DEBUG    [MainThread|MainProcess] Logger (connect.py:on_message:43) | {'time': 1752016882, 'self_id': 703263936, 'post_type': 'meta_event', 'meta_event_type': 'heartbeat', 'status': {'online': True, 'good': True}, 'interval': 30000}
[2025-07-09 07:21:52,885.885] DEBUG    [MainThread|MainProcess] websockets.client (protocol.py:read_frame:1177) | < TEXT '{"time":1752016912,"self_id":703263936,"post_ty...true},"interval":30000}' [148 bytes]
[2025-07-09 07:21:52,885.885] DEBUG    [MainThread|MainProcess] Logger (connect.py:on_message:43) | {'time': 1752016912, 'self_id': 703263936, 'post_type': 'meta_event', 'meta_event_type': 'heartbeat', 'status': {'online': True, 'good': True}, 'interval': 30000}
[2025-07-09 07:22:22,883.883] DEBUG    [MainThread|MainProcess] websockets.client (protocol.py:read_frame:1177) | < TEXT '{"time":1752016942,"self_id":703263936,"post_ty...true},"interval":30000}' [148 bytes]
[2025-07-09 07:22:22,883.883] DEBUG    [MainThread|MainProcess] Logger (connect.py:on_message:43) | {'time': 1752016942, 'self_id': 703263936, 'post_type': 'meta_event', 'meta_event_type': 'heartbeat', 'status': {'online': True, 'good': True}, 'interval': 30000}
[2025-07-09 07:22:52,891.891] DEBUG    [MainThread|MainProcess] websockets.client (protocol.py:read_frame:1177) | < TEXT '{"time":1752016972,"self_id":703263936,"post_ty...true},"interval":30000}' [148 bytes]
[2025-07-09 07:22:52,891.891] DEBUG    [MainThread|MainProcess] Logger (connect.py:on_message:43) | {'time': 1752016972, 'self_id': 703263936, 'post_type': 'meta_event', 'meta_event_type': 'heartbeat', 'status': {'online': True, 'good': True}, 'interval': 30000}
[2025-07-09 07:23:22,904.904] DEBUG    [MainThread|MainProcess] websockets.client (protocol.py:read_frame:1177) | < TEXT '{"time":1752017002,"self_id":703263936,"post_ty...true},"interval":30000}' [148 bytes]
[2025-07-09 07:23:22,904.904] DEBUG    [MainThread|MainProcess] Logger (connect.py:on_message:43) | {'time': 1752017002, 'self_id': 703263936, 'post_type': 'meta_event', 'meta_event_type': 'heartbeat', 'status': {'online': True, 'good': True}, 'interval': 30000}
[2025-07-09 07:23:52,918.918] DEBUG    [MainThread|MainProcess] websockets.client (protocol.py:read_frame:1177) | < TEXT '{"time":1752017032,"self_id":703263936,"post_ty...true},"interval":30000}' [148 bytes]
[2025-07-09 07:23:52,918.918] DEBUG    [MainThread|MainProcess] Logger (connect.py:on_message:43) | {'time': 1752017032, 'self_id': 703263936, 'post_type': 'meta_event', 'meta_event_type': 'heartbeat', 'status': {'online': True, 'good': True}, 'interval': 30000}
[2025-07-09 07:24:22,931.931] DEBUG    [MainThread|MainProcess] websockets.client (protocol.py:read_frame:1177) | < TEXT '{"time":1752017062,"self_id":703263936,"post_ty...true},"interval":30000}' [148 bytes]
[2025-07-09 07:24:22,931.931] DEBUG    [MainThread|MainProcess] Logger (connect.py:on_message:43) | {'time': 1752017062, 'self_id': 703263936, 'post_type': 'meta_event', 'meta_event_type': 'heartbeat', 'status': {'online': True, 'good': True}, 'interval': 30000}
[2025-07-09 07:24:52,946.946] DEBUG    [MainThread|MainProcess] websockets.client (protocol.py:read_frame:1177) | < TEXT '{"time":1752017092,"self_id":703263936,"post_ty...true},"interval":30000}' [148 bytes]
[2025-07-09 07:24:52,946.946] DEBUG    [MainThread|MainProcess] Logger (connect.py:on_message:43) | {'time': 1752017092, 'self_id': 703263936, 'post_type': 'meta_event', 'meta_event_type': 'heartbeat', 'status': {'online': True, 'good': True}, 'interval': 30000}
[2025-07-09 07:25:22,960.960] DEBUG    [MainThread|MainProcess] websockets.client (protocol.py:read_frame:1177) | < TEXT '{"time":1752017122,"self_id":703263936,"post_ty...true},"interval":30000}' [148 bytes]
[2025-07-09 07:25:22,960.960] DEBUG    [MainThread|MainProcess] Logger (connect.py:on_message:43) | {'time': 1752017122, 'self_id': 703263936, 'post_type': 'meta_event', 'meta_event_type': 'heartbeat', 'status': {'online': True, 'good': True}, 'interval': 30000}
[2025-07-09 07:25:52,973.973] DEBUG    [MainThread|MainProcess] websockets.client (protocol.py:read_frame:1177) | < TEXT '{"time":1752017152,"self_id":703263936,"post_ty...true},"interval":30000}' [148 bytes]
[2025-07-09 07:25:52,973.973] DEBUG    [MainThread|MainProcess] Logger (connect.py:on_message:43) | {'time': 1752017152, 'self_id': 703263936, 'post_type': 'meta_event', 'meta_event_type': 'heartbeat', 'status': {'online': True, 'good': True}, 'interval': 30000}
[2025-07-09 07:26:22,987.987] DEBUG    [MainThread|MainProcess] websockets.client (protocol.py:read_frame:1177) | < TEXT '{"time":1752017182,"self_id":703263936,"post_ty...true},"interval":30000}' [148 bytes]
[2025-07-09 07:26:22,987.987] DEBUG    [MainThread|MainProcess] Logger (connect.py:on_message:43) | {'time': 1752017182, 'self_id': 703263936, 'post_type': 'meta_event', 'meta_event_type': 'heartbeat', 'status': {'online': True, 'good': True}, 'interval': 30000}
[2025-07-09 07:26:52,997.997] DEBUG    [MainThread|MainProcess] websockets.client (protocol.py:read_frame:1177) | < TEXT '{"time":1752017212,"self_id":703263936,"post_ty...true},"interval":30000}' [148 bytes]
[2025-07-09 07:26:52,997.997] DEBUG    [MainThread|MainProcess] Logger (connect.py:on_message:43) | {'time': 1752017212, 'self_id': 703263936, 'post_type': 'meta_event', 'meta_event_type': 'heartbeat', 'status': {'online': True, 'good': True}, 'interval': 30000}
[2025-07-09 07:27:23,011.011] DEBUG    [MainThread|MainProcess] websockets.client (protocol.py:read_frame:1177) | < TEXT '{"time":1752017243,"self_id":703263936,"post_ty...true},"interval":30000}' [148 bytes]
[2025-07-09 07:27:23,011.011] DEBUG    [MainThread|MainProcess] Logger (connect.py:on_message:43) | {'time': 1752017243, 'self_id': 703263936, 'post_type': 'meta_event', 'meta_event_type': 'heartbeat', 'status': {'online': True, 'good': True}, 'interval': 30000}
[2025-07-09 07:27:53,026.026] DEBUG    [MainThread|MainProcess] websockets.client (protocol.py:read_frame:1177) | < TEXT '{"time":1752017273,"self_id":703263936,"post_ty...true},"interval":30000}' [148 bytes]
[2025-07-09 07:27:53,026.026] DEBUG    [MainThread|MainProcess] Logger (connect.py:on_message:43) | {'time': 1752017273, 'self_id': 703263936, 'post_type': 'meta_event', 'meta_event_type': 'heartbeat', 'status': {'online': True, 'good': True}, 'interval': 30000}
[2025-07-09 07:28:23,040.040] DEBUG    [MainThread|MainProcess] websockets.client (protocol.py:read_frame:1177) | < TEXT '{"time":1752017303,"self_id":703263936,"post_ty...true},"interval":30000}' [148 bytes]
[2025-07-09 07:28:23,040.040] DEBUG    [MainThread|MainProcess] Logger (connect.py:on_message:43) | {'time': 1752017303, 'self_id': 703263936, 'post_type': 'meta_event', 'meta_event_type': 'heartbeat', 'status': {'online': True, 'good': True}, 'interval': 30000}
[2025-07-09 07:28:53,046.046] DEBUG    [MainThread|MainProcess] websockets.client (protocol.py:read_frame:1177) | < TEXT '{"time":1752017333,"self_id":703263936,"post_ty...true},"interval":30000}' [148 bytes]
[2025-07-09 07:28:53,046.046] DEBUG    [MainThread|MainProcess] Logger (connect.py:on_message:43) | {'time': 1752017333, 'self_id': 703263936, 'post_type': 'meta_event', 'meta_event_type': 'heartbeat', 'status': {'online': True, 'good': True}, 'interval': 30000}
[2025-07-09 07:29:23,059.059] DEBUG    [MainThread|MainProcess] websockets.client (protocol.py:read_frame:1177) | < TEXT '{"time":1752017363,"self_id":703263936,"post_ty...true},"interval":30000}' [148 bytes]
[2025-07-09 07:29:23,059.059] DEBUG    [MainThread|MainProcess] Logger (connect.py:on_message:43) | {'time': 1752017363, 'self_id': 703263936, 'post_type': 'meta_event', 'meta_event_type': 'heartbeat', 'status': {'online': True, 'good': True}, 'interval': 30000}
[2025-07-09 07:29:53,067.067] DEBUG    [MainThread|MainProcess] websockets.client (protocol.py:read_frame:1177) | < TEXT '{"time":1752017393,"self_id":703263936,"post_ty...true},"interval":30000}' [148 bytes]
[2025-07-09 07:29:53,067.067] DEBUG    [MainThread|MainProcess] Logger (connect.py:on_message:43) | {'time': 1752017393, 'self_id': 703263936, 'post_type': 'meta_event', 'meta_event_type': 'heartbeat', 'status': {'online': True, 'good': True}, 'interval': 30000}
[2025-07-09 07:30:23,080.080] DEBUG    [MainThread|MainProcess] websockets.client (protocol.py:read_frame:1177) | < TEXT '{"time":1752017423,"self_id":703263936,"post_ty...true},"interval":30000}' [148 bytes]
[2025-07-09 07:30:23,080.080] DEBUG    [MainThread|MainProcess] Logger (connect.py:on_message:43) | {'time': 1752017423, 'self_id': 703263936, 'post_type': 'meta_event', 'meta_event_type': 'heartbeat', 'status': {'online': True, 'good': True}, 'interval': 30000}
[2025-07-09 07:30:53,082.082] DEBUG    [MainThread|MainProcess] websockets.client (protocol.py:read_frame:1177) | < TEXT '{"time":1752017453,"self_id":703263936,"post_ty...true},"interval":30000}' [148 bytes]
[2025-07-09 07:30:53,082.082] DEBUG    [MainThread|MainProcess] Logger (connect.py:on_message:43) | {'time': 1752017453, 'self_id': 703263936, 'post_type': 'meta_event', 'meta_event_type': 'heartbeat', 'status': {'online': True, 'good': True}, 'interval': 30000}
[2025-07-09 07:31:23,095.095] DEBUG    [MainThread|MainProcess] websockets.client (protocol.py:read_frame:1177) | < TEXT '{"time":1752017483,"self_id":703263936,"post_ty...true},"interval":30000}' [148 bytes]
[2025-07-09 07:31:23,095.095] DEBUG    [MainThread|MainProcess] Logger (connect.py:on_message:43) | {'time': 1752017483, 'self_id': 703263936, 'post_type': 'meta_event', 'meta_event_type': 'heartbeat', 'status': {'online': True, 'good': True}, 'interval': 30000}
[2025-07-09 07:31:53,097.097] DEBUG    [MainThread|MainProcess] websockets.client (protocol.py:read_frame:1177) | < TEXT '{"time":1752017513,"self_id":703263936,"post_ty...true},"interval":30000}' [148 bytes]
[2025-07-09 07:31:53,097.097] DEBUG    [MainThread|MainProcess] Logger (connect.py:on_message:43) | {'time': 1752017513, 'self_id': 703263936, 'post_type': 'meta_event', 'meta_event_type': 'heartbeat', 'status': {'online': True, 'good': True}, 'interval': 30000}
[2025-07-09 07:32:23,110.110] DEBUG    [MainThread|MainProcess] websockets.client (protocol.py:read_frame:1177) | < TEXT '{"time":1752017543,"self_id":703263936,"post_ty...true},"interval":30000}' [148 bytes]
[2025-07-09 07:32:23,110.110] DEBUG    [MainThread|MainProcess] Logger (connect.py:on_message:43) | {'time': 1752017543, 'self_id': 703263936, 'post_type': 'meta_event', 'meta_event_type': 'heartbeat', 'status': {'online': True, 'good': True}, 'interval': 30000}
[2025-07-09 07:32:53,120.120] DEBUG    [MainThread|MainProcess] websockets.client (protocol.py:read_frame:1177) | < TEXT '{"time":1752017573,"self_id":703263936,"post_ty...true},"interval":30000}' [148 bytes]
[2025-07-09 07:32:53,120.120] DEBUG    [MainThread|MainProcess] Logger (connect.py:on_message:43) | {'time': 1752017573, 'self_id': 703263936, 'post_type': 'meta_event', 'meta_event_type': 'heartbeat', 'status': {'online': True, 'good': True}, 'interval': 30000}
[2025-07-09 07:33:23,133.133] DEBUG    [MainThread|MainProcess] websockets.client (protocol.py:read_frame:1177) | < TEXT '{"time":1752017603,"self_id":703263936,"post_ty...true},"interval":30000}' [148 bytes]
[2025-07-09 07:33:23,133.133] DEBUG    [MainThread|MainProcess] Logger (connect.py:on_message:43) | {'time': 1752017603, 'self_id': 703263936, 'post_type': 'meta_event', 'meta_event_type': 'heartbeat', 'status': {'online': True, 'good': True}, 'interval': 30000}
[2025-07-09 07:33:53,134.134] DEBUG    [MainThread|MainProcess] websockets.client (protocol.py:read_frame:1177) | < TEXT '{"time":1752017633,"self_id":703263936,"post_ty...true},"interval":30000}' [148 bytes]
[2025-07-09 07:33:53,134.134] DEBUG    [MainThread|MainProcess] Logger (connect.py:on_message:43) | {'time': 1752017633, 'self_id': 703263936, 'post_type': 'meta_event', 'meta_event_type': 'heartbeat', 'status': {'online': True, 'good': True}, 'interval': 30000}
[2025-07-09 07:34:23,147.147] DEBUG    [MainThread|MainProcess] websockets.client (protocol.py:read_frame:1177) | < TEXT '{"time":1752017663,"self_id":703263936,"post_ty...true},"interval":30000}' [148 bytes]
[2025-07-09 07:34:23,147.147] DEBUG    [MainThread|MainProcess] Logger (connect.py:on_message:43) | {'time': 1752017663, 'self_id': 703263936, 'post_type': 'meta_event', 'meta_event_type': 'heartbeat', 'status': {'online': True, 'good': True}, 'interval': 30000}
[2025-07-09 07:34:53,161.161] DEBUG    [MainThread|MainProcess] websockets.client (protocol.py:read_frame:1177) | < TEXT '{"time":1752017693,"self_id":703263936,"post_ty...true},"interval":30000}' [148 bytes]
[2025-07-09 07:34:53,161.161] DEBUG    [MainThread|MainProcess] Logger (connect.py:on_message:43) | {'time': 1752017693, 'self_id': 703263936, 'post_type': 'meta_event', 'meta_event_type': 'heartbeat', 'status': {'online': True, 'good': True}, 'interval': 30000}
[2025-07-09 07:35:23,173.173] DEBUG    [MainThread|MainProcess] websockets.client (protocol.py:read_frame:1177) | < TEXT '{"time":1752017723,"self_id":703263936,"post_ty...true},"interval":30000}' [148 bytes]
[2025-07-09 07:35:23,173.173] DEBUG    [MainThread|MainProcess] Logger (connect.py:on_message:43) | {'time': 1752017723, 'self_id': 703263936, 'post_type': 'meta_event', 'meta_event_type': 'heartbeat', 'status': {'online': True, 'good': True}, 'interval': 30000}
[2025-07-09 07:35:53,187.187] DEBUG    [MainThread|MainProcess] websockets.client (protocol.py:read_frame:1177) | < TEXT '{"time":1752017753,"self_id":703263936,"post_ty...true},"interval":30000}' [148 bytes]
[2025-07-09 07:35:53,187.187] DEBUG    [MainThread|MainProcess] Logger (connect.py:on_message:43) | {'time': 1752017753, 'self_id': 703263936, 'post_type': 'meta_event', 'meta_event_type': 'heartbeat', 'status': {'online': True, 'good': True}, 'interval': 30000}
[2025-07-09 07:36:23,191.191] DEBUG    [MainThread|MainProcess] websockets.client (protocol.py:read_frame:1177) | < TEXT '{"time":1752017783,"self_id":703263936,"post_ty...true},"interval":30000}' [148 bytes]
[2025-07-09 07:36:23,191.191] DEBUG    [MainThread|MainProcess] Logger (connect.py:on_message:43) | {'time': 1752017783, 'self_id': 703263936, 'post_type': 'meta_event', 'meta_event_type': 'heartbeat', 'status': {'online': True, 'good': True}, 'interval': 30000}
[2025-07-09 07:36:53,203.203] DEBUG    [MainThread|MainProcess] websockets.client (protocol.py:read_frame:1177) | < TEXT '{"time":1752017813,"self_id":703263936,"post_ty...true},"interval":30000}' [148 bytes]
[2025-07-09 07:36:53,203.203] DEBUG    [MainThread|MainProcess] Logger (connect.py:on_message:43) | {'time': 1752017813, 'self_id': 703263936, 'post_type': 'meta_event', 'meta_event_type': 'heartbeat', 'status': {'online': True, 'good': True}, 'interval': 30000}
[2025-07-09 07:37:23,216.216] DEBUG    [MainThread|MainProcess] websockets.client (protocol.py:read_frame:1177) | < TEXT '{"time":1752017843,"self_id":703263936,"post_ty...true},"interval":30000}' [148 bytes]
[2025-07-09 07:37:23,216.216] DEBUG    [MainThread|MainProcess] Logger (connect.py:on_message:43) | {'time': 1752017843, 'self_id': 703263936, 'post_type': 'meta_event', 'meta_event_type': 'heartbeat', 'status': {'online': True, 'good': True}, 'interval': 30000}
[2025-07-09 07:37:53,224.224] DEBUG    [MainThread|MainProcess] websockets.client (protocol.py:read_frame:1177) | < TEXT '{"time":1752017873,"self_id":703263936,"post_ty...true},"interval":30000}' [148 bytes]
[2025-07-09 07:37:53,224.224] DEBUG    [MainThread|MainProcess] Logger (connect.py:on_message:43) | {'time': 1752017873, 'self_id': 703263936, 'post_type': 'meta_event', 'meta_event_type': 'heartbeat', 'status': {'online': True, 'good': True}, 'interval': 30000}
[2025-07-09 07:38:23,237.237] DEBUG    [MainThread|MainProcess] websockets.client (protocol.py:read_frame:1177) | < TEXT '{"time":1752017903,"self_id":703263936,"post_ty...true},"interval":30000}' [148 bytes]
[2025-07-09 07:38:23,237.237] DEBUG    [MainThread|MainProcess] Logger (connect.py:on_message:43) | {'time': 1752017903, 'self_id': 703263936, 'post_type': 'meta_event', 'meta_event_type': 'heartbeat', 'status': {'online': True, 'good': True}, 'interval': 30000}
[2025-07-09 07:38:53,243.243] DEBUG    [MainThread|MainProcess] websockets.client (protocol.py:read_frame:1177) | < TEXT '{"time":1752017933,"self_id":703263936,"post_ty...true},"interval":30000}' [148 bytes]
[2025-07-09 07:38:53,243.243] DEBUG    [MainThread|MainProcess] Logger (connect.py:on_message:43) | {'time': 1752017933, 'self_id': 703263936, 'post_type': 'meta_event', 'meta_event_type': 'heartbeat', 'status': {'online': True, 'good': True}, 'interval': 30000}
[2025-07-09 07:39:23,256.256] DEBUG    [MainThread|MainProcess] websockets.client (protocol.py:read_frame:1177) | < TEXT '{"time":1752017963,"self_id":703263936,"post_ty...true},"interval":30000}' [148 bytes]
[2025-07-09 07:39:23,256.256] DEBUG    [MainThread|MainProcess] Logger (connect.py:on_message:43) | {'time': 1752017963, 'self_id': 703263936, 'post_type': 'meta_event', 'meta_event_type': 'heartbeat', 'status': {'online': True, 'good': True}, 'interval': 30000}
[2025-07-09 07:39:53,265.265] DEBUG    [MainThread|MainProcess] websockets.client (protocol.py:read_frame:1177) | < TEXT '{"time":1752017993,"self_id":703263936,"post_ty...true},"interval":30000}' [148 bytes]
[2025-07-09 07:39:53,265.265] DEBUG    [MainThread|MainProcess] Logger (connect.py:on_message:43) | {'time': 1752017993, 'self_id': 703263936, 'post_type': 'meta_event', 'meta_event_type': 'heartbeat', 'status': {'online': True, 'good': True}, 'interval': 30000}
[2025-07-09 07:40:23,278.278] DEBUG    [MainThread|MainProcess] websockets.client (protocol.py:read_frame:1177) | < TEXT '{"time":1752018023,"self_id":703263936,"post_ty...true},"interval":30000}' [148 bytes]
[2025-07-09 07:40:23,278.278] DEBUG    [MainThread|MainProcess] Logger (connect.py:on_message:43) | {'time': 1752018023, 'self_id': 703263936, 'post_type': 'meta_event', 'meta_event_type': 'heartbeat', 'status': {'online': True, 'good': True}, 'interval': 30000}
[2025-07-09 07:40:53,284.284] DEBUG    [MainThread|MainProcess] websockets.client (protocol.py:read_frame:1177) | < TEXT '{"time":1752018053,"self_id":703263936,"post_ty...true},"interval":30000}' [148 bytes]
[2025-07-09 07:40:53,284.284] DEBUG    [MainThread|MainProcess] Logger (connect.py:on_message:43) | {'time': 1752018053, 'self_id': 703263936, 'post_type': 'meta_event', 'meta_event_type': 'heartbeat', 'status': {'online': True, 'good': True}, 'interval': 30000}
[2025-07-09 07:41:23,297.297] DEBUG    [MainThread|MainProcess] websockets.client (protocol.py:read_frame:1177) | < TEXT '{"time":1752018083,"self_id":703263936,"post_ty...true},"interval":30000}' [148 bytes]
[2025-07-09 07:41:23,297.297] DEBUG    [MainThread|MainProcess] Logger (connect.py:on_message:43) | {'time': 1752018083, 'self_id': 703263936, 'post_type': 'meta_event', 'meta_event_type': 'heartbeat', 'status': {'online': True, 'good': True}, 'interval': 30000}
[2025-07-09 07:41:53,309.309] DEBUG    [MainThread|MainProcess] websockets.client (protocol.py:read_frame:1177) | < TEXT '{"time":1752018113,"self_id":703263936,"post_ty...true},"interval":30000}' [148 bytes]
[2025-07-09 07:41:53,309.309] DEBUG    [MainThread|MainProcess] Logger (connect.py:on_message:43) | {'time': 1752018113, 'self_id': 703263936, 'post_type': 'meta_event', 'meta_event_type': 'heartbeat', 'status': {'online': True, 'good': True}, 'interval': 30000}
[2025-07-09 07:42:23,322.322] DEBUG    [MainThread|MainProcess] websockets.client (protocol.py:read_frame:1177) | < TEXT '{"time":1752018143,"self_id":703263936,"post_ty...true},"interval":30000}' [148 bytes]
[2025-07-09 07:42:23,322.322] DEBUG    [MainThread|MainProcess] Logger (connect.py:on_message:43) | {'time': 1752018143, 'self_id': 703263936, 'post_type': 'meta_event', 'meta_event_type': 'heartbeat', 'status': {'online': True, 'good': True}, 'interval': 30000}
[2025-07-09 07:42:53,323.323] DEBUG    [MainThread|MainProcess] websockets.client (protocol.py:read_frame:1177) | < TEXT '{"time":1752018173,"self_id":703263936,"post_ty...true},"interval":30000}' [148 bytes]
[2025-07-09 07:42:53,323.323] DEBUG    [MainThread|MainProcess] Logger (connect.py:on_message:43) | {'time': 1752018173, 'self_id': 703263936, 'post_type': 'meta_event', 'meta_event_type': 'heartbeat', 'status': {'online': True, 'good': True}, 'interval': 30000}
[2025-07-09 07:43:23,337.337] DEBUG    [MainThread|MainProcess] websockets.client (protocol.py:read_frame:1177) | < TEXT '{"time":1752018203,"self_id":703263936,"post_ty...true},"interval":30000}' [148 bytes]
[2025-07-09 07:43:23,337.337] DEBUG    [MainThread|MainProcess] Logger (connect.py:on_message:43) | {'time': 1752018203, 'self_id': 703263936, 'post_type': 'meta_event', 'meta_event_type': 'heartbeat', 'status': {'online': True, 'good': True}, 'interval': 30000}
[2025-07-09 07:43:53,345.345] DEBUG    [MainThread|MainProcess] websockets.client (protocol.py:read_frame:1177) | < TEXT '{"time":1752018233,"self_id":703263936,"post_ty...true},"interval":30000}' [148 bytes]
[2025-07-09 07:43:53,345.345] DEBUG    [MainThread|MainProcess] Logger (connect.py:on_message:43) | {'time': 1752018233, 'self_id': 703263936, 'post_type': 'meta_event', 'meta_event_type': 'heartbeat', 'status': {'online': True, 'good': True}, 'interval': 30000}
[2025-07-09 07:44:23,358.358] DEBUG    [MainThread|MainProcess] websockets.client (protocol.py:read_frame:1177) | < TEXT '{"time":1752018263,"self_id":703263936,"post_ty...true},"interval":30000}' [148 bytes]
[2025-07-09 07:44:23,358.358] DEBUG    [MainThread|MainProcess] Logger (connect.py:on_message:43) | {'time': 1752018263, 'self_id': 703263936, 'post_type': 'meta_event', 'meta_event_type': 'heartbeat', 'status': {'online': True, 'good': True}, 'interval': 30000}
[2025-07-09 07:44:53,360.360] DEBUG    [MainThread|MainProcess] websockets.client (protocol.py:read_frame:1177) | < TEXT '{"time":1752018293,"self_id":703263936,"post_ty...true},"interval":30000}' [148 bytes]
[2025-07-09 07:44:53,360.360] DEBUG    [MainThread|MainProcess] Logger (connect.py:on_message:43) | {'time': 1752018293, 'self_id': 703263936, 'post_type': 'meta_event', 'meta_event_type': 'heartbeat', 'status': {'online': True, 'good': True}, 'interval': 30000}
[2025-07-09 07:45:23,374.374] DEBUG    [MainThread|MainProcess] websockets.client (protocol.py:read_frame:1177) | < TEXT '{"time":1752018323,"self_id":703263936,"post_ty...true},"interval":30000}' [148 bytes]
[2025-07-09 07:45:23,374.374] DEBUG    [MainThread|MainProcess] Logger (connect.py:on_message:43) | {'time': 1752018323, 'self_id': 703263936, 'post_type': 'meta_event', 'meta_event_type': 'heartbeat', 'status': {'online': True, 'good': True}, 'interval': 30000}
[2025-07-09 07:45:53,387.387] DEBUG    [MainThread|MainProcess] websockets.client (protocol.py:read_frame:1177) | < TEXT '{"time":1752018353,"self_id":703263936,"post_ty...true},"interval":30000}' [148 bytes]
[2025-07-09 07:45:53,387.387] DEBUG    [MainThread|MainProcess] Logger (connect.py:on_message:43) | {'time': 1752018353, 'self_id': 703263936, 'post_type': 'meta_event', 'meta_event_type': 'heartbeat', 'status': {'online': True, 'good': True}, 'interval': 30000}
[2025-07-09 07:46:23,401.401] DEBUG    [MainThread|MainProcess] websockets.client (protocol.py:read_frame:1177) | < TEXT '{"time":1752018383,"self_id":703263936,"post_ty...true},"interval":30000}' [148 bytes]
[2025-07-09 07:46:23,401.401] DEBUG    [MainThread|MainProcess] Logger (connect.py:on_message:43) | {'time': 1752018383, 'self_id': 703263936, 'post_type': 'meta_event', 'meta_event_type': 'heartbeat', 'status': {'online': True, 'good': True}, 'interval': 30000}
[2025-07-09 07:46:53,404.404] DEBUG    [MainThread|MainProcess] websockets.client (protocol.py:read_frame:1177) | < TEXT '{"time":1752018413,"self_id":703263936,"post_ty...true},"interval":30000}' [148 bytes]
[2025-07-09 07:46:53,404.404] DEBUG    [MainThread|MainProcess] Logger (connect.py:on_message:43) | {'time': 1752018413, 'self_id': 703263936, 'post_type': 'meta_event', 'meta_event_type': 'heartbeat', 'status': {'online': True, 'good': True}, 'interval': 30000}
[2025-07-09 07:47:23,417.417] DEBUG    [MainThread|MainProcess] websockets.client (protocol.py:read_frame:1177) | < TEXT '{"time":1752018443,"self_id":703263936,"post_ty...true},"interval":30000}' [148 bytes]
[2025-07-09 07:47:23,417.417] DEBUG    [MainThread|MainProcess] Logger (connect.py:on_message:43) | {'time': 1752018443, 'self_id': 703263936, 'post_type': 'meta_event', 'meta_event_type': 'heartbeat', 'status': {'online': True, 'good': True}, 'interval': 30000}
[2025-07-09 07:47:53,426.426] DEBUG    [MainThread|MainProcess] websockets.client (protocol.py:read_frame:1177) | < TEXT '{"time":1752018473,"self_id":703263936,"post_ty...true},"interval":30000}' [148 bytes]
[2025-07-09 07:47:53,426.426] DEBUG    [MainThread|MainProcess] Logger (connect.py:on_message:43) | {'time': 1752018473, 'self_id': 703263936, 'post_type': 'meta_event', 'meta_event_type': 'heartbeat', 'status': {'online': True, 'good': True}, 'interval': 30000}
[2025-07-09 07:48:23,440.440] DEBUG    [MainThread|MainProcess] websockets.client (protocol.py:read_frame:1177) | < TEXT '{"time":1752018503,"self_id":703263936,"post_ty...true},"interval":30000}' [148 bytes]
[2025-07-09 07:48:23,440.440] DEBUG    [MainThread|MainProcess] Logger (connect.py:on_message:43) | {'time': 1752018503, 'self_id': 703263936, 'post_type': 'meta_event', 'meta_event_type': 'heartbeat', 'status': {'online': True, 'good': True}, 'interval': 30000}
[2025-07-09 07:48:53,454.454] DEBUG    [MainThread|MainProcess] websockets.client (protocol.py:read_frame:1177) | < TEXT '{"time":1752018533,"self_id":703263936,"post_ty...true},"interval":30000}' [148 bytes]
[2025-07-09 07:48:53,454.454] DEBUG    [MainThread|MainProcess] Logger (connect.py:on_message:43) | {'time': 1752018533, 'self_id': 703263936, 'post_type': 'meta_event', 'meta_event_type': 'heartbeat', 'status': {'online': True, 'good': True}, 'interval': 30000}
[2025-07-09 07:49:23,468.468] DEBUG    [MainThread|MainProcess] websockets.client (protocol.py:read_frame:1177) | < TEXT '{"time":1752018563,"self_id":703263936,"post_ty...true},"interval":30000}' [148 bytes]
[2025-07-09 07:49:23,468.468] DEBUG    [MainThread|MainProcess] Logger (connect.py:on_message:43) | {'time': 1752018563, 'self_id': 703263936, 'post_type': 'meta_event', 'meta_event_type': 'heartbeat', 'status': {'online': True, 'good': True}, 'interval': 30000}
[2025-07-09 07:49:53,493.493] DEBUG    [MainThread|MainProcess] websockets.client (protocol.py:read_frame:1177) | < TEXT '{"time":1752018593,"self_id":703263936,"post_ty...true},"interval":30000}' [148 bytes]
[2025-07-09 07:49:53,493.493] DEBUG    [MainThread|MainProcess] Logger (connect.py:on_message:43) | {'time': 1752018593, 'self_id': 703263936, 'post_type': 'meta_event', 'meta_event_type': 'heartbeat', 'status': {'online': True, 'good': True}, 'interval': 30000}
[2025-07-09 07:50:23,507.507] DEBUG    [MainThread|MainProcess] websockets.client (protocol.py:read_frame:1177) | < TEXT '{"time":1752018623,"self_id":703263936,"post_ty...true},"interval":30000}' [148 bytes]
[2025-07-09 07:50:23,507.507] DEBUG    [MainThread|MainProcess] Logger (connect.py:on_message:43) | {'time': 1752018623, 'self_id': 703263936, 'post_type': 'meta_event', 'meta_event_type': 'heartbeat', 'status': {'online': True, 'good': True}, 'interval': 30000}
[2025-07-09 07:50:53,507.507] DEBUG    [MainThread|MainProcess] websockets.client (protocol.py:read_frame:1177) | < TEXT '{"time":1752018653,"self_id":703263936,"post_ty...true},"interval":30000}' [148 bytes]
[2025-07-09 07:50:53,507.507] DEBUG    [MainThread|MainProcess] Logger (connect.py:on_message:43) | {'time': 1752018653, 'self_id': 703263936, 'post_type': 'meta_event', 'meta_event_type': 'heartbeat', 'status': {'online': True, 'good': True}, 'interval': 30000}
[2025-07-09 07:51:18,458.458] DEBUG    [MainThread|MainProcess] websockets.client (protocol.py:read_frame:1177) | < TEXT '{"self_id":703263936,"user_id":3863501516,"time...","group_id":465281893}' [632 bytes]
[2025-07-09 07:51:18,458.458] DEBUG    [MainThread|MainProcess] Logger (client.py:handle_group_event:67) | {'group_id': '465281893', 'user_id': '3863501516', 'message_type': 'group', 'sub_type': 'normal', 'font': '14', 'sender': "{'user_id': 3863501516, 'nickname': 'mtr_mcfunction', 'card': 'EricDing618'}", 'message_id': '994280284', 'message_seq': '994280284', 'real_id': '994280284', 'message': "[{'type': 'reply', 'data': {'id': '1920438433'}}, {'type': 'at', 'data': {'qq': '1095216448'}}, {'type': 'text', 'data': {'text': ' 我那个一开始就加了个MIT（'}}]", 'message_format': 'array'}
[2025-07-09 07:51:18,474.474] INFO     [MainThread|MainProcess] Logger (main.py:on_group_message:33) | {'group_id': '465281893', 'user_id': '3863501516', 'message_type': 'group', 'sub_type': 'normal', 'font': '14', 'sender': "{'user_id': 3863501516, 'nickname': 'mtr_mcfunction', 'card': 'EricDing618'}", 'message_id': '994280284', 'message_seq': '994280284', 'real_id': '994280284', 'message': "[{'type': 'reply', 'data': {'id': '1920438433'}}, {'type': 'at', 'data': {'qq': '1095216448'}}, {'type': 'text', 'data': {'text': ' 我那个一开始就加了个MIT（'}}]", 'message_format': 'array'}
[2025-07-09 07:51:18,626.626] DEBUG    [MainThread|MainProcess] websockets.client (protocol.py:__init__:256) | = connection is CONNECTING
[2025-07-09 07:51:18,628.628] DEBUG    [MainThread|MainProcess] websockets.client (client.py:write_http_request:114) | > GET /api HTTP/1.1
[2025-07-09 07:51:18,628.628] DEBUG    [MainThread|MainProcess] websockets.client (client.py:write_http_request:116) | > Host: localhost:8082
[2025-07-09 07:51:18,628.628] DEBUG    [MainThread|MainProcess] websockets.client (client.py:write_http_request:116) | > Upgrade: websocket
[2025-07-09 07:51:18,628.628] DEBUG    [MainThread|MainProcess] websockets.client (client.py:write_http_request:116) | > Connection: Upgrade
[2025-07-09 07:51:18,628.628] DEBUG    [MainThread|MainProcess] websockets.client (client.py:write_http_request:116) | > Sec-WebSocket-Key: Hm+enPVMro/on4jxeSV2Tw==
[2025-07-09 07:51:18,628.628] DEBUG    [MainThread|MainProcess] websockets.client (client.py:write_http_request:116) | > Sec-WebSocket-Version: 13
[2025-07-09 07:51:18,628.628] DEBUG    [MainThread|MainProcess] websockets.client (client.py:write_http_request:116) | > Sec-WebSocket-Extensions: permessage-deflate; client_max_window_bits
[2025-07-09 07:51:18,628.628] DEBUG    [MainThread|MainProcess] websockets.client (client.py:write_http_request:116) | > Content-Type: application/json
[2025-07-09 07:51:18,628.628] DEBUG    [MainThread|MainProcess] websockets.client (client.py:write_http_request:116) | > Authorization: Bearer chcat13201145
[2025-07-09 07:51:18,628.628] DEBUG    [MainThread|MainProcess] websockets.client (client.py:write_http_request:116) | > User-Agent: Python/3.10 websockets/10.4
[2025-07-09 07:51:18,643.643] DEBUG    [MainThread|MainProcess] websockets.client (client.py:read_http_response:147) | < HTTP/1.1 101 Switching Protocols
[2025-07-09 07:51:18,643.643] DEBUG    [MainThread|MainProcess] websockets.client (client.py:read_http_response:149) | < Upgrade: websocket
[2025-07-09 07:51:18,643.643] DEBUG    [MainThread|MainProcess] websockets.client (client.py:read_http_response:149) | < Connection: Upgrade
[2025-07-09 07:51:18,643.643] DEBUG    [MainThread|MainProcess] websockets.client (client.py:read_http_response:149) | < Sec-WebSocket-Accept: CqBcirfI2i5EaEGQ1/ZkQRCo8i0=
[2025-07-09 07:51:18,643.643] DEBUG    [MainThread|MainProcess] websockets.client (protocol.py:connection_open:357) | = connection is OPEN
[2025-07-09 07:51:18,643.643] DEBUG    [MainThread|MainProcess] websockets.client (protocol.py:write_frame_sync:1183) | > TEXT '{"action": "send_group_msg", "params": {"group_...]}, "echo": 1752018678}' [142 bytes]
[2025-07-09 07:51:19,076.076] DEBUG    [MainThread|MainProcess] websockets.client (protocol.py:read_frame:1177) | < TEXT '{"status":"ok","retcode":0,"data":{"message_id"...":"","echo":1752018678}' [103 bytes]
[2025-07-09 07:51:19,076.076] DEBUG    [MainThread|MainProcess] websockets.client (protocol.py:write_close_frame:1232) | = connection is CLOSING
[2025-07-09 07:51:19,076.076] DEBUG    [MainThread|MainProcess] websockets.client (protocol.py:write_frame_sync:1183) | > CLOSE 1000 (OK) [2 bytes]
[2025-07-09 07:51:19,091.091] DEBUG    [MainThread|MainProcess] websockets.client (protocol.py:read_frame:1177) | < CLOSE 1000 (OK) [2 bytes]
[2025-07-09 07:51:19,092.092] DEBUG    [MainThread|MainProcess] websockets.client (protocol.py:connection_lost:1514) | = connection is CLOSED
[2025-07-09 07:51:19,092.092] DEBUG    [MainThread|MainProcess] Logger (api.py:check_and_log:32) | {'status': 'ok', 'retcode': 0, 'data': {'message_id': 184195398}, 'message': '', 'wording': '', 'echo': 1752018678}
[2025-07-09 07:51:23,521.521] DEBUG    [MainThread|MainProcess] websockets.client (protocol.py:read_frame:1177) | < TEXT '{"time":1752018683,"self_id":703263936,"post_ty...true},"interval":30000}' [148 bytes]
[2025-07-09 07:51:23,521.521] DEBUG    [MainThread|MainProcess] Logger (connect.py:on_message:43) | {'time': 1752018683, 'self_id': 703263936, 'post_type': 'meta_event', 'meta_event_type': 'heartbeat', 'status': {'online': True, 'good': True}, 'interval': 30000}
[2025-07-09 07:51:53,539.539] DEBUG    [MainThread|MainProcess] websockets.client (protocol.py:read_frame:1177) | < TEXT '{"time":1752018713,"self_id":703263936,"post_ty...true},"interval":30000}' [148 bytes]
[2025-07-09 07:51:53,539.539] DEBUG    [MainThread|MainProcess] Logger (connect.py:on_message:43) | {'time': 1752018713, 'self_id': 703263936, 'post_type': 'meta_event', 'meta_event_type': 'heartbeat', 'status': {'online': True, 'good': True}, 'interval': 30000}
[2025-07-09 07:52:03,397.397] DEBUG    [MainThread|MainProcess] websockets.client (protocol.py:read_frame:1177) | < TEXT '{"self_id":703263936,"user_id":3863501516,"time...","group_id":465281893}' [489 bytes]
[2025-07-09 07:52:03,397.397] DEBUG    [MainThread|MainProcess] Logger (client.py:handle_group_event:67) | {'group_id': '465281893', 'user_id': '3863501516', 'message_type': 'group', 'sub_type': 'normal', 'font': '14', 'sender': "{'user_id': 3863501516, 'nickname': 'mtr_mcfunction', 'card': 'EricDing618'}", 'message_id': '1936834215', 'message_seq': '1936834215', 'real_id': '1936834215', 'message': "[{'type': 'text', 'data': {'text': 'ok啊，我把那仓库删了'}}]", 'message_format': 'array'}
[2025-07-09 07:52:03,397.397] INFO     [MainThread|MainProcess] Logger (main.py:on_group_message:33) | {'group_id': '465281893', 'user_id': '3863501516', 'message_type': 'group', 'sub_type': 'normal', 'font': '14', 'sender': "{'user_id': 3863501516, 'nickname': 'mtr_mcfunction', 'card': 'EricDing618'}", 'message_id': '1936834215', 'message_seq': '1936834215', 'real_id': '1936834215', 'message': "[{'type': 'text', 'data': {'text': 'ok啊，我把那仓库删了'}}]", 'message_format': 'array'}
[2025-07-09 07:52:23,555.555] DEBUG    [MainThread|MainProcess] websockets.client (protocol.py:read_frame:1177) | < TEXT '{"time":1752018743,"self_id":703263936,"post_ty...true},"interval":30000}' [148 bytes]
[2025-07-09 07:52:23,555.555] DEBUG    [MainThread|MainProcess] Logger (connect.py:on_message:43) | {'time': 1752018743, 'self_id': 703263936, 'post_type': 'meta_event', 'meta_event_type': 'heartbeat', 'status': {'online': True, 'good': True}, 'interval': 30000}
[2025-07-09 07:52:53,564.564] DEBUG    [MainThread|MainProcess] websockets.client (protocol.py:read_frame:1177) | < TEXT '{"time":1752018773,"self_id":703263936,"post_ty...true},"interval":30000}' [148 bytes]
[2025-07-09 07:52:53,564.564] DEBUG    [MainThread|MainProcess] Logger (connect.py:on_message:43) | {'time': 1752018773, 'self_id': 703263936, 'post_type': 'meta_event', 'meta_event_type': 'heartbeat', 'status': {'online': True, 'good': True}, 'interval': 30000}
[2025-07-09 07:53:23,578.578] DEBUG    [MainThread|MainProcess] websockets.client (protocol.py:read_frame:1177) | < TEXT '{"time":1752018803,"self_id":703263936,"post_ty...true},"interval":30000}' [148 bytes]
[2025-07-09 07:53:23,578.578] DEBUG    [MainThread|MainProcess] Logger (connect.py:on_message:43) | {'time': 1752018803, 'self_id': 703263936, 'post_type': 'meta_event', 'meta_event_type': 'heartbeat', 'status': {'online': True, 'good': True}, 'interval': 30000}
[2025-07-09 07:53:53,589.589] DEBUG    [MainThread|MainProcess] websockets.client (protocol.py:read_frame:1177) | < TEXT '{"time":1752018833,"self_id":703263936,"post_ty...true},"interval":30000}' [148 bytes]
[2025-07-09 07:53:53,589.589] DEBUG    [MainThread|MainProcess] Logger (connect.py:on_message:43) | {'time': 1752018833, 'self_id': 703263936, 'post_type': 'meta_event', 'meta_event_type': 'heartbeat', 'status': {'online': True, 'good': True}, 'interval': 30000}
[2025-07-09 07:54:23,603.603] DEBUG    [MainThread|MainProcess] websockets.client (protocol.py:read_frame:1177) | < TEXT '{"time":1752018863,"self_id":703263936,"post_ty...true},"interval":30000}' [148 bytes]
[2025-07-09 07:54:23,603.603] DEBUG    [MainThread|MainProcess] Logger (connect.py:on_message:43) | {'time': 1752018863, 'self_id': 703263936, 'post_type': 'meta_event', 'meta_event_type': 'heartbeat', 'status': {'online': True, 'good': True}, 'interval': 30000}
[2025-07-09 07:54:53,604.604] DEBUG    [MainThread|MainProcess] websockets.client (protocol.py:read_frame:1177) | < TEXT '{"time":1752018893,"self_id":703263936,"post_ty...true},"interval":30000}' [148 bytes]
[2025-07-09 07:54:53,604.604] DEBUG    [MainThread|MainProcess] Logger (connect.py:on_message:43) | {'time': 1752018893, 'self_id': 703263936, 'post_type': 'meta_event', 'meta_event_type': 'heartbeat', 'status': {'online': True, 'good': True}, 'interval': 30000}
[2025-07-09 07:55:23,618.618] DEBUG    [MainThread|MainProcess] websockets.client (protocol.py:read_frame:1177) | < TEXT '{"time":1752018923,"self_id":703263936,"post_ty...true},"interval":30000}' [148 bytes]
[2025-07-09 07:55:23,618.618] DEBUG    [MainThread|MainProcess] Logger (connect.py:on_message:43) | {'time': 1752018923, 'self_id': 703263936, 'post_type': 'meta_event', 'meta_event_type': 'heartbeat', 'status': {'online': True, 'good': True}, 'interval': 30000}
[2025-07-09 07:55:53,631.631] DEBUG    [MainThread|MainProcess] websockets.client (protocol.py:read_frame:1177) | < TEXT '{"time":1752018953,"self_id":703263936,"post_ty...true},"interval":30000}' [148 bytes]
[2025-07-09 07:55:53,631.631] DEBUG    [MainThread|MainProcess] Logger (connect.py:on_message:43) | {'time': 1752018953, 'self_id': 703263936, 'post_type': 'meta_event', 'meta_event_type': 'heartbeat', 'status': {'online': True, 'good': True}, 'interval': 30000}
[2025-07-09 07:56:23,645.645] DEBUG    [MainThread|MainProcess] websockets.client (protocol.py:read_frame:1177) | < TEXT '{"time":1752018983,"self_id":703263936,"post_ty...true},"interval":30000}' [148 bytes]
[2025-07-09 07:56:23,645.645] DEBUG    [MainThread|MainProcess] Logger (connect.py:on_message:43) | {'time': 1752018983, 'self_id': 703263936, 'post_type': 'meta_event', 'meta_event_type': 'heartbeat', 'status': {'online': True, 'good': True}, 'interval': 30000}
[2025-07-09 07:56:53,652.652] DEBUG    [MainThread|MainProcess] websockets.client (protocol.py:read_frame:1177) | < TEXT '{"time":1752019013,"self_id":703263936,"post_ty...true},"interval":30000}' [148 bytes]
[2025-07-09 07:56:53,652.652] DEBUG    [MainThread|MainProcess] Logger (connect.py:on_message:43) | {'time': 1752019013, 'self_id': 703263936, 'post_type': 'meta_event', 'meta_event_type': 'heartbeat', 'status': {'online': True, 'good': True}, 'interval': 30000}
[2025-07-09 07:57:23,665.665] DEBUG    [MainThread|MainProcess] websockets.client (protocol.py:read_frame:1177) | < TEXT '{"time":1752019043,"self_id":703263936,"post_ty...true},"interval":30000}' [148 bytes]
[2025-07-09 07:57:23,665.665] DEBUG    [MainThread|MainProcess] Logger (connect.py:on_message:43) | {'time': 1752019043, 'self_id': 703263936, 'post_type': 'meta_event', 'meta_event_type': 'heartbeat', 'status': {'online': True, 'good': True}, 'interval': 30000}
[2025-07-09 07:57:53,668.668] DEBUG    [MainThread|MainProcess] websockets.client (protocol.py:read_frame:1177) | < TEXT '{"time":1752019073,"self_id":703263936,"post_ty...true},"interval":30000}' [148 bytes]
[2025-07-09 07:57:53,668.668] DEBUG    [MainThread|MainProcess] Logger (connect.py:on_message:43) | {'time': 1752019073, 'self_id': 703263936, 'post_type': 'meta_event', 'meta_event_type': 'heartbeat', 'status': {'online': True, 'good': True}, 'interval': 30000}
[2025-07-09 07:58:23,681.681] DEBUG    [MainThread|MainProcess] websockets.client (protocol.py:read_frame:1177) | < TEXT '{"time":1752019103,"self_id":703263936,"post_ty...true},"interval":30000}' [148 bytes]
[2025-07-09 07:58:23,681.681] DEBUG    [MainThread|MainProcess] Logger (connect.py:on_message:43) | {'time': 1752019103, 'self_id': 703263936, 'post_type': 'meta_event', 'meta_event_type': 'heartbeat', 'status': {'online': True, 'good': True}, 'interval': 30000}
[2025-07-09 07:58:42,060.060] DEBUG    [MainThread|MainProcess] websockets.client (protocol.py:read_frame:1177) | < TEXT '{"self_id":703263936,"user_id":2585690555,"time...","group_id":465281893}' [427 bytes]
[2025-07-09 07:58:42,060.060] DEBUG    [MainThread|MainProcess] Logger (client.py:handle_group_event:67) | {'group_id': '465281893', 'user_id': '2585690555', 'message_type': 'group', 'sub_type': 'normal', 'font': '14', 'sender': "{'user_id': 2585690555, 'nickname': 'Yuze_Yaooo', 'card': 'Yuze_Yaooo'}", 'message_id': '1691133357', 'message_seq': '1691133357', 'real_id': '1691133357', 'message': "[{'type': 'text', 'data': {'text': '1'}}]", 'message_format': 'array'}
[2025-07-09 07:58:42,060.060] INFO     [MainThread|MainProcess] Logger (main.py:on_group_message:33) | {'group_id': '465281893', 'user_id': '2585690555', 'message_type': 'group', 'sub_type': 'normal', 'font': '14', 'sender': "{'user_id': 2585690555, 'nickname': 'Yuze_Yaooo', 'card': 'Yuze_Yaooo'}", 'message_id': '1691133357', 'message_seq': '1691133357', 'real_id': '1691133357', 'message': "[{'type': 'text', 'data': {'text': '1'}}]", 'message_format': 'array'}
[2025-07-09 07:58:42,060.060] DEBUG    [MainThread|MainProcess] websockets.client (protocol.py:__init__:256) | = connection is CONNECTING
[2025-07-09 07:58:42,060.060] DEBUG    [MainThread|MainProcess] websockets.client (client.py:write_http_request:114) | > GET /api HTTP/1.1
[2025-07-09 07:58:42,060.060] DEBUG    [MainThread|MainProcess] websockets.client (client.py:write_http_request:116) | > Host: localhost:8082
[2025-07-09 07:58:42,060.060] DEBUG    [MainThread|MainProcess] websockets.client (client.py:write_http_request:116) | > Upgrade: websocket
[2025-07-09 07:58:42,060.060] DEBUG    [MainThread|MainProcess] websockets.client (client.py:write_http_request:116) | > Connection: Upgrade
[2025-07-09 07:58:42,060.060] DEBUG    [MainThread|MainProcess] websockets.client (client.py:write_http_request:116) | > Sec-WebSocket-Key: RVaCoPUwLQSQzjjBcXaq8A==
[2025-07-09 07:58:42,060.060] DEBUG    [MainThread|MainProcess] websockets.client (client.py:write_http_request:116) | > Sec-WebSocket-Version: 13
[2025-07-09 07:58:42,060.060] DEBUG    [MainThread|MainProcess] websockets.client (client.py:write_http_request:116) | > Sec-WebSocket-Extensions: permessage-deflate; client_max_window_bits
[2025-07-09 07:58:42,060.060] DEBUG    [MainThread|MainProcess] websockets.client (client.py:write_http_request:116) | > Content-Type: application/json
[2025-07-09 07:58:42,060.060] DEBUG    [MainThread|MainProcess] websockets.client (client.py:write_http_request:116) | > Authorization: Bearer chcat13201145
[2025-07-09 07:58:42,060.060] DEBUG    [MainThread|MainProcess] websockets.client (client.py:write_http_request:116) | > User-Agent: Python/3.10 websockets/10.4
[2025-07-09 07:58:42,075.075] DEBUG    [MainThread|MainProcess] websockets.client (client.py:read_http_response:147) | < HTTP/1.1 101 Switching Protocols
[2025-07-09 07:58:42,075.075] DEBUG    [MainThread|MainProcess] websockets.client (client.py:read_http_response:149) | < Upgrade: websocket
[2025-07-09 07:58:42,075.075] DEBUG    [MainThread|MainProcess] websockets.client (client.py:read_http_response:149) | < Connection: Upgrade
[2025-07-09 07:58:42,075.075] DEBUG    [MainThread|MainProcess] websockets.client (client.py:read_http_response:149) | < Sec-WebSocket-Accept: SxZNJ/daA6pS2BWj+wXUryQcvQ8=
[2025-07-09 07:58:42,075.075] DEBUG    [MainThread|MainProcess] websockets.client (protocol.py:connection_open:357) | = connection is OPEN
[2025-07-09 07:58:42,075.075] DEBUG    [MainThread|MainProcess] websockets.client (protocol.py:write_frame_sync:1183) | > TEXT '{"action": "send_group_msg", "params": {"group_...]}, "echo": 1752019122}' [137 bytes]
[2025-07-09 07:58:42,549.549] DEBUG    [MainThread|MainProcess] websockets.client (protocol.py:read_frame:1177) | < TEXT '{"status":"ok","retcode":0,"data":{"message_id"...":"","echo":1752019122}' [104 bytes]
[2025-07-09 07:58:42,549.549] DEBUG    [MainThread|MainProcess] websockets.client (protocol.py:write_close_frame:1232) | = connection is CLOSING
[2025-07-09 07:58:42,549.549] DEBUG    [MainThread|MainProcess] websockets.client (protocol.py:write_frame_sync:1183) | > CLOSE 1000 (OK) [2 bytes]
[2025-07-09 07:58:42,549.549] DEBUG    [MainThread|MainProcess] websockets.client (protocol.py:read_frame:1177) | < CLOSE 1000 (OK) [2 bytes]
[2025-07-09 07:58:42,549.549] DEBUG    [MainThread|MainProcess] websockets.client (protocol.py:connection_lost:1514) | = connection is CLOSED
[2025-07-09 07:58:42,549.549] DEBUG    [MainThread|MainProcess] Logger (api.py:check_and_log:32) | {'status': 'ok', 'retcode': 0, 'data': {'message_id': 1001798419}, 'message': '', 'wording': '', 'echo': 1752019122}
[2025-07-09 07:58:53,684.684] DEBUG    [MainThread|MainProcess] websockets.client (protocol.py:read_frame:1177) | < TEXT '{"time":1752019133,"self_id":703263936,"post_ty...true},"interval":30000}' [148 bytes]
[2025-07-09 07:58:53,684.684] DEBUG    [MainThread|MainProcess] Logger (connect.py:on_message:43) | {'time': 1752019133, 'self_id': 703263936, 'post_type': 'meta_event', 'meta_event_type': 'heartbeat', 'status': {'online': True, 'good': True}, 'interval': 30000}
[2025-07-09 07:58:59,153.153] DEBUG    [MainThread|MainProcess] websockets.client (protocol.py:read_frame:1177) | < TEXT '{"self_id":703263936,"user_id":2585690555,"time...","group_id":465281893}' [470 bytes]
[2025-07-09 07:58:59,153.153] DEBUG    [MainThread|MainProcess] Logger (client.py:handle_group_event:67) | {'group_id': '465281893', 'user_id': '2585690555', 'message_type': 'group', 'sub_type': 'normal', 'font': '14', 'sender': "{'user_id': 2585690555, 'nickname': 'Yuze_Yaooo', 'card': 'Yuze_Yaooo'}", 'message_id': '252761294', 'message_seq': '252761294', 'real_id': '252761294', 'message': "[{'type': 'text', 'data': {'text': '加点新功能，我好'}}]", 'message_format': 'array'}
[2025-07-09 07:58:59,153.153] INFO     [MainThread|MainProcess] Logger (main.py:on_group_message:33) | {'group_id': '465281893', 'user_id': '2585690555', 'message_type': 'group', 'sub_type': 'normal', 'font': '14', 'sender': "{'user_id': 2585690555, 'nickname': 'Yuze_Yaooo', 'card': 'Yuze_Yaooo'}", 'message_id': '252761294', 'message_seq': '252761294', 'real_id': '252761294', 'message': "[{'type': 'text', 'data': {'text': '加点新功能，我好'}}]", 'message_format': 'array'}
[2025-07-09 07:59:01,662.662] DEBUG    [MainThread|MainProcess] websockets.client (protocol.py:read_frame:1177) | < TEXT '{"self_id":703263936,"user_id":2585690555,"time...","group_id":465281893}' [434 bytes]
[2025-07-09 07:59:01,662.662] DEBUG    [MainThread|MainProcess] Logger (client.py:handle_group_event:67) | {'group_id': '465281893', 'user_id': '2585690555', 'message_type': 'group', 'sub_type': 'normal', 'font': '14', 'sender': "{'user_id': 2585690555, 'nickname': 'Yuze_Yaooo', 'card': 'Yuze_Yaooo'}", 'message_id': '354362655', 'message_seq': '354362655', 'real_id': '354362655', 'message': "[{'type': 'text', 'data': {'text': '注入'}}]", 'message_format': 'array'}
[2025-07-09 07:59:01,662.662] INFO     [MainThread|MainProcess] Logger (main.py:on_group_message:33) | {'group_id': '465281893', 'user_id': '2585690555', 'message_type': 'group', 'sub_type': 'normal', 'font': '14', 'sender': "{'user_id': 2585690555, 'nickname': 'Yuze_Yaooo', 'card': 'Yuze_Yaooo'}", 'message_id': '354362655', 'message_seq': '354362655', 'real_id': '354362655', 'message': "[{'type': 'text', 'data': {'text': '注入'}}]", 'message_format': 'array'}
[2025-07-09 07:59:23,698.698] DEBUG    [MainThread|MainProcess] websockets.client (protocol.py:read_frame:1177) | < TEXT '{"time":1752019163,"self_id":703263936,"post_ty...true},"interval":30000}' [148 bytes]
[2025-07-09 07:59:23,698.698] DEBUG    [MainThread|MainProcess] Logger (connect.py:on_message:43) | {'time': 1752019163, 'self_id': 703263936, 'post_type': 'meta_event', 'meta_event_type': 'heartbeat', 'status': {'online': True, 'good': True}, 'interval': 30000}
[2025-07-09 07:59:53,711.711] DEBUG    [MainThread|MainProcess] websockets.client (protocol.py:read_frame:1177) | < TEXT '{"time":1752019193,"self_id":703263936,"post_ty...true},"interval":30000}' [148 bytes]
[2025-07-09 07:59:53,711.711] DEBUG    [MainThread|MainProcess] Logger (connect.py:on_message:43) | {'time': 1752019193, 'self_id': 703263936, 'post_type': 'meta_event', 'meta_event_type': 'heartbeat', 'status': {'online': True, 'good': True}, 'interval': 30000}
[2025-07-09 08:00:02,632.632] DEBUG    [MainThread|MainProcess] websockets.client (protocol.py:read_frame:1177) | < TEXT '{"self_id":703263936,"user_id":2585690555,"time...","group_id":465281893}' [508 bytes]
[2025-07-09 08:00:02,632.632] DEBUG    [MainThread|MainProcess] Logger (client.py:handle_group_event:67) | {'group_id': '465281893', 'user_id': '2585690555', 'message_type': 'group', 'sub_type': 'normal', 'font': '14', 'sender': "{'user_id': 2585690555, 'nickname': 'Yuze_Yaooo', 'card': 'Yuze_Yaooo'}", 'message_id': '819755947', 'message_seq': '819755947', 'real_id': '819755947', 'message': '[{\'type\': \'text\', \'data\': {\'text\': \'tjjt ]];":"\\\\}}}|&#91;{true, false/\'}}]', 'message_format': 'array'}
[2025-07-09 08:00:02,632.632] INFO     [MainThread|MainProcess] Logger (main.py:on_group_message:33) | {'group_id': '465281893', 'user_id': '2585690555', 'message_type': 'group', 'sub_type': 'normal', 'font': '14', 'sender': "{'user_id': 2585690555, 'nickname': 'Yuze_Yaooo', 'card': 'Yuze_Yaooo'}", 'message_id': '819755947', 'message_seq': '819755947', 'real_id': '819755947', 'message': '[{\'type\': \'text\', \'data\': {\'text\': \'tjjt ]];":"\\\\}}}|&#91;{true, false/\'}}]', 'message_format': 'array'}
[2025-07-09 08:00:02,648.648] DEBUG    [MainThread|MainProcess] websockets.client (protocol.py:__init__:256) | = connection is CONNECTING
[2025-07-09 08:00:02,648.648] DEBUG    [MainThread|MainProcess] websockets.client (client.py:write_http_request:114) | > GET /api HTTP/1.1
[2025-07-09 08:00:02,648.648] DEBUG    [MainThread|MainProcess] websockets.client (client.py:write_http_request:116) | > Host: localhost:8082
[2025-07-09 08:00:02,648.648] DEBUG    [MainThread|MainProcess] websockets.client (client.py:write_http_request:116) | > Upgrade: websocket
[2025-07-09 08:00:02,648.648] DEBUG    [MainThread|MainProcess] websockets.client (client.py:write_http_request:116) | > Connection: Upgrade
[2025-07-09 08:00:02,648.648] DEBUG    [MainThread|MainProcess] websockets.client (client.py:write_http_request:116) | > Sec-WebSocket-Key: zZJHiFJQxoFPwCGWtoq2uA==
[2025-07-09 08:00:02,648.648] DEBUG    [MainThread|MainProcess] websockets.client (client.py:write_http_request:116) | > Sec-WebSocket-Version: 13
[2025-07-09 08:00:02,648.648] DEBUG    [MainThread|MainProcess] websockets.client (client.py:write_http_request:116) | > Sec-WebSocket-Extensions: permessage-deflate; client_max_window_bits
[2025-07-09 08:00:02,648.648] DEBUG    [MainThread|MainProcess] websockets.client (client.py:write_http_request:116) | > Content-Type: application/json
[2025-07-09 08:00:02,648.648] DEBUG    [MainThread|MainProcess] websockets.client (client.py:write_http_request:116) | > Authorization: Bearer chcat13201145
[2025-07-09 08:00:02,648.648] DEBUG    [MainThread|MainProcess] websockets.client (client.py:write_http_request:116) | > User-Agent: Python/3.10 websockets/10.4
[2025-07-09 08:00:02,648.648] DEBUG    [MainThread|MainProcess] websockets.client (client.py:read_http_response:147) | < HTTP/1.1 101 Switching Protocols
[2025-07-09 08:00:02,648.648] DEBUG    [MainThread|MainProcess] websockets.client (client.py:read_http_response:149) | < Upgrade: websocket
[2025-07-09 08:00:02,648.648] DEBUG    [MainThread|MainProcess] websockets.client (client.py:read_http_response:149) | < Connection: Upgrade
[2025-07-09 08:00:02,648.648] DEBUG    [MainThread|MainProcess] websockets.client (client.py:read_http_response:149) | < Sec-WebSocket-Accept: 8ip2idv309SmoGujNYXqRRQyXiI=
[2025-07-09 08:00:02,664.664] DEBUG    [MainThread|MainProcess] websockets.client (protocol.py:connection_open:357) | = connection is OPEN
[2025-07-09 08:00:02,664.664] DEBUG    [MainThread|MainProcess] websockets.client (protocol.py:write_frame_sync:1183) | > TEXT '{"action": "send_group_msg", "params": {"group_...]}, "echo": 1752019202}' [192 bytes]
[2025-07-09 08:00:03,122.122] DEBUG    [MainThread|MainProcess] websockets.client (protocol.py:read_frame:1177) | < TEXT '{"status":"ok","retcode":0,"data":{"message_id"...":"","echo":1752019202}' [103 bytes]
[2025-07-09 08:00:03,122.122] DEBUG    [MainThread|MainProcess] websockets.client (protocol.py:write_close_frame:1232) | = connection is CLOSING
[2025-07-09 08:00:03,122.122] DEBUG    [MainThread|MainProcess] websockets.client (protocol.py:write_frame_sync:1183) | > CLOSE 1000 (OK) [2 bytes]
[2025-07-09 08:00:03,122.122] DEBUG    [MainThread|MainProcess] websockets.client (protocol.py:read_frame:1177) | < CLOSE 1000 (OK) [2 bytes]
[2025-07-09 08:00:03,122.122] DEBUG    [MainThread|MainProcess] websockets.client (protocol.py:connection_lost:1514) | = connection is CLOSED
[2025-07-09 08:00:03,122.122] DEBUG    [MainThread|MainProcess] Logger (api.py:check_and_log:32) | {'status': 'ok', 'retcode': 0, 'data': {'message_id': 324940525}, 'message': '', 'wording': '', 'echo': 1752019202}
[2025-07-09 08:00:23,713.713] DEBUG    [MainThread|MainProcess] websockets.client (protocol.py:read_frame:1177) | < TEXT '{"time":1752019223,"self_id":703263936,"post_ty...true},"interval":30000}' [148 bytes]
[2025-07-09 08:00:23,713.713] DEBUG    [MainThread|MainProcess] Logger (connect.py:on_message:43) | {'time': 1752019223, 'self_id': 703263936, 'post_type': 'meta_event', 'meta_event_type': 'heartbeat', 'status': {'online': True, 'good': True}, 'interval': 30000}
[2025-07-09 08:00:53,725.725] DEBUG    [MainThread|MainProcess] websockets.client (protocol.py:read_frame:1177) | < TEXT '{"time":1752019253,"self_id":703263936,"post_ty...true},"interval":30000}' [148 bytes]
[2025-07-09 08:00:53,725.725] DEBUG    [MainThread|MainProcess] Logger (connect.py:on_message:43) | {'time': 1752019253, 'self_id': 703263936, 'post_type': 'meta_event', 'meta_event_type': 'heartbeat', 'status': {'online': True, 'good': True}, 'interval': 30000}
[2025-07-09 08:01:23,739.739] DEBUG    [MainThread|MainProcess] websockets.client (protocol.py:read_frame:1177) | < TEXT '{"time":1752019283,"self_id":703263936,"post_ty...true},"interval":30000}' [148 bytes]
[2025-07-09 08:01:23,739.739] DEBUG    [MainThread|MainProcess] Logger (connect.py:on_message:43) | {'time': 1752019283, 'self_id': 703263936, 'post_type': 'meta_event', 'meta_event_type': 'heartbeat', 'status': {'online': True, 'good': True}, 'interval': 30000}
[2025-07-09 08:01:53,754.754] DEBUG    [MainThread|MainProcess] websockets.client (protocol.py:read_frame:1177) | < TEXT '{"time":1752019313,"self_id":703263936,"post_ty...true},"interval":30000}' [148 bytes]
[2025-07-09 08:01:53,754.754] DEBUG    [MainThread|MainProcess] Logger (connect.py:on_message:43) | {'time': 1752019313, 'self_id': 703263936, 'post_type': 'meta_event', 'meta_event_type': 'heartbeat', 'status': {'online': True, 'good': True}, 'interval': 30000}
[2025-07-09 08:02:23,767.767] DEBUG    [MainThread|MainProcess] websockets.client (protocol.py:read_frame:1177) | < TEXT '{"time":1752019343,"self_id":703263936,"post_ty...true},"interval":30000}' [148 bytes]
[2025-07-09 08:02:23,767.767] DEBUG    [MainThread|MainProcess] Logger (connect.py:on_message:43) | {'time': 1752019343, 'self_id': 703263936, 'post_type': 'meta_event', 'meta_event_type': 'heartbeat', 'status': {'online': True, 'good': True}, 'interval': 30000}
[2025-07-09 08:02:53,781.781] DEBUG    [MainThread|MainProcess] websockets.client (protocol.py:read_frame:1177) | < TEXT '{"time":1752019373,"self_id":703263936,"post_ty...true},"interval":30000}' [148 bytes]
[2025-07-09 08:02:53,781.781] DEBUG    [MainThread|MainProcess] Logger (connect.py:on_message:43) | {'time': 1752019373, 'self_id': 703263936, 'post_type': 'meta_event', 'meta_event_type': 'heartbeat', 'status': {'online': True, 'good': True}, 'interval': 30000}
[2025-07-09 08:03:23,795.795] DEBUG    [MainThread|MainProcess] websockets.client (protocol.py:read_frame:1177) | < TEXT '{"time":1752019403,"self_id":703263936,"post_ty...true},"interval":30000}' [148 bytes]
[2025-07-09 08:03:23,795.795] DEBUG    [MainThread|MainProcess] Logger (connect.py:on_message:43) | {'time': 1752019403, 'self_id': 703263936, 'post_type': 'meta_event', 'meta_event_type': 'heartbeat', 'status': {'online': True, 'good': True}, 'interval': 30000}
[2025-07-09 08:03:53,803.803] DEBUG    [MainThread|MainProcess] websockets.client (protocol.py:read_frame:1177) | < TEXT '{"time":1752019433,"self_id":703263936,"post_ty...true},"interval":30000}' [148 bytes]
[2025-07-09 08:03:53,803.803] DEBUG    [MainThread|MainProcess] Logger (connect.py:on_message:43) | {'time': 1752019433, 'self_id': 703263936, 'post_type': 'meta_event', 'meta_event_type': 'heartbeat', 'status': {'online': True, 'good': True}, 'interval': 30000}
[2025-07-09 08:04:23,817.817] DEBUG    [MainThread|MainProcess] websockets.client (protocol.py:read_frame:1177) | < TEXT '{"time":1752019463,"self_id":703263936,"post_ty...true},"interval":30000}' [148 bytes]
[2025-07-09 08:04:23,817.817] DEBUG    [MainThread|MainProcess] Logger (connect.py:on_message:43) | {'time': 1752019463, 'self_id': 703263936, 'post_type': 'meta_event', 'meta_event_type': 'heartbeat', 'status': {'online': True, 'good': True}, 'interval': 30000}
[2025-07-09 08:04:53,818.818] DEBUG    [MainThread|MainProcess] websockets.client (protocol.py:read_frame:1177) | < TEXT '{"time":1752019493,"self_id":703263936,"post_ty...true},"interval":30000}' [148 bytes]
[2025-07-09 08:04:53,818.818] DEBUG    [MainThread|MainProcess] Logger (connect.py:on_message:43) | {'time': 1752019493, 'self_id': 703263936, 'post_type': 'meta_event', 'meta_event_type': 'heartbeat', 'status': {'online': True, 'good': True}, 'interval': 30000}
[2025-07-09 08:05:23,832.832] DEBUG    [MainThread|MainProcess] websockets.client (protocol.py:read_frame:1177) | < TEXT '{"time":1752019523,"self_id":703263936,"post_ty...true},"interval":30000}' [148 bytes]
[2025-07-09 08:05:23,832.832] DEBUG    [MainThread|MainProcess] Logger (connect.py:on_message:43) | {'time': 1752019523, 'self_id': 703263936, 'post_type': 'meta_event', 'meta_event_type': 'heartbeat', 'status': {'online': True, 'good': True}, 'interval': 30000}
[2025-07-09 08:05:53,845.845] DEBUG    [MainThread|MainProcess] websockets.client (protocol.py:read_frame:1177) | < TEXT '{"time":1752019553,"self_id":703263936,"post_ty...true},"interval":30000}' [148 bytes]
[2025-07-09 08:05:53,845.845] DEBUG    [MainThread|MainProcess] Logger (connect.py:on_message:43) | {'time': 1752019553, 'self_id': 703263936, 'post_type': 'meta_event', 'meta_event_type': 'heartbeat', 'status': {'online': True, 'good': True}, 'interval': 30000}
[2025-07-09 08:06:23,858.858] DEBUG    [MainThread|MainProcess] websockets.client (protocol.py:read_frame:1177) | < TEXT '{"time":1752019583,"self_id":703263936,"post_ty...true},"interval":30000}' [148 bytes]
[2025-07-09 08:06:23,858.858] DEBUG    [MainThread|MainProcess] Logger (connect.py:on_message:43) | {'time': 1752019583, 'self_id': 703263936, 'post_type': 'meta_event', 'meta_event_type': 'heartbeat', 'status': {'online': True, 'good': True}, 'interval': 30000}
[2025-07-09 08:06:53,868.868] DEBUG    [MainThread|MainProcess] websockets.client (protocol.py:read_frame:1177) | < TEXT '{"time":1752019613,"self_id":703263936,"post_ty...true},"interval":30000}' [148 bytes]
[2025-07-09 08:06:53,868.868] DEBUG    [MainThread|MainProcess] Logger (connect.py:on_message:43) | {'time': 1752019613, 'self_id': 703263936, 'post_type': 'meta_event', 'meta_event_type': 'heartbeat', 'status': {'online': True, 'good': True}, 'interval': 30000}
[2025-07-09 08:07:23,882.882] DEBUG    [MainThread|MainProcess] websockets.client (protocol.py:read_frame:1177) | < TEXT '{"time":1752019643,"self_id":703263936,"post_ty...true},"interval":30000}' [148 bytes]
[2025-07-09 08:07:23,882.882] DEBUG    [MainThread|MainProcess] Logger (connect.py:on_message:43) | {'time': 1752019643, 'self_id': 703263936, 'post_type': 'meta_event', 'meta_event_type': 'heartbeat', 'status': {'online': True, 'good': True}, 'interval': 30000}
[2025-07-09 08:07:53,884.884] DEBUG    [MainThread|MainProcess] websockets.client (protocol.py:read_frame:1177) | < TEXT '{"time":1752019673,"self_id":703263936,"post_ty...true},"interval":30000}' [148 bytes]
[2025-07-09 08:07:53,884.884] DEBUG    [MainThread|MainProcess] Logger (connect.py:on_message:43) | {'time': 1752019673, 'self_id': 703263936, 'post_type': 'meta_event', 'meta_event_type': 'heartbeat', 'status': {'online': True, 'good': True}, 'interval': 30000}
[2025-07-09 08:08:23,890.890] DEBUG    [MainThread|MainProcess] websockets.client (protocol.py:read_frame:1177) | < TEXT '{"time":1752019703,"self_id":703263936,"post_ty...true},"interval":30000}' [148 bytes]
[2025-07-09 08:08:23,890.890] DEBUG    [MainThread|MainProcess] Logger (connect.py:on_message:43) | {'time': 1752019703, 'self_id': 703263936, 'post_type': 'meta_event', 'meta_event_type': 'heartbeat', 'status': {'online': True, 'good': True}, 'interval': 30000}
[2025-07-09 08:08:53,896.896] DEBUG    [MainThread|MainProcess] websockets.client (protocol.py:read_frame:1177) | < TEXT '{"time":1752019733,"self_id":703263936,"post_ty...true},"interval":30000}' [148 bytes]
[2025-07-09 08:08:53,896.896] DEBUG    [MainThread|MainProcess] Logger (connect.py:on_message:43) | {'time': 1752019733, 'self_id': 703263936, 'post_type': 'meta_event', 'meta_event_type': 'heartbeat', 'status': {'online': True, 'good': True}, 'interval': 30000}
[2025-07-09 08:09:23,910.910] DEBUG    [MainThread|MainProcess] websockets.client (protocol.py:read_frame:1177) | < TEXT '{"time":1752019763,"self_id":703263936,"post_ty...true},"interval":30000}' [148 bytes]
[2025-07-09 08:09:23,910.910] DEBUG    [MainThread|MainProcess] Logger (connect.py:on_message:43) | {'time': 1752019763, 'self_id': 703263936, 'post_type': 'meta_event', 'meta_event_type': 'heartbeat', 'status': {'online': True, 'good': True}, 'interval': 30000}
[2025-07-09 08:09:53,922.922] DEBUG    [MainThread|MainProcess] websockets.client (protocol.py:read_frame:1177) | < TEXT '{"time":1752019793,"self_id":703263936,"post_ty...true},"interval":30000}' [148 bytes]
[2025-07-09 08:09:53,922.922] DEBUG    [MainThread|MainProcess] Logger (connect.py:on_message:43) | {'time': 1752019793, 'self_id': 703263936, 'post_type': 'meta_event', 'meta_event_type': 'heartbeat', 'status': {'online': True, 'good': True}, 'interval': 30000}
[2025-07-09 08:10:23,935.935] DEBUG    [MainThread|MainProcess] websockets.client (protocol.py:read_frame:1177) | < TEXT '{"time":1752019823,"self_id":703263936,"post_ty...true},"interval":30000}' [148 bytes]
[2025-07-09 08:10:23,935.935] DEBUG    [MainThread|MainProcess] Logger (connect.py:on_message:43) | {'time': 1752019823, 'self_id': 703263936, 'post_type': 'meta_event', 'meta_event_type': 'heartbeat', 'status': {'online': True, 'good': True}, 'interval': 30000}
[2025-07-09 08:10:53,940.940] DEBUG    [MainThread|MainProcess] websockets.client (protocol.py:read_frame:1177) | < TEXT '{"time":1752019853,"self_id":703263936,"post_ty...true},"interval":30000}' [148 bytes]
[2025-07-09 08:10:53,940.940] DEBUG    [MainThread|MainProcess] Logger (connect.py:on_message:43) | {'time': 1752019853, 'self_id': 703263936, 'post_type': 'meta_event', 'meta_event_type': 'heartbeat', 'status': {'online': True, 'good': True}, 'interval': 30000}
[2025-07-09 08:11:23,954.954] DEBUG    [MainThread|MainProcess] websockets.client (protocol.py:read_frame:1177) | < TEXT '{"time":1752019883,"self_id":703263936,"post_ty...true},"interval":30000}' [148 bytes]
[2025-07-09 08:11:23,954.954] DEBUG    [MainThread|MainProcess] Logger (connect.py:on_message:43) | {'time': 1752019883, 'self_id': 703263936, 'post_type': 'meta_event', 'meta_event_type': 'heartbeat', 'status': {'online': True, 'good': True}, 'interval': 30000}
[2025-07-09 08:11:31,937.937] DEBUG    [MainThread|MainProcess] websockets.client (protocol.py:read_frame:1177) | < TEXT '{"self_id":703263936,"user_id":1095216448,"time...","group_id":465281893}' [501 bytes]
[2025-07-09 08:11:31,937.937] DEBUG    [MainThread|MainProcess] Logger (client.py:handle_group_event:67) | {'group_id': '465281893', 'user_id': '1095216448', 'message_type': 'group', 'sub_type': 'normal', 'font': '14', 'sender': "{'user_id': 1095216448, 'nickname': '冰如猫', 'card': '冰の猫(密码的炸了)'}", 'message_id': '1966639025', 'message_seq': '1966639025', 'real_id': '1966639025', 'message': "[{'type': 'text', 'data': {'text': '我一会儿加个删除功能'}}]", 'message_format': 'array'}
[2025-07-09 08:11:31,937.937] INFO     [MainThread|MainProcess] Logger (main.py:on_group_message:33) | {'group_id': '465281893', 'user_id': '1095216448', 'message_type': 'group', 'sub_type': 'normal', 'font': '14', 'sender': "{'user_id': 1095216448, 'nickname': '冰如猫', 'card': '冰の猫(密码的炸了)'}", 'message_id': '1966639025', 'message_seq': '1966639025', 'real_id': '1966639025', 'message': "[{'type': 'text', 'data': {'text': '我一会儿加个删除功能'}}]", 'message_format': 'array'}
[2025-07-09 08:11:53,969.969] DEBUG    [MainThread|MainProcess] websockets.client (protocol.py:read_frame:1177) | < TEXT '{"time":1752019913,"self_id":703263936,"post_ty...true},"interval":30000}' [148 bytes]
[2025-07-09 08:11:53,969.969] DEBUG    [MainThread|MainProcess] Logger (connect.py:on_message:43) | {'time': 1752019913, 'self_id': 703263936, 'post_type': 'meta_event', 'meta_event_type': 'heartbeat', 'status': {'online': True, 'good': True}, 'interval': 30000}
[2025-07-09 08:12:23,982.982] DEBUG    [MainThread|MainProcess] websockets.client (protocol.py:read_frame:1177) | < TEXT '{"time":1752019943,"self_id":703263936,"post_ty...true},"interval":30000}' [148 bytes]
[2025-07-09 08:12:23,982.982] DEBUG    [MainThread|MainProcess] Logger (connect.py:on_message:43) | {'time': 1752019943, 'self_id': 703263936, 'post_type': 'meta_event', 'meta_event_type': 'heartbeat', 'status': {'online': True, 'good': True}, 'interval': 30000}
[2025-07-09 08:12:53,988.988] DEBUG    [MainThread|MainProcess] websockets.client (protocol.py:read_frame:1177) | < TEXT '{"time":1752019973,"self_id":703263936,"post_ty...true},"interval":30000}' [148 bytes]
[2025-07-09 08:12:53,988.988] DEBUG    [MainThread|MainProcess] Logger (connect.py:on_message:43) | {'time': 1752019973, 'self_id': 703263936, 'post_type': 'meta_event', 'meta_event_type': 'heartbeat', 'status': {'online': True, 'good': True}, 'interval': 30000}
[2025-07-09 08:13:24,002.002] DEBUG    [MainThread|MainProcess] websockets.client (protocol.py:read_frame:1177) | < TEXT '{"time":1752020004,"self_id":703263936,"post_ty...true},"interval":30000}' [148 bytes]
[2025-07-09 08:13:24,002.002] DEBUG    [MainThread|MainProcess] Logger (connect.py:on_message:43) | {'time': 1752020004, 'self_id': 703263936, 'post_type': 'meta_event', 'meta_event_type': 'heartbeat', 'status': {'online': True, 'good': True}, 'interval': 30000}
[2025-07-09 08:13:54,017.017] DEBUG    [MainThread|MainProcess] websockets.client (protocol.py:read_frame:1177) | < TEXT '{"time":1752020034,"self_id":703263936,"post_ty...true},"interval":30000}' [148 bytes]
[2025-07-09 08:13:54,017.017] DEBUG    [MainThread|MainProcess] Logger (connect.py:on_message:43) | {'time': 1752020034, 'self_id': 703263936, 'post_type': 'meta_event', 'meta_event_type': 'heartbeat', 'status': {'online': True, 'good': True}, 'interval': 30000}
[2025-07-09 08:14:24,030.030] DEBUG    [MainThread|MainProcess] websockets.client (protocol.py:read_frame:1177) | < TEXT '{"time":1752020064,"self_id":703263936,"post_ty...true},"interval":30000}' [148 bytes]
[2025-07-09 08:14:24,030.030] DEBUG    [MainThread|MainProcess] Logger (connect.py:on_message:43) | {'time': 1752020064, 'self_id': 703263936, 'post_type': 'meta_event', 'meta_event_type': 'heartbeat', 'status': {'online': True, 'good': True}, 'interval': 30000}
[2025-07-09 08:14:54,032.032] DEBUG    [MainThread|MainProcess] websockets.client (protocol.py:read_frame:1177) | < TEXT '{"time":1752020094,"self_id":703263936,"post_ty...true},"interval":30000}' [148 bytes]
[2025-07-09 08:14:54,032.032] DEBUG    [MainThread|MainProcess] Logger (connect.py:on_message:43) | {'time': 1752020094, 'self_id': 703263936, 'post_type': 'meta_event', 'meta_event_type': 'heartbeat', 'status': {'online': True, 'good': True}, 'interval': 30000}
[2025-07-09 08:15:24,046.046] DEBUG    [MainThread|MainProcess] websockets.client (protocol.py:read_frame:1177) | < TEXT '{"time":1752020124,"self_id":703263936,"post_ty...true},"interval":30000}' [148 bytes]
[2025-07-09 08:15:24,046.046] DEBUG    [MainThread|MainProcess] Logger (connect.py:on_message:43) | {'time': 1752020124, 'self_id': 703263936, 'post_type': 'meta_event', 'meta_event_type': 'heartbeat', 'status': {'online': True, 'good': True}, 'interval': 30000}
[2025-07-09 08:15:54,059.059] DEBUG    [MainThread|MainProcess] websockets.client (protocol.py:read_frame:1177) | < TEXT '{"time":1752020154,"self_id":703263936,"post_ty...true},"interval":30000}' [148 bytes]
[2025-07-09 08:15:54,059.059] DEBUG    [MainThread|MainProcess] Logger (connect.py:on_message:43) | {'time': 1752020154, 'self_id': 703263936, 'post_type': 'meta_event', 'meta_event_type': 'heartbeat', 'status': {'online': True, 'good': True}, 'interval': 30000}
[2025-07-09 08:16:24,073.073] DEBUG    [MainThread|MainProcess] websockets.client (protocol.py:read_frame:1177) | < TEXT '{"time":1752020184,"self_id":703263936,"post_ty...true},"interval":30000}' [148 bytes]
[2025-07-09 08:16:24,073.073] DEBUG    [MainThread|MainProcess] Logger (connect.py:on_message:43) | {'time': 1752020184, 'self_id': 703263936, 'post_type': 'meta_event', 'meta_event_type': 'heartbeat', 'status': {'online': True, 'good': True}, 'interval': 30000}
[2025-07-09 08:16:54,076.076] DEBUG    [MainThread|MainProcess] websockets.client (protocol.py:read_frame:1177) | < TEXT '{"time":1752020214,"self_id":703263936,"post_ty...true},"interval":30000}' [148 bytes]
[2025-07-09 08:16:54,076.076] DEBUG    [MainThread|MainProcess] Logger (connect.py:on_message:43) | {'time': 1752020214, 'self_id': 703263936, 'post_type': 'meta_event', 'meta_event_type': 'heartbeat', 'status': {'online': True, 'good': True}, 'interval': 30000}
[2025-07-09 08:17:24,090.090] DEBUG    [MainThread|MainProcess] websockets.client (protocol.py:read_frame:1177) | < TEXT '{"time":1752020244,"self_id":703263936,"post_ty...true},"interval":30000}' [148 bytes]
[2025-07-09 08:17:24,090.090] DEBUG    [MainThread|MainProcess] Logger (connect.py:on_message:43) | {'time': 1752020244, 'self_id': 703263936, 'post_type': 'meta_event', 'meta_event_type': 'heartbeat', 'status': {'online': True, 'good': True}, 'interval': 30000}
[2025-07-09 08:17:54,097.097] DEBUG    [MainThread|MainProcess] websockets.client (protocol.py:read_frame:1177) | < TEXT '{"time":1752020274,"self_id":703263936,"post_ty...true},"interval":30000}' [148 bytes]
[2025-07-09 08:17:54,097.097] DEBUG    [MainThread|MainProcess] Logger (connect.py:on_message:43) | {'time': 1752020274, 'self_id': 703263936, 'post_type': 'meta_event', 'meta_event_type': 'heartbeat', 'status': {'online': True, 'good': True}, 'interval': 30000}
[2025-07-09 08:18:24,110.110] DEBUG    [MainThread|MainProcess] websockets.client (protocol.py:read_frame:1177) | < TEXT '{"time":1752020304,"self_id":703263936,"post_ty...true},"interval":30000}' [148 bytes]
[2025-07-09 08:18:24,110.110] DEBUG    [MainThread|MainProcess] Logger (connect.py:on_message:43) | {'time': 1752020304, 'self_id': 703263936, 'post_type': 'meta_event', 'meta_event_type': 'heartbeat', 'status': {'online': True, 'good': True}, 'interval': 30000}
[2025-07-09 08:18:54,112.112] DEBUG    [MainThread|MainProcess] websockets.client (protocol.py:read_frame:1177) | < TEXT '{"time":1752020334,"self_id":703263936,"post_ty...true},"interval":30000}' [148 bytes]
[2025-07-09 08:18:54,112.112] DEBUG    [MainThread|MainProcess] Logger (connect.py:on_message:43) | {'time': 1752020334, 'self_id': 703263936, 'post_type': 'meta_event', 'meta_event_type': 'heartbeat', 'status': {'online': True, 'good': True}, 'interval': 30000}
[2025-07-09 08:19:24,126.126] DEBUG    [MainThread|MainProcess] websockets.client (protocol.py:read_frame:1177) | < TEXT '{"time":1752020364,"self_id":703263936,"post_ty...true},"interval":30000}' [148 bytes]
[2025-07-09 08:19:24,126.126] DEBUG    [MainThread|MainProcess] Logger (connect.py:on_message:43) | {'time': 1752020364, 'self_id': 703263936, 'post_type': 'meta_event', 'meta_event_type': 'heartbeat', 'status': {'online': True, 'good': True}, 'interval': 30000}
[2025-07-09 08:19:54,134.134] DEBUG    [MainThread|MainProcess] websockets.client (protocol.py:read_frame:1177) | < TEXT '{"time":1752020394,"self_id":703263936,"post_ty...true},"interval":30000}' [148 bytes]
[2025-07-09 08:19:54,134.134] DEBUG    [MainThread|MainProcess] Logger (connect.py:on_message:43) | {'time': 1752020394, 'self_id': 703263936, 'post_type': 'meta_event', 'meta_event_type': 'heartbeat', 'status': {'online': True, 'good': True}, 'interval': 30000}
[2025-07-09 08:20:24,148.148] DEBUG    [MainThread|MainProcess] websockets.client (protocol.py:read_frame:1177) | < TEXT '{"time":1752020424,"self_id":703263936,"post_ty...true},"interval":30000}' [148 bytes]
[2025-07-09 08:20:24,148.148] DEBUG    [MainThread|MainProcess] Logger (connect.py:on_message:43) | {'time': 1752020424, 'self_id': 703263936, 'post_type': 'meta_event', 'meta_event_type': 'heartbeat', 'status': {'online': True, 'good': True}, 'interval': 30000}
[2025-07-09 08:20:54,152.152] DEBUG    [MainThread|MainProcess] websockets.client (protocol.py:read_frame:1177) | < TEXT '{"time":1752020454,"self_id":703263936,"post_ty...true},"interval":30000}' [148 bytes]
[2025-07-09 08:20:54,152.152] DEBUG    [MainThread|MainProcess] Logger (connect.py:on_message:43) | {'time': 1752020454, 'self_id': 703263936, 'post_type': 'meta_event', 'meta_event_type': 'heartbeat', 'status': {'online': True, 'good': True}, 'interval': 30000}
[2025-07-09 08:21:24,165.165] DEBUG    [MainThread|MainProcess] websockets.client (protocol.py:read_frame:1177) | < TEXT '{"time":1752020484,"self_id":703263936,"post_ty...true},"interval":30000}' [148 bytes]
[2025-07-09 08:21:24,165.165] DEBUG    [MainThread|MainProcess] Logger (connect.py:on_message:43) | {'time': 1752020484, 'self_id': 703263936, 'post_type': 'meta_event', 'meta_event_type': 'heartbeat', 'status': {'online': True, 'good': True}, 'interval': 30000}
[2025-07-09 08:21:54,167.167] DEBUG    [MainThread|MainProcess] websockets.client (protocol.py:read_frame:1177) | < TEXT '{"time":1752020514,"self_id":703263936,"post_ty...true},"interval":30000}' [148 bytes]
[2025-07-09 08:21:54,167.167] DEBUG    [MainThread|MainProcess] Logger (connect.py:on_message:43) | {'time': 1752020514, 'self_id': 703263936, 'post_type': 'meta_event', 'meta_event_type': 'heartbeat', 'status': {'online': True, 'good': True}, 'interval': 30000}
[2025-07-09 08:22:24,181.181] DEBUG    [MainThread|MainProcess] websockets.client (protocol.py:read_frame:1177) | < TEXT '{"time":1752020544,"self_id":703263936,"post_ty...true},"interval":30000}' [148 bytes]
[2025-07-09 08:22:24,181.181] DEBUG    [MainThread|MainProcess] Logger (connect.py:on_message:43) | {'time': 1752020544, 'self_id': 703263936, 'post_type': 'meta_event', 'meta_event_type': 'heartbeat', 'status': {'online': True, 'good': True}, 'interval': 30000}
[2025-07-09 08:22:54,192.192] DEBUG    [MainThread|MainProcess] websockets.client (protocol.py:read_frame:1177) | < TEXT '{"time":1752020574,"self_id":703263936,"post_ty...true},"interval":30000}' [148 bytes]
[2025-07-09 08:22:54,192.192] DEBUG    [MainThread|MainProcess] Logger (connect.py:on_message:43) | {'time': 1752020574, 'self_id': 703263936, 'post_type': 'meta_event', 'meta_event_type': 'heartbeat', 'status': {'online': True, 'good': True}, 'interval': 30000}
[2025-07-09 08:23:24,205.205] DEBUG    [MainThread|MainProcess] websockets.client (protocol.py:read_frame:1177) | < TEXT '{"time":1752020604,"self_id":703263936,"post_ty...true},"interval":30000}' [148 bytes]
[2025-07-09 08:23:24,205.205] DEBUG    [MainThread|MainProcess] Logger (connect.py:on_message:43) | {'time': 1752020604, 'self_id': 703263936, 'post_type': 'meta_event', 'meta_event_type': 'heartbeat', 'status': {'online': True, 'good': True}, 'interval': 30000}
[2025-07-09 08:23:54,215.215] DEBUG    [MainThread|MainProcess] websockets.client (protocol.py:read_frame:1177) | < TEXT '{"time":1752020634,"self_id":703263936,"post_ty...true},"interval":30000}' [148 bytes]
[2025-07-09 08:23:54,215.215] DEBUG    [MainThread|MainProcess] Logger (connect.py:on_message:43) | {'time': 1752020634, 'self_id': 703263936, 'post_type': 'meta_event', 'meta_event_type': 'heartbeat', 'status': {'online': True, 'good': True}, 'interval': 30000}
[2025-07-09 08:24:24,228.228] DEBUG    [MainThread|MainProcess] websockets.client (protocol.py:read_frame:1177) | < TEXT '{"time":1752020664,"self_id":703263936,"post_ty...true},"interval":30000}' [148 bytes]
[2025-07-09 08:24:24,228.228] DEBUG    [MainThread|MainProcess] Logger (connect.py:on_message:43) | {'time': 1752020664, 'self_id': 703263936, 'post_type': 'meta_event', 'meta_event_type': 'heartbeat', 'status': {'online': True, 'good': True}, 'interval': 30000}
[2025-07-09 08:24:54,233.233] DEBUG    [MainThread|MainProcess] websockets.client (protocol.py:read_frame:1177) | < TEXT '{"time":1752020694,"self_id":703263936,"post_ty...true},"interval":30000}' [148 bytes]
[2025-07-09 08:24:54,233.233] DEBUG    [MainThread|MainProcess] Logger (connect.py:on_message:43) | {'time': 1752020694, 'self_id': 703263936, 'post_type': 'meta_event', 'meta_event_type': 'heartbeat', 'status': {'online': True, 'good': True}, 'interval': 30000}
[2025-07-09 08:25:24,247.247] DEBUG    [MainThread|MainProcess] websockets.client (protocol.py:read_frame:1177) | < TEXT '{"time":1752020724,"self_id":703263936,"post_ty...true},"interval":30000}' [148 bytes]
[2025-07-09 08:25:24,247.247] DEBUG    [MainThread|MainProcess] Logger (connect.py:on_message:43) | {'time': 1752020724, 'self_id': 703263936, 'post_type': 'meta_event', 'meta_event_type': 'heartbeat', 'status': {'online': True, 'good': True}, 'interval': 30000}
[2025-07-09 08:25:51,807.807] DEBUG    [MainThread|MainProcess] websockets.client (protocol.py:read_frame:1177) | < TEXT '{"self_id":703263936,"user_id":3863501516,"time...","group_id":465281893}' [1573 bytes]
[2025-07-09 08:25:51,807.807] DEBUG    [MainThread|MainProcess] Logger (client.py:handle_group_event:67) | {'group_id': '465281893', 'user_id': '3863501516', 'message_type': 'group', 'sub_type': 'normal', 'font': '14', 'sender': "{'user_id': 3863501516, 'nickname': 'mtr_mcfunction', 'card': 'EricDing618'}", 'message_id': '1745937916', 'message_seq': '1745937916', 'real_id': '1745937916', 'message': '[{\'type\': \'text\', \'data\': {\'text\': \' \\n \\u200b\\xa0\\xa0\\xa0\\xa0\\u200bpokeText\\u200b\\xa0\\u200b=\\u200b\\xa0[ \\n \\u200b\\xa0\\xa0\\xa0\\xa0\\xa0\\xa0\\xa0\\xa0\\u200b"别戳我啦~"\\u200b,\\xa0\\u200b"再戳我就要生气了！"\\u200b,\\xa0\\u200b"戳我干嘛？"\\u200b,\\xa0 \\n \\u200b\\xa0\\xa0\\xa0\\xa0\\xa0\\xa0\\xa0\\xa0\\u200b"别戳了，你是不是喜欢我？"\\u200b,\\xa0\\u200b"我烫猫是你能戳的？"\\u200b, \\n \\u200b\\xa0\\xa0\\xa0\\xa0\\xa0\\xa0\\xa0\\xa0\\u200b"你是不是想让我生气？"\\u200b,\\xa0\\u200b"你是不是在逗我？"\\u200b, \\n \\u200b\\xa0\\xa0\\xa0\\xa0\\xa0\\xa0\\xa0\\xa0\\u200b"你是不是想让我开心一下？"\\u200b,\\xa0\\u200b"你是不是在找茬？"\\u200b, \\n \\u200b\\xa0\\xa0\\xa0\\xa0\\xa0\\xa0\\xa0\\xa0\\u200b"你是不是在找事？"\\u200b,\\u200b"我喜欢你" \\n \\u200b\\xa0\\xa0\\xa0\\xa0]\'}}]', 'message_format': 'array'}
[2025-07-09 08:25:51,807.807] INFO     [MainThread|MainProcess] Logger (main.py:on_group_message:33) | {'group_id': '465281893', 'user_id': '3863501516', 'message_type': 'group', 'sub_type': 'normal', 'font': '14', 'sender': "{'user_id': 3863501516, 'nickname': 'mtr_mcfunction', 'card': 'EricDing618'}", 'message_id': '1745937916', 'message_seq': '1745937916', 'real_id': '1745937916', 'message': '[{\'type\': \'text\', \'data\': {\'text\': \' \\n \\u200b\\xa0\\xa0\\xa0\\xa0\\u200bpokeText\\u200b\\xa0\\u200b=\\u200b\\xa0[ \\n \\u200b\\xa0\\xa0\\xa0\\xa0\\xa0\\xa0\\xa0\\xa0\\u200b"别戳我啦~"\\u200b,\\xa0\\u200b"再戳我就要生气了！"\\u200b,\\xa0\\u200b"戳我干嘛？"\\u200b,\\xa0 \\n \\u200b\\xa0\\xa0\\xa0\\xa0\\xa0\\xa0\\xa0\\xa0\\u200b"别戳了，你是不是喜欢我？"\\u200b,\\xa0\\u200b"我烫猫是你能戳的？"\\u200b, \\n \\u200b\\xa0\\xa0\\xa0\\xa0\\xa0\\xa0\\xa0\\xa0\\u200b"你是不是想让我生气？"\\u200b,\\xa0\\u200b"你是不是在逗我？"\\u200b, \\n \\u200b\\xa0\\xa0\\xa0\\xa0\\xa0\\xa0\\xa0\\xa0\\u200b"你是不是想让我开心一下？"\\u200b,\\xa0\\u200b"你是不是在找茬？"\\u200b, \\n \\u200b\\xa0\\xa0\\xa0\\xa0\\xa0\\xa0\\xa0\\xa0\\u200b"你是不是在找事？"\\u200b,\\u200b"我喜欢你" \\n \\u200b\\xa0\\xa0\\xa0\\xa0]\'}}]', 'message_format': 'array'}
[2025-07-09 08:25:54,250.250] DEBUG    [MainThread|MainProcess] websockets.client (protocol.py:read_frame:1177) | < TEXT '{"time":1752020754,"self_id":703263936,"post_ty...true},"interval":30000}' [148 bytes]
[2025-07-09 08:25:54,250.250] DEBUG    [MainThread|MainProcess] Logger (connect.py:on_message:43) | {'time': 1752020754, 'self_id': 703263936, 'post_type': 'meta_event', 'meta_event_type': 'heartbeat', 'status': {'online': True, 'good': True}, 'interval': 30000}
[2025-07-09 08:26:24,263.263] DEBUG    [MainThread|MainProcess] websockets.client (protocol.py:read_frame:1177) | < TEXT '{"time":1752020784,"self_id":703263936,"post_ty...true},"interval":30000}' [148 bytes]
[2025-07-09 08:26:24,263.263] DEBUG    [MainThread|MainProcess] Logger (connect.py:on_message:43) | {'time': 1752020784, 'self_id': 703263936, 'post_type': 'meta_event', 'meta_event_type': 'heartbeat', 'status': {'online': True, 'good': True}, 'interval': 30000}
[2025-07-09 08:26:54,277.277] DEBUG    [MainThread|MainProcess] websockets.client (protocol.py:read_frame:1177) | < TEXT '{"time":1752020814,"self_id":703263936,"post_ty...true},"interval":30000}' [148 bytes]
[2025-07-09 08:26:54,277.277] DEBUG    [MainThread|MainProcess] Logger (connect.py:on_message:43) | {'time': 1752020814, 'self_id': 703263936, 'post_type': 'meta_event', 'meta_event_type': 'heartbeat', 'status': {'online': True, 'good': True}, 'interval': 30000}
[2025-07-09 08:27:24,290.290] DEBUG    [MainThread|MainProcess] websockets.client (protocol.py:read_frame:1177) | < TEXT '{"time":1752020844,"self_id":703263936,"post_ty...true},"interval":30000}' [148 bytes]
[2025-07-09 08:27:24,290.290] DEBUG    [MainThread|MainProcess] Logger (connect.py:on_message:43) | {'time': 1752020844, 'self_id': 703263936, 'post_type': 'meta_event', 'meta_event_type': 'heartbeat', 'status': {'online': True, 'good': True}, 'interval': 30000}
[2025-07-09 08:27:27,680.680] DEBUG    [MainThread|MainProcess] websockets.client (protocol.py:read_frame:1177) | < TEXT '{"time":1752020847,"self_id":703263936,"post_ty...txt":"","type":"nor"}]}' [521 bytes]
[2025-07-09 08:27:27,680.680] DEBUG    [MainThread|MainProcess] Logger (client.py:handle_notice_event:94) | {'time': 1752020847, 'self_id': 703263936, 'post_type': 'notice', 'notice_type': 'notify', 'sub_type': 'poke', 'target_id': 703263936, 'user_id': 2585690555, 'group_id': 465281893, 'raw_info': [{'col': '1', 'nm': '', 'type': 'qq', 'uid': 'u_-j79m9XgJR2l8BEH_afXeQ'}, {'jp': 'https://zb.vip.qq.com/v2/pages/nudgeMall?_wv=2&actionId=0', 'src': 'http://tianquan.gtimg.cn/nudgeaction/item/0/expression.jpg', 'type': 'img'}, {'txt': '戳了戳', 'type': 'nor'}, {'col': '1', 'nm': '', 'tp': '0', 'type': 'qq', 'uid': 'u_n_5CCSE9lScACusxik0pQg'}, {'txt': '', 'type': 'nor'}]}
[2025-07-09 08:27:27,680.680] INFO     [MainThread|MainProcess] Logger (main.py:on_notice:58) | {'time': 1752020847, 'self_id': 703263936, 'post_type': 'notice', 'notice_type': 'notify', 'sub_type': 'poke', 'target_id': 703263936, 'user_id': 2585690555, 'group_id': 465281893, 'raw_info': [{'col': '1', 'nm': '', 'type': 'qq', 'uid': 'u_-j79m9XgJR2l8BEH_afXeQ'}, {'jp': 'https://zb.vip.qq.com/v2/pages/nudgeMall?_wv=2&actionId=0', 'src': 'http://tianquan.gtimg.cn/nudgeaction/item/0/expression.jpg', 'type': 'img'}, {'txt': '戳了戳', 'type': 'nor'}, {'col': '1', 'nm': '', 'tp': '0', 'type': 'qq', 'uid': 'u_n_5CCSE9lScACusxik0pQg'}, {'txt': '', 'type': 'nor'}]}
[2025-07-09 08:27:27,696.696] DEBUG    [MainThread|MainProcess] websockets.client (protocol.py:__init__:256) | = connection is CONNECTING
[2025-07-09 08:27:27,696.696] DEBUG    [MainThread|MainProcess] websockets.client (client.py:write_http_request:114) | > GET /api HTTP/1.1
[2025-07-09 08:27:27,696.696] DEBUG    [MainThread|MainProcess] websockets.client (client.py:write_http_request:116) | > Host: localhost:8082
[2025-07-09 08:27:27,696.696] DEBUG    [MainThread|MainProcess] websockets.client (client.py:write_http_request:116) | > Upgrade: websocket
[2025-07-09 08:27:27,696.696] DEBUG    [MainThread|MainProcess] websockets.client (client.py:write_http_request:116) | > Connection: Upgrade
[2025-07-09 08:27:27,696.696] DEBUG    [MainThread|MainProcess] websockets.client (client.py:write_http_request:116) | > Sec-WebSocket-Key: jeGr9zkwkYhMbolCbtY+vw==
[2025-07-09 08:27:27,696.696] DEBUG    [MainThread|MainProcess] websockets.client (client.py:write_http_request:116) | > Sec-WebSocket-Version: 13
[2025-07-09 08:27:27,696.696] DEBUG    [MainThread|MainProcess] websockets.client (client.py:write_http_request:116) | > Sec-WebSocket-Extensions: permessage-deflate; client_max_window_bits
[2025-07-09 08:27:27,696.696] DEBUG    [MainThread|MainProcess] websockets.client (client.py:write_http_request:116) | > Content-Type: application/json
[2025-07-09 08:27:27,696.696] DEBUG    [MainThread|MainProcess] websockets.client (client.py:write_http_request:116) | > Authorization: Bearer chcat13201145
[2025-07-09 08:27:27,696.696] DEBUG    [MainThread|MainProcess] websockets.client (client.py:write_http_request:116) | > User-Agent: Python/3.10 websockets/10.4
[2025-07-09 08:27:27,696.696] DEBUG    [MainThread|MainProcess] websockets.client (client.py:read_http_response:147) | < HTTP/1.1 101 Switching Protocols
[2025-07-09 08:27:27,696.696] DEBUG    [MainThread|MainProcess] websockets.client (client.py:read_http_response:149) | < Upgrade: websocket
[2025-07-09 08:27:27,696.696] DEBUG    [MainThread|MainProcess] websockets.client (client.py:read_http_response:149) | < Connection: Upgrade
[2025-07-09 08:27:27,696.696] DEBUG    [MainThread|MainProcess] websockets.client (client.py:read_http_response:149) | < Sec-WebSocket-Accept: NAAxaU2AgxrGIYlpZRJgsOfKJt4=
[2025-07-09 08:27:27,696.696] DEBUG    [MainThread|MainProcess] websockets.client (protocol.py:connection_open:357) | = connection is OPEN
[2025-07-09 08:27:27,696.696] DEBUG    [MainThread|MainProcess] websockets.client (protocol.py:write_frame_sync:1183) | > TEXT '{"action": "send_group_msg", "params": {"group_...]}, "echo": 1752020847}' [240 bytes]
[2025-07-09 08:27:28,185.185] DEBUG    [MainThread|MainProcess] websockets.client (protocol.py:read_frame:1177) | < TEXT '{"status":"ok","retcode":0,"data":{"message_id"...":"","echo":1752020847}' [104 bytes]
[2025-07-09 08:27:28,185.185] DEBUG    [MainThread|MainProcess] websockets.client (protocol.py:write_close_frame:1232) | = connection is CLOSING
[2025-07-09 08:27:28,185.185] DEBUG    [MainThread|MainProcess] websockets.client (protocol.py:write_frame_sync:1183) | > CLOSE 1000 (OK) [2 bytes]
[2025-07-09 08:27:28,185.185] DEBUG    [MainThread|MainProcess] websockets.client (protocol.py:read_frame:1177) | < CLOSE 1000 (OK) [2 bytes]
[2025-07-09 08:27:28,185.185] DEBUG    [MainThread|MainProcess] websockets.client (protocol.py:connection_lost:1514) | = connection is CLOSED
[2025-07-09 08:27:28,185.185] DEBUG    [MainThread|MainProcess] Logger (api.py:check_and_log:32) | {'status': 'ok', 'retcode': 0, 'data': {'message_id': 1662968359}, 'message': '', 'wording': '', 'echo': 1752020847}
[2025-07-09 08:27:36,328.328] DEBUG    [MainThread|MainProcess] websockets.client (protocol.py:read_frame:1177) | < TEXT '{"self_id":703263936,"user_id":2585690555,"time...","group_id":465281893}' [471 bytes]
[2025-07-09 08:27:36,328.328] DEBUG    [MainThread|MainProcess] Logger (client.py:handle_group_event:67) | {'group_id': '465281893', 'user_id': '2585690555', 'message_type': 'group', 'sub_type': 'normal', 'font': '14', 'sender': "{'user_id': 2585690555, 'nickname': 'Yuze_Yaooo', 'card': 'Yuze_Yaooo'}", 'message_id': '2084494948', 'message_seq': '2084494948', 'real_id': '2084494948', 'message': "[{'type': 'text', 'data': {'text': '可以接个本地ai吗'}}]", 'message_format': 'array'}
[2025-07-09 08:27:36,328.328] INFO     [MainThread|MainProcess] Logger (main.py:on_group_message:33) | {'group_id': '465281893', 'user_id': '2585690555', 'message_type': 'group', 'sub_type': 'normal', 'font': '14', 'sender': "{'user_id': 2585690555, 'nickname': 'Yuze_Yaooo', 'card': 'Yuze_Yaooo'}", 'message_id': '2084494948', 'message_seq': '2084494948', 'real_id': '2084494948', 'message': "[{'type': 'text', 'data': {'text': '可以接个本地ai吗'}}]", 'message_format': 'array'}
[2025-07-09 08:27:54,305.305] DEBUG    [MainThread|MainProcess] websockets.client (protocol.py:read_frame:1177) | < TEXT '{"time":1752020874,"self_id":703263936,"post_ty...true},"interval":30000}' [148 bytes]
[2025-07-09 08:27:54,305.305] DEBUG    [MainThread|MainProcess] Logger (connect.py:on_message:43) | {'time': 1752020874, 'self_id': 703263936, 'post_type': 'meta_event', 'meta_event_type': 'heartbeat', 'status': {'online': True, 'good': True}, 'interval': 30000}
[2025-07-09 08:28:24,318.318] DEBUG    [MainThread|MainProcess] websockets.client (protocol.py:read_frame:1177) | < TEXT '{"time":1752020904,"self_id":703263936,"post_ty...true},"interval":30000}' [148 bytes]
[2025-07-09 08:28:24,318.318] DEBUG    [MainThread|MainProcess] Logger (connect.py:on_message:43) | {'time': 1752020904, 'self_id': 703263936, 'post_type': 'meta_event', 'meta_event_type': 'heartbeat', 'status': {'online': True, 'good': True}, 'interval': 30000}
[2025-07-09 08:28:54,327.327] DEBUG    [MainThread|MainProcess] websockets.client (protocol.py:read_frame:1177) | < TEXT '{"time":1752020934,"self_id":703263936,"post_ty...true},"interval":30000}' [148 bytes]
[2025-07-09 08:28:54,327.327] DEBUG    [MainThread|MainProcess] Logger (connect.py:on_message:43) | {'time': 1752020934, 'self_id': 703263936, 'post_type': 'meta_event', 'meta_event_type': 'heartbeat', 'status': {'online': True, 'good': True}, 'interval': 30000}
[2025-07-09 08:29:12,717.717] DEBUG    [MainThread|MainProcess] websockets.client (protocol.py:read_frame:1177) | < TEXT '{"self_id":703263936,"user_id":3863501516,"time...","group_id":465281893}' [491 bytes]
[2025-07-09 08:29:12,717.717] DEBUG    [MainThread|MainProcess] Logger (client.py:handle_group_event:67) | {'group_id': '465281893', 'user_id': '3863501516', 'message_type': 'group', 'sub_type': 'normal', 'font': '14', 'sender': "{'user_id': 3863501516, 'nickname': 'mtr_mcfunction', 'card': 'EricDing618'}", 'message_id': '2110757962', 'message_seq': '2110757962', 'real_id': '2110757962', 'message': "[{'type': 'text', 'data': {'text': '为啥这几个不太一样啊'}}]", 'message_format': 'array'}
[2025-07-09 08:29:12,717.717] INFO     [MainThread|MainProcess] Logger (main.py:on_group_message:33) | {'group_id': '465281893', 'user_id': '3863501516', 'message_type': 'group', 'sub_type': 'normal', 'font': '14', 'sender': "{'user_id': 3863501516, 'nickname': 'mtr_mcfunction', 'card': 'EricDing618'}", 'message_id': '2110757962', 'message_seq': '2110757962', 'real_id': '2110757962', 'message': "[{'type': 'text', 'data': {'text': '为啥这几个不太一样啊'}}]", 'message_format': 'array'}
[2025-07-09 08:29:17,290.290] DEBUG    [MainThread|MainProcess] websockets.client (protocol.py:read_frame:1177) | < TEXT '{"time":1752020957,"self_id":703263936,"post_ty...txt":"","type":"nor"}]}' [521 bytes]
[2025-07-09 08:29:17,290.290] DEBUG    [MainThread|MainProcess] Logger (client.py:handle_notice_event:94) | {'time': 1752020957, 'self_id': 703263936, 'post_type': 'notice', 'notice_type': 'notify', 'sub_type': 'poke', 'target_id': 703263936, 'user_id': 3863501516, 'group_id': 465281893, 'raw_info': [{'col': '1', 'nm': '', 'type': 'qq', 'uid': 'u_dXEtTsCdoUUkC7MzEWHtWQ'}, {'jp': 'https://zb.vip.qq.com/v2/pages/nudgeMall?_wv=2&actionId=0', 'src': 'http://tianquan.gtimg.cn/nudgeaction/item/0/expression.jpg', 'type': 'img'}, {'txt': '戳了戳', 'type': 'nor'}, {'col': '1', 'nm': '', 'tp': '0', 'type': 'qq', 'uid': 'u_n_5CCSE9lScACusxik0pQg'}, {'txt': '', 'type': 'nor'}]}
[2025-07-09 08:29:17,290.290] INFO     [MainThread|MainProcess] Logger (main.py:on_notice:58) | {'time': 1752020957, 'self_id': 703263936, 'post_type': 'notice', 'notice_type': 'notify', 'sub_type': 'poke', 'target_id': 703263936, 'user_id': 3863501516, 'group_id': 465281893, 'raw_info': [{'col': '1', 'nm': '', 'type': 'qq', 'uid': 'u_dXEtTsCdoUUkC7MzEWHtWQ'}, {'jp': 'https://zb.vip.qq.com/v2/pages/nudgeMall?_wv=2&actionId=0', 'src': 'http://tianquan.gtimg.cn/nudgeaction/item/0/expression.jpg', 'type': 'img'}, {'txt': '戳了戳', 'type': 'nor'}, {'col': '1', 'nm': '', 'tp': '0', 'type': 'qq', 'uid': 'u_n_5CCSE9lScACusxik0pQg'}, {'txt': '', 'type': 'nor'}]}
[2025-07-09 08:29:17,290.290] DEBUG    [MainThread|MainProcess] websockets.client (protocol.py:__init__:256) | = connection is CONNECTING
[2025-07-09 08:29:17,290.290] DEBUG    [MainThread|MainProcess] websockets.client (client.py:write_http_request:114) | > GET /api HTTP/1.1
[2025-07-09 08:29:17,290.290] DEBUG    [MainThread|MainProcess] websockets.client (client.py:write_http_request:116) | > Host: localhost:8082
[2025-07-09 08:29:17,290.290] DEBUG    [MainThread|MainProcess] websockets.client (client.py:write_http_request:116) | > Upgrade: websocket
[2025-07-09 08:29:17,290.290] DEBUG    [MainThread|MainProcess] websockets.client (client.py:write_http_request:116) | > Connection: Upgrade
[2025-07-09 08:29:17,290.290] DEBUG    [MainThread|MainProcess] websockets.client (client.py:write_http_request:116) | > Sec-WebSocket-Key: oWXG3S8AqsBOIPwSGvt91A==
[2025-07-09 08:29:17,290.290] DEBUG    [MainThread|MainProcess] websockets.client (client.py:write_http_request:116) | > Sec-WebSocket-Version: 13
[2025-07-09 08:29:17,290.290] DEBUG    [MainThread|MainProcess] websockets.client (client.py:write_http_request:116) | > Sec-WebSocket-Extensions: permessage-deflate; client_max_window_bits
[2025-07-09 08:29:17,290.290] DEBUG    [MainThread|MainProcess] websockets.client (client.py:write_http_request:116) | > Content-Type: application/json
[2025-07-09 08:29:17,290.290] DEBUG    [MainThread|MainProcess] websockets.client (client.py:write_http_request:116) | > Authorization: Bearer chcat13201145
[2025-07-09 08:29:17,290.290] DEBUG    [MainThread|MainProcess] websockets.client (client.py:write_http_request:116) | > User-Agent: Python/3.10 websockets/10.4
[2025-07-09 08:29:17,290.290] DEBUG    [MainThread|MainProcess] websockets.client (client.py:read_http_response:147) | < HTTP/1.1 101 Switching Protocols
[2025-07-09 08:29:17,290.290] DEBUG    [MainThread|MainProcess] websockets.client (client.py:read_http_response:149) | < Upgrade: websocket
[2025-07-09 08:29:17,290.290] DEBUG    [MainThread|MainProcess] websockets.client (client.py:read_http_response:149) | < Connection: Upgrade
[2025-07-09 08:29:17,306.306] DEBUG    [MainThread|MainProcess] websockets.client (client.py:read_http_response:149) | < Sec-WebSocket-Accept: h0lnscVpCt0hFUBvXXznKYQDcgQ=
[2025-07-09 08:29:17,306.306] DEBUG    [MainThread|MainProcess] websockets.client (protocol.py:connection_open:357) | = connection is OPEN
[2025-07-09 08:29:17,306.306] DEBUG    [MainThread|MainProcess] websockets.client (protocol.py:write_frame_sync:1183) | > TEXT '{"action": "send_group_msg", "params": {"group_...]}, "echo": 1752020957}' [234 bytes]
[2025-07-09 08:29:17,773.773] DEBUG    [MainThread|MainProcess] websockets.client (protocol.py:read_frame:1177) | < TEXT '{"status":"ok","retcode":0,"data":{"message_id"...":"","echo":1752020957}' [104 bytes]
[2025-07-09 08:29:17,773.773] DEBUG    [MainThread|MainProcess] websockets.client (protocol.py:write_close_frame:1232) | = connection is CLOSING
[2025-07-09 08:29:17,773.773] DEBUG    [MainThread|MainProcess] websockets.client (protocol.py:write_frame_sync:1183) | > CLOSE 1000 (OK) [2 bytes]
[2025-07-09 08:29:17,788.788] DEBUG    [MainThread|MainProcess] websockets.client (protocol.py:read_frame:1177) | < CLOSE 1000 (OK) [2 bytes]
[2025-07-09 08:29:17,788.788] DEBUG    [MainThread|MainProcess] websockets.client (protocol.py:connection_lost:1514) | = connection is CLOSED
[2025-07-09 08:29:17,788.788] DEBUG    [MainThread|MainProcess] Logger (api.py:check_and_log:32) | {'status': 'ok', 'retcode': 0, 'data': {'message_id': 1461811776}, 'message': '', 'wording': '', 'echo': 1752020957}
[2025-07-09 08:29:24,334.334] DEBUG    [MainThread|MainProcess] websockets.client (protocol.py:read_frame:1177) | < TEXT '{"time":1752020964,"self_id":703263936,"post_ty...true},"interval":30000}' [148 bytes]
[2025-07-09 08:29:24,334.334] DEBUG    [MainThread|MainProcess] Logger (connect.py:on_message:43) | {'time': 1752020964, 'self_id': 703263936, 'post_type': 'meta_event', 'meta_event_type': 'heartbeat', 'status': {'online': True, 'good': True}, 'interval': 30000}
[2025-07-09 08:29:54,337.337] DEBUG    [MainThread|MainProcess] websockets.client (protocol.py:read_frame:1177) | < TEXT '{"time":1752020994,"self_id":703263936,"post_ty...true},"interval":30000}' [148 bytes]
[2025-07-09 08:29:54,337.337] DEBUG    [MainThread|MainProcess] Logger (connect.py:on_message:43) | {'time': 1752020994, 'self_id': 703263936, 'post_type': 'meta_event', 'meta_event_type': 'heartbeat', 'status': {'online': True, 'good': True}, 'interval': 30000}
[2025-07-09 08:30:13,648.648] DEBUG    [MainThread|MainProcess] websockets.client (protocol.py:read_frame:1177) | < TEXT '{"self_id":703263936,"user_id":3863501516,"time...","group_id":465281893}' [1075 bytes]
[2025-07-09 08:30:13,648.648] DEBUG    [MainThread|MainProcess] Logger (client.py:handle_group_event:67) | {'group_id': '465281893', 'user_id': '3863501516', 'message_type': 'group', 'sub_type': 'normal', 'font': '14', 'sender': "{'user_id': 3863501516, 'nickname': 'mtr_mcfunction', 'card': 'EricDing618'}", 'message_id': '1837325814', 'message_seq': '1837325814', 'real_id': '1837325814', 'message': "[{'type': 'image', 'data': {'summary': '', 'file': '639CC2E4BF00E0EC699BC619852AEC56.jpg', 'sub_type': 0, 'url': 'https://multimedia.nt.qq.com.cn/download?appid=1407&fileid=EhStNMo-uMCJaolwz6e7R8QfOEfjmRiCqQUg_woonIHC08KujgMyBHByb2RQgL2jAVoQWm3CIaX9Uq_APm0AuKrfGXoC040&rkey=CAMSMNw7G7a3YqeiHarfNFbckwbihhgyMJAEmzjJrs8s-FrEn3D0wz3K_xIdRAManZ5QCA', 'file_size': '87170'}}]", 'message_format': 'array'}
[2025-07-09 08:30:13,648.648] INFO     [MainThread|MainProcess] Logger (main.py:on_group_message:33) | {'group_id': '465281893', 'user_id': '3863501516', 'message_type': 'group', 'sub_type': 'normal', 'font': '14', 'sender': "{'user_id': 3863501516, 'nickname': 'mtr_mcfunction', 'card': 'EricDing618'}", 'message_id': '1837325814', 'message_seq': '1837325814', 'real_id': '1837325814', 'message': "[{'type': 'image', 'data': {'summary': '', 'file': '639CC2E4BF00E0EC699BC619852AEC56.jpg', 'sub_type': 0, 'url': 'https://multimedia.nt.qq.com.cn/download?appid=1407&fileid=EhStNMo-uMCJaolwz6e7R8QfOEfjmRiCqQUg_woonIHC08KujgMyBHByb2RQgL2jAVoQWm3CIaX9Uq_APm0AuKrfGXoC040&rkey=CAMSMNw7G7a3YqeiHarfNFbckwbihhgyMJAEmzjJrs8s-FrEn3D0wz3K_xIdRAManZ5QCA', 'file_size': '87170'}}]", 'message_format': 'array'}
[2025-07-09 08:30:24,346.346] DEBUG    [MainThread|MainProcess] websockets.client (protocol.py:read_frame:1177) | < TEXT '{"time":1752021024,"self_id":703263936,"post_ty...true},"interval":30000}' [148 bytes]
[2025-07-09 08:30:24,346.346] DEBUG    [MainThread|MainProcess] Logger (connect.py:on_message:43) | {'time': 1752021024, 'self_id': 703263936, 'post_type': 'meta_event', 'meta_event_type': 'heartbeat', 'status': {'online': True, 'good': True}, 'interval': 30000}
[2025-07-09 08:30:54,349.349] DEBUG    [MainThread|MainProcess] websockets.client (protocol.py:read_frame:1177) | < TEXT '{"time":1752021054,"self_id":703263936,"post_ty...true},"interval":30000}' [148 bytes]
[2025-07-09 08:30:54,349.349] DEBUG    [MainThread|MainProcess] Logger (connect.py:on_message:43) | {'time': 1752021054, 'self_id': 703263936, 'post_type': 'meta_event', 'meta_event_type': 'heartbeat', 'status': {'online': True, 'good': True}, 'interval': 30000}
[2025-07-09 08:31:24,362.362] DEBUG    [MainThread|MainProcess] websockets.client (protocol.py:read_frame:1177) | < TEXT '{"time":1752021084,"self_id":703263936,"post_ty...true},"interval":30000}' [148 bytes]
[2025-07-09 08:31:24,362.362] DEBUG    [MainThread|MainProcess] Logger (connect.py:on_message:43) | {'time': 1752021084, 'self_id': 703263936, 'post_type': 'meta_event', 'meta_event_type': 'heartbeat', 'status': {'online': True, 'good': True}, 'interval': 30000}
[2025-07-09 08:31:39,349.349] DEBUG    [MainThread|MainProcess] websockets.client (protocol.py:read_frame:1177) | < TEXT '{"self_id":703263936,"user_id":2585690555,"time...","group_id":465281893}' [412 bytes]
[2025-07-09 08:31:39,349.349] DEBUG    [MainThread|MainProcess] Logger (client.py:handle_group_event:67) | {'group_id': '465281893', 'user_id': '2585690555', 'message_type': 'group', 'sub_type': 'normal', 'font': '14', 'sender': "{'user_id': 2585690555, 'nickname': 'Yuze_Yaooo', 'card': 'Yuze_Yaooo'}", 'message_id': '57040', 'message_seq': '57040', 'real_id': '57040', 'message': "[{'type': 'text', 'data': {'text': '1'}}]", 'message_format': 'array'}
[2025-07-09 08:31:39,349.349] INFO     [MainThread|MainProcess] Logger (main.py:on_group_message:33) | {'group_id': '465281893', 'user_id': '2585690555', 'message_type': 'group', 'sub_type': 'normal', 'font': '14', 'sender': "{'user_id': 2585690555, 'nickname': 'Yuze_Yaooo', 'card': 'Yuze_Yaooo'}", 'message_id': '57040', 'message_seq': '57040', 'real_id': '57040', 'message': "[{'type': 'text', 'data': {'text': '1'}}]", 'message_format': 'array'}
[2025-07-09 08:31:39,412.412] DEBUG    [MainThread|MainProcess] websockets.client (protocol.py:__init__:256) | = connection is CONNECTING
[2025-07-09 08:31:39,412.412] DEBUG    [MainThread|MainProcess] websockets.client (client.py:write_http_request:114) | > GET /api HTTP/1.1
[2025-07-09 08:31:39,412.412] DEBUG    [MainThread|MainProcess] websockets.client (client.py:write_http_request:116) | > Host: localhost:8082
[2025-07-09 08:31:39,412.412] DEBUG    [MainThread|MainProcess] websockets.client (client.py:write_http_request:116) | > Upgrade: websocket
[2025-07-09 08:31:39,412.412] DEBUG    [MainThread|MainProcess] websockets.client (client.py:write_http_request:116) | > Connection: Upgrade
[2025-07-09 08:31:39,412.412] DEBUG    [MainThread|MainProcess] websockets.client (client.py:write_http_request:116) | > Sec-WebSocket-Key: oidcO13T0NQ/Op5fnvK0Sg==
[2025-07-09 08:31:39,412.412] DEBUG    [MainThread|MainProcess] websockets.client (client.py:write_http_request:116) | > Sec-WebSocket-Version: 13
[2025-07-09 08:31:39,412.412] DEBUG    [MainThread|MainProcess] websockets.client (client.py:write_http_request:116) | > Sec-WebSocket-Extensions: permessage-deflate; client_max_window_bits
[2025-07-09 08:31:39,412.412] DEBUG    [MainThread|MainProcess] websockets.client (client.py:write_http_request:116) | > Content-Type: application/json
[2025-07-09 08:31:39,412.412] DEBUG    [MainThread|MainProcess] websockets.client (client.py:write_http_request:116) | > Authorization: Bearer chcat13201145
[2025-07-09 08:31:39,412.412] DEBUG    [MainThread|MainProcess] websockets.client (client.py:write_http_request:116) | > User-Agent: Python/3.10 websockets/10.4
[2025-07-09 08:31:39,412.412] DEBUG    [MainThread|MainProcess] websockets.client (client.py:read_http_response:147) | < HTTP/1.1 101 Switching Protocols
[2025-07-09 08:31:39,412.412] DEBUG    [MainThread|MainProcess] websockets.client (client.py:read_http_response:149) | < Upgrade: websocket
[2025-07-09 08:31:39,412.412] DEBUG    [MainThread|MainProcess] websockets.client (client.py:read_http_response:149) | < Connection: Upgrade
[2025-07-09 08:31:39,412.412] DEBUG    [MainThread|MainProcess] websockets.client (client.py:read_http_response:149) | < Sec-WebSocket-Accept: EgwVcRaF6te08wgSPcqWE/ALadI=
[2025-07-09 08:31:39,412.412] DEBUG    [MainThread|MainProcess] websockets.client (protocol.py:connection_open:357) | = connection is OPEN
[2025-07-09 08:31:39,412.412] DEBUG    [MainThread|MainProcess] websockets.client (protocol.py:write_frame_sync:1183) | > TEXT '{"action": "send_group_msg", "params": {"group_...]}, "echo": 1752021099}' [137 bytes]
[2025-07-09 08:31:39,864.864] DEBUG    [MainThread|MainProcess] websockets.client (protocol.py:read_frame:1177) | < TEXT '{"status":"ok","retcode":0,"data":{"message_id"...":"","echo":1752021099}' [103 bytes]
[2025-07-09 08:31:39,864.864] DEBUG    [MainThread|MainProcess] websockets.client (protocol.py:write_close_frame:1232) | = connection is CLOSING
[2025-07-09 08:31:39,864.864] DEBUG    [MainThread|MainProcess] websockets.client (protocol.py:write_frame_sync:1183) | > CLOSE 1000 (OK) [2 bytes]
[2025-07-09 08:31:39,864.864] DEBUG    [MainThread|MainProcess] websockets.client (protocol.py:read_frame:1177) | < CLOSE 1000 (OK) [2 bytes]
[2025-07-09 08:31:39,864.864] DEBUG    [MainThread|MainProcess] websockets.client (protocol.py:connection_lost:1514) | = connection is CLOSED
[2025-07-09 08:31:39,864.864] DEBUG    [MainThread|MainProcess] Logger (api.py:check_and_log:32) | {'status': 'ok', 'retcode': 0, 'data': {'message_id': 282015057}, 'message': '', 'wording': '', 'echo': 1752021099}
[2025-07-09 08:31:45,957.957] DEBUG    [MainThread|MainProcess] websockets.client (protocol.py:read_frame:1177) | < TEXT '{"self_id":703263936,"user_id":2585690555,"time...","group_id":465281893}' [430 bytes]
[2025-07-09 08:31:45,957.957] DEBUG    [MainThread|MainProcess] Logger (client.py:handle_group_event:67) | {'group_id': '465281893', 'user_id': '2585690555', 'message_type': 'group', 'sub_type': 'normal', 'font': '14', 'sender': "{'user_id': 2585690555, 'nickname': 'Yuze_Yaooo', 'card': 'Yuze_Yaooo'}", 'message_id': '511786165', 'message_seq': '511786165', 'real_id': '511786165', 'message': "[{'type': 'text', 'data': {'text': 'jtlb'}}]", 'message_format': 'array'}
[2025-07-09 08:31:45,957.957] INFO     [MainThread|MainProcess] Logger (main.py:on_group_message:33) | {'group_id': '465281893', 'user_id': '2585690555', 'message_type': 'group', 'sub_type': 'normal', 'font': '14', 'sender': "{'user_id': 2585690555, 'nickname': 'Yuze_Yaooo', 'card': 'Yuze_Yaooo'}", 'message_id': '511786165', 'message_seq': '511786165', 'real_id': '511786165', 'message': "[{'type': 'text', 'data': {'text': 'jtlb'}}]", 'message_format': 'array'}
[2025-07-09 08:31:45,957.957] DEBUG    [MainThread|MainProcess] websockets.client (protocol.py:__init__:256) | = connection is CONNECTING
[2025-07-09 08:31:45,957.957] DEBUG    [MainThread|MainProcess] websockets.client (client.py:write_http_request:114) | > GET /api HTTP/1.1
[2025-07-09 08:31:45,957.957] DEBUG    [MainThread|MainProcess] websockets.client (client.py:write_http_request:116) | > Host: localhost:8082
[2025-07-09 08:31:45,957.957] DEBUG    [MainThread|MainProcess] websockets.client (client.py:write_http_request:116) | > Upgrade: websocket
[2025-07-09 08:31:45,957.957] DEBUG    [MainThread|MainProcess] websockets.client (client.py:write_http_request:116) | > Connection: Upgrade
[2025-07-09 08:31:45,957.957] DEBUG    [MainThread|MainProcess] websockets.client (client.py:write_http_request:116) | > Sec-WebSocket-Key: gvfPTWwbXOXuRA4NlFHX/A==
[2025-07-09 08:31:45,957.957] DEBUG    [MainThread|MainProcess] websockets.client (client.py:write_http_request:116) | > Sec-WebSocket-Version: 13
[2025-07-09 08:31:45,957.957] DEBUG    [MainThread|MainProcess] websockets.client (client.py:write_http_request:116) | > Sec-WebSocket-Extensions: permessage-deflate; client_max_window_bits
[2025-07-09 08:31:45,957.957] DEBUG    [MainThread|MainProcess] websockets.client (client.py:write_http_request:116) | > Content-Type: application/json
[2025-07-09 08:31:45,957.957] DEBUG    [MainThread|MainProcess] websockets.client (client.py:write_http_request:116) | > Authorization: Bearer chcat13201145
[2025-07-09 08:31:45,957.957] DEBUG    [MainThread|MainProcess] websockets.client (client.py:write_http_request:116) | > User-Agent: Python/3.10 websockets/10.4
[2025-07-09 08:31:45,957.957] DEBUG    [MainThread|MainProcess] websockets.client (client.py:read_http_response:147) | < HTTP/1.1 101 Switching Protocols
[2025-07-09 08:31:45,957.957] DEBUG    [MainThread|MainProcess] websockets.client (client.py:read_http_response:149) | < Upgrade: websocket
[2025-07-09 08:31:45,957.957] DEBUG    [MainThread|MainProcess] websockets.client (client.py:read_http_response:149) | < Connection: Upgrade
[2025-07-09 08:31:45,957.957] DEBUG    [MainThread|MainProcess] websockets.client (client.py:read_http_response:149) | < Sec-WebSocket-Accept: I7MxIciwAumyibwEAhfzgOdlzqY=
[2025-07-09 08:31:45,957.957] DEBUG    [MainThread|MainProcess] websockets.client (protocol.py:connection_open:357) | = connection is OPEN
[2025-07-09 08:31:45,957.957] DEBUG    [MainThread|MainProcess] websockets.client (protocol.py:write_frame_sync:1183) | > TEXT '{"action": "send_group_msg", "params": {"group_...]}, "echo": 1752021105}' [1327 bytes]
[2025-07-09 08:31:46,682.682] DEBUG    [MainThread|MainProcess] websockets.client (protocol.py:read_frame:1177) | < TEXT '{"status":"ok","retcode":0,"data":{"message_id"...":"","echo":1752021105}' [104 bytes]
[2025-07-09 08:31:46,682.682] DEBUG    [MainThread|MainProcess] websockets.client (protocol.py:write_close_frame:1232) | = connection is CLOSING
[2025-07-09 08:31:46,682.682] DEBUG    [MainThread|MainProcess] websockets.client (protocol.py:write_frame_sync:1183) | > CLOSE 1000 (OK) [2 bytes]
[2025-07-09 08:31:46,682.682] DEBUG    [MainThread|MainProcess] websockets.client (protocol.py:read_frame:1177) | < CLOSE 1000 (OK) [2 bytes]
[2025-07-09 08:31:46,682.682] DEBUG    [MainThread|MainProcess] websockets.client (protocol.py:connection_lost:1514) | = connection is CLOSED
[2025-07-09 08:31:46,682.682] DEBUG    [MainThread|MainProcess] Logger (api.py:check_and_log:32) | {'status': 'ok', 'retcode': 0, 'data': {'message_id': 1690126123}, 'message': '', 'wording': '', 'echo': 1752021105}
[2025-07-09 08:31:54,363.363] DEBUG    [MainThread|MainProcess] websockets.client (protocol.py:read_frame:1177) | < TEXT '{"time":1752021114,"self_id":703263936,"post_ty...true},"interval":30000}' [148 bytes]
[2025-07-09 08:31:54,363.363] DEBUG    [MainThread|MainProcess] Logger (connect.py:on_message:43) | {'time': 1752021114, 'self_id': 703263936, 'post_type': 'meta_event', 'meta_event_type': 'heartbeat', 'status': {'online': True, 'good': True}, 'interval': 30000}
[2025-07-09 08:31:56,566.566] DEBUG    [MainThread|MainProcess] websockets.client (protocol.py:read_frame:1177) | < TEXT '{"self_id":703263936,"user_id":3863501516,"time...","group_id":465281893}' [446 bytes]
[2025-07-09 08:31:56,566.566] DEBUG    [MainThread|MainProcess] Logger (client.py:handle_group_event:67) | {'group_id': '465281893', 'user_id': '3863501516', 'message_type': 'group', 'sub_type': 'normal', 'font': '14', 'sender': "{'user_id': 3863501516, 'nickname': 'mtr_mcfunction', 'card': 'EricDing618'}", 'message_id': '223920101', 'message_seq': '223920101', 'real_id': '223920101', 'message': "[{'type': 'text', 'data': {'text': '为什么'}}]", 'message_format': 'array'}
[2025-07-09 08:31:56,566.566] INFO     [MainThread|MainProcess] Logger (main.py:on_group_message:33) | {'group_id': '465281893', 'user_id': '3863501516', 'message_type': 'group', 'sub_type': 'normal', 'font': '14', 'sender': "{'user_id': 3863501516, 'nickname': 'mtr_mcfunction', 'card': 'EricDing618'}", 'message_id': '223920101', 'message_seq': '223920101', 'real_id': '223920101', 'message': "[{'type': 'text', 'data': {'text': '为什么'}}]", 'message_format': 'array'}
[2025-07-09 08:32:17,956.956] DEBUG    [MainThread|MainProcess] websockets.client (protocol.py:read_frame:1177) | < TEXT '{"self_id":703263936,"user_id":3863501516,"time...","group_id":465281893}' [1075 bytes]
[2025-07-09 08:32:17,956.956] DEBUG    [MainThread|MainProcess] Logger (client.py:handle_group_event:67) | {'group_id': '465281893', 'user_id': '3863501516', 'message_type': 'group', 'sub_type': 'normal', 'font': '14', 'sender': "{'user_id': 3863501516, 'nickname': 'mtr_mcfunction', 'card': 'EricDing618'}", 'message_id': '1565607538', 'message_seq': '1565607538', 'real_id': '1565607538', 'message': "[{'type': 'image', 'data': {'summary': '', 'file': '6CAD19D2BADC559F317AE572B0F9774F.jpg', 'sub_type': 0, 'url': 'https://multimedia.nt.qq.com.cn/download?appid=1407&fileid=EhSMA-wSKsYG7ulB4g_DMwlzjQgsNxji3wIg_woo6KqIrMOujgMyBHByb2RQgL2jAVoQ3qsoNsF8qC5YMZTWQdce7HoCXgU&rkey=CAMSMNw7G7a3YqeiHarfNFbckwbihhgyMJAEmzjJrs8s-FrEn3D0wz3K_xIdRAManZ5QCA', 'file_size': '45026'}}]", 'message_format': 'array'}
[2025-07-09 08:32:17,956.956] INFO     [MainThread|MainProcess] Logger (main.py:on_group_message:33) | {'group_id': '465281893', 'user_id': '3863501516', 'message_type': 'group', 'sub_type': 'normal', 'font': '14', 'sender': "{'user_id': 3863501516, 'nickname': 'mtr_mcfunction', 'card': 'EricDing618'}", 'message_id': '1565607538', 'message_seq': '1565607538', 'real_id': '1565607538', 'message': "[{'type': 'image', 'data': {'summary': '', 'file': '6CAD19D2BADC559F317AE572B0F9774F.jpg', 'sub_type': 0, 'url': 'https://multimedia.nt.qq.com.cn/download?appid=1407&fileid=EhSMA-wSKsYG7ulB4g_DMwlzjQgsNxji3wIg_woo6KqIrMOujgMyBHByb2RQgL2jAVoQ3qsoNsF8qC5YMZTWQdce7HoCXgU&rkey=CAMSMNw7G7a3YqeiHarfNFbckwbihhgyMJAEmzjJrs8s-FrEn3D0wz3K_xIdRAManZ5QCA', 'file_size': '45026'}}]", 'message_format': 'array'}
[2025-07-09 08:32:24,242.242] DEBUG    [MainThread|MainProcess] websockets.client (protocol.py:read_frame:1177) | < TEXT '{"self_id":703263936,"user_id":2585690555,"time...","group_id":465281893}' [464 bytes]
[2025-07-09 08:32:24,242.242] DEBUG    [MainThread|MainProcess] Logger (client.py:handle_group_event:67) | {'group_id': '465281893', 'user_id': '2585690555', 'message_type': 'group', 'sub_type': 'normal', 'font': '14', 'sender': "{'user_id': 2585690555, 'nickname': 'Yuze_Yaooo', 'card': 'Yuze_Yaooo'}", 'message_id': '965887195', 'message_seq': '965887195', 'real_id': '965887195', 'message': "[{'type': 'text', 'data': {'text': '因为是石山代码'}}]", 'message_format': 'array'}
[2025-07-09 08:32:24,242.242] INFO     [MainThread|MainProcess] Logger (main.py:on_group_message:33) | {'group_id': '465281893', 'user_id': '2585690555', 'message_type': 'group', 'sub_type': 'normal', 'font': '14', 'sender': "{'user_id': 2585690555, 'nickname': 'Yuze_Yaooo', 'card': 'Yuze_Yaooo'}", 'message_id': '965887195', 'message_seq': '965887195', 'real_id': '965887195', 'message': "[{'type': 'text', 'data': {'text': '因为是石山代码'}}]", 'message_format': 'array'}
[2025-07-09 08:32:24,364.364] DEBUG    [MainThread|MainProcess] websockets.client (protocol.py:read_frame:1177) | < TEXT '{"time":1752021144,"self_id":703263936,"post_ty...true},"interval":30000}' [148 bytes]
[2025-07-09 08:32:24,364.364] DEBUG    [MainThread|MainProcess] Logger (connect.py:on_message:43) | {'time': 1752021144, 'self_id': 703263936, 'post_type': 'meta_event', 'meta_event_type': 'heartbeat', 'status': {'online': True, 'good': True}, 'interval': 30000}
[2025-07-09 08:32:29,040.040] DEBUG    [MainThread|MainProcess] websockets.client (protocol.py:read_frame:1177) | < TEXT '{"self_id":703263936,"user_id":3863501516,"time...","group_id":465281893}' [434 bytes]
[2025-07-09 08:32:29,040.040] DEBUG    [MainThread|MainProcess] Logger (client.py:handle_group_event:67) | {'group_id': '465281893', 'user_id': '3863501516', 'message_type': 'group', 'sub_type': 'normal', 'font': '14', 'sender': "{'user_id': 3863501516, 'nickname': 'mtr_mcfunction', 'card': 'EricDing618'}", 'message_id': '236083076', 'message_seq': '236083076', 'real_id': '236083076', 'message': "[{'type': 'text', 'data': {'text': '666'}}]", 'message_format': 'array'}
[2025-07-09 08:32:29,040.040] INFO     [MainThread|MainProcess] Logger (main.py:on_group_message:33) | {'group_id': '465281893', 'user_id': '3863501516', 'message_type': 'group', 'sub_type': 'normal', 'font': '14', 'sender': "{'user_id': 3863501516, 'nickname': 'mtr_mcfunction', 'card': 'EricDing618'}", 'message_id': '236083076', 'message_seq': '236083076', 'real_id': '236083076', 'message': "[{'type': 'text', 'data': {'text': '666'}}]", 'message_format': 'array'}
[2025-07-09 08:32:29,173.173] DEBUG    [MainThread|MainProcess] websockets.client (protocol.py:__init__:256) | = connection is CONNECTING
[2025-07-09 08:32:29,174.174] DEBUG    [MainThread|MainProcess] websockets.client (client.py:write_http_request:114) | > GET /api HTTP/1.1
[2025-07-09 08:32:29,174.174] DEBUG    [MainThread|MainProcess] websockets.client (client.py:write_http_request:116) | > Host: localhost:8082
[2025-07-09 08:32:29,174.174] DEBUG    [MainThread|MainProcess] websockets.client (client.py:write_http_request:116) | > Upgrade: websocket
[2025-07-09 08:32:29,174.174] DEBUG    [MainThread|MainProcess] websockets.client (client.py:write_http_request:116) | > Connection: Upgrade
[2025-07-09 08:32:29,174.174] DEBUG    [MainThread|MainProcess] websockets.client (client.py:write_http_request:116) | > Sec-WebSocket-Key: Zo2wY7jllu0xDcmvxBxSGw==
[2025-07-09 08:32:29,174.174] DEBUG    [MainThread|MainProcess] websockets.client (client.py:write_http_request:116) | > Sec-WebSocket-Version: 13
[2025-07-09 08:32:29,174.174] DEBUG    [MainThread|MainProcess] websockets.client (client.py:write_http_request:116) | > Sec-WebSocket-Extensions: permessage-deflate; client_max_window_bits
[2025-07-09 08:32:29,174.174] DEBUG    [MainThread|MainProcess] websockets.client (client.py:write_http_request:116) | > Content-Type: application/json
[2025-07-09 08:32:29,174.174] DEBUG    [MainThread|MainProcess] websockets.client (client.py:write_http_request:116) | > Authorization: Bearer chcat13201145
[2025-07-09 08:32:29,174.174] DEBUG    [MainThread|MainProcess] websockets.client (client.py:write_http_request:116) | > User-Agent: Python/3.10 websockets/10.4
[2025-07-09 08:32:29,176.176] DEBUG    [MainThread|MainProcess] websockets.client (client.py:read_http_response:147) | < HTTP/1.1 101 Switching Protocols
[2025-07-09 08:32:29,176.176] DEBUG    [MainThread|MainProcess] websockets.client (client.py:read_http_response:149) | < Upgrade: websocket
[2025-07-09 08:32:29,176.176] DEBUG    [MainThread|MainProcess] websockets.client (client.py:read_http_response:149) | < Connection: Upgrade
[2025-07-09 08:32:29,176.176] DEBUG    [MainThread|MainProcess] websockets.client (client.py:read_http_response:149) | < Sec-WebSocket-Accept: SV2/si9oEjvyBkb3AIe+wvB3CUE=
[2025-07-09 08:32:29,177.177] DEBUG    [MainThread|MainProcess] websockets.client (protocol.py:connection_open:357) | = connection is OPEN
[2025-07-09 08:32:29,178.178] DEBUG    [MainThread|MainProcess] websockets.client (protocol.py:write_frame_sync:1183) | > TEXT '{"action": "send_group_msg", "params": {"group_...]}, "echo": 1752021149}' [139 bytes]
[2025-07-09 08:32:29,742.742] DEBUG    [MainThread|MainProcess] websockets.client (protocol.py:read_frame:1177) | < TEXT '{"status":"ok","retcode":0,"data":{"message_id"...":"","echo":1752021149}' [103 bytes]
[2025-07-09 08:32:29,742.742] DEBUG    [MainThread|MainProcess] websockets.client (protocol.py:write_close_frame:1232) | = connection is CLOSING
[2025-07-09 08:32:29,742.742] DEBUG    [MainThread|MainProcess] websockets.client (protocol.py:write_frame_sync:1183) | > CLOSE 1000 (OK) [2 bytes]
[2025-07-09 08:32:29,742.742] DEBUG    [MainThread|MainProcess] websockets.client (protocol.py:read_frame:1177) | < CLOSE 1000 (OK) [2 bytes]
[2025-07-09 08:32:29,742.742] DEBUG    [MainThread|MainProcess] websockets.client (protocol.py:connection_lost:1514) | = connection is CLOSED
[2025-07-09 08:32:29,758.758] DEBUG    [MainThread|MainProcess] Logger (api.py:check_and_log:32) | {'status': 'ok', 'retcode': 0, 'data': {'message_id': 103401240}, 'message': '', 'wording': '', 'echo': 1752021149}
[2025-07-09 08:32:29,775.775] DEBUG    [MainThread|MainProcess] websockets.client (protocol.py:__init__:256) | = connection is CONNECTING
[2025-07-09 08:32:29,775.775] DEBUG    [MainThread|MainProcess] websockets.client (client.py:write_http_request:114) | > GET /api HTTP/1.1
[2025-07-09 08:32:29,775.775] DEBUG    [MainThread|MainProcess] websockets.client (client.py:write_http_request:116) | > Host: localhost:8082
[2025-07-09 08:32:29,775.775] DEBUG    [MainThread|MainProcess] websockets.client (client.py:write_http_request:116) | > Upgrade: websocket
[2025-07-09 08:32:29,775.775] DEBUG    [MainThread|MainProcess] websockets.client (client.py:write_http_request:116) | > Connection: Upgrade
[2025-07-09 08:32:29,775.775] DEBUG    [MainThread|MainProcess] websockets.client (client.py:write_http_request:116) | > Sec-WebSocket-Key: y7Pe2A99MQrfyyndxhF7NA==
[2025-07-09 08:32:29,775.775] DEBUG    [MainThread|MainProcess] websockets.client (client.py:write_http_request:116) | > Sec-WebSocket-Version: 13
[2025-07-09 08:32:29,775.775] DEBUG    [MainThread|MainProcess] websockets.client (client.py:write_http_request:116) | > Sec-WebSocket-Extensions: permessage-deflate; client_max_window_bits
[2025-07-09 08:32:29,775.775] DEBUG    [MainThread|MainProcess] websockets.client (client.py:write_http_request:116) | > Content-Type: application/json
[2025-07-09 08:32:29,775.775] DEBUG    [MainThread|MainProcess] websockets.client (client.py:write_http_request:116) | > Authorization: Bearer chcat13201145
[2025-07-09 08:32:29,775.775] DEBUG    [MainThread|MainProcess] websockets.client (client.py:write_http_request:116) | > User-Agent: Python/3.10 websockets/10.4
[2025-07-09 08:32:29,775.775] DEBUG    [MainThread|MainProcess] websockets.client (client.py:read_http_response:147) | < HTTP/1.1 101 Switching Protocols
[2025-07-09 08:32:29,775.775] DEBUG    [MainThread|MainProcess] websockets.client (client.py:read_http_response:149) | < Upgrade: websocket
[2025-07-09 08:32:29,775.775] DEBUG    [MainThread|MainProcess] websockets.client (client.py:read_http_response:149) | < Connection: Upgrade
[2025-07-09 08:32:29,775.775] DEBUG    [MainThread|MainProcess] websockets.client (client.py:read_http_response:149) | < Sec-WebSocket-Accept: UQ9SAq51Z9mK3oMriEHwe8jHVHk=
[2025-07-09 08:32:29,775.775] DEBUG    [MainThread|MainProcess] websockets.client (protocol.py:connection_open:357) | = connection is OPEN
[2025-07-09 08:32:29,775.775] DEBUG    [MainThread|MainProcess] websockets.client (protocol.py:write_frame_sync:1183) | > TEXT '{"action": "send_group_msg", "params": {"group_...]}, "echo": 1752021149}' [186 bytes]
[2025-07-09 08:32:30,159.159] DEBUG    [MainThread|MainProcess] websockets.client (protocol.py:read_frame:1177) | < TEXT '{"status":"ok","retcode":0,"data":{"message_id"...":"","echo":1752021149}' [104 bytes]
[2025-07-09 08:32:30,159.159] DEBUG    [MainThread|MainProcess] websockets.client (protocol.py:write_close_frame:1232) | = connection is CLOSING
[2025-07-09 08:32:30,159.159] DEBUG    [MainThread|MainProcess] websockets.client (protocol.py:write_frame_sync:1183) | > CLOSE 1000 (OK) [2 bytes]
[2025-07-09 08:32:30,159.159] DEBUG    [MainThread|MainProcess] websockets.client (protocol.py:read_frame:1177) | < CLOSE 1000 (OK) [2 bytes]
[2025-07-09 08:32:30,159.159] DEBUG    [MainThread|MainProcess] websockets.client (protocol.py:connection_lost:1514) | = connection is CLOSED
[2025-07-09 08:32:30,159.159] DEBUG    [MainThread|MainProcess] Logger (api.py:check_and_log:32) | {'status': 'ok', 'retcode': 0, 'data': {'message_id': 1519165005}, 'message': '', 'wording': '', 'echo': 1752021149}
[2025-07-09 08:32:54,376.376] DEBUG    [MainThread|MainProcess] websockets.client (protocol.py:read_frame:1177) | < TEXT '{"time":1752021174,"self_id":703263936,"post_ty...true},"interval":30000}' [148 bytes]
[2025-07-09 08:32:54,376.376] DEBUG    [MainThread|MainProcess] Logger (connect.py:on_message:43) | {'time': 1752021174, 'self_id': 703263936, 'post_type': 'meta_event', 'meta_event_type': 'heartbeat', 'status': {'online': True, 'good': True}, 'interval': 30000}
[2025-07-09 08:33:24,389.389] DEBUG    [MainThread|MainProcess] websockets.client (protocol.py:read_frame:1177) | < TEXT '{"time":1752021204,"self_id":703263936,"post_ty...true},"interval":30000}' [148 bytes]
[2025-07-09 08:33:24,389.389] DEBUG    [MainThread|MainProcess] Logger (connect.py:on_message:43) | {'time': 1752021204, 'self_id': 703263936, 'post_type': 'meta_event', 'meta_event_type': 'heartbeat', 'status': {'online': True, 'good': True}, 'interval': 30000}
[2025-07-09 08:33:54,401.401] DEBUG    [MainThread|MainProcess] websockets.client (protocol.py:read_frame:1177) | < TEXT '{"time":1752021234,"self_id":703263936,"post_ty...true},"interval":30000}' [148 bytes]
[2025-07-09 08:33:54,401.401] DEBUG    [MainThread|MainProcess] Logger (connect.py:on_message:43) | {'time': 1752021234, 'self_id': 703263936, 'post_type': 'meta_event', 'meta_event_type': 'heartbeat', 'status': {'online': True, 'good': True}, 'interval': 30000}
[2025-07-09 08:34:24,414.414] DEBUG    [MainThread|MainProcess] websockets.client (protocol.py:read_frame:1177) | < TEXT '{"time":1752021264,"self_id":703263936,"post_ty...true},"interval":30000}' [148 bytes]
[2025-07-09 08:34:24,414.414] DEBUG    [MainThread|MainProcess] Logger (connect.py:on_message:43) | {'time': 1752021264, 'self_id': 703263936, 'post_type': 'meta_event', 'meta_event_type': 'heartbeat', 'status': {'online': True, 'good': True}, 'interval': 30000}
[2025-07-09 08:34:54,428.428] DEBUG    [MainThread|MainProcess] websockets.client (protocol.py:read_frame:1177) | < TEXT '{"time":1752021294,"self_id":703263936,"post_ty...true},"interval":30000}' [148 bytes]
[2025-07-09 08:34:54,428.428] DEBUG    [MainThread|MainProcess] Logger (connect.py:on_message:43) | {'time': 1752021294, 'self_id': 703263936, 'post_type': 'meta_event', 'meta_event_type': 'heartbeat', 'status': {'online': True, 'good': True}, 'interval': 30000}
[2025-07-09 08:35:24,442.442] DEBUG    [MainThread|MainProcess] websockets.client (protocol.py:read_frame:1177) | < TEXT '{"time":1752021324,"self_id":703263936,"post_ty...true},"interval":30000}' [148 bytes]
[2025-07-09 08:35:24,442.442] DEBUG    [MainThread|MainProcess] Logger (connect.py:on_message:43) | {'time': 1752021324, 'self_id': 703263936, 'post_type': 'meta_event', 'meta_event_type': 'heartbeat', 'status': {'online': True, 'good': True}, 'interval': 30000}
[2025-07-09 08:35:54,456.456] DEBUG    [MainThread|MainProcess] websockets.client (protocol.py:read_frame:1177) | < TEXT '{"time":1752021354,"self_id":703263936,"post_ty...true},"interval":30000}' [148 bytes]
[2025-07-09 08:35:54,456.456] DEBUG    [MainThread|MainProcess] Logger (connect.py:on_message:43) | {'time': 1752021354, 'self_id': 703263936, 'post_type': 'meta_event', 'meta_event_type': 'heartbeat', 'status': {'online': True, 'good': True}, 'interval': 30000}
[2025-07-09 08:36:24,461.461] DEBUG    [MainThread|MainProcess] websockets.client (protocol.py:read_frame:1177) | < TEXT '{"time":1752021384,"self_id":703263936,"post_ty...true},"interval":30000}' [148 bytes]
[2025-07-09 08:36:24,461.461] DEBUG    [MainThread|MainProcess] Logger (connect.py:on_message:43) | {'time': 1752021384, 'self_id': 703263936, 'post_type': 'meta_event', 'meta_event_type': 'heartbeat', 'status': {'online': True, 'good': True}, 'interval': 30000}
[2025-07-09 08:36:54,461.461] DEBUG    [MainThread|MainProcess] websockets.client (protocol.py:read_frame:1177) | < TEXT '{"time":1752021414,"self_id":703263936,"post_ty...true},"interval":30000}' [148 bytes]
[2025-07-09 08:36:54,461.461] DEBUG    [MainThread|MainProcess] Logger (connect.py:on_message:43) | {'time': 1752021414, 'self_id': 703263936, 'post_type': 'meta_event', 'meta_event_type': 'heartbeat', 'status': {'online': True, 'good': True}, 'interval': 30000}
[2025-07-09 08:37:24,475.475] DEBUG    [MainThread|MainProcess] websockets.client (protocol.py:read_frame:1177) | < TEXT '{"time":1752021444,"self_id":703263936,"post_ty...true},"interval":30000}' [148 bytes]
[2025-07-09 08:37:24,475.475] DEBUG    [MainThread|MainProcess] Logger (connect.py:on_message:43) | {'time': 1752021444, 'self_id': 703263936, 'post_type': 'meta_event', 'meta_event_type': 'heartbeat', 'status': {'online': True, 'good': True}, 'interval': 30000}
[2025-07-09 08:37:54,495.495] DEBUG    [MainThread|MainProcess] websockets.client (protocol.py:read_frame:1177) | < TEXT '{"time":1752021474,"self_id":703263936,"post_ty...true},"interval":30000}' [148 bytes]
[2025-07-09 08:37:54,495.495] DEBUG    [MainThread|MainProcess] Logger (connect.py:on_message:43) | {'time': 1752021474, 'self_id': 703263936, 'post_type': 'meta_event', 'meta_event_type': 'heartbeat', 'status': {'online': True, 'good': True}, 'interval': 30000}
[2025-07-09 08:38:24,508.508] DEBUG    [MainThread|MainProcess] websockets.client (protocol.py:read_frame:1177) | < TEXT '{"time":1752021504,"self_id":703263936,"post_ty...true},"interval":30000}' [148 bytes]
[2025-07-09 08:38:24,508.508] DEBUG    [MainThread|MainProcess] Logger (connect.py:on_message:43) | {'time': 1752021504, 'self_id': 703263936, 'post_type': 'meta_event', 'meta_event_type': 'heartbeat', 'status': {'online': True, 'good': True}, 'interval': 30000}
[2025-07-09 08:38:54,523.523] DEBUG    [MainThread|MainProcess] websockets.client (protocol.py:read_frame:1177) | < TEXT '{"time":1752021534,"self_id":703263936,"post_ty...true},"interval":30000}' [148 bytes]
[2025-07-09 08:38:54,523.523] DEBUG    [MainThread|MainProcess] Logger (connect.py:on_message:43) | {'time': 1752021534, 'self_id': 703263936, 'post_type': 'meta_event', 'meta_event_type': 'heartbeat', 'status': {'online': True, 'good': True}, 'interval': 30000}
[2025-07-09 08:39:24,537.537] DEBUG    [MainThread|MainProcess] websockets.client (protocol.py:read_frame:1177) | < TEXT '{"time":1752021564,"self_id":703263936,"post_ty...true},"interval":30000}' [148 bytes]
[2025-07-09 08:39:24,537.537] DEBUG    [MainThread|MainProcess] Logger (connect.py:on_message:43) | {'time': 1752021564, 'self_id': 703263936, 'post_type': 'meta_event', 'meta_event_type': 'heartbeat', 'status': {'online': True, 'good': True}, 'interval': 30000}
[2025-07-09 08:39:54,551.551] DEBUG    [MainThread|MainProcess] websockets.client (protocol.py:read_frame:1177) | < TEXT '{"time":1752021594,"self_id":703263936,"post_ty...true},"interval":30000}' [148 bytes]
[2025-07-09 08:39:54,551.551] DEBUG    [MainThread|MainProcess] Logger (connect.py:on_message:43) | {'time': 1752021594, 'self_id': 703263936, 'post_type': 'meta_event', 'meta_event_type': 'heartbeat', 'status': {'online': True, 'good': True}, 'interval': 30000}
[2025-07-09 08:40:24,564.564] DEBUG    [MainThread|MainProcess] websockets.client (protocol.py:read_frame:1177) | < TEXT '{"time":1752021624,"self_id":703263936,"post_ty...true},"interval":30000}' [148 bytes]
[2025-07-09 08:40:24,564.564] DEBUG    [MainThread|MainProcess] Logger (connect.py:on_message:43) | {'time': 1752021624, 'self_id': 703263936, 'post_type': 'meta_event', 'meta_event_type': 'heartbeat', 'status': {'online': True, 'good': True}, 'interval': 30000}
[2025-07-09 08:40:54,612.612] DEBUG    [MainThread|MainProcess] websockets.client (protocol.py:read_frame:1177) | < TEXT '{"time":1752021654,"self_id":703263936,"post_ty...true},"interval":30000}' [148 bytes]
[2025-07-09 08:40:54,612.612] DEBUG    [MainThread|MainProcess] Logger (connect.py:on_message:43) | {'time': 1752021654, 'self_id': 703263936, 'post_type': 'meta_event', 'meta_event_type': 'heartbeat', 'status': {'online': True, 'good': True}, 'interval': 30000}
[2025-07-09 08:41:14,454.454] DEBUG    [MainThread|MainProcess] websockets.client (protocol.py:read_frame:1177) | < TEXT '{"self_id":703263936,"user_id":3863501516,"time...","group_id":465281893}' [1074 bytes]
[2025-07-09 08:41:14,454.454] DEBUG    [MainThread|MainProcess] Logger (client.py:handle_group_event:67) | {'group_id': '465281893', 'user_id': '3863501516', 'message_type': 'group', 'sub_type': 'normal', 'font': '14', 'sender': "{'user_id': 3863501516, 'nickname': 'mtr_mcfunction', 'card': 'EricDing618'}", 'message_id': '812219924', 'message_seq': '812219924', 'real_id': '812219924', 'message': "[{'type': 'image', 'data': {'summary': '', 'file': 'C71A98DC38DD2BFE1E35C7CBDE042DA5.jpg', 'sub_type': 0, 'url': 'https://multimedia.nt.qq.com.cn/download?appid=1407&fileid=EhR8QFX1UyrbX1JwGdGN_UisBYTcURi64gYg_woolM_uq8WujgMyBHByb2RQgL2jAVoQ46mp5JuHSrOFl0dlArCJPHoCNXs&rkey=CAMSMNw7G7a3YqeiHarfNFbckwbihhgyMJAEmzjJrs8s-FrEn3D0wz3K_xIdRAManZ5QCA', 'file_size': '110906'}}]", 'message_format': 'array'}
[2025-07-09 08:41:14,454.454] INFO     [MainThread|MainProcess] Logger (main.py:on_group_message:33) | {'group_id': '465281893', 'user_id': '3863501516', 'message_type': 'group', 'sub_type': 'normal', 'font': '14', 'sender': "{'user_id': 3863501516, 'nickname': 'mtr_mcfunction', 'card': 'EricDing618'}", 'message_id': '812219924', 'message_seq': '812219924', 'real_id': '812219924', 'message': "[{'type': 'image', 'data': {'summary': '', 'file': 'C71A98DC38DD2BFE1E35C7CBDE042DA5.jpg', 'sub_type': 0, 'url': 'https://multimedia.nt.qq.com.cn/download?appid=1407&fileid=EhR8QFX1UyrbX1JwGdGN_UisBYTcURi64gYg_woolM_uq8WujgMyBHByb2RQgL2jAVoQ46mp5JuHSrOFl0dlArCJPHoCNXs&rkey=CAMSMNw7G7a3YqeiHarfNFbckwbihhgyMJAEmzjJrs8s-FrEn3D0wz3K_xIdRAManZ5QCA', 'file_size': '110906'}}]", 'message_format': 'array'}
[2025-07-09 08:41:15,292.292] DEBUG    [MainThread|MainProcess] websockets.client (protocol.py:read_frame:1177) | < TEXT '{"self_id":703263936,"user_id":3863501516,"time...","group_id":465281893}' [470 bytes]
[2025-07-09 08:41:15,292.292] DEBUG    [MainThread|MainProcess] Logger (client.py:handle_group_event:67) | {'group_id': '465281893', 'user_id': '3863501516', 'message_type': 'group', 'sub_type': 'normal', 'font': '14', 'sender': "{'user_id': 3863501516, 'nickname': 'mtr_mcfunction', 'card': 'EricDing618'}", 'message_id': '528053206', 'message_seq': '528053206', 'real_id': '528053206', 'message': "[{'type': 'text', 'data': {'text': '原来try都藏这了'}}]", 'message_format': 'array'}
[2025-07-09 08:41:15,292.292] INFO     [MainThread|MainProcess] Logger (main.py:on_group_message:33) | {'group_id': '465281893', 'user_id': '3863501516', 'message_type': 'group', 'sub_type': 'normal', 'font': '14', 'sender': "{'user_id': 3863501516, 'nickname': 'mtr_mcfunction', 'card': 'EricDing618'}", 'message_id': '528053206', 'message_seq': '528053206', 'real_id': '528053206', 'message': "[{'type': 'text', 'data': {'text': '原来try都藏这了'}}]", 'message_format': 'array'}
[2025-07-09 08:41:24,630.630] DEBUG    [MainThread|MainProcess] websockets.client (protocol.py:read_frame:1177) | < TEXT '{"time":1752021684,"self_id":703263936,"post_ty...true},"interval":30000}' [148 bytes]
[2025-07-09 08:41:24,630.630] DEBUG    [MainThread|MainProcess] Logger (connect.py:on_message:43) | {'time': 1752021684, 'self_id': 703263936, 'post_type': 'meta_event', 'meta_event_type': 'heartbeat', 'status': {'online': True, 'good': True}, 'interval': 30000}
[2025-07-09 08:41:34,333.333] DEBUG    [MainThread|MainProcess] websockets.client (protocol.py:read_frame:1177) | < TEXT '{"self_id":703263936,"user_id":3863501516,"time...","group_id":465281893}' [462 bytes]
[2025-07-09 08:41:34,333.333] DEBUG    [MainThread|MainProcess] Logger (client.py:handle_group_event:67) | {'group_id': '465281893', 'user_id': '3863501516', 'message_type': 'group', 'sub_type': 'normal', 'font': '14', 'sender': "{'user_id': 3863501516, 'nickname': 'mtr_mcfunction', 'card': 'EricDing618'}", 'message_id': '631278376', 'message_seq': '631278376', 'real_id': '631278376', 'message': "[{'type': 'text', 'data': {'text': '细节except:pass'}}]", 'message_format': 'array'}
[2025-07-09 08:41:34,333.333] INFO     [MainThread|MainProcess] Logger (main.py:on_group_message:33) | {'group_id': '465281893', 'user_id': '3863501516', 'message_type': 'group', 'sub_type': 'normal', 'font': '14', 'sender': "{'user_id': 3863501516, 'nickname': 'mtr_mcfunction', 'card': 'EricDing618'}", 'message_id': '631278376', 'message_seq': '631278376', 'real_id': '631278376', 'message': "[{'type': 'text', 'data': {'text': '细节except:pass'}}]", 'message_format': 'array'}
[2025-07-09 08:41:54,640.640] DEBUG    [MainThread|MainProcess] websockets.client (protocol.py:read_frame:1177) | < TEXT '{"time":1752021714,"self_id":703263936,"post_ty...true},"interval":30000}' [148 bytes]
[2025-07-09 08:41:54,640.640] DEBUG    [MainThread|MainProcess] Logger (connect.py:on_message:43) | {'time': 1752021714, 'self_id': 703263936, 'post_type': 'meta_event', 'meta_event_type': 'heartbeat', 'status': {'online': True, 'good': True}, 'interval': 30000}
[2025-07-09 08:42:24,654.654] DEBUG    [MainThread|MainProcess] websockets.client (protocol.py:read_frame:1177) | < TEXT '{"time":1752021744,"self_id":703263936,"post_ty...true},"interval":30000}' [148 bytes]
[2025-07-09 08:42:24,654.654] DEBUG    [MainThread|MainProcess] Logger (connect.py:on_message:43) | {'time': 1752021744, 'self_id': 703263936, 'post_type': 'meta_event', 'meta_event_type': 'heartbeat', 'status': {'online': True, 'good': True}, 'interval': 30000}
[2025-07-09 08:42:37,011.011] DEBUG    [MainThread|MainProcess] websockets.client (protocol.py:read_frame:1177) | < TEXT '{"self_id":703263936,"user_id":3863501516,"time...","group_id":465281893}' [430 bytes]
[2025-07-09 08:42:37,011.011] DEBUG    [MainThread|MainProcess] Logger (client.py:handle_group_event:67) | {'group_id': '465281893', 'user_id': '3863501516', 'message_type': 'group', 'sub_type': 'normal', 'font': '14', 'sender': "{'user_id': 3863501516, 'nickname': 'mtr_mcfunction', 'card': 'EricDing618'}", 'message_id': '592116897', 'message_seq': '592116897', 'real_id': '592116897', 'message': "[{'type': 'text', 'data': {'text': '('}}]", 'message_format': 'array'}
[2025-07-09 08:42:37,011.011] INFO     [MainThread|MainProcess] Logger (main.py:on_group_message:33) | {'group_id': '465281893', 'user_id': '3863501516', 'message_type': 'group', 'sub_type': 'normal', 'font': '14', 'sender': "{'user_id': 3863501516, 'nickname': 'mtr_mcfunction', 'card': 'EricDing618'}", 'message_id': '592116897', 'message_seq': '592116897', 'real_id': '592116897', 'message': "[{'type': 'text', 'data': {'text': '('}}]", 'message_format': 'array'}
[2025-07-09 08:42:37,027.027] DEBUG    [MainThread|MainProcess] websockets.client (protocol.py:__init__:256) | = connection is CONNECTING
[2025-07-09 08:42:37,027.027] DEBUG    [MainThread|MainProcess] websockets.client (client.py:write_http_request:114) | > GET /api HTTP/1.1
[2025-07-09 08:42:37,027.027] DEBUG    [MainThread|MainProcess] websockets.client (client.py:write_http_request:116) | > Host: localhost:8082
[2025-07-09 08:42:37,027.027] DEBUG    [MainThread|MainProcess] websockets.client (client.py:write_http_request:116) | > Upgrade: websocket
[2025-07-09 08:42:37,027.027] DEBUG    [MainThread|MainProcess] websockets.client (client.py:write_http_request:116) | > Connection: Upgrade
[2025-07-09 08:42:37,027.027] DEBUG    [MainThread|MainProcess] websockets.client (client.py:write_http_request:116) | > Sec-WebSocket-Key: CFuPZxBeS+uXwh0TvwQB4g==
[2025-07-09 08:42:37,027.027] DEBUG    [MainThread|MainProcess] websockets.client (client.py:write_http_request:116) | > Sec-WebSocket-Version: 13
[2025-07-09 08:42:37,027.027] DEBUG    [MainThread|MainProcess] websockets.client (client.py:write_http_request:116) | > Sec-WebSocket-Extensions: permessage-deflate; client_max_window_bits
[2025-07-09 08:42:37,027.027] DEBUG    [MainThread|MainProcess] websockets.client (client.py:write_http_request:116) | > Content-Type: application/json
[2025-07-09 08:42:37,027.027] DEBUG    [MainThread|MainProcess] websockets.client (client.py:write_http_request:116) | > Authorization: Bearer chcat13201145
[2025-07-09 08:42:37,027.027] DEBUG    [MainThread|MainProcess] websockets.client (client.py:write_http_request:116) | > User-Agent: Python/3.10 websockets/10.4
[2025-07-09 08:42:37,027.027] DEBUG    [MainThread|MainProcess] websockets.client (client.py:read_http_response:147) | < HTTP/1.1 101 Switching Protocols
[2025-07-09 08:42:37,027.027] DEBUG    [MainThread|MainProcess] websockets.client (client.py:read_http_response:149) | < Upgrade: websocket
[2025-07-09 08:42:37,027.027] DEBUG    [MainThread|MainProcess] websockets.client (client.py:read_http_response:149) | < Connection: Upgrade
[2025-07-09 08:42:37,027.027] DEBUG    [MainThread|MainProcess] websockets.client (client.py:read_http_response:149) | < Sec-WebSocket-Accept: NLVsICt5GQxioFAGzMNQxHmRZyI=
[2025-07-09 08:42:37,027.027] DEBUG    [MainThread|MainProcess] websockets.client (protocol.py:connection_open:357) | = connection is OPEN
[2025-07-09 08:42:37,027.027] DEBUG    [MainThread|MainProcess] websockets.client (protocol.py:write_frame_sync:1183) | > TEXT '{"action": "send_group_msg", "params": {"group_...]}, "echo": 1752021757}' [137 bytes]
[2025-07-09 08:42:37,671.671] DEBUG    [MainThread|MainProcess] websockets.client (protocol.py:read_frame:1177) | < TEXT '{"status":"ok","retcode":0,"data":{"message_id"...":"","echo":1752021757}' [103 bytes]
[2025-07-09 08:42:37,671.671] DEBUG    [MainThread|MainProcess] websockets.client (protocol.py:write_close_frame:1232) | = connection is CLOSING
[2025-07-09 08:42:37,671.671] DEBUG    [MainThread|MainProcess] websockets.client (protocol.py:write_frame_sync:1183) | > CLOSE 1000 (OK) [2 bytes]
[2025-07-09 08:42:37,671.671] DEBUG    [MainThread|MainProcess] websockets.client (protocol.py:read_frame:1177) | < CLOSE 1000 (OK) [2 bytes]
[2025-07-09 08:42:37,671.671] DEBUG    [MainThread|MainProcess] websockets.client (protocol.py:connection_lost:1514) | = connection is CLOSED
[2025-07-09 08:42:37,671.671] DEBUG    [MainThread|MainProcess] Logger (api.py:check_and_log:32) | {'status': 'ok', 'retcode': 0, 'data': {'message_id': 787146732}, 'message': '', 'wording': '', 'echo': 1752021757}
[2025-07-09 08:42:54,654.654] DEBUG    [MainThread|MainProcess] websockets.client (protocol.py:read_frame:1177) | < TEXT '{"time":1752021774,"self_id":703263936,"post_ty...true},"interval":30000}' [148 bytes]
[2025-07-09 08:42:54,654.654] DEBUG    [MainThread|MainProcess] Logger (connect.py:on_message:43) | {'time': 1752021774, 'self_id': 703263936, 'post_type': 'meta_event', 'meta_event_type': 'heartbeat', 'status': {'online': True, 'good': True}, 'interval': 30000}
[2025-07-09 08:43:24,668.668] DEBUG    [MainThread|MainProcess] websockets.client (protocol.py:read_frame:1177) | < TEXT '{"time":1752021804,"self_id":703263936,"post_ty...true},"interval":30000}' [148 bytes]
[2025-07-09 08:43:24,668.668] DEBUG    [MainThread|MainProcess] Logger (connect.py:on_message:43) | {'time': 1752021804, 'self_id': 703263936, 'post_type': 'meta_event', 'meta_event_type': 'heartbeat', 'status': {'online': True, 'good': True}, 'interval': 30000}
[2025-07-09 08:43:29,136.136] DEBUG    [MainThread|MainProcess] websockets.client (protocol.py:read_frame:1177) | < TEXT '{"self_id":703263936,"user_id":3863501516,"time...","group_id":465281893}' [989 bytes]
[2025-07-09 08:43:29,136.136] DEBUG    [MainThread|MainProcess] Logger (client.py:handle_group_event:67) | {'group_id': '465281893', 'user_id': '3863501516', 'message_type': 'group', 'sub_type': 'normal', 'font': '14', 'sender': "{'user_id': 3863501516, 'nickname': 'mtr_mcfunction', 'card': 'EricDing618'}", 'message_id': '1029929601', 'message_seq': '1029929601', 'real_id': '1029929601', 'message': '[{\'type\': \'text\', \'data\': {\'text\': " \\n \\u200b\\xa0\\xa0\\xa0\\xa0\\xa0\\xa0\\xa0\\xa0\\xa0\\xa0\\xa0\\xa0\\u200bleftBrackets\\u200b\\xa0\\u200b=\\u200b\\xa0[\\u200b\'(\'\\u200b,\\xa0\\u200b\'[\'\\u200b,\\xa0\\u200b\'{\'\\u200b,\\xa0\\u200b\'<\'\\u200b,\\xa0\\u200b\'〔\'\\u200b,\\xa0\\u200b\'【\'\\u200b,\\xa0\\u200b\'《\'\\u200b,\\xa0\\u200b\'〖\'\\u200b,\\xa0\\u200b\'「\'\\u200b,\\xa0\\u200b\'（\'\\u200b,\\xa0\\u200b\'｛\'\\u200b,\\xa0\\u200b\'〘\'\\u200b,\\xa0\\u200b\'〚\'\\u200b,\\xa0\\u200b\'『\'\\u200b,\\xa0\\u200b\'〟\'\\u200b,\\xa0\\u200b\'〈\'\\u200b]"}}]', 'message_format': 'array'}
[2025-07-09 08:43:29,136.136] INFO     [MainThread|MainProcess] Logger (main.py:on_group_message:33) | {'group_id': '465281893', 'user_id': '3863501516', 'message_type': 'group', 'sub_type': 'normal', 'font': '14', 'sender': "{'user_id': 3863501516, 'nickname': 'mtr_mcfunction', 'card': 'EricDing618'}", 'message_id': '1029929601', 'message_seq': '1029929601', 'real_id': '1029929601', 'message': '[{\'type\': \'text\', \'data\': {\'text\': " \\n \\u200b\\xa0\\xa0\\xa0\\xa0\\xa0\\xa0\\xa0\\xa0\\xa0\\xa0\\xa0\\xa0\\u200bleftBrackets\\u200b\\xa0\\u200b=\\u200b\\xa0[\\u200b\'(\'\\u200b,\\xa0\\u200b\'[\'\\u200b,\\xa0\\u200b\'{\'\\u200b,\\xa0\\u200b\'<\'\\u200b,\\xa0\\u200b\'〔\'\\u200b,\\xa0\\u200b\'【\'\\u200b,\\xa0\\u200b\'《\'\\u200b,\\xa0\\u200b\'〖\'\\u200b,\\xa0\\u200b\'「\'\\u200b,\\xa0\\u200b\'（\'\\u200b,\\xa0\\u200b\'｛\'\\u200b,\\xa0\\u200b\'〘\'\\u200b,\\xa0\\u200b\'〚\'\\u200b,\\xa0\\u200b\'『\'\\u200b,\\xa0\\u200b\'〟\'\\u200b,\\xa0\\u200b\'〈\'\\u200b]"}}]', 'message_format': 'array'}
[2025-07-09 08:43:29,136.136] DEBUG    [MainThread|MainProcess] websockets.client (protocol.py:__init__:256) | = connection is CONNECTING
[2025-07-09 08:43:29,136.136] DEBUG    [MainThread|MainProcess] websockets.client (client.py:write_http_request:114) | > GET /api HTTP/1.1
[2025-07-09 08:43:29,136.136] DEBUG    [MainThread|MainProcess] websockets.client (client.py:write_http_request:116) | > Host: localhost:8082
[2025-07-09 08:43:29,136.136] DEBUG    [MainThread|MainProcess] websockets.client (client.py:write_http_request:116) | > Upgrade: websocket
[2025-07-09 08:43:29,136.136] DEBUG    [MainThread|MainProcess] websockets.client (client.py:write_http_request:116) | > Connection: Upgrade
[2025-07-09 08:43:29,136.136] DEBUG    [MainThread|MainProcess] websockets.client (client.py:write_http_request:116) | > Sec-WebSocket-Key: 1K0ivKJfKn0DvzEUv0uWyw==
[2025-07-09 08:43:29,136.136] DEBUG    [MainThread|MainProcess] websockets.client (client.py:write_http_request:116) | > Sec-WebSocket-Version: 13
[2025-07-09 08:43:29,136.136] DEBUG    [MainThread|MainProcess] websockets.client (client.py:write_http_request:116) | > Sec-WebSocket-Extensions: permessage-deflate; client_max_window_bits
[2025-07-09 08:43:29,136.136] DEBUG    [MainThread|MainProcess] websockets.client (client.py:write_http_request:116) | > Content-Type: application/json
[2025-07-09 08:43:29,136.136] DEBUG    [MainThread|MainProcess] websockets.client (client.py:write_http_request:116) | > Authorization: Bearer chcat13201145
[2025-07-09 08:43:29,136.136] DEBUG    [MainThread|MainProcess] websockets.client (client.py:write_http_request:116) | > User-Agent: Python/3.10 websockets/10.4
[2025-07-09 08:43:29,152.152] DEBUG    [MainThread|MainProcess] websockets.client (client.py:read_http_response:147) | < HTTP/1.1 101 Switching Protocols
[2025-07-09 08:43:29,152.152] DEBUG    [MainThread|MainProcess] websockets.client (client.py:read_http_response:149) | < Upgrade: websocket
[2025-07-09 08:43:29,152.152] DEBUG    [MainThread|MainProcess] websockets.client (client.py:read_http_response:149) | < Connection: Upgrade
[2025-07-09 08:43:29,152.152] DEBUG    [MainThread|MainProcess] websockets.client (client.py:read_http_response:149) | < Sec-WebSocket-Accept: u8TM0LeGBuTLEX6Xxb7mPxNpU6o=
[2025-07-09 08:43:29,152.152] DEBUG    [MainThread|MainProcess] websockets.client (protocol.py:connection_open:357) | = connection is OPEN
[2025-07-09 08:43:29,194.194] DEBUG    [MainThread|MainProcess] websockets.client (protocol.py:write_frame_sync:1183) | > TEXT '{"action": "send_group_msg", "params": {"group_...]}, "echo": 1752021809}' [137 bytes]
[2025-07-09 08:43:29,582.582] DEBUG    [MainThread|MainProcess] websockets.client (protocol.py:read_frame:1177) | < TEXT '{"status":"ok","retcode":0,"data":{"message_id"...":"","echo":1752021809}' [104 bytes]
[2025-07-09 08:43:29,582.582] DEBUG    [MainThread|MainProcess] websockets.client (protocol.py:write_close_frame:1232) | = connection is CLOSING
[2025-07-09 08:43:29,582.582] DEBUG    [MainThread|MainProcess] websockets.client (protocol.py:write_frame_sync:1183) | > CLOSE 1000 (OK) [2 bytes]
[2025-07-09 08:43:29,597.597] DEBUG    [MainThread|MainProcess] websockets.client (protocol.py:read_frame:1177) | < CLOSE 1000 (OK) [2 bytes]
[2025-07-09 08:43:29,597.597] DEBUG    [MainThread|MainProcess] websockets.client (protocol.py:connection_lost:1514) | = connection is CLOSED
[2025-07-09 08:43:29,597.597] DEBUG    [MainThread|MainProcess] Logger (api.py:check_and_log:32) | {'status': 'ok', 'retcode': 0, 'data': {'message_id': 1821684327}, 'message': '', 'wording': '', 'echo': 1752021809}
[2025-07-09 08:43:54,678.678] DEBUG    [MainThread|MainProcess] websockets.client (protocol.py:read_frame:1177) | < TEXT '{"time":1752021834,"self_id":703263936,"post_ty...true},"interval":30000}' [148 bytes]
[2025-07-09 08:43:54,678.678] DEBUG    [MainThread|MainProcess] Logger (connect.py:on_message:43) | {'time': 1752021834, 'self_id': 703263936, 'post_type': 'meta_event', 'meta_event_type': 'heartbeat', 'status': {'online': True, 'good': True}, 'interval': 30000}
[2025-07-09 08:44:01,459.459] DEBUG    [MainThread|MainProcess] websockets.client (protocol.py:read_frame:1177) | < TEXT '{"self_id":703263936,"user_id":3863501516,"time...","group_id":465281893}' [437 bytes]
[2025-07-09 08:44:01,459.459] DEBUG    [MainThread|MainProcess] Logger (client.py:handle_group_event:67) | {'group_id': '465281893', 'user_id': '3863501516', 'message_type': 'group', 'sub_type': 'normal', 'font': '14', 'sender': "{'user_id': 3863501516, 'nickname': 'mtr_mcfunction', 'card': 'EricDing618'}", 'message_id': '1877569464', 'message_seq': '1877569464', 'real_id': '1877569464', 'message': "[{'type': 'text', 'data': {'text': '『'}}]", 'message_format': 'array'}
[2025-07-09 08:44:01,459.459] INFO     [MainThread|MainProcess] Logger (main.py:on_group_message:33) | {'group_id': '465281893', 'user_id': '3863501516', 'message_type': 'group', 'sub_type': 'normal', 'font': '14', 'sender': "{'user_id': 3863501516, 'nickname': 'mtr_mcfunction', 'card': 'EricDing618'}", 'message_id': '1877569464', 'message_seq': '1877569464', 'real_id': '1877569464', 'message': "[{'type': 'text', 'data': {'text': '『'}}]", 'message_format': 'array'}
[2025-07-09 08:44:01,459.459] DEBUG    [MainThread|MainProcess] websockets.client (protocol.py:__init__:256) | = connection is CONNECTING
[2025-07-09 08:44:01,459.459] DEBUG    [MainThread|MainProcess] websockets.client (client.py:write_http_request:114) | > GET /api HTTP/1.1
[2025-07-09 08:44:01,459.459] DEBUG    [MainThread|MainProcess] websockets.client (client.py:write_http_request:116) | > Host: localhost:8082
[2025-07-09 08:44:01,459.459] DEBUG    [MainThread|MainProcess] websockets.client (client.py:write_http_request:116) | > Upgrade: websocket
[2025-07-09 08:44:01,459.459] DEBUG    [MainThread|MainProcess] websockets.client (client.py:write_http_request:116) | > Connection: Upgrade
[2025-07-09 08:44:01,459.459] DEBUG    [MainThread|MainProcess] websockets.client (client.py:write_http_request:116) | > Sec-WebSocket-Key: dg9suz/hGByLb/FdPnd+Nw==
[2025-07-09 08:44:01,459.459] DEBUG    [MainThread|MainProcess] websockets.client (client.py:write_http_request:116) | > Sec-WebSocket-Version: 13
[2025-07-09 08:44:01,459.459] DEBUG    [MainThread|MainProcess] websockets.client (client.py:write_http_request:116) | > Sec-WebSocket-Extensions: permessage-deflate; client_max_window_bits
[2025-07-09 08:44:01,459.459] DEBUG    [MainThread|MainProcess] websockets.client (client.py:write_http_request:116) | > Content-Type: application/json
[2025-07-09 08:44:01,459.459] DEBUG    [MainThread|MainProcess] websockets.client (client.py:write_http_request:116) | > Authorization: Bearer chcat13201145
[2025-07-09 08:44:01,459.459] DEBUG    [MainThread|MainProcess] websockets.client (client.py:write_http_request:116) | > User-Agent: Python/3.10 websockets/10.4
[2025-07-09 08:44:01,459.459] DEBUG    [MainThread|MainProcess] websockets.client (client.py:read_http_response:147) | < HTTP/1.1 101 Switching Protocols
[2025-07-09 08:44:01,459.459] DEBUG    [MainThread|MainProcess] websockets.client (client.py:read_http_response:149) | < Upgrade: websocket
[2025-07-09 08:44:01,474.474] DEBUG    [MainThread|MainProcess] websockets.client (client.py:read_http_response:149) | < Connection: Upgrade
[2025-07-09 08:44:01,474.474] DEBUG    [MainThread|MainProcess] websockets.client (client.py:read_http_response:149) | < Sec-WebSocket-Accept: Ki+4f/LQK9axqsLLhPDYEjh/1tQ=
[2025-07-09 08:44:01,474.474] DEBUG    [MainThread|MainProcess] websockets.client (protocol.py:connection_open:357) | = connection is OPEN
[2025-07-09 08:44:01,474.474] DEBUG    [MainThread|MainProcess] websockets.client (protocol.py:write_frame_sync:1183) | > TEXT '{"action": "send_group_msg", "params": {"group_...]}, "echo": 1752021841}' [142 bytes]
[2025-07-09 08:44:02,019.019] DEBUG    [MainThread|MainProcess] websockets.client (protocol.py:read_frame:1177) | < TEXT '{"status":"ok","retcode":0,"data":{"message_id"...":"","echo":1752021841}' [104 bytes]
[2025-07-09 08:44:02,019.019] DEBUG    [MainThread|MainProcess] websockets.client (protocol.py:write_close_frame:1232) | = connection is CLOSING
[2025-07-09 08:44:02,019.019] DEBUG    [MainThread|MainProcess] websockets.client (protocol.py:write_frame_sync:1183) | > CLOSE 1000 (OK) [2 bytes]
[2025-07-09 08:44:02,019.019] DEBUG    [MainThread|MainProcess] websockets.client (protocol.py:read_frame:1177) | < CLOSE 1000 (OK) [2 bytes]
[2025-07-09 08:44:02,019.019] DEBUG    [MainThread|MainProcess] websockets.client (protocol.py:connection_lost:1514) | = connection is CLOSED
[2025-07-09 08:44:02,019.019] DEBUG    [MainThread|MainProcess] Logger (api.py:check_and_log:32) | {'status': 'ok', 'retcode': 0, 'data': {'message_id': 1698596207}, 'message': '', 'wording': '', 'echo': 1752021841}
[2025-07-09 08:44:24,680.680] DEBUG    [MainThread|MainProcess] websockets.client (protocol.py:read_frame:1177) | < TEXT '{"time":1752021864,"self_id":703263936,"post_ty...true},"interval":30000}' [148 bytes]
[2025-07-09 08:44:24,680.680] DEBUG    [MainThread|MainProcess] Logger (connect.py:on_message:43) | {'time': 1752021864, 'self_id': 703263936, 'post_type': 'meta_event', 'meta_event_type': 'heartbeat', 'status': {'online': True, 'good': True}, 'interval': 30000}
[2025-07-09 08:44:54,689.689] DEBUG    [MainThread|MainProcess] websockets.client (protocol.py:read_frame:1177) | < TEXT '{"time":1752021894,"self_id":703263936,"post_ty...true},"interval":30000}' [148 bytes]
[2025-07-09 08:44:54,689.689] DEBUG    [MainThread|MainProcess] Logger (connect.py:on_message:43) | {'time': 1752021894, 'self_id': 703263936, 'post_type': 'meta_event', 'meta_event_type': 'heartbeat', 'status': {'online': True, 'good': True}, 'interval': 30000}
[2025-07-09 08:45:24,702.702] DEBUG    [MainThread|MainProcess] websockets.client (protocol.py:read_frame:1177) | < TEXT '{"time":1752021924,"self_id":703263936,"post_ty...true},"interval":30000}' [148 bytes]
[2025-07-09 08:45:24,702.702] DEBUG    [MainThread|MainProcess] Logger (connect.py:on_message:43) | {'time': 1752021924, 'self_id': 703263936, 'post_type': 'meta_event', 'meta_event_type': 'heartbeat', 'status': {'online': True, 'good': True}, 'interval': 30000}
[2025-07-09 08:45:54,716.716] DEBUG    [MainThread|MainProcess] websockets.client (protocol.py:read_frame:1177) | < TEXT '{"time":1752021954,"self_id":703263936,"post_ty...true},"interval":30000}' [148 bytes]
[2025-07-09 08:45:54,716.716] DEBUG    [MainThread|MainProcess] Logger (connect.py:on_message:43) | {'time': 1752021954, 'self_id': 703263936, 'post_type': 'meta_event', 'meta_event_type': 'heartbeat', 'status': {'online': True, 'good': True}, 'interval': 30000}
[2025-07-09 08:46:24,721.721] DEBUG    [MainThread|MainProcess] websockets.client (protocol.py:read_frame:1177) | < TEXT '{"time":1752021984,"self_id":703263936,"post_ty...true},"interval":30000}' [148 bytes]
[2025-07-09 08:46:24,721.721] DEBUG    [MainThread|MainProcess] Logger (connect.py:on_message:43) | {'time': 1752021984, 'self_id': 703263936, 'post_type': 'meta_event', 'meta_event_type': 'heartbeat', 'status': {'online': True, 'good': True}, 'interval': 30000}
[2025-07-09 08:46:54,735.735] DEBUG    [MainThread|MainProcess] websockets.client (protocol.py:read_frame:1177) | < TEXT '{"time":1752022014,"self_id":703263936,"post_ty...true},"interval":30000}' [148 bytes]
[2025-07-09 08:46:54,735.735] DEBUG    [MainThread|MainProcess] Logger (connect.py:on_message:43) | {'time': 1752022014, 'self_id': 703263936, 'post_type': 'meta_event', 'meta_event_type': 'heartbeat', 'status': {'online': True, 'good': True}, 'interval': 30000}
[2025-07-09 08:47:24,749.749] DEBUG    [MainThread|MainProcess] websockets.client (protocol.py:read_frame:1177) | < TEXT '{"time":1752022044,"self_id":703263936,"post_ty...true},"interval":30000}' [148 bytes]
[2025-07-09 08:47:24,749.749] DEBUG    [MainThread|MainProcess] Logger (connect.py:on_message:43) | {'time': 1752022044, 'self_id': 703263936, 'post_type': 'meta_event', 'meta_event_type': 'heartbeat', 'status': {'online': True, 'good': True}, 'interval': 30000}
[2025-07-09 08:47:54,755.755] DEBUG    [MainThread|MainProcess] websockets.client (protocol.py:read_frame:1177) | < TEXT '{"time":1752022074,"self_id":703263936,"post_ty...true},"interval":30000}' [148 bytes]
[2025-07-09 08:47:54,755.755] DEBUG    [MainThread|MainProcess] Logger (connect.py:on_message:43) | {'time': 1752022074, 'self_id': 703263936, 'post_type': 'meta_event', 'meta_event_type': 'heartbeat', 'status': {'online': True, 'good': True}, 'interval': 30000}
[2025-07-09 08:48:24,769.769] DEBUG    [MainThread|MainProcess] websockets.client (protocol.py:read_frame:1177) | < TEXT '{"time":1752022104,"self_id":703263936,"post_ty...true},"interval":30000}' [148 bytes]
[2025-07-09 08:48:24,769.769] DEBUG    [MainThread|MainProcess] Logger (connect.py:on_message:43) | {'time': 1752022104, 'self_id': 703263936, 'post_type': 'meta_event', 'meta_event_type': 'heartbeat', 'status': {'online': True, 'good': True}, 'interval': 30000}
[2025-07-09 08:48:43,116.116] DEBUG    [MainThread|MainProcess] websockets.client (protocol.py:read_frame:1177) | < TEXT '{"self_id":703263936,"user_id":2585690555,"time...","group_id":465281893}' [424 bytes]
[2025-07-09 08:48:43,116.116] DEBUG    [MainThread|MainProcess] Logger (client.py:handle_group_event:67) | {'group_id': '465281893', 'user_id': '2585690555', 'message_type': 'group', 'sub_type': 'normal', 'font': '14', 'sender': "{'user_id': 2585690555, 'nickname': 'Yuze_Yaooo', 'card': 'Yuze_Yaooo'}", 'message_id': '267998971', 'message_seq': '267998971', 'real_id': '267998971', 'message': "[{'type': 'text', 'data': {'text': '/'}}]", 'message_format': 'array'}
[2025-07-09 08:48:43,132.132] INFO     [MainThread|MainProcess] Logger (main.py:on_group_message:33) | {'group_id': '465281893', 'user_id': '2585690555', 'message_type': 'group', 'sub_type': 'normal', 'font': '14', 'sender': "{'user_id': 2585690555, 'nickname': 'Yuze_Yaooo', 'card': 'Yuze_Yaooo'}", 'message_id': '267998971', 'message_seq': '267998971', 'real_id': '267998971', 'message': "[{'type': 'text', 'data': {'text': '/'}}]", 'message_format': 'array'}
[2025-07-09 08:48:51,839.839] DEBUG    [MainThread|MainProcess] websockets.client (protocol.py:read_frame:1177) | < TEXT '{"self_id":703263936,"user_id":2585690555,"time...","group_id":465281893}' [428 bytes]
[2025-07-09 08:48:51,839.839] DEBUG    [MainThread|MainProcess] Logger (client.py:handle_group_event:67) | {'group_id': '465281893', 'user_id': '2585690555', 'message_type': 'group', 'sub_type': 'normal', 'font': '14', 'sender': "{'user_id': 2585690555, 'nickname': 'Yuze_Yaooo', 'card': 'Yuze_Yaooo'}", 'message_id': '133401032', 'message_seq': '133401032', 'real_id': '133401032', 'message': "[{'type': 'text', 'data': {'text': ']'}}]", 'message_format': 'array'}
[2025-07-09 08:48:51,839.839] INFO     [MainThread|MainProcess] Logger (main.py:on_group_message:33) | {'group_id': '465281893', 'user_id': '2585690555', 'message_type': 'group', 'sub_type': 'normal', 'font': '14', 'sender': "{'user_id': 2585690555, 'nickname': 'Yuze_Yaooo', 'card': 'Yuze_Yaooo'}", 'message_id': '133401032', 'message_seq': '133401032', 'real_id': '133401032', 'message': "[{'type': 'text', 'data': {'text': ']'}}]", 'message_format': 'array'}
[2025-07-09 08:48:54,777.777] DEBUG    [MainThread|MainProcess] websockets.client (protocol.py:read_frame:1177) | < TEXT '{"time":1752022134,"self_id":703263936,"post_ty...true},"interval":30000}' [148 bytes]
[2025-07-09 08:48:54,777.777] DEBUG    [MainThread|MainProcess] Logger (connect.py:on_message:43) | {'time': 1752022134, 'self_id': 703263936, 'post_type': 'meta_event', 'meta_event_type': 'heartbeat', 'status': {'online': True, 'good': True}, 'interval': 30000}
[2025-07-09 08:48:58,933.933] DEBUG    [MainThread|MainProcess] websockets.client (protocol.py:read_frame:1177) | < TEXT '{"self_id":703263936,"user_id":2585690555,"time...","group_id":465281893}' [437 bytes]
[2025-07-09 08:48:58,933.933] DEBUG    [MainThread|MainProcess] Logger (client.py:handle_group_event:67) | {'group_id': '465281893', 'user_id': '2585690555', 'message_type': 'group', 'sub_type': 'normal', 'font': '14', 'sender': "{'user_id': 2585690555, 'nickname': 'Yuze_Yaooo', 'card': 'Yuze_Yaooo'}", 'message_id': '1513568438', 'message_seq': '1513568438', 'real_id': '1513568438', 'message': "[{'type': 'text', 'data': {'text': '[]'}}]", 'message_format': 'array'}
[2025-07-09 08:48:58,933.933] INFO     [MainThread|MainProcess] Logger (main.py:on_group_message:33) | {'group_id': '465281893', 'user_id': '2585690555', 'message_type': 'group', 'sub_type': 'normal', 'font': '14', 'sender': "{'user_id': 2585690555, 'nickname': 'Yuze_Yaooo', 'card': 'Yuze_Yaooo'}", 'message_id': '1513568438', 'message_seq': '1513568438', 'real_id': '1513568438', 'message': "[{'type': 'text', 'data': {'text': '[]'}}]", 'message_format': 'array'}
[2025-07-09 08:49:24,781.781] DEBUG    [MainThread|MainProcess] websockets.client (protocol.py:read_frame:1177) | < TEXT '{"time":1752022164,"self_id":703263936,"post_ty...true},"interval":30000}' [148 bytes]
[2025-07-09 08:49:24,781.781] DEBUG    [MainThread|MainProcess] Logger (connect.py:on_message:43) | {'time': 1752022164, 'self_id': 703263936, 'post_type': 'meta_event', 'meta_event_type': 'heartbeat', 'status': {'online': True, 'good': True}, 'interval': 30000}
[2025-07-09 08:49:54,792.792] DEBUG    [MainThread|MainProcess] websockets.client (protocol.py:read_frame:1177) | < TEXT '{"time":1752022194,"self_id":703263936,"post_ty...true},"interval":30000}' [148 bytes]
[2025-07-09 08:49:54,792.792] DEBUG    [MainThread|MainProcess] Logger (connect.py:on_message:43) | {'time': 1752022194, 'self_id': 703263936, 'post_type': 'meta_event', 'meta_event_type': 'heartbeat', 'status': {'online': True, 'good': True}, 'interval': 30000}
[2025-07-09 08:50:24,806.806] DEBUG    [MainThread|MainProcess] websockets.client (protocol.py:read_frame:1177) | < TEXT '{"time":1752022224,"self_id":703263936,"post_ty...true},"interval":30000}' [148 bytes]
[2025-07-09 08:50:24,806.806] DEBUG    [MainThread|MainProcess] Logger (connect.py:on_message:43) | {'time': 1752022224, 'self_id': 703263936, 'post_type': 'meta_event', 'meta_event_type': 'heartbeat', 'status': {'online': True, 'good': True}, 'interval': 30000}
[2025-07-09 08:50:44,013.013] DEBUG    [MainThread|MainProcess] websockets.client (protocol.py:read_frame:1177) | < TEXT '{"self_id":703263936,"user_id":3863501516,"time...","group_id":465281893}' [3091 bytes]
[2025-07-09 08:50:44,013.013] DEBUG    [MainThread|MainProcess] Logger (client.py:handle_group_event:67) | {'group_id': '465281893', 'user_id': '3863501516', 'message_type': 'group', 'sub_type': 'normal', 'font': '14', 'sender': "{'user_id': 3863501516, 'nickname': 'mtr_mcfunction', 'card': 'EricDing618'}", 'message_id': '1165449065', 'message_seq': '1165449065', 'real_id': '1165449065', 'message': '[{\'type\': \'text\', \'data\': {\'text\': \' \\n \\u200b\\xa0\\xa0\\xa0\\xa0\\u200bdef\\u200b\\xa0\\u200bbracketPair\\u200b(\\u200bself\\u200b,\\xa0\\u200btext\\u200b:\\u200bstr\\u200b): \\n \\u200b\\xa0\\xa0\\xa0\\xa0\\xa0\\xa0\\xa0\\xa0\\u200btry\\u200b: \\n \\u200b\\xa0\\xa0\\xa0\\xa0\\xa0\\xa0\\xa0\\xa0\\xa0\\xa0\\xa0\\xa0\\u200bif\\u200b\\xa0\\u200bnot\\u200b\\xa0\\u200bself\\u200b.\\u200bgroupInfo\\u200b[\\u200b"littleFunctions"\\u200b][\\u200b"bracketPair"\\u200b]: \\n \\u200b\\xa0\\xa0\\xa0\\xa0\\xa0\\xa0\\xa0\\xa0\\xa0\\xa0\\xa0\\xa0\\xa0\\xa0\\xa0\\xa0\\u200breturn \\n \\u200b\\xa0\\xa0\\xa0\\xa0\\xa0\\xa0\\xa0\\xa0\\xa0\\xa0\\xa0\\xa0\\u200bleftBrackets\\u200b\\xa0\\u200b=\\u200b\\xa0[\\u200b\\\'(\\\'\\u200b,\\xa0\\u200b\\\'[\\\'\\u200b,\\xa0\\u200b\\\'{\\\'\\u200b,\\xa0\\u200b\\\'<\\\'\\u200b,\\xa0\\u200b\\\'〔\\\'\\u200b,\\xa0\\u200b\\\'【\\\'\\u200b,\\xa0\\u200b\\\'《\\\'\\u200b,\\xa0\\u200b\\\'〖\\\'\\u200b,\\xa0\\u200b\\\'「\\\'\\u200b,\\xa0\\u200b\\\'（\\\'\\u200b,\\xa0\\u200b\\\'｛\\\'\\u200b,\\xa0\\u200b\\\'〘\\\'\\u200b,\\xa0\\u200b\\\'〚\\\'\\u200b,\\xa0\\u200b\\\'『\\\'\\u200b,\\xa0\\u200b\\\'〟\\\'\\u200b,\\xa0\\u200b\\\'〈\\\'\\u200b] \\n \\u200b\\xa0\\xa0\\xa0\\xa0\\xa0\\xa0\\xa0\\xa0\\xa0\\xa0\\xa0\\xa0\\u200brightBrackets\\u200b\\xa0\\u200b=\\u200b\\xa0[\\u200b\\\')\\\'\\u200b,\\xa0\\u200b\\\']\\\'\\u200b,\\xa0\\u200b\\\'}\\\'\\u200b,\\xa0\\u200b\\\'>\\\'\\u200b,\\xa0\\u200b\\\'〕\\\'\\u200b,\\xa0\\u200b\\\'】\\\'\\u200b,\\xa0\\u200b\\\'》\\\'\\u200b,\\xa0\\u200b\\\'〗\\\'\\u200b,\\xa0\\u200b\\\'」\\\'\\u200b,\\xa0\\u200b\\\'）\\\'\\u200b,\\xa0\\u200b\\\'｝\\\'\\u200b,\\xa0\\u200b\\\'〙\\\'\\u200b,\\xa0\\u200b\\\'〛\\\'\\u200b,\\xa0\\u200b\\\'』\\\'\\u200b,\\xa0\\u200b\\\'〞\\\'\\u200b,\\xa0\\u200b\\\'〉\\\'\\u200b] \\n  \\n \\u200b\\xa0\\xa0\\xa0\\xa0\\xa0\\xa0\\xa0\\xa0\\xa0\\xa0\\xa0\\xa0\\u200bfor\\u200b\\xa0\\u200bi\\u200b\\xa0\\u200bin\\u200b\\xa0\\u200bleftBrackets\\u200b: \\n \\u200b\\xa0\\xa0\\xa0\\xa0\\xa0\\xa0\\xa0\\xa0\\xa0\\xa0\\xa0\\xa0\\xa0\\xa0\\xa0\\xa0\\u200bif\\u200b\\xa0\\u200bi\\u200b\\xa0\\u200bin\\u200b\\xa0\\u200btext\\u200b\\xa0\\u200band\\u200b\\xa0\\u200brightBrackets\\u200b[\\u200bleftBrackets\\u200b.\\u200bindex\\u200b(\\u200bi\\u200b)]\\xa0\\u200bnot\\u200b\\xa0\\u200bin\\u200b\\xa0\\u200btext\\u200b: \\n \\u200b\\xa0\\xa0\\xa0\\xa0\\xa0\\xa0\\xa0\\xa0\\xa0\\xa0\\xa0\\xa0\\xa0\\xa0\\xa0\\xa0\\xa0\\xa0\\xa0\\xa0\\u200breturn\\u200b\\xa0\\u200brightBrackets\\u200b[\\u200bleftBrackets\\u200b.\\u200bindex\\u200b(\\u200bi\\u200b)] \\n \\u200b\\xa0\\xa0\\xa0\\xa0\\xa0\\xa0\\xa0\\xa0\\u200bexcept\\u200b: \\n \\u200b\\xa0\\xa0\\xa0\\xa0\\xa0\\xa0\\xa0\\xa0\\xa0\\xa0\\xa0\\xa0\\u200bpass\'}}]', 'message_format': 'array'}
[2025-07-09 08:50:44,029.029] INFO     [MainThread|MainProcess] Logger (main.py:on_group_message:33) | {'group_id': '465281893', 'user_id': '3863501516', 'message_type': 'group', 'sub_type': 'normal', 'font': '14', 'sender': "{'user_id': 3863501516, 'nickname': 'mtr_mcfunction', 'card': 'EricDing618'}", 'message_id': '1165449065', 'message_seq': '1165449065', 'real_id': '1165449065', 'message': '[{\'type\': \'text\', \'data\': {\'text\': \' \\n \\u200b\\xa0\\xa0\\xa0\\xa0\\u200bdef\\u200b\\xa0\\u200bbracketPair\\u200b(\\u200bself\\u200b,\\xa0\\u200btext\\u200b:\\u200bstr\\u200b): \\n \\u200b\\xa0\\xa0\\xa0\\xa0\\xa0\\xa0\\xa0\\xa0\\u200btry\\u200b: \\n \\u200b\\xa0\\xa0\\xa0\\xa0\\xa0\\xa0\\xa0\\xa0\\xa0\\xa0\\xa0\\xa0\\u200bif\\u200b\\xa0\\u200bnot\\u200b\\xa0\\u200bself\\u200b.\\u200bgroupInfo\\u200b[\\u200b"littleFunctions"\\u200b][\\u200b"bracketPair"\\u200b]: \\n \\u200b\\xa0\\xa0\\xa0\\xa0\\xa0\\xa0\\xa0\\xa0\\xa0\\xa0\\xa0\\xa0\\xa0\\xa0\\xa0\\xa0\\u200breturn \\n \\u200b\\xa0\\xa0\\xa0\\xa0\\xa0\\xa0\\xa0\\xa0\\xa0\\xa0\\xa0\\xa0\\u200bleftBrackets\\u200b\\xa0\\u200b=\\u200b\\xa0[\\u200b\\\'(\\\'\\u200b,\\xa0\\u200b\\\'[\\\'\\u200b,\\xa0\\u200b\\\'{\\\'\\u200b,\\xa0\\u200b\\\'<\\\'\\u200b,\\xa0\\u200b\\\'〔\\\'\\u200b,\\xa0\\u200b\\\'【\\\'\\u200b,\\xa0\\u200b\\\'《\\\'\\u200b,\\xa0\\u200b\\\'〖\\\'\\u200b,\\xa0\\u200b\\\'「\\\'\\u200b,\\xa0\\u200b\\\'（\\\'\\u200b,\\xa0\\u200b\\\'｛\\\'\\u200b,\\xa0\\u200b\\\'〘\\\'\\u200b,\\xa0\\u200b\\\'〚\\\'\\u200b,\\xa0\\u200b\\\'『\\\'\\u200b,\\xa0\\u200b\\\'〟\\\'\\u200b,\\xa0\\u200b\\\'〈\\\'\\u200b] \\n \\u200b\\xa0\\xa0\\xa0\\xa0\\xa0\\xa0\\xa0\\xa0\\xa0\\xa0\\xa0\\xa0\\u200brightBrackets\\u200b\\xa0\\u200b=\\u200b\\xa0[\\u200b\\\')\\\'\\u200b,\\xa0\\u200b\\\']\\\'\\u200b,\\xa0\\u200b\\\'}\\\'\\u200b,\\xa0\\u200b\\\'>\\\'\\u200b,\\xa0\\u200b\\\'〕\\\'\\u200b,\\xa0\\u200b\\\'】\\\'\\u200b,\\xa0\\u200b\\\'》\\\'\\u200b,\\xa0\\u200b\\\'〗\\\'\\u200b,\\xa0\\u200b\\\'」\\\'\\u200b,\\xa0\\u200b\\\'）\\\'\\u200b,\\xa0\\u200b\\\'｝\\\'\\u200b,\\xa0\\u200b\\\'〙\\\'\\u200b,\\xa0\\u200b\\\'〛\\\'\\u200b,\\xa0\\u200b\\\'』\\\'\\u200b,\\xa0\\u200b\\\'〞\\\'\\u200b,\\xa0\\u200b\\\'〉\\\'\\u200b] \\n  \\n \\u200b\\xa0\\xa0\\xa0\\xa0\\xa0\\xa0\\xa0\\xa0\\xa0\\xa0\\xa0\\xa0\\u200bfor\\u200b\\xa0\\u200bi\\u200b\\xa0\\u200bin\\u200b\\xa0\\u200bleftBrackets\\u200b: \\n \\u200b\\xa0\\xa0\\xa0\\xa0\\xa0\\xa0\\xa0\\xa0\\xa0\\xa0\\xa0\\xa0\\xa0\\xa0\\xa0\\xa0\\u200bif\\u200b\\xa0\\u200bi\\u200b\\xa0\\u200bin\\u200b\\xa0\\u200btext\\u200b\\xa0\\u200band\\u200b\\xa0\\u200brightBrackets\\u200b[\\u200bleftBrackets\\u200b.\\u200bindex\\u200b(\\u200bi\\u200b)]\\xa0\\u200bnot\\u200b\\xa0\\u200bin\\u200b\\xa0\\u200btext\\u200b: \\n \\u200b\\xa0\\xa0\\xa0\\xa0\\xa0\\xa0\\xa0\\xa0\\xa0\\xa0\\xa0\\xa0\\xa0\\xa0\\xa0\\xa0\\xa0\\xa0\\xa0\\xa0\\u200breturn\\u200b\\xa0\\u200brightBrackets\\u200b[\\u200bleftBrackets\\u200b.\\u200bindex\\u200b(\\u200bi\\u200b)] \\n \\u200b\\xa0\\xa0\\xa0\\xa0\\xa0\\xa0\\xa0\\xa0\\u200bexcept\\u200b: \\n \\u200b\\xa0\\xa0\\xa0\\xa0\\xa0\\xa0\\xa0\\xa0\\xa0\\xa0\\xa0\\xa0\\u200bpass\'}}]', 'message_format': 'array'}
[2025-07-09 08:50:54,811.811] DEBUG    [MainThread|MainProcess] websockets.client (protocol.py:read_frame:1177) | < TEXT '{"time":1752022254,"self_id":703263936,"post_ty...true},"interval":30000}' [148 bytes]
[2025-07-09 08:50:54,811.811] DEBUG    [MainThread|MainProcess] Logger (connect.py:on_message:43) | {'time': 1752022254, 'self_id': 703263936, 'post_type': 'meta_event', 'meta_event_type': 'heartbeat', 'status': {'online': True, 'good': True}, 'interval': 30000}
[2025-07-09 08:51:24,825.825] DEBUG    [MainThread|MainProcess] websockets.client (protocol.py:read_frame:1177) | < TEXT '{"time":1752022284,"self_id":703263936,"post_ty...true},"interval":30000}' [148 bytes]
[2025-07-09 08:51:24,825.825] DEBUG    [MainThread|MainProcess] Logger (connect.py:on_message:43) | {'time': 1752022284, 'self_id': 703263936, 'post_type': 'meta_event', 'meta_event_type': 'heartbeat', 'status': {'online': True, 'good': True}, 'interval': 30000}
[2025-07-09 08:51:30,637.637] DEBUG    [MainThread|MainProcess] websockets.client (protocol.py:read_frame:1177) | < TEXT '{"self_id":703263936,"user_id":3863501516,"time...","group_id":465281893}' [467 bytes]
[2025-07-09 08:51:30,637.637] DEBUG    [MainThread|MainProcess] Logger (client.py:handle_group_event:67) | {'group_id': '465281893', 'user_id': '3863501516', 'message_type': 'group', 'sub_type': 'normal', 'font': '14', 'sender': "{'user_id': 3863501516, 'nickname': 'mtr_mcfunction', 'card': 'EricDing618'}", 'message_id': '1878742628', 'message_seq': '1878742628', 'real_id': '1878742628', 'message': "[{'type': 'text', 'data': {'text': '只能用←匹配'}}]", 'message_format': 'array'}
[2025-07-09 08:51:30,637.637] INFO     [MainThread|MainProcess] Logger (main.py:on_group_message:33) | {'group_id': '465281893', 'user_id': '3863501516', 'message_type': 'group', 'sub_type': 'normal', 'font': '14', 'sender': "{'user_id': 3863501516, 'nickname': 'mtr_mcfunction', 'card': 'EricDing618'}", 'message_id': '1878742628', 'message_seq': '1878742628', 'real_id': '1878742628', 'message': "[{'type': 'text', 'data': {'text': '只能用←匹配'}}]", 'message_format': 'array'}
[2025-07-09 08:51:54,834.834] DEBUG    [MainThread|MainProcess] websockets.client (protocol.py:read_frame:1177) | < TEXT '{"time":1752022314,"self_id":703263936,"post_ty...true},"interval":30000}' [148 bytes]
[2025-07-09 08:51:54,834.834] DEBUG    [MainThread|MainProcess] Logger (connect.py:on_message:43) | {'time': 1752022314, 'self_id': 703263936, 'post_type': 'meta_event', 'meta_event_type': 'heartbeat', 'status': {'online': True, 'good': True}, 'interval': 30000}
[2025-07-09 08:52:24,847.847] DEBUG    [MainThread|MainProcess] websockets.client (protocol.py:read_frame:1177) | < TEXT '{"time":1752022344,"self_id":703263936,"post_ty...true},"interval":30000}' [148 bytes]
[2025-07-09 08:52:24,847.847] DEBUG    [MainThread|MainProcess] Logger (connect.py:on_message:43) | {'time': 1752022344, 'self_id': 703263936, 'post_type': 'meta_event', 'meta_event_type': 'heartbeat', 'status': {'online': True, 'good': True}, 'interval': 30000}
[2025-07-09 08:52:36,397.397] DEBUG    [MainThread|MainProcess] websockets.client (protocol.py:read_frame:1177) | < TEXT '{"self_id":703263936,"user_id":2585690555,"time...","group_id":465281893}' [485 bytes]
[2025-07-09 08:52:36,397.397] DEBUG    [MainThread|MainProcess] Logger (client.py:handle_group_event:67) | {'group_id': '465281893', 'user_id': '2585690555', 'message_type': 'group', 'sub_type': 'normal', 'font': '14', 'sender': "{'user_id': 2585690555, 'nickname': 'Yuze_Yaooo', 'card': 'Yuze_Yaooo'}", 'message_id': '2109368339', 'message_seq': '2109368339', 'real_id': '2109368339', 'message': "[{'type': 'text', 'data': {'text': 'str类型会有什么漏洞吗'}}]", 'message_format': 'array'}
[2025-07-09 08:52:36,397.397] INFO     [MainThread|MainProcess] Logger (main.py:on_group_message:33) | {'group_id': '465281893', 'user_id': '2585690555', 'message_type': 'group', 'sub_type': 'normal', 'font': '14', 'sender': "{'user_id': 2585690555, 'nickname': 'Yuze_Yaooo', 'card': 'Yuze_Yaooo'}", 'message_id': '2109368339', 'message_seq': '2109368339', 'real_id': '2109368339', 'message': "[{'type': 'text', 'data': {'text': 'str类型会有什么漏洞吗'}}]", 'message_format': 'array'}
[2025-07-09 08:52:54,862.862] DEBUG    [MainThread|MainProcess] websockets.client (protocol.py:read_frame:1177) | < TEXT '{"time":1752022374,"self_id":703263936,"post_ty...true},"interval":30000}' [148 bytes]
[2025-07-09 08:52:54,862.862] DEBUG    [MainThread|MainProcess] Logger (connect.py:on_message:43) | {'time': 1752022374, 'self_id': 703263936, 'post_type': 'meta_event', 'meta_event_type': 'heartbeat', 'status': {'online': True, 'good': True}, 'interval': 30000}
[2025-07-09 08:53:18,891.891] DEBUG    [MainThread|MainProcess] websockets.client (protocol.py:read_frame:1177) | < TEXT '{"self_id":703263936,"user_id":3863501516,"time...","group_id":465281893}' [1074 bytes]
[2025-07-09 08:53:18,891.891] DEBUG    [MainThread|MainProcess] Logger (client.py:handle_group_event:67) | {'group_id': '465281893', 'user_id': '3863501516', 'message_type': 'group', 'sub_type': 'normal', 'font': '14', 'sender': "{'user_id': 3863501516, 'nickname': 'mtr_mcfunction', 'card': 'EricDing618'}", 'message_id': '749347521', 'message_seq': '749347521', 'real_id': '749347521', 'message': "[{'type': 'image', 'data': {'summary': '', 'file': '6156938A40C665ADC46EC455E30FE57B.jpg', 'sub_type': 0, 'url': 'https://multimedia.nt.qq.com.cn/download?appid=1407&fileid=EhSd24sOD77iRVFPqAov3Geci4tmkBjiwgcg_woogY6OhciujgMyBHByb2RQgL2jAVoQ4-mFpvDPt4d5YpHcmCKPu3oCiGw&rkey=CAMSMNw7G7a3YqeiHarfNFbckwbihhgyMJAEmzjJrs8s-FrEn3D0wz3K_xIdRAManZ5QCA', 'file_size': '123234'}}]", 'message_format': 'array'}
[2025-07-09 08:53:18,891.891] INFO     [MainThread|MainProcess] Logger (main.py:on_group_message:33) | {'group_id': '465281893', 'user_id': '3863501516', 'message_type': 'group', 'sub_type': 'normal', 'font': '14', 'sender': "{'user_id': 3863501516, 'nickname': 'mtr_mcfunction', 'card': 'EricDing618'}", 'message_id': '749347521', 'message_seq': '749347521', 'real_id': '749347521', 'message': "[{'type': 'image', 'data': {'summary': '', 'file': '6156938A40C665ADC46EC455E30FE57B.jpg', 'sub_type': 0, 'url': 'https://multimedia.nt.qq.com.cn/download?appid=1407&fileid=EhSd24sOD77iRVFPqAov3Geci4tmkBjiwgcg_woogY6OhciujgMyBHByb2RQgL2jAVoQ4-mFpvDPt4d5YpHcmCKPu3oCiGw&rkey=CAMSMNw7G7a3YqeiHarfNFbckwbihhgyMJAEmzjJrs8s-FrEn3D0wz3K_xIdRAManZ5QCA', 'file_size': '123234'}}]", 'message_format': 'array'}
[2025-07-09 08:53:19,118.118] DEBUG    [MainThread|MainProcess] websockets.client (protocol.py:read_frame:1177) | < TEXT '{"self_id":703263936,"user_id":3863501516,"time...","group_id":465281893}' [494 bytes]
[2025-07-09 08:53:19,118.118] DEBUG    [MainThread|MainProcess] Logger (client.py:handle_group_event:67) | {'group_id': '465281893', 'user_id': '3863501516', 'message_type': 'group', 'sub_type': 'normal', 'font': '14', 'sender': "{'user_id': 3863501516, 'nickname': 'mtr_mcfunction', 'card': 'EricDing618'}", 'message_id': '4005923', 'message_seq': '4005923', 'real_id': '4005923', 'message': "[{'type': 'text', 'data': {'text': '布吉岛。机厅盐豆不盐了。'}}]", 'message_format': 'array'}
[2025-07-09 08:53:19,118.118] INFO     [MainThread|MainProcess] Logger (main.py:on_group_message:33) | {'group_id': '465281893', 'user_id': '3863501516', 'message_type': 'group', 'sub_type': 'normal', 'font': '14', 'sender': "{'user_id': 3863501516, 'nickname': 'mtr_mcfunction', 'card': 'EricDing618'}", 'message_id': '4005923', 'message_seq': '4005923', 'real_id': '4005923', 'message': "[{'type': 'text', 'data': {'text': '布吉岛。机厅盐豆不盐了。'}}]", 'message_format': 'array'}
[2025-07-09 08:53:24,866.866] DEBUG    [MainThread|MainProcess] websockets.client (protocol.py:read_frame:1177) | < TEXT '{"time":1752022404,"self_id":703263936,"post_ty...true},"interval":30000}' [148 bytes]
[2025-07-09 08:53:24,866.866] DEBUG    [MainThread|MainProcess] Logger (connect.py:on_message:43) | {'time': 1752022404, 'self_id': 703263936, 'post_type': 'meta_event', 'meta_event_type': 'heartbeat', 'status': {'online': True, 'good': True}, 'interval': 30000}
[2025-07-09 08:53:54,872.872] DEBUG    [MainThread|MainProcess] websockets.client (protocol.py:read_frame:1177) | < TEXT '{"time":1752022434,"self_id":703263936,"post_ty...true},"interval":30000}' [148 bytes]
[2025-07-09 08:53:54,872.872] DEBUG    [MainThread|MainProcess] Logger (connect.py:on_message:43) | {'time': 1752022434, 'self_id': 703263936, 'post_type': 'meta_event', 'meta_event_type': 'heartbeat', 'status': {'online': True, 'good': True}, 'interval': 30000}
[2025-07-09 08:54:24,885.885] DEBUG    [MainThread|MainProcess] websockets.client (protocol.py:read_frame:1177) | < TEXT '{"time":1752022464,"self_id":703263936,"post_ty...true},"interval":30000}' [148 bytes]
[2025-07-09 08:54:24,885.885] DEBUG    [MainThread|MainProcess] Logger (connect.py:on_message:43) | {'time': 1752022464, 'self_id': 703263936, 'post_type': 'meta_event', 'meta_event_type': 'heartbeat', 'status': {'online': True, 'good': True}, 'interval': 30000}
[2025-07-09 08:54:45,124.124] DEBUG    [MainThread|MainProcess] websockets.client (protocol.py:read_frame:1177) | < TEXT '{"self_id":703263936,"user_id":2585690555,"time...","group_id":465281893}' [463 bytes]
[2025-07-09 08:54:45,140.140] DEBUG    [MainThread|MainProcess] Logger (client.py:handle_group_event:67) | {'group_id': '465281893', 'user_id': '2585690555', 'message_type': 'group', 'sub_type': 'normal', 'font': '14', 'sender': "{'user_id': 2585690555, 'nickname': 'Yuze_Yaooo', 'card': 'Yuze_Yaooo'}", 'message_id': '514986328', 'message_seq': '514986328', 'real_id': '514986328', 'message': "[{'type': 'text', 'data': {'text': '能不能修修split '}}]", 'message_format': 'array'}
[2025-07-09 08:54:45,140.140] INFO     [MainThread|MainProcess] Logger (main.py:on_group_message:33) | {'group_id': '465281893', 'user_id': '2585690555', 'message_type': 'group', 'sub_type': 'normal', 'font': '14', 'sender': "{'user_id': 2585690555, 'nickname': 'Yuze_Yaooo', 'card': 'Yuze_Yaooo'}", 'message_id': '514986328', 'message_seq': '514986328', 'real_id': '514986328', 'message': "[{'type': 'text', 'data': {'text': '能不能修修split '}}]", 'message_format': 'array'}
[2025-07-09 08:54:54,899.899] DEBUG    [MainThread|MainProcess] websockets.client (protocol.py:read_frame:1177) | < TEXT '{"time":1752022494,"self_id":703263936,"post_ty...true},"interval":30000}' [148 bytes]
[2025-07-09 08:54:54,899.899] DEBUG    [MainThread|MainProcess] Logger (connect.py:on_message:43) | {'time': 1752022494, 'self_id': 703263936, 'post_type': 'meta_event', 'meta_event_type': 'heartbeat', 'status': {'online': True, 'good': True}, 'interval': 30000}
[2025-07-09 08:55:00,243.243] DEBUG    [MainThread|MainProcess] websockets.client (protocol.py:read_frame:1177) | < TEXT '{"self_id":703263936,"user_id":2585690555,"time...","group_id":465281893}' [470 bytes]
[2025-07-09 08:55:00,243.243] DEBUG    [MainThread|MainProcess] Logger (client.py:handle_group_event:67) | {'group_id': '465281893', 'user_id': '2585690555', 'message_type': 'group', 'sub_type': 'normal', 'font': '14', 'sender': "{'user_id': 2585690555, 'nickname': 'Yuze_Yaooo', 'card': 'Yuze_Yaooo'}", 'message_id': '267386519', 'message_seq': '267386519', 'real_id': '267386519', 'message': "[{'type': 'text', 'data': {'text': '连个空格都不能用'}}]", 'message_format': 'array'}
[2025-07-09 08:55:00,243.243] INFO     [MainThread|MainProcess] Logger (main.py:on_group_message:33) | {'group_id': '465281893', 'user_id': '2585690555', 'message_type': 'group', 'sub_type': 'normal', 'font': '14', 'sender': "{'user_id': 2585690555, 'nickname': 'Yuze_Yaooo', 'card': 'Yuze_Yaooo'}", 'message_id': '267386519', 'message_seq': '267386519', 'real_id': '267386519', 'message': "[{'type': 'text', 'data': {'text': '连个空格都不能用'}}]", 'message_format': 'array'}
[2025-07-09 08:55:24,078.078] DEBUG    [MainThread|MainProcess] websockets.client (protocol.py:read_frame:1177) | < TEXT '{"self_id":703263936,"user_id":3863501516,"time...","group_id":465281893}' [7927 bytes]
[2025-07-09 08:55:24,078.078] DEBUG    [MainThread|MainProcess] Logger (client.py:handle_group_event:67) | {'group_id': '465281893', 'user_id': '3863501516', 'message_type': 'group', 'sub_type': 'normal', 'font': '14', 'sender': "{'user_id': 3863501516, 'nickname': 'mtr_mcfunction', 'card': 'EricDing618'}", 'message_id': '2114151768', 'message_seq': '2114151768', 'real_id': '2114151768', 'message': '[{\'type\': \'text\', \'data\': {\'text\': \'这段代码有几个潜在的漏洞和可以改进的地方，我将逐一分析并提出修复建议：\\n\\n### 1. 文件路径安全问题\\n- 漏洞：`file_path`直接使用用户提供的`group_id`拼接路径，可能导致路径遍历攻击\\n- 修复：应对`group_id`进行验证，确保不包含路径分隔符等危险字符\\n```python\\nimport os\\ndef __init__(self, group_id, user_id, sender_name):\\n    if not group_id.isdigit():  # 假设group_id应该是数字\\n        raise ValueError("Invalid group_id")\\n    self.file_path = os.path.join("group", f"{group_id}.json")  # 使用os.path.join更安全\\n```\\n\\n### 2. 异常处理过于宽泛\\n- 漏洞：多处使用裸`except`会捕获所有异常，包括键盘中断等\\n- 修复：应明确捕获特定异常，如`IOError`、`json.JSONDecodeError`等\\n```python\\ntry:\\n    # 代码\\nexcept (IOError, json.JSONDecodeError) as e:\\n    # 处理特定异常\\n    logger.error(f"Error reading file: {e}")\\n    groupInfo = {}\\n```\\n\\n### 3. 并发写入问题\\n- 漏洞：多个实例同时写入同一文件可能导致数据损坏\\n- 修复：添加文件锁机制\\n```python\\nimport fcntl\\ndef writeGroupJsonFile(self, groupInfo:dict):\\n    with open(self.file_path, "w", encoding="utf-8") as f:\\n        fcntl.flock(f, fcntl.LOCK_EX)  # 获取排他锁\\n        json.dump(groupInfo, f, ensure_ascii=False, indent=4)\\n        fcntl.flock(f, fcntl.LOCK_UN)  # 释放锁\\n```\\n\\n### 4. 输入验证不足\\n- 漏洞：`name`和`name1`的验证可以绕过\\n- 修复：添加更严格的验证\\n```python\\ndef is_valid_name(name):\\n    if not name or len(name) > 20:\\n        return False\\n    # 检查控制字符、空格、换行等\\n    return all(not unicodedata.category(c).startswith(\\\'C\\\') and \\n               c not in (\\\'\\\\n\\\', \\\' \\\', \\\'\\\\t\\\') for c in name)\\n```\\n\\n### 5. 命令解析漏洞\\n- 漏洞：`text.split(" ")[1]`可能引发IndexError\\n- 修复：更安全的命令解析\\n```python\\nparts = text.split(maxsplit=2)  # 限制分割次数\\nif len(parts) < 2:\\n    return "参数不足"\\nname = parts[1]\\n```\\n\\n### 6. 数据竞争条件\\n- 漏洞：`read-modify-write`操作不是原子的\\n- 修复：将读取和写入操作合并到同一函数中，或使用锁\\n\\n### 7. 日志记录缺失\\n- 漏洞：缺乏操作日志，难以排查问题\\n- 修复：添加日志记录关键操作\\n\\n### 8. 硬编码限制\\n- 漏洞：机厅数量限制10个是硬编码的\\n- 修复：改为可配置参数\\n\\n### 9. 时间格式不一致\\n- 漏洞：时间格式硬编码，难以修改\\n- 修复：使用常量或配置\\n\\n### 10. 返回类型不一致\\n- 漏洞：有些函数返回字符串，有些返回None\\n- 修复：统一返回类型，或使用异常处理\\n\\n### 11. 目录存在性检查\\n- 漏洞：未检查group目录是否存在\\n- 修复：添加目录检查\\n```python\\nos.makedirs("group", exist_ok=True)\\n```\\n\\n### 12. SQL注入式漏洞\\n- 漏洞：虽然使用JSON文件，但类似的字符串拼接方式不安全\\n- 修复：使用`json.dumps`等安全方法\\n\\n### 13. 内存占用\\n- 漏洞：大文件可能占用过多内存\\n- 修复：考虑流式处理或分块读取\\n\\n### 14. 跨平台兼容性\\n- 漏洞：路径分隔符和文件锁在不同系统表现不同\\n- 修复：使用`os.path`和跨平台锁机制\\n\\n### 15. 错误信息泄露\\n- 漏洞：原始异常可能泄露敏感信息\\n- 修复：返回通用错误信息\\n\\n建议的完整修复方案应包括：\\n1. 输入验证和清理\\n2. 适当的错误处理\\n3. 并发控制\\n4. 日志记录\\n5. 安全文件操作\\n6. 统一的API设计\\n7. 配置管理\\n8. 性能考虑\\n\\n这些修复将大大提高代码的健壮性、安全性和可维护性。\'}}]', 'message_format': 'array'}
[2025-07-09 08:55:24,093.093] INFO     [MainThread|MainProcess] Logger (main.py:on_group_message:33) | {'group_id': '465281893', 'user_id': '3863501516', 'message_type': 'group', 'sub_type': 'normal', 'font': '14', 'sender': "{'user_id': 3863501516, 'nickname': 'mtr_mcfunction', 'card': 'EricDing618'}", 'message_id': '2114151768', 'message_seq': '2114151768', 'real_id': '2114151768', 'message': '[{\'type\': \'text\', \'data\': {\'text\': \'这段代码有几个潜在的漏洞和可以改进的地方，我将逐一分析并提出修复建议：\\n\\n### 1. 文件路径安全问题\\n- 漏洞：`file_path`直接使用用户提供的`group_id`拼接路径，可能导致路径遍历攻击\\n- 修复：应对`group_id`进行验证，确保不包含路径分隔符等危险字符\\n```python\\nimport os\\ndef __init__(self, group_id, user_id, sender_name):\\n    if not group_id.isdigit():  # 假设group_id应该是数字\\n        raise ValueError("Invalid group_id")\\n    self.file_path = os.path.join("group", f"{group_id}.json")  # 使用os.path.join更安全\\n```\\n\\n### 2. 异常处理过于宽泛\\n- 漏洞：多处使用裸`except`会捕获所有异常，包括键盘中断等\\n- 修复：应明确捕获特定异常，如`IOError`、`json.JSONDecodeError`等\\n```python\\ntry:\\n    # 代码\\nexcept (IOError, json.JSONDecodeError) as e:\\n    # 处理特定异常\\n    logger.error(f"Error reading file: {e}")\\n    groupInfo = {}\\n```\\n\\n### 3. 并发写入问题\\n- 漏洞：多个实例同时写入同一文件可能导致数据损坏\\n- 修复：添加文件锁机制\\n```python\\nimport fcntl\\ndef writeGroupJsonFile(self, groupInfo:dict):\\n    with open(self.file_path, "w", encoding="utf-8") as f:\\n        fcntl.flock(f, fcntl.LOCK_EX)  # 获取排他锁\\n        json.dump(groupInfo, f, ensure_ascii=False, indent=4)\\n        fcntl.flock(f, fcntl.LOCK_UN)  # 释放锁\\n```\\n\\n### 4. 输入验证不足\\n- 漏洞：`name`和`name1`的验证可以绕过\\n- 修复：添加更严格的验证\\n```python\\ndef is_valid_name(name):\\n    if not name or len(name) > 20:\\n        return False\\n    # 检查控制字符、空格、换行等\\n    return all(not unicodedata.category(c).startswith(\\\'C\\\') and \\n               c not in (\\\'\\\\n\\\', \\\' \\\', \\\'\\\\t\\\') for c in name)\\n```\\n\\n### 5. 命令解析漏洞\\n- 漏洞：`text.split(" ")[1]`可能引发IndexError\\n- 修复：更安全的命令解析\\n```python\\nparts = text.split(maxsplit=2)  # 限制分割次数\\nif len(parts) < 2:\\n    return "参数不足"\\nname = parts[1]\\n```\\n\\n### 6. 数据竞争条件\\n- 漏洞：`read-modify-write`操作不是原子的\\n- 修复：将读取和写入操作合并到同一函数中，或使用锁\\n\\n### 7. 日志记录缺失\\n- 漏洞：缺乏操作日志，难以排查问题\\n- 修复：添加日志记录关键操作\\n\\n### 8. 硬编码限制\\n- 漏洞：机厅数量限制10个是硬编码的\\n- 修复：改为可配置参数\\n\\n### 9. 时间格式不一致\\n- 漏洞：时间格式硬编码，难以修改\\n- 修复：使用常量或配置\\n\\n### 10. 返回类型不一致\\n- 漏洞：有些函数返回字符串，有些返回None\\n- 修复：统一返回类型，或使用异常处理\\n\\n### 11. 目录存在性检查\\n- 漏洞：未检查group目录是否存在\\n- 修复：添加目录检查\\n```python\\nos.makedirs("group", exist_ok=True)\\n```\\n\\n### 12. SQL注入式漏洞\\n- 漏洞：虽然使用JSON文件，但类似的字符串拼接方式不安全\\n- 修复：使用`json.dumps`等安全方法\\n\\n### 13. 内存占用\\n- 漏洞：大文件可能占用过多内存\\n- 修复：考虑流式处理或分块读取\\n\\n### 14. 跨平台兼容性\\n- 漏洞：路径分隔符和文件锁在不同系统表现不同\\n- 修复：使用`os.path`和跨平台锁机制\\n\\n### 15. 错误信息泄露\\n- 漏洞：原始异常可能泄露敏感信息\\n- 修复：返回通用错误信息\\n\\n建议的完整修复方案应包括：\\n1. 输入验证和清理\\n2. 适当的错误处理\\n3. 并发控制\\n4. 日志记录\\n5. 安全文件操作\\n6. 统一的API设计\\n7. 配置管理\\n8. 性能考虑\\n\\n这些修复将大大提高代码的健壮性、安全性和可维护性。\'}}]', 'message_format': 'array'}
[2025-07-09 08:55:24,911.911] DEBUG    [MainThread|MainProcess] websockets.client (protocol.py:read_frame:1177) | < TEXT '{"time":1752022524,"self_id":703263936,"post_ty...true},"interval":30000}' [148 bytes]
[2025-07-09 08:55:24,911.911] DEBUG    [MainThread|MainProcess] Logger (connect.py:on_message:43) | {'time': 1752022524, 'self_id': 703263936, 'post_type': 'meta_event', 'meta_event_type': 'heartbeat', 'status': {'online': True, 'good': True}, 'interval': 30000}
[2025-07-09 08:55:27,508.508] DEBUG    [MainThread|MainProcess] websockets.client (protocol.py:read_frame:1177) | < TEXT '{"self_id":703263936,"user_id":3863501516,"time...","group_id":465281893}' [436 bytes]
[2025-07-09 08:55:27,508.508] DEBUG    [MainThread|MainProcess] Logger (client.py:handle_group_event:67) | {'group_id': '465281893', 'user_id': '3863501516', 'message_type': 'group', 'sub_type': 'normal', 'font': '14', 'sender': "{'user_id': 3863501516, 'nickname': 'mtr_mcfunction', 'card': 'EricDing618'}", 'message_id': '423688138', 'message_seq': '423688138', 'real_id': '423688138', 'message': "[{'type': 'text', 'data': {'text': 'xswl'}}]", 'message_format': 'array'}
[2025-07-09 08:55:27,508.508] INFO     [MainThread|MainProcess] Logger (main.py:on_group_message:33) | {'group_id': '465281893', 'user_id': '3863501516', 'message_type': 'group', 'sub_type': 'normal', 'font': '14', 'sender': "{'user_id': 3863501516, 'nickname': 'mtr_mcfunction', 'card': 'EricDing618'}", 'message_id': '423688138', 'message_seq': '423688138', 'real_id': '423688138', 'message': "[{'type': 'text', 'data': {'text': 'xswl'}}]", 'message_format': 'array'}
[2025-07-09 08:55:54,917.917] DEBUG    [MainThread|MainProcess] websockets.client (protocol.py:read_frame:1177) | < TEXT '{"time":1752022554,"self_id":703263936,"post_ty...true},"interval":30000}' [148 bytes]
[2025-07-09 08:55:54,917.917] DEBUG    [MainThread|MainProcess] Logger (connect.py:on_message:43) | {'time': 1752022554, 'self_id': 703263936, 'post_type': 'meta_event', 'meta_event_type': 'heartbeat', 'status': {'online': True, 'good': True}, 'interval': 30000}
[2025-07-09 08:56:24,930.930] DEBUG    [MainThread|MainProcess] websockets.client (protocol.py:read_frame:1177) | < TEXT '{"time":1752022584,"self_id":703263936,"post_ty...true},"interval":30000}' [148 bytes]
[2025-07-09 08:56:24,930.930] DEBUG    [MainThread|MainProcess] Logger (connect.py:on_message:43) | {'time': 1752022584, 'self_id': 703263936, 'post_type': 'meta_event', 'meta_event_type': 'heartbeat', 'status': {'online': True, 'good': True}, 'interval': 30000}
[2025-07-09 08:56:41,108.108] DEBUG    [MainThread|MainProcess] websockets.client (protocol.py:read_frame:1177) | < TEXT '{"self_id":703263936,"user_id":2585690555,"time...","group_id":465281893}' [464 bytes]
[2025-07-09 08:56:41,108.108] DEBUG    [MainThread|MainProcess] Logger (client.py:handle_group_event:67) | {'group_id': '465281893', 'user_id': '2585690555', 'message_type': 'group', 'sub_type': 'normal', 'font': '14', 'sender': "{'user_id': 2585690555, 'nickname': 'Yuze_Yaooo', 'card': 'Yuze_Yaooo'}", 'message_id': '495153868', 'message_seq': '495153868', 'real_id': '495153868', 'message': "[{'type': 'text', 'data': {'text': '你让他尝试注入'}}]", 'message_format': 'array'}
[2025-07-09 08:56:41,108.108] INFO     [MainThread|MainProcess] Logger (main.py:on_group_message:33) | {'group_id': '465281893', 'user_id': '2585690555', 'message_type': 'group', 'sub_type': 'normal', 'font': '14', 'sender': "{'user_id': 2585690555, 'nickname': 'Yuze_Yaooo', 'card': 'Yuze_Yaooo'}", 'message_id': '495153868', 'message_seq': '495153868', 'real_id': '495153868', 'message': "[{'type': 'text', 'data': {'text': '你让他尝试注入'}}]", 'message_format': 'array'}
[2025-07-09 08:56:52,679.679] DEBUG    [MainThread|MainProcess] websockets.client (protocol.py:read_frame:1177) | < TEXT '{"self_id":703263936,"user_id":3863501516,"time...","group_id":465281893}' [465 bytes]
[2025-07-09 08:56:52,679.679] DEBUG    [MainThread|MainProcess] Logger (client.py:handle_group_event:67) | {'group_id': '465281893', 'user_id': '3863501516', 'message_type': 'group', 'sub_type': 'normal', 'font': '14', 'sender': "{'user_id': 3863501516, 'nickname': 'mtr_mcfunction', 'card': 'EricDing618'}", 'message_id': '1313211478', 'message_seq': '1313211478', 'real_id': '1313211478', 'message': "[{'type': 'text', 'data': {'text': 'ds可能会拒绝'}}]", 'message_format': 'array'}
[2025-07-09 08:56:52,679.679] INFO     [MainThread|MainProcess] Logger (main.py:on_group_message:33) | {'group_id': '465281893', 'user_id': '3863501516', 'message_type': 'group', 'sub_type': 'normal', 'font': '14', 'sender': "{'user_id': 3863501516, 'nickname': 'mtr_mcfunction', 'card': 'EricDing618'}", 'message_id': '1313211478', 'message_seq': '1313211478', 'real_id': '1313211478', 'message': "[{'type': 'text', 'data': {'text': 'ds可能会拒绝'}}]", 'message_format': 'array'}
[2025-07-09 08:56:54,944.944] DEBUG    [MainThread|MainProcess] websockets.client (protocol.py:read_frame:1177) | < TEXT '{"time":1752022614,"self_id":703263936,"post_ty...true},"interval":30000}' [148 bytes]
[2025-07-09 08:56:54,944.944] DEBUG    [MainThread|MainProcess] Logger (connect.py:on_message:43) | {'time': 1752022614, 'self_id': 703263936, 'post_type': 'meta_event', 'meta_event_type': 'heartbeat', 'status': {'online': True, 'good': True}, 'interval': 30000}
[2025-07-09 08:57:24,958.958] DEBUG    [MainThread|MainProcess] websockets.client (protocol.py:read_frame:1177) | < TEXT '{"time":1752022644,"self_id":703263936,"post_ty...true},"interval":30000}' [148 bytes]
[2025-07-09 08:57:24,958.958] DEBUG    [MainThread|MainProcess] Logger (connect.py:on_message:43) | {'time': 1752022644, 'self_id': 703263936, 'post_type': 'meta_event', 'meta_event_type': 'heartbeat', 'status': {'online': True, 'good': True}, 'interval': 30000}
[2025-07-09 08:57:46,001.001] DEBUG    [MainThread|MainProcess] websockets.client (protocol.py:read_frame:1177) | < TEXT '{"self_id":703263936,"user_id":3863501516,"time...","group_id":465281893}' [606 bytes]
[2025-07-09 08:57:46,001.001] DEBUG    [MainThread|MainProcess] Logger (client.py:handle_group_event:67) | {'group_id': '465281893', 'user_id': '3863501516', 'message_type': 'group', 'sub_type': 'normal', 'font': '14', 'sender': "{'user_id': 3863501516, 'nickname': 'mtr_mcfunction', 'card': 'EricDing618'}", 'message_id': '942534413', 'message_seq': '942534413', 'real_id': '942534413', 'message': "[{'type': 'text', 'data': {'text': '你先试试把群名改一下看看能不能注入（，不知道group_id是不是群名'}}]", 'message_format': 'array'}
[2025-07-09 08:57:46,001.001] INFO     [MainThread|MainProcess] Logger (main.py:on_group_message:33) | {'group_id': '465281893', 'user_id': '3863501516', 'message_type': 'group', 'sub_type': 'normal', 'font': '14', 'sender': "{'user_id': 3863501516, 'nickname': 'mtr_mcfunction', 'card': 'EricDing618'}", 'message_id': '942534413', 'message_seq': '942534413', 'real_id': '942534413', 'message': "[{'type': 'text', 'data': {'text': '你先试试把群名改一下看看能不能注入（，不知道group_id是不是群名'}}]", 'message_format': 'array'}
[2025-07-09 08:57:46,001.001] DEBUG    [MainThread|MainProcess] websockets.client (protocol.py:__init__:256) | = connection is CONNECTING
[2025-07-09 08:57:46,001.001] DEBUG    [MainThread|MainProcess] websockets.client (client.py:write_http_request:114) | > GET /api HTTP/1.1
[2025-07-09 08:57:46,001.001] DEBUG    [MainThread|MainProcess] websockets.client (client.py:write_http_request:116) | > Host: localhost:8082
[2025-07-09 08:57:46,001.001] DEBUG    [MainThread|MainProcess] websockets.client (client.py:write_http_request:116) | > Upgrade: websocket
[2025-07-09 08:57:46,001.001] DEBUG    [MainThread|MainProcess] websockets.client (client.py:write_http_request:116) | > Connection: Upgrade
[2025-07-09 08:57:46,001.001] DEBUG    [MainThread|MainProcess] websockets.client (client.py:write_http_request:116) | > Sec-WebSocket-Key: eootA6XARuLeXBHT3xyIaQ==
[2025-07-09 08:57:46,001.001] DEBUG    [MainThread|MainProcess] websockets.client (client.py:write_http_request:116) | > Sec-WebSocket-Version: 13
[2025-07-09 08:57:46,001.001] DEBUG    [MainThread|MainProcess] websockets.client (client.py:write_http_request:116) | > Sec-WebSocket-Extensions: permessage-deflate; client_max_window_bits
[2025-07-09 08:57:46,001.001] DEBUG    [MainThread|MainProcess] websockets.client (client.py:write_http_request:116) | > Content-Type: application/json
[2025-07-09 08:57:46,001.001] DEBUG    [MainThread|MainProcess] websockets.client (client.py:write_http_request:116) | > Authorization: Bearer chcat13201145
[2025-07-09 08:57:46,001.001] DEBUG    [MainThread|MainProcess] websockets.client (client.py:write_http_request:116) | > User-Agent: Python/3.10 websockets/10.4
[2025-07-09 08:57:46,001.001] DEBUG    [MainThread|MainProcess] websockets.client (client.py:read_http_response:147) | < HTTP/1.1 101 Switching Protocols
[2025-07-09 08:57:46,001.001] DEBUG    [MainThread|MainProcess] websockets.client (client.py:read_http_response:149) | < Upgrade: websocket
[2025-07-09 08:57:46,001.001] DEBUG    [MainThread|MainProcess] websockets.client (client.py:read_http_response:149) | < Connection: Upgrade
[2025-07-09 08:57:46,001.001] DEBUG    [MainThread|MainProcess] websockets.client (client.py:read_http_response:149) | < Sec-WebSocket-Accept: QaqS8fk5GYpK43EvR4IcrgIB7w8=
[2025-07-09 08:57:46,001.001] DEBUG    [MainThread|MainProcess] websockets.client (protocol.py:connection_open:357) | = connection is OPEN
[2025-07-09 08:57:46,001.001] DEBUG    [MainThread|MainProcess] websockets.client (protocol.py:write_frame_sync:1183) | > TEXT '{"action": "send_group_msg", "params": {"group_...]}, "echo": 1752022666}' [142 bytes]
[2025-07-09 08:57:46,447.447] DEBUG    [MainThread|MainProcess] websockets.client (protocol.py:read_frame:1177) | < TEXT '{"status":"ok","retcode":0,"data":{"message_id"...":"","echo":1752022666}' [104 bytes]
[2025-07-09 08:57:46,447.447] DEBUG    [MainThread|MainProcess] websockets.client (protocol.py:write_close_frame:1232) | = connection is CLOSING
[2025-07-09 08:57:46,447.447] DEBUG    [MainThread|MainProcess] websockets.client (protocol.py:write_frame_sync:1183) | > CLOSE 1000 (OK) [2 bytes]
[2025-07-09 08:57:46,447.447] DEBUG    [MainThread|MainProcess] websockets.client (protocol.py:read_frame:1177) | < CLOSE 1000 (OK) [2 bytes]
[2025-07-09 08:57:46,447.447] DEBUG    [MainThread|MainProcess] websockets.client (protocol.py:connection_lost:1514) | = connection is CLOSED
[2025-07-09 08:57:46,447.447] DEBUG    [MainThread|MainProcess] Logger (api.py:check_and_log:32) | {'status': 'ok', 'retcode': 0, 'data': {'message_id': 1174965321}, 'message': '', 'wording': '', 'echo': 1752022666}
[2025-07-09 08:57:54,961.961] DEBUG    [MainThread|MainProcess] websockets.client (protocol.py:read_frame:1177) | < TEXT '{"time":1752022674,"self_id":703263936,"post_ty...true},"interval":30000}' [148 bytes]
[2025-07-09 08:57:54,961.961] DEBUG    [MainThread|MainProcess] Logger (connect.py:on_message:43) | {'time': 1752022674, 'self_id': 703263936, 'post_type': 'meta_event', 'meta_event_type': 'heartbeat', 'status': {'online': True, 'good': True}, 'interval': 30000}
[2025-07-09 08:58:24,974.974] DEBUG    [MainThread|MainProcess] websockets.client (protocol.py:read_frame:1177) | < TEXT '{"time":1752022704,"self_id":703263936,"post_ty...true},"interval":30000}' [148 bytes]
[2025-07-09 08:58:24,974.974] DEBUG    [MainThread|MainProcess] Logger (connect.py:on_message:43) | {'time': 1752022704, 'self_id': 703263936, 'post_type': 'meta_event', 'meta_event_type': 'heartbeat', 'status': {'online': True, 'good': True}, 'interval': 30000}
[2025-07-09 08:58:54,983.983] DEBUG    [MainThread|MainProcess] websockets.client (protocol.py:read_frame:1177) | < TEXT '{"time":1752022734,"self_id":703263936,"post_ty...true},"interval":30000}' [148 bytes]
[2025-07-09 08:58:54,983.983] DEBUG    [MainThread|MainProcess] Logger (connect.py:on_message:43) | {'time': 1752022734, 'self_id': 703263936, 'post_type': 'meta_event', 'meta_event_type': 'heartbeat', 'status': {'online': True, 'good': True}, 'interval': 30000}
[2025-07-09 08:59:01,998.998] DEBUG    [MainThread|MainProcess] websockets.client (protocol.py:read_frame:1177) | < TEXT '{"self_id":703263936,"user_id":2585690555,"time...","group_id":465281893}' [464 bytes]
[2025-07-09 08:59:01,998.998] DEBUG    [MainThread|MainProcess] Logger (client.py:handle_group_event:67) | {'group_id': '465281893', 'user_id': '2585690555', 'message_type': 'group', 'sub_type': 'normal', 'font': '14', 'sender': "{'user_id': 2585690555, 'nickname': 'Yuze_Yaooo', 'card': 'Yuze_Yaooo'}", 'message_id': '381168130', 'message_seq': '381168130', 'real_id': '381168130', 'message': "[{'type': 'text', 'data': {'text': '我电脑不在旁边'}}]", 'message_format': 'array'}
[2025-07-09 08:59:01,998.998] INFO     [MainThread|MainProcess] Logger (main.py:on_group_message:33) | {'group_id': '465281893', 'user_id': '2585690555', 'message_type': 'group', 'sub_type': 'normal', 'font': '14', 'sender': "{'user_id': 2585690555, 'nickname': 'Yuze_Yaooo', 'card': 'Yuze_Yaooo'}", 'message_id': '381168130', 'message_seq': '381168130', 'real_id': '381168130', 'message': "[{'type': 'text', 'data': {'text': '我电脑不在旁边'}}]", 'message_format': 'array'}
[2025-07-09 08:59:20,677.677] DEBUG    [MainThread|MainProcess] websockets.client (protocol.py:read_frame:1177) | < TEXT '{"self_id":703263936,"user_id":2585690555,"time...","group_id":465281893}' [620 bytes]
[2025-07-09 08:59:20,677.677] DEBUG    [MainThread|MainProcess] Logger (client.py:handle_group_event:67) | {'group_id': '465281893', 'user_id': '2585690555', 'message_type': 'group', 'sub_type': 'normal', 'font': '14', 'sender': "{'user_id': 2585690555, 'nickname': 'Yuze_Yaooo', 'card': 'Yuze_Yaooo'}", 'message_id': '282810035', 'message_seq': '282810035', 'real_id': '282810035', 'message': "[{'type': 'reply', 'data': {'id': '1313211478'}}, {'type': 'at', 'data': {'qq': '3863501516'}}, {'type': 'text', 'data': {'text': ' 不是什么r18内容，不会吧'}}]", 'message_format': 'array'}
[2025-07-09 08:59:20,677.677] INFO     [MainThread|MainProcess] Logger (main.py:on_group_message:33) | {'group_id': '465281893', 'user_id': '2585690555', 'message_type': 'group', 'sub_type': 'normal', 'font': '14', 'sender': "{'user_id': 2585690555, 'nickname': 'Yuze_Yaooo', 'card': 'Yuze_Yaooo'}", 'message_id': '282810035', 'message_seq': '282810035', 'real_id': '282810035', 'message': "[{'type': 'reply', 'data': {'id': '1313211478'}}, {'type': 'at', 'data': {'qq': '3863501516'}}, {'type': 'text', 'data': {'text': ' 不是什么r18内容，不会吧'}}]", 'message_format': 'array'}
[2025-07-09 08:59:24,993.993] DEBUG    [MainThread|MainProcess] websockets.client (protocol.py:read_frame:1177) | < TEXT '{"time":1752022764,"self_id":703263936,"post_ty...true},"interval":30000}' [148 bytes]
[2025-07-09 08:59:24,993.993] DEBUG    [MainThread|MainProcess] Logger (connect.py:on_message:43) | {'time': 1752022764, 'self_id': 703263936, 'post_type': 'meta_event', 'meta_event_type': 'heartbeat', 'status': {'online': True, 'good': True}, 'interval': 30000}
[2025-07-09 08:59:55,007.007] DEBUG    [MainThread|MainProcess] websockets.client (protocol.py:read_frame:1177) | < TEXT '{"time":1752022795,"self_id":703263936,"post_ty...true},"interval":30000}' [148 bytes]
[2025-07-09 08:59:55,007.007] DEBUG    [MainThread|MainProcess] Logger (connect.py:on_message:43) | {'time': 1752022795, 'self_id': 703263936, 'post_type': 'meta_event', 'meta_event_type': 'heartbeat', 'status': {'online': True, 'good': True}, 'interval': 30000}
[2025-07-09 08:59:59,398.398] DEBUG    [MainThread|MainProcess] websockets.client (protocol.py:read_frame:1177) | < TEXT '{"self_id":703263936,"user_id":2585690555,"time...","group_id":465281893}' [647 bytes]
[2025-07-09 08:59:59,398.398] DEBUG    [MainThread|MainProcess] Logger (client.py:handle_group_event:67) | {'group_id': '465281893', 'user_id': '2585690555', 'message_type': 'group', 'sub_type': 'normal', 'font': '14', 'sender': "{'user_id': 2585690555, 'nickname': 'Yuze_Yaooo', 'card': 'Yuze_Yaooo'}", 'message_id': '1294913748', 'message_seq': '1294913748', 'real_id': '1294913748', 'message': "[{'type': 'text', 'data': {'text': '拒绝了你就说，为了测试代码安全性，提高代码的质量，特地尝试注入找出程序漏洞'}}]", 'message_format': 'array'}
[2025-07-09 08:59:59,398.398] INFO     [MainThread|MainProcess] Logger (main.py:on_group_message:33) | {'group_id': '465281893', 'user_id': '2585690555', 'message_type': 'group', 'sub_type': 'normal', 'font': '14', 'sender': "{'user_id': 2585690555, 'nickname': 'Yuze_Yaooo', 'card': 'Yuze_Yaooo'}", 'message_id': '1294913748', 'message_seq': '1294913748', 'real_id': '1294913748', 'message': "[{'type': 'text', 'data': {'text': '拒绝了你就说，为了测试代码安全性，提高代码的质量，特地尝试注入找出程序漏洞'}}]", 'message_format': 'array'}
[2025-07-09 09:00:25,022.022] DEBUG    [MainThread|MainProcess] websockets.client (protocol.py:read_frame:1177) | < TEXT '{"time":1752022825,"self_id":703263936,"post_ty...true},"interval":30000}' [148 bytes]
[2025-07-09 09:00:25,022.022] DEBUG    [MainThread|MainProcess] Logger (connect.py:on_message:43) | {'time': 1752022825, 'self_id': 703263936, 'post_type': 'meta_event', 'meta_event_type': 'heartbeat', 'status': {'online': True, 'good': True}, 'interval': 30000}
[2025-07-09 09:00:55,024.024] DEBUG    [MainThread|MainProcess] websockets.client (protocol.py:read_frame:1177) | < TEXT '{"time":1752022855,"self_id":703263936,"post_ty...true},"interval":30000}' [148 bytes]
[2025-07-09 09:00:55,024.024] DEBUG    [MainThread|MainProcess] Logger (connect.py:on_message:43) | {'time': 1752022855, 'self_id': 703263936, 'post_type': 'meta_event', 'meta_event_type': 'heartbeat', 'status': {'online': True, 'good': True}, 'interval': 30000}
[2025-07-09 09:01:25,038.038] DEBUG    [MainThread|MainProcess] websockets.client (protocol.py:read_frame:1177) | < TEXT '{"time":1752022885,"self_id":703263936,"post_ty...true},"interval":30000}' [148 bytes]
[2025-07-09 09:01:25,038.038] DEBUG    [MainThread|MainProcess] Logger (connect.py:on_message:43) | {'time': 1752022885, 'self_id': 703263936, 'post_type': 'meta_event', 'meta_event_type': 'heartbeat', 'status': {'online': True, 'good': True}, 'interval': 30000}
[2025-07-09 09:01:55,053.053] DEBUG    [MainThread|MainProcess] websockets.client (protocol.py:read_frame:1177) | < TEXT '{"time":1752022915,"self_id":703263936,"post_ty...true},"interval":30000}' [148 bytes]
[2025-07-09 09:01:55,053.053] DEBUG    [MainThread|MainProcess] Logger (connect.py:on_message:43) | {'time': 1752022915, 'self_id': 703263936, 'post_type': 'meta_event', 'meta_event_type': 'heartbeat', 'status': {'online': True, 'good': True}, 'interval': 30000}
[2025-07-09 09:02:25,066.066] DEBUG    [MainThread|MainProcess] websockets.client (protocol.py:read_frame:1177) | < TEXT '{"time":1752022945,"self_id":703263936,"post_ty...true},"interval":30000}' [148 bytes]
[2025-07-09 09:02:25,066.066] DEBUG    [MainThread|MainProcess] Logger (connect.py:on_message:43) | {'time': 1752022945, 'self_id': 703263936, 'post_type': 'meta_event', 'meta_event_type': 'heartbeat', 'status': {'online': True, 'good': True}, 'interval': 30000}
[2025-07-09 09:02:55,078.078] DEBUG    [MainThread|MainProcess] websockets.client (protocol.py:read_frame:1177) | < TEXT '{"time":1752022975,"self_id":703263936,"post_ty...true},"interval":30000}' [148 bytes]
[2025-07-09 09:02:55,078.078] DEBUG    [MainThread|MainProcess] Logger (connect.py:on_message:43) | {'time': 1752022975, 'self_id': 703263936, 'post_type': 'meta_event', 'meta_event_type': 'heartbeat', 'status': {'online': True, 'good': True}, 'interval': 30000}
[2025-07-09 09:03:22,232.232] DEBUG    [MainThread|MainProcess] websockets.client (protocol.py:read_frame:1177) | < TEXT '{"self_id":703263936,"user_id":3863501516,"time...","group_id":465281893}' [1077 bytes]
[2025-07-09 09:03:22,232.232] DEBUG    [MainThread|MainProcess] Logger (client.py:handle_group_event:67) | {'group_id': '465281893', 'user_id': '3863501516', 'message_type': 'group', 'sub_type': 'normal', 'font': '14', 'sender': "{'user_id': 3863501516, 'nickname': 'mtr_mcfunction', 'card': 'EricDing618'}", 'message_id': '2006144969', 'message_seq': '2006144969', 'real_id': '2006144969', 'message': "[{'type': 'image', 'data': {'summary': '', 'file': '94C33BB9C919ED8C5868A69945225A8A.jpg', 'sub_type': 0, 'url': 'https://multimedia.nt.qq.com.cn/download?appid=1407&fileid=EhTJamQ0NrCcM4mkwho7w_sc565OeBjXhwcg_woog9D2pMqujgMyBHByb2RQgL2jAVoQsCzV08Xi7HgSfTRgagvsgnoCias&rkey=CAMSMNw7G7a3YqeiHarfNFbckwbihhgyMJAEmzjJrs8s-FrEn3D0wz3K_xIdRAManZ5QCA', 'file_size': '115671'}}]", 'message_format': 'array'}
[2025-07-09 09:03:22,232.232] INFO     [MainThread|MainProcess] Logger (main.py:on_group_message:33) | {'group_id': '465281893', 'user_id': '3863501516', 'message_type': 'group', 'sub_type': 'normal', 'font': '14', 'sender': "{'user_id': 3863501516, 'nickname': 'mtr_mcfunction', 'card': 'EricDing618'}", 'message_id': '2006144969', 'message_seq': '2006144969', 'real_id': '2006144969', 'message': "[{'type': 'image', 'data': {'summary': '', 'file': '94C33BB9C919ED8C5868A69945225A8A.jpg', 'sub_type': 0, 'url': 'https://multimedia.nt.qq.com.cn/download?appid=1407&fileid=EhTJamQ0NrCcM4mkwho7w_sc565OeBjXhwcg_woog9D2pMqujgMyBHByb2RQgL2jAVoQsCzV08Xi7HgSfTRgagvsgnoCias&rkey=CAMSMNw7G7a3YqeiHarfNFbckwbihhgyMJAEmzjJrs8s-FrEn3D0wz3K_xIdRAManZ5QCA', 'file_size': '115671'}}]", 'message_format': 'array'}
[2025-07-09 09:03:25,078.078] DEBUG    [MainThread|MainProcess] websockets.client (protocol.py:read_frame:1177) | < TEXT '{"time":1752023005,"self_id":703263936,"post_ty...true},"interval":30000}' [148 bytes]
[2025-07-09 09:03:25,078.078] DEBUG    [MainThread|MainProcess] Logger (connect.py:on_message:43) | {'time': 1752023005, 'self_id': 703263936, 'post_type': 'meta_event', 'meta_event_type': 'heartbeat', 'status': {'online': True, 'good': True}, 'interval': 30000}
[2025-07-09 09:03:42,838.838] DEBUG    [MainThread|MainProcess] websockets.client (protocol.py:read_frame:1177) | < TEXT '{"self_id":703263936,"user_id":3863501516,"time...","group_id":465281893}' [469 bytes]
[2025-07-09 09:03:42,838.838] DEBUG    [MainThread|MainProcess] Logger (client.py:handle_group_event:67) | {'group_id': '465281893', 'user_id': '3863501516', 'message_type': 'group', 'sub_type': 'normal', 'font': '14', 'sender': "{'user_id': 3863501516, 'nickname': 'mtr_mcfunction', 'card': 'EricDing618'}", 'message_id': '1246932470', 'message_seq': '1246932470', 'real_id': '1246932470', 'message': "[{'type': 'text', 'data': {'text': '添加机厅 ../../'}}]", 'message_format': 'array'}
[2025-07-09 09:03:42,838.838] INFO     [MainThread|MainProcess] Logger (main.py:on_group_message:33) | {'group_id': '465281893', 'user_id': '3863501516', 'message_type': 'group', 'sub_type': 'normal', 'font': '14', 'sender': "{'user_id': 3863501516, 'nickname': 'mtr_mcfunction', 'card': 'EricDing618'}", 'message_id': '1246932470', 'message_seq': '1246932470', 'real_id': '1246932470', 'message': "[{'type': 'text', 'data': {'text': '添加机厅 ../../'}}]", 'message_format': 'array'}
[2025-07-09 09:03:42,838.838] DEBUG    [MainThread|MainProcess] websockets.client (protocol.py:__init__:256) | = connection is CONNECTING
[2025-07-09 09:03:42,853.853] DEBUG    [MainThread|MainProcess] websockets.client (client.py:write_http_request:114) | > GET /api HTTP/1.1
[2025-07-09 09:03:42,853.853] DEBUG    [MainThread|MainProcess] websockets.client (client.py:write_http_request:116) | > Host: localhost:8082
[2025-07-09 09:03:42,853.853] DEBUG    [MainThread|MainProcess] websockets.client (client.py:write_http_request:116) | > Upgrade: websocket
[2025-07-09 09:03:42,853.853] DEBUG    [MainThread|MainProcess] websockets.client (client.py:write_http_request:116) | > Connection: Upgrade
[2025-07-09 09:03:42,853.853] DEBUG    [MainThread|MainProcess] websockets.client (client.py:write_http_request:116) | > Sec-WebSocket-Key: fneINT/O609aX3XrC9E/pg==
[2025-07-09 09:03:42,853.853] DEBUG    [MainThread|MainProcess] websockets.client (client.py:write_http_request:116) | > Sec-WebSocket-Version: 13
[2025-07-09 09:03:42,853.853] DEBUG    [MainThread|MainProcess] websockets.client (client.py:write_http_request:116) | > Sec-WebSocket-Extensions: permessage-deflate; client_max_window_bits
[2025-07-09 09:03:42,853.853] DEBUG    [MainThread|MainProcess] websockets.client (client.py:write_http_request:116) | > Content-Type: application/json
[2025-07-09 09:03:42,853.853] DEBUG    [MainThread|MainProcess] websockets.client (client.py:write_http_request:116) | > Authorization: Bearer chcat13201145
[2025-07-09 09:03:42,853.853] DEBUG    [MainThread|MainProcess] websockets.client (client.py:write_http_request:116) | > User-Agent: Python/3.10 websockets/10.4
[2025-07-09 09:03:42,853.853] DEBUG    [MainThread|MainProcess] websockets.client (client.py:read_http_response:147) | < HTTP/1.1 101 Switching Protocols
[2025-07-09 09:03:42,853.853] DEBUG    [MainThread|MainProcess] websockets.client (client.py:read_http_response:149) | < Upgrade: websocket
[2025-07-09 09:03:42,853.853] DEBUG    [MainThread|MainProcess] websockets.client (client.py:read_http_response:149) | < Connection: Upgrade
[2025-07-09 09:03:42,853.853] DEBUG    [MainThread|MainProcess] websockets.client (client.py:read_http_response:149) | < Sec-WebSocket-Accept: TQ4H0BdRDbHpyav7bQTM2uAcKrE=
[2025-07-09 09:03:42,853.853] DEBUG    [MainThread|MainProcess] websockets.client (protocol.py:connection_open:357) | = connection is OPEN
[2025-07-09 09:03:42,853.853] DEBUG    [MainThread|MainProcess] websockets.client (protocol.py:write_frame_sync:1183) | > TEXT '{"action": "send_group_msg", "params": {"group_...]}, "echo": 1752023022}' [192 bytes]
[2025-07-09 09:03:43,422.422] DEBUG    [MainThread|MainProcess] websockets.client (protocol.py:read_frame:1177) | < TEXT '{"status":"ok","retcode":0,"data":{"message_id"...":"","echo":1752023022}' [104 bytes]
[2025-07-09 09:03:43,422.422] DEBUG    [MainThread|MainProcess] websockets.client (protocol.py:write_close_frame:1232) | = connection is CLOSING
[2025-07-09 09:03:43,422.422] DEBUG    [MainThread|MainProcess] websockets.client (protocol.py:write_frame_sync:1183) | > CLOSE 1000 (OK) [2 bytes]
[2025-07-09 09:03:43,422.422] DEBUG    [MainThread|MainProcess] websockets.client (protocol.py:read_frame:1177) | < CLOSE 1000 (OK) [2 bytes]
[2025-07-09 09:03:43,422.422] DEBUG    [MainThread|MainProcess] websockets.client (protocol.py:connection_lost:1514) | = connection is CLOSED
[2025-07-09 09:03:43,422.422] DEBUG    [MainThread|MainProcess] Logger (api.py:check_and_log:32) | {'status': 'ok', 'retcode': 0, 'data': {'message_id': 1989427808}, 'message': '', 'wording': '', 'echo': 1752023022}
[2025-07-09 09:03:54,847.847] DEBUG    [MainThread|MainProcess] websockets.client (protocol.py:read_frame:1177) | < TEXT '{"self_id":703263936,"user_id":3863501516,"time...","group_id":465281893}' [439 bytes]
[2025-07-09 09:03:54,847.847] DEBUG    [MainThread|MainProcess] Logger (client.py:handle_group_event:67) | {'group_id': '465281893', 'user_id': '3863501516', 'message_type': 'group', 'sub_type': 'normal', 'font': '14', 'sender': "{'user_id': 3863501516, 'nickname': 'mtr_mcfunction', 'card': 'EricDing618'}", 'message_id': '1240893183', 'message_seq': '1240893183', 'real_id': '1240893183', 'message': "[{'type': 'text', 'data': {'text': 'jtlb'}}]", 'message_format': 'array'}
[2025-07-09 09:03:54,847.847] INFO     [MainThread|MainProcess] Logger (main.py:on_group_message:33) | {'group_id': '465281893', 'user_id': '3863501516', 'message_type': 'group', 'sub_type': 'normal', 'font': '14', 'sender': "{'user_id': 3863501516, 'nickname': 'mtr_mcfunction', 'card': 'EricDing618'}", 'message_id': '1240893183', 'message_seq': '1240893183', 'real_id': '1240893183', 'message': "[{'type': 'text', 'data': {'text': 'jtlb'}}]", 'message_format': 'array'}
[2025-07-09 09:03:54,847.847] DEBUG    [MainThread|MainProcess] websockets.client (protocol.py:__init__:256) | = connection is CONNECTING
[2025-07-09 09:03:54,847.847] DEBUG    [MainThread|MainProcess] websockets.client (client.py:write_http_request:114) | > GET /api HTTP/1.1
[2025-07-09 09:03:54,847.847] DEBUG    [MainThread|MainProcess] websockets.client (client.py:write_http_request:116) | > Host: localhost:8082
[2025-07-09 09:03:54,847.847] DEBUG    [MainThread|MainProcess] websockets.client (client.py:write_http_request:116) | > Upgrade: websocket
[2025-07-09 09:03:54,847.847] DEBUG    [MainThread|MainProcess] websockets.client (client.py:write_http_request:116) | > Connection: Upgrade
[2025-07-09 09:03:54,847.847] DEBUG    [MainThread|MainProcess] websockets.client (client.py:write_http_request:116) | > Sec-WebSocket-Key: 2xpcrZWZqOjWBSLy+4/yBw==
[2025-07-09 09:03:54,847.847] DEBUG    [MainThread|MainProcess] websockets.client (client.py:write_http_request:116) | > Sec-WebSocket-Version: 13
[2025-07-09 09:03:54,847.847] DEBUG    [MainThread|MainProcess] websockets.client (client.py:write_http_request:116) | > Sec-WebSocket-Extensions: permessage-deflate; client_max_window_bits
[2025-07-09 09:03:54,847.847] DEBUG    [MainThread|MainProcess] websockets.client (client.py:write_http_request:116) | > Content-Type: application/json
[2025-07-09 09:03:54,847.847] DEBUG    [MainThread|MainProcess] websockets.client (client.py:write_http_request:116) | > Authorization: Bearer chcat13201145
[2025-07-09 09:03:54,847.847] DEBUG    [MainThread|MainProcess] websockets.client (client.py:write_http_request:116) | > User-Agent: Python/3.10 websockets/10.4
[2025-07-09 09:03:54,847.847] DEBUG    [MainThread|MainProcess] websockets.client (client.py:read_http_response:147) | < HTTP/1.1 101 Switching Protocols
[2025-07-09 09:03:54,847.847] DEBUG    [MainThread|MainProcess] websockets.client (client.py:read_http_response:149) | < Upgrade: websocket
[2025-07-09 09:03:54,847.847] DEBUG    [MainThread|MainProcess] websockets.client (client.py:read_http_response:149) | < Connection: Upgrade
[2025-07-09 09:03:54,847.847] DEBUG    [MainThread|MainProcess] websockets.client (client.py:read_http_response:149) | < Sec-WebSocket-Accept: 4J0FzJY9J3L8br4/6Fd9ZHwcabk=
[2025-07-09 09:03:54,847.847] DEBUG    [MainThread|MainProcess] websockets.client (protocol.py:connection_open:357) | = connection is OPEN
[2025-07-09 09:03:54,847.847] DEBUG    [MainThread|MainProcess] websockets.client (protocol.py:write_frame_sync:1183) | > TEXT '{"action": "send_group_msg", "params": {"group_...]}, "echo": 1752023034}' [1327 bytes]
[2025-07-09 09:03:55,090.090] DEBUG    [MainThread|MainProcess] websockets.client (protocol.py:read_frame:1177) | < TEXT '{"time":1752023035,"self_id":703263936,"post_ty...true},"interval":30000}' [148 bytes]
[2025-07-09 09:03:55,090.090] DEBUG    [MainThread|MainProcess] Logger (connect.py:on_message:43) | {'time': 1752023035, 'self_id': 703263936, 'post_type': 'meta_event', 'meta_event_type': 'heartbeat', 'status': {'online': True, 'good': True}, 'interval': 30000}
[2025-07-09 09:03:55,413.413] DEBUG    [MainThread|MainProcess] websockets.client (protocol.py:read_frame:1177) | < TEXT '{"status":"ok","retcode":0,"data":{"message_id"...":"","echo":1752023034}' [103 bytes]
[2025-07-09 09:03:55,413.413] DEBUG    [MainThread|MainProcess] websockets.client (protocol.py:write_close_frame:1232) | = connection is CLOSING
[2025-07-09 09:03:55,413.413] DEBUG    [MainThread|MainProcess] websockets.client (protocol.py:write_frame_sync:1183) | > CLOSE 1000 (OK) [2 bytes]
[2025-07-09 09:03:55,413.413] DEBUG    [MainThread|MainProcess] websockets.client (protocol.py:read_frame:1177) | < CLOSE 1000 (OK) [2 bytes]
[2025-07-09 09:03:55,413.413] DEBUG    [MainThread|MainProcess] websockets.client (protocol.py:connection_lost:1514) | = connection is CLOSED
[2025-07-09 09:03:55,413.413] DEBUG    [MainThread|MainProcess] Logger (api.py:check_and_log:32) | {'status': 'ok', 'retcode': 0, 'data': {'message_id': 193517089}, 'message': '', 'wording': '', 'echo': 1752023034}
[2025-07-09 09:04:03,901.901] DEBUG    [MainThread|MainProcess] websockets.client (protocol.py:read_frame:1177) | < TEXT '{"self_id":703263936,"user_id":2585690555,"time...","group_id":465281893}' [440 bytes]
[2025-07-09 09:04:03,901.901] DEBUG    [MainThread|MainProcess] Logger (client.py:handle_group_event:67) | {'group_id': '465281893', 'user_id': '2585690555', 'message_type': 'group', 'sub_type': 'normal', 'font': '14', 'sender': "{'user_id': 2585690555, 'nickname': 'Yuze_Yaooo', 'card': 'Yuze_Yaooo'}", 'message_id': '501724494', 'message_seq': '501724494', 'real_id': '501724494', 'message': "[{'type': 'text', 'data': {'text': '太多了'}}]", 'message_format': 'array'}
[2025-07-09 09:04:03,901.901] INFO     [MainThread|MainProcess] Logger (main.py:on_group_message:33) | {'group_id': '465281893', 'user_id': '2585690555', 'message_type': 'group', 'sub_type': 'normal', 'font': '14', 'sender': "{'user_id': 2585690555, 'nickname': 'Yuze_Yaooo', 'card': 'Yuze_Yaooo'}", 'message_id': '501724494', 'message_seq': '501724494', 'real_id': '501724494', 'message': "[{'type': 'text', 'data': {'text': '太多了'}}]", 'message_format': 'array'}
[2025-07-09 09:04:07,923.923] DEBUG    [MainThread|MainProcess] websockets.client (protocol.py:read_frame:1177) | < TEXT '{"self_id":703263936,"user_id":2585690555,"time...","group_id":465281893}' [440 bytes]
[2025-07-09 09:04:07,923.923] DEBUG    [MainThread|MainProcess] Logger (client.py:handle_group_event:67) | {'group_id': '465281893', 'user_id': '2585690555', 'message_type': 'group', 'sub_type': 'normal', 'font': '14', 'sender': "{'user_id': 2585690555, 'nickname': 'Yuze_Yaooo', 'card': 'Yuze_Yaooo'}", 'message_id': '738861304', 'message_seq': '738861304', 'real_id': '738861304', 'message': "[{'type': 'text', 'data': {'text': '删不掉'}}]", 'message_format': 'array'}
[2025-07-09 09:04:07,923.923] INFO     [MainThread|MainProcess] Logger (main.py:on_group_message:33) | {'group_id': '465281893', 'user_id': '2585690555', 'message_type': 'group', 'sub_type': 'normal', 'font': '14', 'sender': "{'user_id': 2585690555, 'nickname': 'Yuze_Yaooo', 'card': 'Yuze_Yaooo'}", 'message_id': '738861304', 'message_seq': '738861304', 'real_id': '738861304', 'message': "[{'type': 'text', 'data': {'text': '删不掉'}}]", 'message_format': 'array'}
[2025-07-09 09:04:19,183.183] DEBUG    [MainThread|MainProcess] websockets.client (protocol.py:read_frame:1177) | < TEXT '{"self_id":703263936,"user_id":3863501516,"time...","group_id":465281893}' [459 bytes]
[2025-07-09 09:04:19,183.183] DEBUG    [MainThread|MainProcess] Logger (client.py:handle_group_event:67) | {'group_id': '465281893', 'user_id': '3863501516', 'message_type': 'group', 'sub_type': 'normal', 'font': '14', 'sender': "{'user_id': 3863501516, 'nickname': 'mtr_mcfunction', 'card': 'EricDing618'}", 'message_id': '1242408532', 'message_seq': '1242408532', 'real_id': '1242408532', 'message': "[{'type': 'text', 'data': {'text': '删除机厅 1'}}]", 'message_format': 'array'}
[2025-07-09 09:04:19,183.183] INFO     [MainThread|MainProcess] Logger (main.py:on_group_message:33) | {'group_id': '465281893', 'user_id': '3863501516', 'message_type': 'group', 'sub_type': 'normal', 'font': '14', 'sender': "{'user_id': 3863501516, 'nickname': 'mtr_mcfunction', 'card': 'EricDing618'}", 'message_id': '1242408532', 'message_seq': '1242408532', 'real_id': '1242408532', 'message': "[{'type': 'text', 'data': {'text': '删除机厅 1'}}]", 'message_format': 'array'}
[2025-07-09 09:04:25,099.099] DEBUG    [MainThread|MainProcess] websockets.client (protocol.py:read_frame:1177) | < TEXT '{"time":1752023065,"self_id":703263936,"post_ty...true},"interval":30000}' [148 bytes]
[2025-07-09 09:04:25,099.099] DEBUG    [MainThread|MainProcess] Logger (connect.py:on_message:43) | {'time': 1752023065, 'self_id': 703263936, 'post_type': 'meta_event', 'meta_event_type': 'heartbeat', 'status': {'online': True, 'good': True}, 'interval': 30000}
[2025-07-09 09:04:27,364.364] DEBUG    [MainThread|MainProcess] websockets.client (protocol.py:read_frame:1177) | < TEXT '{"self_id":703263936,"user_id":3863501516,"time...","group_id":465281893}' [432 bytes]
[2025-07-09 09:04:27,364.364] DEBUG    [MainThread|MainProcess] Logger (client.py:handle_group_event:67) | {'group_id': '465281893', 'user_id': '3863501516', 'message_type': 'group', 'sub_type': 'normal', 'font': '14', 'sender': "{'user_id': 3863501516, 'nickname': 'mtr_mcfunction', 'card': 'EricDing618'}", 'message_id': '987987734', 'message_seq': '987987734', 'real_id': '987987734', 'message': "[{'type': 'text', 'data': {'text': '66'}}]", 'message_format': 'array'}
[2025-07-09 09:04:27,364.364] INFO     [MainThread|MainProcess] Logger (main.py:on_group_message:33) | {'group_id': '465281893', 'user_id': '3863501516', 'message_type': 'group', 'sub_type': 'normal', 'font': '14', 'sender': "{'user_id': 3863501516, 'nickname': 'mtr_mcfunction', 'card': 'EricDing618'}", 'message_id': '987987734', 'message_seq': '987987734', 'real_id': '987987734', 'message': "[{'type': 'text', 'data': {'text': '66'}}]", 'message_format': 'array'}
[2025-07-09 09:04:27,364.364] DEBUG    [MainThread|MainProcess] websockets.client (protocol.py:__init__:256) | = connection is CONNECTING
[2025-07-09 09:04:27,364.364] DEBUG    [MainThread|MainProcess] websockets.client (client.py:write_http_request:114) | > GET /api HTTP/1.1
[2025-07-09 09:04:27,364.364] DEBUG    [MainThread|MainProcess] websockets.client (client.py:write_http_request:116) | > Host: localhost:8082
[2025-07-09 09:04:27,364.364] DEBUG    [MainThread|MainProcess] websockets.client (client.py:write_http_request:116) | > Upgrade: websocket
[2025-07-09 09:04:27,364.364] DEBUG    [MainThread|MainProcess] websockets.client (client.py:write_http_request:116) | > Connection: Upgrade
[2025-07-09 09:04:27,364.364] DEBUG    [MainThread|MainProcess] websockets.client (client.py:write_http_request:116) | > Sec-WebSocket-Key: MTeW4rOKxn1fPC6wntud6Q==
[2025-07-09 09:04:27,364.364] DEBUG    [MainThread|MainProcess] websockets.client (client.py:write_http_request:116) | > Sec-WebSocket-Version: 13
[2025-07-09 09:04:27,364.364] DEBUG    [MainThread|MainProcess] websockets.client (client.py:write_http_request:116) | > Sec-WebSocket-Extensions: permessage-deflate; client_max_window_bits
[2025-07-09 09:04:27,364.364] DEBUG    [MainThread|MainProcess] websockets.client (client.py:write_http_request:116) | > Content-Type: application/json
[2025-07-09 09:04:27,364.364] DEBUG    [MainThread|MainProcess] websockets.client (client.py:write_http_request:116) | > Authorization: Bearer chcat13201145
[2025-07-09 09:04:27,364.364] DEBUG    [MainThread|MainProcess] websockets.client (client.py:write_http_request:116) | > User-Agent: Python/3.10 websockets/10.4
[2025-07-09 09:04:27,364.364] DEBUG    [MainThread|MainProcess] websockets.client (client.py:read_http_response:147) | < HTTP/1.1 101 Switching Protocols
[2025-07-09 09:04:27,364.364] DEBUG    [MainThread|MainProcess] websockets.client (client.py:read_http_response:149) | < Upgrade: websocket
[2025-07-09 09:04:27,364.364] DEBUG    [MainThread|MainProcess] websockets.client (client.py:read_http_response:149) | < Connection: Upgrade
[2025-07-09 09:04:27,364.364] DEBUG    [MainThread|MainProcess] websockets.client (client.py:read_http_response:149) | < Sec-WebSocket-Accept: QoGCtOj+Y0VFT9EncQbmD56U9Cc=
[2025-07-09 09:04:27,364.364] DEBUG    [MainThread|MainProcess] websockets.client (protocol.py:connection_open:357) | = connection is OPEN
[2025-07-09 09:04:27,364.364] DEBUG    [MainThread|MainProcess] websockets.client (protocol.py:write_frame_sync:1183) | > TEXT '{"action": "send_group_msg", "params": {"group_...]}, "echo": 1752023067}' [138 bytes]
[2025-07-09 09:04:27,782.782] DEBUG    [MainThread|MainProcess] websockets.client (protocol.py:read_frame:1177) | < TEXT '{"status":"ok","retcode":0,"data":{"message_id"...":"","echo":1752023067}' [104 bytes]
[2025-07-09 09:04:27,782.782] DEBUG    [MainThread|MainProcess] websockets.client (protocol.py:write_close_frame:1232) | = connection is CLOSING
[2025-07-09 09:04:27,782.782] DEBUG    [MainThread|MainProcess] websockets.client (protocol.py:write_frame_sync:1183) | > CLOSE 1000 (OK) [2 bytes]
[2025-07-09 09:04:27,782.782] DEBUG    [MainThread|MainProcess] websockets.client (protocol.py:read_frame:1177) | < CLOSE 1000 (OK) [2 bytes]
[2025-07-09 09:04:27,782.782] DEBUG    [MainThread|MainProcess] websockets.client (protocol.py:connection_lost:1514) | = connection is CLOSED
[2025-07-09 09:04:27,782.782] DEBUG    [MainThread|MainProcess] Logger (api.py:check_and_log:32) | {'status': 'ok', 'retcode': 0, 'data': {'message_id': 1416246674}, 'message': '', 'wording': '', 'echo': 1752023067}
[2025-07-09 09:04:27,798.798] DEBUG    [MainThread|MainProcess] websockets.client (protocol.py:__init__:256) | = connection is CONNECTING
[2025-07-09 09:04:27,798.798] DEBUG    [MainThread|MainProcess] websockets.client (client.py:write_http_request:114) | > GET /api HTTP/1.1
[2025-07-09 09:04:27,798.798] DEBUG    [MainThread|MainProcess] websockets.client (client.py:write_http_request:116) | > Host: localhost:8082
[2025-07-09 09:04:27,798.798] DEBUG    [MainThread|MainProcess] websockets.client (client.py:write_http_request:116) | > Upgrade: websocket
[2025-07-09 09:04:27,798.798] DEBUG    [MainThread|MainProcess] websockets.client (client.py:write_http_request:116) | > Connection: Upgrade
[2025-07-09 09:04:27,798.798] DEBUG    [MainThread|MainProcess] websockets.client (client.py:write_http_request:116) | > Sec-WebSocket-Key: 3YKjDnAHPAXoxJoFGVT4Mg==
[2025-07-09 09:04:27,798.798] DEBUG    [MainThread|MainProcess] websockets.client (client.py:write_http_request:116) | > Sec-WebSocket-Version: 13
[2025-07-09 09:04:27,798.798] DEBUG    [MainThread|MainProcess] websockets.client (client.py:write_http_request:116) | > Sec-WebSocket-Extensions: permessage-deflate; client_max_window_bits
[2025-07-09 09:04:27,798.798] DEBUG    [MainThread|MainProcess] websockets.client (client.py:write_http_request:116) | > Content-Type: application/json
[2025-07-09 09:04:27,798.798] DEBUG    [MainThread|MainProcess] websockets.client (client.py:write_http_request:116) | > Authorization: Bearer chcat13201145
[2025-07-09 09:04:27,798.798] DEBUG    [MainThread|MainProcess] websockets.client (client.py:write_http_request:116) | > User-Agent: Python/3.10 websockets/10.4
[2025-07-09 09:04:27,798.798] DEBUG    [MainThread|MainProcess] websockets.client (client.py:read_http_response:147) | < HTTP/1.1 101 Switching Protocols
[2025-07-09 09:04:27,798.798] DEBUG    [MainThread|MainProcess] websockets.client (client.py:read_http_response:149) | < Upgrade: websocket
[2025-07-09 09:04:27,798.798] DEBUG    [MainThread|MainProcess] websockets.client (client.py:read_http_response:149) | < Connection: Upgrade
[2025-07-09 09:04:27,798.798] DEBUG    [MainThread|MainProcess] websockets.client (client.py:read_http_response:149) | < Sec-WebSocket-Accept: qO2nVS5sBwl6O2/UNJICYsLtjps=
[2025-07-09 09:04:27,798.798] DEBUG    [MainThread|MainProcess] websockets.client (protocol.py:connection_open:357) | = connection is OPEN
[2025-07-09 09:04:27,798.798] DEBUG    [MainThread|MainProcess] websockets.client (protocol.py:write_frame_sync:1183) | > TEXT '{"action": "send_group_msg", "params": {"group_...]}, "echo": 1752023067}' [185 bytes]
[2025-07-09 09:04:28,199.199] DEBUG    [MainThread|MainProcess] websockets.client (protocol.py:read_frame:1177) | < TEXT '{"status":"ok","retcode":0,"data":{"message_id"...":"","echo":1752023067}' [103 bytes]
[2025-07-09 09:04:28,199.199] DEBUG    [MainThread|MainProcess] websockets.client (protocol.py:write_close_frame:1232) | = connection is CLOSING
[2025-07-09 09:04:28,199.199] DEBUG    [MainThread|MainProcess] websockets.client (protocol.py:write_frame_sync:1183) | > CLOSE 1000 (OK) [2 bytes]
[2025-07-09 09:04:28,199.199] DEBUG    [MainThread|MainProcess] websockets.client (protocol.py:read_frame:1177) | < CLOSE 1000 (OK) [2 bytes]
[2025-07-09 09:04:28,199.199] DEBUG    [MainThread|MainProcess] websockets.client (protocol.py:connection_lost:1514) | = connection is CLOSED
[2025-07-09 09:04:28,199.199] DEBUG    [MainThread|MainProcess] Logger (api.py:check_and_log:32) | {'status': 'ok', 'retcode': 0, 'data': {'message_id': 883683688}, 'message': '', 'wording': '', 'echo': 1752023067}
[2025-07-09 09:04:55,107.107] DEBUG    [MainThread|MainProcess] websockets.client (protocol.py:read_frame:1177) | < TEXT '{"time":1752023095,"self_id":703263936,"post_ty...true},"interval":30000}' [148 bytes]
[2025-07-09 09:04:55,107.107] DEBUG    [MainThread|MainProcess] Logger (connect.py:on_message:43) | {'time': 1752023095, 'self_id': 703263936, 'post_type': 'meta_event', 'meta_event_type': 'heartbeat', 'status': {'online': True, 'good': True}, 'interval': 30000}
[2025-07-09 09:05:16,168.168] DEBUG    [MainThread|MainProcess] websockets.client (protocol.py:read_frame:1177) | < TEXT '{"self_id":703263936,"user_id":3863501516,"time...","group_id":465281893}' [437 bytes]
[2025-07-09 09:05:16,168.168] DEBUG    [MainThread|MainProcess] Logger (client.py:handle_group_event:67) | {'group_id': '465281893', 'user_id': '3863501516', 'message_type': 'group', 'sub_type': 'normal', 'font': '14', 'sender': "{'user_id': 3863501516, 'nickname': 'mtr_mcfunction', 'card': 'EricDing618'}", 'message_id': '45738960', 'message_seq': '45738960', 'real_id': '45738960', 'message': "[{'type': 'text', 'data': {'text': 'scjt 1'}}]", 'message_format': 'array'}
[2025-07-09 09:05:16,168.168] INFO     [MainThread|MainProcess] Logger (main.py:on_group_message:33) | {'group_id': '465281893', 'user_id': '3863501516', 'message_type': 'group', 'sub_type': 'normal', 'font': '14', 'sender': "{'user_id': 3863501516, 'nickname': 'mtr_mcfunction', 'card': 'EricDing618'}", 'message_id': '45738960', 'message_seq': '45738960', 'real_id': '45738960', 'message': "[{'type': 'text', 'data': {'text': 'scjt 1'}}]", 'message_format': 'array'}
[2025-07-09 09:05:22,587.587] DEBUG    [MainThread|MainProcess] websockets.client (protocol.py:read_frame:1177) | < TEXT '{"self_id":703263936,"user_id":3863501516,"time...","group_id":465281893}' [433 bytes]
[2025-07-09 09:05:22,587.587] DEBUG    [MainThread|MainProcess] Logger (client.py:handle_group_event:67) | {'group_id': '465281893', 'user_id': '3863501516', 'message_type': 'group', 'sub_type': 'normal', 'font': '14', 'sender': "{'user_id': 3863501516, 'nickname': 'mtr_mcfunction', 'card': 'EricDing618'}", 'message_id': '45571396', 'message_seq': '45571396', 'real_id': '45571396', 'message': "[{'type': 'text', 'data': {'text': 'jtlb'}}]", 'message_format': 'array'}
[2025-07-09 09:05:22,603.603] INFO     [MainThread|MainProcess] Logger (main.py:on_group_message:33) | {'group_id': '465281893', 'user_id': '3863501516', 'message_type': 'group', 'sub_type': 'normal', 'font': '14', 'sender': "{'user_id': 3863501516, 'nickname': 'mtr_mcfunction', 'card': 'EricDing618'}", 'message_id': '45571396', 'message_seq': '45571396', 'real_id': '45571396', 'message': "[{'type': 'text', 'data': {'text': 'jtlb'}}]", 'message_format': 'array'}
[2025-07-09 09:05:22,603.603] DEBUG    [MainThread|MainProcess] websockets.client (protocol.py:__init__:256) | = connection is CONNECTING
[2025-07-09 09:05:22,603.603] DEBUG    [MainThread|MainProcess] websockets.client (client.py:write_http_request:114) | > GET /api HTTP/1.1
[2025-07-09 09:05:22,603.603] DEBUG    [MainThread|MainProcess] websockets.client (client.py:write_http_request:116) | > Host: localhost:8082
[2025-07-09 09:05:22,603.603] DEBUG    [MainThread|MainProcess] websockets.client (client.py:write_http_request:116) | > Upgrade: websocket
[2025-07-09 09:05:22,603.603] DEBUG    [MainThread|MainProcess] websockets.client (client.py:write_http_request:116) | > Connection: Upgrade
[2025-07-09 09:05:22,603.603] DEBUG    [MainThread|MainProcess] websockets.client (client.py:write_http_request:116) | > Sec-WebSocket-Key: tRXi+ZM7dYRUUP+hXaLQbQ==
[2025-07-09 09:05:22,603.603] DEBUG    [MainThread|MainProcess] websockets.client (client.py:write_http_request:116) | > Sec-WebSocket-Version: 13
[2025-07-09 09:05:22,603.603] DEBUG    [MainThread|MainProcess] websockets.client (client.py:write_http_request:116) | > Sec-WebSocket-Extensions: permessage-deflate; client_max_window_bits
[2025-07-09 09:05:22,603.603] DEBUG    [MainThread|MainProcess] websockets.client (client.py:write_http_request:116) | > Content-Type: application/json
[2025-07-09 09:05:22,603.603] DEBUG    [MainThread|MainProcess] websockets.client (client.py:write_http_request:116) | > Authorization: Bearer chcat13201145
[2025-07-09 09:05:22,603.603] DEBUG    [MainThread|MainProcess] websockets.client (client.py:write_http_request:116) | > User-Agent: Python/3.10 websockets/10.4
[2025-07-09 09:05:22,603.603] DEBUG    [MainThread|MainProcess] websockets.client (client.py:read_http_response:147) | < HTTP/1.1 101 Switching Protocols
[2025-07-09 09:05:22,603.603] DEBUG    [MainThread|MainProcess] websockets.client (client.py:read_http_response:149) | < Upgrade: websocket
[2025-07-09 09:05:22,603.603] DEBUG    [MainThread|MainProcess] websockets.client (client.py:read_http_response:149) | < Connection: Upgrade
[2025-07-09 09:05:22,603.603] DEBUG    [MainThread|MainProcess] websockets.client (client.py:read_http_response:149) | < Sec-WebSocket-Accept: a8S8irMlWLHHSsVl55TeqrqA5Xk=
[2025-07-09 09:05:22,603.603] DEBUG    [MainThread|MainProcess] websockets.client (protocol.py:connection_open:357) | = connection is OPEN
[2025-07-09 09:05:22,603.603] DEBUG    [MainThread|MainProcess] websockets.client (protocol.py:write_frame_sync:1183) | > TEXT '{"action": "send_group_msg", "params": {"group_...]}, "echo": 1752023122}' [1326 bytes]
[2025-07-09 09:05:23,218.218] DEBUG    [MainThread|MainProcess] websockets.client (protocol.py:read_frame:1177) | < TEXT '{"status":"ok","retcode":0,"data":{"message_id"...":"","echo":1752023122}' [104 bytes]
[2025-07-09 09:05:23,218.218] DEBUG    [MainThread|MainProcess] websockets.client (protocol.py:write_close_frame:1232) | = connection is CLOSING
[2025-07-09 09:05:23,218.218] DEBUG    [MainThread|MainProcess] websockets.client (protocol.py:write_frame_sync:1183) | > CLOSE 1000 (OK) [2 bytes]
[2025-07-09 09:05:23,218.218] DEBUG    [MainThread|MainProcess] websockets.client (protocol.py:read_frame:1177) | < CLOSE 1000 (OK) [2 bytes]
[2025-07-09 09:05:23,218.218] DEBUG    [MainThread|MainProcess] websockets.client (protocol.py:connection_lost:1514) | = connection is CLOSED
[2025-07-09 09:05:23,218.218] DEBUG    [MainThread|MainProcess] Logger (api.py:check_and_log:32) | {'status': 'ok', 'retcode': 0, 'data': {'message_id': 1050203691}, 'message': '', 'wording': '', 'echo': 1752023122}
[2025-07-09 09:05:25,116.116] DEBUG    [MainThread|MainProcess] websockets.client (protocol.py:read_frame:1177) | < TEXT '{"time":1752023125,"self_id":703263936,"post_ty...true},"interval":30000}' [148 bytes]
[2025-07-09 09:05:25,116.116] DEBUG    [MainThread|MainProcess] Logger (connect.py:on_message:43) | {'time': 1752023125, 'self_id': 703263936, 'post_type': 'meta_event', 'meta_event_type': 'heartbeat', 'status': {'online': True, 'good': True}, 'interval': 30000}
[2025-07-09 09:05:55,129.129] DEBUG    [MainThread|MainProcess] websockets.client (protocol.py:read_frame:1177) | < TEXT '{"time":1752023155,"self_id":703263936,"post_ty...true},"interval":30000}' [148 bytes]
[2025-07-09 09:05:55,129.129] DEBUG    [MainThread|MainProcess] Logger (connect.py:on_message:43) | {'time': 1752023155, 'self_id': 703263936, 'post_type': 'meta_event', 'meta_event_type': 'heartbeat', 'status': {'online': True, 'good': True}, 'interval': 30000}
[2025-07-09 09:06:01,191.191] DEBUG    [MainThread|MainProcess] websockets.client (protocol.py:read_frame:1177) | < TEXT '{"self_id":703263936,"user_id":3863501516,"time...","group_id":465281893}' [443 bytes]
[2025-07-09 09:06:01,191.191] DEBUG    [MainThread|MainProcess] Logger (client.py:handle_group_event:67) | {'group_id': '465281893', 'user_id': '3863501516', 'message_type': 'group', 'sub_type': 'normal', 'font': '14', 'sender': "{'user_id': 3863501516, 'nickname': 'mtr_mcfunction', 'card': 'EricDing618'}", 'message_id': '1408416940', 'message_seq': '1408416940', 'real_id': '1408416940', 'message': "[{'type': 'text', 'data': {'text': '帮助'}}]", 'message_format': 'array'}
[2025-07-09 09:06:01,191.191] INFO     [MainThread|MainProcess] Logger (main.py:on_group_message:33) | {'group_id': '465281893', 'user_id': '3863501516', 'message_type': 'group', 'sub_type': 'normal', 'font': '14', 'sender': "{'user_id': 3863501516, 'nickname': 'mtr_mcfunction', 'card': 'EricDing618'}", 'message_id': '1408416940', 'message_seq': '1408416940', 'real_id': '1408416940', 'message': "[{'type': 'text', 'data': {'text': '帮助'}}]", 'message_format': 'array'}
[2025-07-09 09:06:01,191.191] DEBUG    [MainThread|MainProcess] websockets.client (protocol.py:__init__:256) | = connection is CONNECTING
[2025-07-09 09:06:01,191.191] DEBUG    [MainThread|MainProcess] websockets.client (client.py:write_http_request:114) | > GET /api HTTP/1.1
[2025-07-09 09:06:01,191.191] DEBUG    [MainThread|MainProcess] websockets.client (client.py:write_http_request:116) | > Host: localhost:8082
[2025-07-09 09:06:01,191.191] DEBUG    [MainThread|MainProcess] websockets.client (client.py:write_http_request:116) | > Upgrade: websocket
[2025-07-09 09:06:01,191.191] DEBUG    [MainThread|MainProcess] websockets.client (client.py:write_http_request:116) | > Connection: Upgrade
[2025-07-09 09:06:01,191.191] DEBUG    [MainThread|MainProcess] websockets.client (client.py:write_http_request:116) | > Sec-WebSocket-Key: NHuGtIvJhJznOiVj7k8CrA==
[2025-07-09 09:06:01,191.191] DEBUG    [MainThread|MainProcess] websockets.client (client.py:write_http_request:116) | > Sec-WebSocket-Version: 13
[2025-07-09 09:06:01,191.191] DEBUG    [MainThread|MainProcess] websockets.client (client.py:write_http_request:116) | > Sec-WebSocket-Extensions: permessage-deflate; client_max_window_bits
[2025-07-09 09:06:01,191.191] DEBUG    [MainThread|MainProcess] websockets.client (client.py:write_http_request:116) | > Content-Type: application/json
[2025-07-09 09:06:01,191.191] DEBUG    [MainThread|MainProcess] websockets.client (client.py:write_http_request:116) | > Authorization: Bearer chcat13201145
[2025-07-09 09:06:01,191.191] DEBUG    [MainThread|MainProcess] websockets.client (client.py:write_http_request:116) | > User-Agent: Python/3.10 websockets/10.4
[2025-07-09 09:06:01,191.191] DEBUG    [MainThread|MainProcess] websockets.client (client.py:read_http_response:147) | < HTTP/1.1 101 Switching Protocols
[2025-07-09 09:06:01,191.191] DEBUG    [MainThread|MainProcess] websockets.client (client.py:read_http_response:149) | < Upgrade: websocket
[2025-07-09 09:06:01,207.207] DEBUG    [MainThread|MainProcess] websockets.client (client.py:read_http_response:149) | < Connection: Upgrade
[2025-07-09 09:06:01,207.207] DEBUG    [MainThread|MainProcess] websockets.client (client.py:read_http_response:149) | < Sec-WebSocket-Accept: fMMQkgRr9GiydVPyIoukwm5wHZ4=
[2025-07-09 09:06:01,207.207] DEBUG    [MainThread|MainProcess] websockets.client (protocol.py:connection_open:357) | = connection is OPEN
[2025-07-09 09:06:01,207.207] DEBUG    [MainThread|MainProcess] websockets.client (protocol.py:write_frame_sync:1183) | > TEXT '{"action": "send_group_msg", "params": {"group_...]}, "echo": 1752023161}' [815 bytes]
[2025-07-09 09:06:01,664.664] DEBUG    [MainThread|MainProcess] websockets.client (protocol.py:read_frame:1177) | < TEXT '{"status":"ok","retcode":0,"data":{"message_id"...":"","echo":1752023161}' [103 bytes]
[2025-07-09 09:06:01,664.664] DEBUG    [MainThread|MainProcess] websockets.client (protocol.py:write_close_frame:1232) | = connection is CLOSING
[2025-07-09 09:06:01,664.664] DEBUG    [MainThread|MainProcess] websockets.client (protocol.py:write_frame_sync:1183) | > CLOSE 1000 (OK) [2 bytes]
[2025-07-09 09:06:01,664.664] DEBUG    [MainThread|MainProcess] websockets.client (protocol.py:read_frame:1177) | < CLOSE 1000 (OK) [2 bytes]
[2025-07-09 09:06:01,664.664] DEBUG    [MainThread|MainProcess] websockets.client (protocol.py:connection_lost:1514) | = connection is CLOSED
[2025-07-09 09:06:01,679.679] DEBUG    [MainThread|MainProcess] Logger (api.py:check_and_log:32) | {'status': 'ok', 'retcode': 0, 'data': {'message_id': 636256097}, 'message': '', 'wording': '', 'echo': 1752023161}
[2025-07-09 09:06:25,129.129] DEBUG    [MainThread|MainProcess] websockets.client (protocol.py:read_frame:1177) | < TEXT '{"time":1752023185,"self_id":703263936,"post_ty...true},"interval":30000}' [148 bytes]
[2025-07-09 09:06:25,129.129] DEBUG    [MainThread|MainProcess] Logger (connect.py:on_message:43) | {'time': 1752023185, 'self_id': 703263936, 'post_type': 'meta_event', 'meta_event_type': 'heartbeat', 'status': {'online': True, 'good': True}, 'interval': 30000}
[2025-07-09 09:06:55,142.142] DEBUG    [MainThread|MainProcess] websockets.client (protocol.py:read_frame:1177) | < TEXT '{"time":1752023215,"self_id":703263936,"post_ty...true},"interval":30000}' [148 bytes]
[2025-07-09 09:06:55,142.142] DEBUG    [MainThread|MainProcess] Logger (connect.py:on_message:43) | {'time': 1752023215, 'self_id': 703263936, 'post_type': 'meta_event', 'meta_event_type': 'heartbeat', 'status': {'online': True, 'good': True}, 'interval': 30000}
[2025-07-09 09:07:25,156.156] DEBUG    [MainThread|MainProcess] websockets.client (protocol.py:read_frame:1177) | < TEXT '{"time":1752023245,"self_id":703263936,"post_ty...true},"interval":30000}' [148 bytes]
[2025-07-09 09:07:25,156.156] DEBUG    [MainThread|MainProcess] Logger (connect.py:on_message:43) | {'time': 1752023245, 'self_id': 703263936, 'post_type': 'meta_event', 'meta_event_type': 'heartbeat', 'status': {'online': True, 'good': True}, 'interval': 30000}
[2025-07-09 09:07:47,042.042] DEBUG    [MainThread|MainProcess] websockets.client (protocol.py:read_frame:1177) | < TEXT '{"self_id":703263936,"user_id":2585690555,"time...","group_id":465281893}' [482 bytes]
[2025-07-09 09:07:47,042.042] DEBUG    [MainThread|MainProcess] Logger (client.py:handle_group_event:67) | {'group_id': '465281893', 'user_id': '2585690555', 'message_type': 'group', 'sub_type': 'normal', 'font': '14', 'sender': "{'user_id': 2585690555, 'nickname': 'Yuze_Yaooo', 'card': 'Yuze_Yaooo'}", 'message_id': '254489496', 'message_seq': '254489496', 'real_id': '254489496', 'message': "[{'type': 'text', 'data': {'text': '乐子bot，都删不掉机厅'}}]", 'message_format': 'array'}
[2025-07-09 09:07:47,042.042] INFO     [MainThread|MainProcess] Logger (main.py:on_group_message:33) | {'group_id': '465281893', 'user_id': '2585690555', 'message_type': 'group', 'sub_type': 'normal', 'font': '14', 'sender': "{'user_id': 2585690555, 'nickname': 'Yuze_Yaooo', 'card': 'Yuze_Yaooo'}", 'message_id': '254489496', 'message_seq': '254489496', 'real_id': '254489496', 'message': "[{'type': 'text', 'data': {'text': '乐子bot，都删不掉机厅'}}]", 'message_format': 'array'}
[2025-07-09 09:07:55,166.166] DEBUG    [MainThread|MainProcess] websockets.client (protocol.py:read_frame:1177) | < TEXT '{"time":1752023275,"self_id":703263936,"post_ty...true},"interval":30000}' [148 bytes]
[2025-07-09 09:07:55,166.166] DEBUG    [MainThread|MainProcess] Logger (connect.py:on_message:43) | {'time': 1752023275, 'self_id': 703263936, 'post_type': 'meta_event', 'meta_event_type': 'heartbeat', 'status': {'online': True, 'good': True}, 'interval': 30000}
[2025-07-09 09:08:25,178.178] DEBUG    [MainThread|MainProcess] websockets.client (protocol.py:read_frame:1177) | < TEXT '{"time":1752023305,"self_id":703263936,"post_ty...true},"interval":30000}' [148 bytes]
[2025-07-09 09:08:25,178.178] DEBUG    [MainThread|MainProcess] Logger (connect.py:on_message:43) | {'time': 1752023305, 'self_id': 703263936, 'post_type': 'meta_event', 'meta_event_type': 'heartbeat', 'status': {'online': True, 'good': True}, 'interval': 30000}
[2025-07-09 09:08:55,190.190] DEBUG    [MainThread|MainProcess] websockets.client (protocol.py:read_frame:1177) | < TEXT '{"time":1752023335,"self_id":703263936,"post_ty...true},"interval":30000}' [148 bytes]
[2025-07-09 09:08:55,190.190] DEBUG    [MainThread|MainProcess] Logger (connect.py:on_message:43) | {'time': 1752023335, 'self_id': 703263936, 'post_type': 'meta_event', 'meta_event_type': 'heartbeat', 'status': {'online': True, 'good': True}, 'interval': 30000}
[2025-07-09 09:09:25,204.204] DEBUG    [MainThread|MainProcess] websockets.client (protocol.py:read_frame:1177) | < TEXT '{"time":1752023365,"self_id":703263936,"post_ty...true},"interval":30000}' [148 bytes]
[2025-07-09 09:09:25,204.204] DEBUG    [MainThread|MainProcess] Logger (connect.py:on_message:43) | {'time': 1752023365, 'self_id': 703263936, 'post_type': 'meta_event', 'meta_event_type': 'heartbeat', 'status': {'online': True, 'good': True}, 'interval': 30000}
[2025-07-09 09:09:55,208.208] DEBUG    [MainThread|MainProcess] websockets.client (protocol.py:read_frame:1177) | < TEXT '{"time":1752023395,"self_id":703263936,"post_ty...true},"interval":30000}' [148 bytes]
[2025-07-09 09:09:55,208.208] DEBUG    [MainThread|MainProcess] Logger (connect.py:on_message:43) | {'time': 1752023395, 'self_id': 703263936, 'post_type': 'meta_event', 'meta_event_type': 'heartbeat', 'status': {'online': True, 'good': True}, 'interval': 30000}
[2025-07-09 09:10:25,221.221] DEBUG    [MainThread|MainProcess] websockets.client (protocol.py:read_frame:1177) | < TEXT '{"time":1752023425,"self_id":703263936,"post_ty...true},"interval":30000}' [148 bytes]
[2025-07-09 09:10:25,221.221] DEBUG    [MainThread|MainProcess] Logger (connect.py:on_message:43) | {'time': 1752023425, 'self_id': 703263936, 'post_type': 'meta_event', 'meta_event_type': 'heartbeat', 'status': {'online': True, 'good': True}, 'interval': 30000}
[2025-07-09 09:10:55,236.236] DEBUG    [MainThread|MainProcess] websockets.client (protocol.py:read_frame:1177) | < TEXT '{"time":1752023455,"self_id":703263936,"post_ty...true},"interval":30000}' [148 bytes]
[2025-07-09 09:10:55,236.236] DEBUG    [MainThread|MainProcess] Logger (connect.py:on_message:43) | {'time': 1752023455, 'self_id': 703263936, 'post_type': 'meta_event', 'meta_event_type': 'heartbeat', 'status': {'online': True, 'good': True}, 'interval': 30000}
[2025-07-09 09:11:25,249.249] DEBUG    [MainThread|MainProcess] websockets.client (protocol.py:read_frame:1177) | < TEXT '{"time":1752023485,"self_id":703263936,"post_ty...true},"interval":30000}' [148 bytes]
[2025-07-09 09:11:25,249.249] DEBUG    [MainThread|MainProcess] Logger (connect.py:on_message:43) | {'time': 1752023485, 'self_id': 703263936, 'post_type': 'meta_event', 'meta_event_type': 'heartbeat', 'status': {'online': True, 'good': True}, 'interval': 30000}
[2025-07-09 09:11:55,253.253] DEBUG    [MainThread|MainProcess] websockets.client (protocol.py:read_frame:1177) | < TEXT '{"time":1752023515,"self_id":703263936,"post_ty...true},"interval":30000}' [148 bytes]
[2025-07-09 09:11:55,253.253] DEBUG    [MainThread|MainProcess] Logger (connect.py:on_message:43) | {'time': 1752023515, 'self_id': 703263936, 'post_type': 'meta_event', 'meta_event_type': 'heartbeat', 'status': {'online': True, 'good': True}, 'interval': 30000}
[2025-07-09 09:12:25,267.267] DEBUG    [MainThread|MainProcess] websockets.client (protocol.py:read_frame:1177) | < TEXT '{"time":1752023545,"self_id":703263936,"post_ty...true},"interval":30000}' [148 bytes]
[2025-07-09 09:12:25,267.267] DEBUG    [MainThread|MainProcess] Logger (connect.py:on_message:43) | {'time': 1752023545, 'self_id': 703263936, 'post_type': 'meta_event', 'meta_event_type': 'heartbeat', 'status': {'online': True, 'good': True}, 'interval': 30000}
[2025-07-09 09:12:55,278.278] DEBUG    [MainThread|MainProcess] websockets.client (protocol.py:read_frame:1177) | < TEXT '{"time":1752023575,"self_id":703263936,"post_ty...true},"interval":30000}' [148 bytes]
[2025-07-09 09:12:55,278.278] DEBUG    [MainThread|MainProcess] Logger (connect.py:on_message:43) | {'time': 1752023575, 'self_id': 703263936, 'post_type': 'meta_event', 'meta_event_type': 'heartbeat', 'status': {'online': True, 'good': True}, 'interval': 30000}
[2025-07-09 09:13:08,433.433] DEBUG    [MainThread|MainProcess] websockets.client (protocol.py:read_frame:1177) | < TEXT '{"self_id":703263936,"user_id":3863501516,"time...","group_id":465281893}' [523 bytes]
[2025-07-09 09:13:08,433.433] DEBUG    [MainThread|MainProcess] Logger (client.py:handle_group_event:67) | {'group_id': '465281893', 'user_id': '3863501516', 'message_type': 'group', 'sub_type': 'normal', 'font': '14', 'sender': "{'user_id': 3863501516, 'nickname': 'mtr_mcfunction', 'card': 'EricDing618'}", 'message_id': '1762639942', 'message_seq': '1762639942', 'real_id': '1762639942', 'message': "[{'type': 'reply', 'data': {'id': '1966639025'}}, {'type': 'text', 'data': {'text': '正在搞（'}}]", 'message_format': 'array'}
[2025-07-09 09:13:08,433.433] INFO     [MainThread|MainProcess] Logger (main.py:on_group_message:33) | {'group_id': '465281893', 'user_id': '3863501516', 'message_type': 'group', 'sub_type': 'normal', 'font': '14', 'sender': "{'user_id': 3863501516, 'nickname': 'mtr_mcfunction', 'card': 'EricDing618'}", 'message_id': '1762639942', 'message_seq': '1762639942', 'real_id': '1762639942', 'message': "[{'type': 'reply', 'data': {'id': '1966639025'}}, {'type': 'text', 'data': {'text': '正在搞（'}}]", 'message_format': 'array'}
[2025-07-09 09:13:08,433.433] DEBUG    [MainThread|MainProcess] websockets.client (protocol.py:__init__:256) | = connection is CONNECTING
[2025-07-09 09:13:08,433.433] DEBUG    [MainThread|MainProcess] websockets.client (client.py:write_http_request:114) | > GET /api HTTP/1.1
[2025-07-09 09:13:08,433.433] DEBUG    [MainThread|MainProcess] websockets.client (client.py:write_http_request:116) | > Host: localhost:8082
[2025-07-09 09:13:08,433.433] DEBUG    [MainThread|MainProcess] websockets.client (client.py:write_http_request:116) | > Upgrade: websocket
[2025-07-09 09:13:08,433.433] DEBUG    [MainThread|MainProcess] websockets.client (client.py:write_http_request:116) | > Connection: Upgrade
[2025-07-09 09:13:08,433.433] DEBUG    [MainThread|MainProcess] websockets.client (client.py:write_http_request:116) | > Sec-WebSocket-Key: LRMw9BympbIeIrdoV6L5jA==
[2025-07-09 09:13:08,433.433] DEBUG    [MainThread|MainProcess] websockets.client (client.py:write_http_request:116) | > Sec-WebSocket-Version: 13
[2025-07-09 09:13:08,433.433] DEBUG    [MainThread|MainProcess] websockets.client (client.py:write_http_request:116) | > Sec-WebSocket-Extensions: permessage-deflate; client_max_window_bits
[2025-07-09 09:13:08,433.433] DEBUG    [MainThread|MainProcess] websockets.client (client.py:write_http_request:116) | > Content-Type: application/json
[2025-07-09 09:13:08,433.433] DEBUG    [MainThread|MainProcess] websockets.client (client.py:write_http_request:116) | > Authorization: Bearer chcat13201145
[2025-07-09 09:13:08,433.433] DEBUG    [MainThread|MainProcess] websockets.client (client.py:write_http_request:116) | > User-Agent: Python/3.10 websockets/10.4
[2025-07-09 09:13:08,433.433] DEBUG    [MainThread|MainProcess] websockets.client (client.py:read_http_response:147) | < HTTP/1.1 101 Switching Protocols
[2025-07-09 09:13:08,433.433] DEBUG    [MainThread|MainProcess] websockets.client (client.py:read_http_response:149) | < Upgrade: websocket
[2025-07-09 09:13:08,433.433] DEBUG    [MainThread|MainProcess] websockets.client (client.py:read_http_response:149) | < Connection: Upgrade
[2025-07-09 09:13:08,433.433] DEBUG    [MainThread|MainProcess] websockets.client (client.py:read_http_response:149) | < Sec-WebSocket-Accept: 7xDg4/lt9u2qX1pnnnuNlDmosaY=
[2025-07-09 09:13:08,433.433] DEBUG    [MainThread|MainProcess] websockets.client (protocol.py:connection_open:357) | = connection is OPEN
[2025-07-09 09:13:08,433.433] DEBUG    [MainThread|MainProcess] websockets.client (protocol.py:write_frame_sync:1183) | > TEXT '{"action": "send_group_msg", "params": {"group_...]}, "echo": 1752023588}' [142 bytes]
[2025-07-09 09:13:08,864.864] DEBUG    [MainThread|MainProcess] websockets.client (protocol.py:read_frame:1177) | < TEXT '{"status":"ok","retcode":0,"data":{"message_id"...":"","echo":1752023588}' [103 bytes]
[2025-07-09 09:13:08,864.864] DEBUG    [MainThread|MainProcess] websockets.client (protocol.py:write_close_frame:1232) | = connection is CLOSING
[2025-07-09 09:13:08,864.864] DEBUG    [MainThread|MainProcess] websockets.client (protocol.py:write_frame_sync:1183) | > CLOSE 1000 (OK) [2 bytes]
[2025-07-09 09:13:08,864.864] DEBUG    [MainThread|MainProcess] websockets.client (protocol.py:read_frame:1177) | < CLOSE 1000 (OK) [2 bytes]
[2025-07-09 09:13:08,864.864] DEBUG    [MainThread|MainProcess] websockets.client (protocol.py:connection_lost:1514) | = connection is CLOSED
[2025-07-09 09:13:08,864.864] DEBUG    [MainThread|MainProcess] Logger (api.py:check_and_log:32) | {'status': 'ok', 'retcode': 0, 'data': {'message_id': 692842385}, 'message': '', 'wording': '', 'echo': 1752023588}
[2025-07-09 09:13:25,278.278] DEBUG    [MainThread|MainProcess] websockets.client (protocol.py:read_frame:1177) | < TEXT '{"time":1752023605,"self_id":703263936,"post_ty...true},"interval":30000}' [148 bytes]
[2025-07-09 09:13:25,278.278] DEBUG    [MainThread|MainProcess] Logger (connect.py:on_message:43) | {'time': 1752023605, 'self_id': 703263936, 'post_type': 'meta_event', 'meta_event_type': 'heartbeat', 'status': {'online': True, 'good': True}, 'interval': 30000}
[2025-07-09 09:13:55,286.286] DEBUG    [MainThread|MainProcess] websockets.client (protocol.py:read_frame:1177) | < TEXT '{"time":1752023635,"self_id":703263936,"post_ty...true},"interval":30000}' [148 bytes]
[2025-07-09 09:13:55,286.286] DEBUG    [MainThread|MainProcess] Logger (connect.py:on_message:43) | {'time': 1752023635, 'self_id': 703263936, 'post_type': 'meta_event', 'meta_event_type': 'heartbeat', 'status': {'online': True, 'good': True}, 'interval': 30000}
[2025-07-09 09:14:25,299.299] DEBUG    [MainThread|MainProcess] websockets.client (protocol.py:read_frame:1177) | < TEXT '{"time":1752023665,"self_id":703263936,"post_ty...true},"interval":30000}' [148 bytes]
[2025-07-09 09:14:25,299.299] DEBUG    [MainThread|MainProcess] Logger (connect.py:on_message:43) | {'time': 1752023665, 'self_id': 703263936, 'post_type': 'meta_event', 'meta_event_type': 'heartbeat', 'status': {'online': True, 'good': True}, 'interval': 30000}
[2025-07-09 09:14:55,302.302] DEBUG    [MainThread|MainProcess] websockets.client (protocol.py:read_frame:1177) | < TEXT '{"time":1752023695,"self_id":703263936,"post_ty...true},"interval":30000}' [148 bytes]
[2025-07-09 09:14:55,302.302] DEBUG    [MainThread|MainProcess] Logger (connect.py:on_message:43) | {'time': 1752023695, 'self_id': 703263936, 'post_type': 'meta_event', 'meta_event_type': 'heartbeat', 'status': {'online': True, 'good': True}, 'interval': 30000}
[2025-07-09 09:15:25,316.316] DEBUG    [MainThread|MainProcess] websockets.client (protocol.py:read_frame:1177) | < TEXT '{"time":1752023725,"self_id":703263936,"post_ty...true},"interval":30000}' [148 bytes]
[2025-07-09 09:15:25,316.316] DEBUG    [MainThread|MainProcess] Logger (connect.py:on_message:43) | {'time': 1752023725, 'self_id': 703263936, 'post_type': 'meta_event', 'meta_event_type': 'heartbeat', 'status': {'online': True, 'good': True}, 'interval': 30000}
[2025-07-09 09:15:45,299.299] DEBUG    [MainThread|MainProcess] websockets.client (protocol.py:read_frame:1177) | < TEXT '{"self_id":703263936,"user_id":2585690555,"time...","group_id":465281893}' [437 bytes]
[2025-07-09 09:15:45,299.299] DEBUG    [MainThread|MainProcess] Logger (client.py:handle_group_event:67) | {'group_id': '465281893', 'user_id': '2585690555', 'message_type': 'group', 'sub_type': 'normal', 'font': '14', 'sender': "{'user_id': 2585690555, 'nickname': 'Yuze_Yaooo', 'card': 'Yuze_Yaooo'}", 'message_id': '1362667782', 'message_seq': '1362667782', 'real_id': '1362667782', 'message': "[{'type': 'text', 'data': {'text': '（）'}}]", 'message_format': 'array'}
[2025-07-09 09:15:45,299.299] INFO     [MainThread|MainProcess] Logger (main.py:on_group_message:33) | {'group_id': '465281893', 'user_id': '2585690555', 'message_type': 'group', 'sub_type': 'normal', 'font': '14', 'sender': "{'user_id': 2585690555, 'nickname': 'Yuze_Yaooo', 'card': 'Yuze_Yaooo'}", 'message_id': '1362667782', 'message_seq': '1362667782', 'real_id': '1362667782', 'message': "[{'type': 'text', 'data': {'text': '（）'}}]", 'message_format': 'array'}
[2025-07-09 09:15:55,320.320] DEBUG    [MainThread|MainProcess] websockets.client (protocol.py:read_frame:1177) | < TEXT '{"time":1752023755,"self_id":703263936,"post_ty...true},"interval":30000}' [148 bytes]
[2025-07-09 09:15:55,320.320] DEBUG    [MainThread|MainProcess] Logger (connect.py:on_message:43) | {'time': 1752023755, 'self_id': 703263936, 'post_type': 'meta_event', 'meta_event_type': 'heartbeat', 'status': {'online': True, 'good': True}, 'interval': 30000}
[2025-07-09 09:16:25,334.334] DEBUG    [MainThread|MainProcess] websockets.client (protocol.py:read_frame:1177) | < TEXT '{"time":1752023785,"self_id":703263936,"post_ty...true},"interval":30000}' [148 bytes]
[2025-07-09 09:16:25,334.334] DEBUG    [MainThread|MainProcess] Logger (connect.py:on_message:43) | {'time': 1752023785, 'self_id': 703263936, 'post_type': 'meta_event', 'meta_event_type': 'heartbeat', 'status': {'online': True, 'good': True}, 'interval': 30000}
[2025-07-09 09:16:55,344.344] DEBUG    [MainThread|MainProcess] websockets.client (protocol.py:read_frame:1177) | < TEXT '{"time":1752023815,"self_id":703263936,"post_ty...true},"interval":30000}' [148 bytes]
[2025-07-09 09:16:55,344.344] DEBUG    [MainThread|MainProcess] Logger (connect.py:on_message:43) | {'time': 1752023815, 'self_id': 703263936, 'post_type': 'meta_event', 'meta_event_type': 'heartbeat', 'status': {'online': True, 'good': True}, 'interval': 30000}
[2025-07-09 09:17:25,357.357] DEBUG    [MainThread|MainProcess] websockets.client (protocol.py:read_frame:1177) | < TEXT '{"time":1752023845,"self_id":703263936,"post_ty...true},"interval":30000}' [148 bytes]
[2025-07-09 09:17:25,357.357] DEBUG    [MainThread|MainProcess] Logger (connect.py:on_message:43) | {'time': 1752023845, 'self_id': 703263936, 'post_type': 'meta_event', 'meta_event_type': 'heartbeat', 'status': {'online': True, 'good': True}, 'interval': 30000}
[2025-07-09 09:17:55,365.365] DEBUG    [MainThread|MainProcess] websockets.client (protocol.py:read_frame:1177) | < TEXT '{"time":1752023875,"self_id":703263936,"post_ty...true},"interval":30000}' [148 bytes]
[2025-07-09 09:17:55,365.365] DEBUG    [MainThread|MainProcess] Logger (connect.py:on_message:43) | {'time': 1752023875, 'self_id': 703263936, 'post_type': 'meta_event', 'meta_event_type': 'heartbeat', 'status': {'online': True, 'good': True}, 'interval': 30000}
[2025-07-09 09:18:25,379.379] DEBUG    [MainThread|MainProcess] websockets.client (protocol.py:read_frame:1177) | < TEXT '{"time":1752023905,"self_id":703263936,"post_ty...true},"interval":30000}' [148 bytes]
[2025-07-09 09:18:25,379.379] DEBUG    [MainThread|MainProcess] Logger (connect.py:on_message:43) | {'time': 1752023905, 'self_id': 703263936, 'post_type': 'meta_event', 'meta_event_type': 'heartbeat', 'status': {'online': True, 'good': True}, 'interval': 30000}
[2025-07-09 09:18:55,380.380] DEBUG    [MainThread|MainProcess] websockets.client (protocol.py:read_frame:1177) | < TEXT '{"time":1752023935,"self_id":703263936,"post_ty...true},"interval":30000}' [148 bytes]
[2025-07-09 09:18:55,380.380] DEBUG    [MainThread|MainProcess] Logger (connect.py:on_message:43) | {'time': 1752023935, 'self_id': 703263936, 'post_type': 'meta_event', 'meta_event_type': 'heartbeat', 'status': {'online': True, 'good': True}, 'interval': 30000}
[2025-07-09 09:19:25,394.394] DEBUG    [MainThread|MainProcess] websockets.client (protocol.py:read_frame:1177) | < TEXT '{"time":1752023965,"self_id":703263936,"post_ty...true},"interval":30000}' [148 bytes]
[2025-07-09 09:19:25,394.394] DEBUG    [MainThread|MainProcess] Logger (connect.py:on_message:43) | {'time': 1752023965, 'self_id': 703263936, 'post_type': 'meta_event', 'meta_event_type': 'heartbeat', 'status': {'online': True, 'good': True}, 'interval': 30000}
[2025-07-09 09:19:55,405.405] DEBUG    [MainThread|MainProcess] websockets.client (protocol.py:read_frame:1177) | < TEXT '{"time":1752023995,"self_id":703263936,"post_ty...true},"interval":30000}' [148 bytes]
[2025-07-09 09:19:55,405.405] DEBUG    [MainThread|MainProcess] Logger (connect.py:on_message:43) | {'time': 1752023995, 'self_id': 703263936, 'post_type': 'meta_event', 'meta_event_type': 'heartbeat', 'status': {'online': True, 'good': True}, 'interval': 30000}
[2025-07-09 09:20:25,418.418] DEBUG    [MainThread|MainProcess] websockets.client (protocol.py:read_frame:1177) | < TEXT '{"time":1752024025,"self_id":703263936,"post_ty...true},"interval":30000}' [148 bytes]
[2025-07-09 09:20:25,418.418] DEBUG    [MainThread|MainProcess] Logger (connect.py:on_message:43) | {'time': 1752024025, 'self_id': 703263936, 'post_type': 'meta_event', 'meta_event_type': 'heartbeat', 'status': {'online': True, 'good': True}, 'interval': 30000}
[2025-07-09 09:20:55,420.420] DEBUG    [MainThread|MainProcess] websockets.client (protocol.py:read_frame:1177) | < TEXT '{"time":1752024055,"self_id":703263936,"post_ty...true},"interval":30000}' [148 bytes]
[2025-07-09 09:20:55,420.420] DEBUG    [MainThread|MainProcess] Logger (connect.py:on_message:43) | {'time': 1752024055, 'self_id': 703263936, 'post_type': 'meta_event', 'meta_event_type': 'heartbeat', 'status': {'online': True, 'good': True}, 'interval': 30000}
[2025-07-09 09:21:25,433.433] DEBUG    [MainThread|MainProcess] websockets.client (protocol.py:read_frame:1177) | < TEXT '{"time":1752024085,"self_id":703263936,"post_ty...true},"interval":30000}' [148 bytes]
[2025-07-09 09:21:25,433.433] DEBUG    [MainThread|MainProcess] Logger (connect.py:on_message:43) | {'time': 1752024085, 'self_id': 703263936, 'post_type': 'meta_event', 'meta_event_type': 'heartbeat', 'status': {'online': True, 'good': True}, 'interval': 30000}
[2025-07-09 09:21:55,448.448] DEBUG    [MainThread|MainProcess] websockets.client (protocol.py:read_frame:1177) | < TEXT '{"time":1752024115,"self_id":703263936,"post_ty...true},"interval":30000}' [148 bytes]
[2025-07-09 09:21:55,448.448] DEBUG    [MainThread|MainProcess] Logger (connect.py:on_message:43) | {'time': 1752024115, 'self_id': 703263936, 'post_type': 'meta_event', 'meta_event_type': 'heartbeat', 'status': {'online': True, 'good': True}, 'interval': 30000}
[2025-07-09 09:22:25,462.462] DEBUG    [MainThread|MainProcess] websockets.client (protocol.py:read_frame:1177) | < TEXT '{"time":1752024145,"self_id":703263936,"post_ty...true},"interval":30000}' [148 bytes]
[2025-07-09 09:22:25,462.462] DEBUG    [MainThread|MainProcess] Logger (connect.py:on_message:43) | {'time': 1752024145, 'self_id': 703263936, 'post_type': 'meta_event', 'meta_event_type': 'heartbeat', 'status': {'online': True, 'good': True}, 'interval': 30000}
[2025-07-09 09:22:55,467.467] DEBUG    [MainThread|MainProcess] websockets.client (protocol.py:read_frame:1177) | < TEXT '{"time":1752024175,"self_id":703263936,"post_ty...true},"interval":30000}' [148 bytes]
[2025-07-09 09:22:55,467.467] DEBUG    [MainThread|MainProcess] Logger (connect.py:on_message:43) | {'time': 1752024175, 'self_id': 703263936, 'post_type': 'meta_event', 'meta_event_type': 'heartbeat', 'status': {'online': True, 'good': True}, 'interval': 30000}
[2025-07-09 09:23:25,481.481] DEBUG    [MainThread|MainProcess] websockets.client (protocol.py:read_frame:1177) | < TEXT '{"time":1752024205,"self_id":703263936,"post_ty...true},"interval":30000}' [148 bytes]
[2025-07-09 09:23:25,481.481] DEBUG    [MainThread|MainProcess] Logger (connect.py:on_message:43) | {'time': 1752024205, 'self_id': 703263936, 'post_type': 'meta_event', 'meta_event_type': 'heartbeat', 'status': {'online': True, 'good': True}, 'interval': 30000}
[2025-07-09 09:23:29,855.855] DEBUG    [MainThread|MainProcess] websockets.client (protocol.py:read_frame:1177) | < TEXT '{"self_id":703263936,"user_id":2198019953,"time...","group_id":759877647}' [473 bytes]
[2025-07-09 09:23:29,855.855] DEBUG    [MainThread|MainProcess] Logger (client.py:handle_group_event:67) | {'group_id': '759877647', 'user_id': '2198019953', 'message_type': 'group', 'sub_type': 'normal', 'font': '14', 'sender': "{'user_id': 2198019953, 'nickname': 'ᶜᵒᵐᵖˡᵉˣ ᵖˡᵃᶰᵉ', 'card': '复平面'}", 'message_id': '1685328189', 'message_seq': '1685328189', 'real_id': '1685328189', 'message': "[{'type': 'text', 'data': {'text': '哈哈是的'}}]", 'message_format': 'array'}
[2025-07-09 09:23:29,855.855] INFO     [MainThread|MainProcess] Logger (main.py:on_group_message:33) | {'group_id': '759877647', 'user_id': '2198019953', 'message_type': 'group', 'sub_type': 'normal', 'font': '14', 'sender': "{'user_id': 2198019953, 'nickname': 'ᶜᵒᵐᵖˡᵉˣ ᵖˡᵃᶰᵉ', 'card': '复平面'}", 'message_id': '1685328189', 'message_seq': '1685328189', 'real_id': '1685328189', 'message': "[{'type': 'text', 'data': {'text': '哈哈是的'}}]", 'message_format': 'array'}
[2025-07-09 09:23:55,503.503] DEBUG    [MainThread|MainProcess] websockets.client (protocol.py:read_frame:1177) | < TEXT '{"time":1752024235,"self_id":703263936,"post_ty...true},"interval":30000}' [148 bytes]
[2025-07-09 09:23:55,503.503] DEBUG    [MainThread|MainProcess] Logger (connect.py:on_message:43) | {'time': 1752024235, 'self_id': 703263936, 'post_type': 'meta_event', 'meta_event_type': 'heartbeat', 'status': {'online': True, 'good': True}, 'interval': 30000}
[2025-07-09 09:24:25,516.516] DEBUG    [MainThread|MainProcess] websockets.client (protocol.py:read_frame:1177) | < TEXT '{"time":1752024265,"self_id":703263936,"post_ty...true},"interval":30000}' [148 bytes]
[2025-07-09 09:24:25,516.516] DEBUG    [MainThread|MainProcess] Logger (connect.py:on_message:43) | {'time': 1752024265, 'self_id': 703263936, 'post_type': 'meta_event', 'meta_event_type': 'heartbeat', 'status': {'online': True, 'good': True}, 'interval': 30000}
[2025-07-09 09:24:55,530.530] DEBUG    [MainThread|MainProcess] websockets.client (protocol.py:read_frame:1177) | < TEXT '{"time":1752024295,"self_id":703263936,"post_ty...true},"interval":30000}' [148 bytes]
[2025-07-09 09:24:55,530.530] DEBUG    [MainThread|MainProcess] Logger (connect.py:on_message:43) | {'time': 1752024295, 'self_id': 703263936, 'post_type': 'meta_event', 'meta_event_type': 'heartbeat', 'status': {'online': True, 'good': True}, 'interval': 30000}
[2025-07-09 09:25:25,544.544] DEBUG    [MainThread|MainProcess] websockets.client (protocol.py:read_frame:1177) | < TEXT '{"time":1752024325,"self_id":703263936,"post_ty...true},"interval":30000}' [148 bytes]
[2025-07-09 09:25:25,544.544] DEBUG    [MainThread|MainProcess] Logger (connect.py:on_message:43) | {'time': 1752024325, 'self_id': 703263936, 'post_type': 'meta_event', 'meta_event_type': 'heartbeat', 'status': {'online': True, 'good': True}, 'interval': 30000}
[2025-07-09 09:25:55,557.557] DEBUG    [MainThread|MainProcess] websockets.client (protocol.py:read_frame:1177) | < TEXT '{"time":1752024355,"self_id":703263936,"post_ty...true},"interval":30000}' [148 bytes]
[2025-07-09 09:25:55,557.557] DEBUG    [MainThread|MainProcess] Logger (connect.py:on_message:43) | {'time': 1752024355, 'self_id': 703263936, 'post_type': 'meta_event', 'meta_event_type': 'heartbeat', 'status': {'online': True, 'good': True}, 'interval': 30000}
[2025-07-09 09:26:25,571.571] DEBUG    [MainThread|MainProcess] websockets.client (protocol.py:read_frame:1177) | < TEXT '{"time":1752024385,"self_id":703263936,"post_ty...true},"interval":30000}' [148 bytes]
[2025-07-09 09:26:25,571.571] DEBUG    [MainThread|MainProcess] Logger (connect.py:on_message:43) | {'time': 1752024385, 'self_id': 703263936, 'post_type': 'meta_event', 'meta_event_type': 'heartbeat', 'status': {'online': True, 'good': True}, 'interval': 30000}
[2025-07-09 09:26:55,619.619] DEBUG    [MainThread|MainProcess] websockets.client (protocol.py:read_frame:1177) | < TEXT '{"time":1752024415,"self_id":703263936,"post_ty...true},"interval":30000}' [148 bytes]
[2025-07-09 09:26:55,619.619] DEBUG    [MainThread|MainProcess] Logger (connect.py:on_message:43) | {'time': 1752024415, 'self_id': 703263936, 'post_type': 'meta_event', 'meta_event_type': 'heartbeat', 'status': {'online': True, 'good': True}, 'interval': 30000}
[2025-07-09 09:27:25,632.632] DEBUG    [MainThread|MainProcess] websockets.client (protocol.py:read_frame:1177) | < TEXT '{"time":1752024445,"self_id":703263936,"post_ty...true},"interval":30000}' [148 bytes]
[2025-07-09 09:27:25,632.632] DEBUG    [MainThread|MainProcess] Logger (connect.py:on_message:43) | {'time': 1752024445, 'self_id': 703263936, 'post_type': 'meta_event', 'meta_event_type': 'heartbeat', 'status': {'online': True, 'good': True}, 'interval': 30000}
[2025-07-09 09:27:55,641.641] DEBUG    [MainThread|MainProcess] websockets.client (protocol.py:read_frame:1177) | < TEXT '{"time":1752024475,"self_id":703263936,"post_ty...true},"interval":30000}' [148 bytes]
[2025-07-09 09:27:55,641.641] DEBUG    [MainThread|MainProcess] Logger (connect.py:on_message:43) | {'time': 1752024475, 'self_id': 703263936, 'post_type': 'meta_event', 'meta_event_type': 'heartbeat', 'status': {'online': True, 'good': True}, 'interval': 30000}
[2025-07-09 09:28:25,654.654] DEBUG    [MainThread|MainProcess] websockets.client (protocol.py:read_frame:1177) | < TEXT '{"time":1752024505,"self_id":703263936,"post_ty...true},"interval":30000}' [148 bytes]
[2025-07-09 09:28:25,654.654] DEBUG    [MainThread|MainProcess] Logger (connect.py:on_message:43) | {'time': 1752024505, 'self_id': 703263936, 'post_type': 'meta_event', 'meta_event_type': 'heartbeat', 'status': {'online': True, 'good': True}, 'interval': 30000}
[2025-07-09 09:28:55,659.659] DEBUG    [MainThread|MainProcess] websockets.client (protocol.py:read_frame:1177) | < TEXT '{"time":1752024535,"self_id":703263936,"post_ty...true},"interval":30000}' [148 bytes]
[2025-07-09 09:28:55,659.659] DEBUG    [MainThread|MainProcess] Logger (connect.py:on_message:43) | {'time': 1752024535, 'self_id': 703263936, 'post_type': 'meta_event', 'meta_event_type': 'heartbeat', 'status': {'online': True, 'good': True}, 'interval': 30000}
[2025-07-09 09:29:25,672.672] DEBUG    [MainThread|MainProcess] websockets.client (protocol.py:read_frame:1177) | < TEXT '{"time":1752024565,"self_id":703263936,"post_ty...true},"interval":30000}' [148 bytes]
[2025-07-09 09:29:25,672.672] DEBUG    [MainThread|MainProcess] Logger (connect.py:on_message:43) | {'time': 1752024565, 'self_id': 703263936, 'post_type': 'meta_event', 'meta_event_type': 'heartbeat', 'status': {'online': True, 'good': True}, 'interval': 30000}
[2025-07-09 09:29:55,681.681] DEBUG    [MainThread|MainProcess] websockets.client (protocol.py:read_frame:1177) | < TEXT '{"time":1752024595,"self_id":703263936,"post_ty...true},"interval":30000}' [148 bytes]
[2025-07-09 09:29:55,681.681] DEBUG    [MainThread|MainProcess] Logger (connect.py:on_message:43) | {'time': 1752024595, 'self_id': 703263936, 'post_type': 'meta_event', 'meta_event_type': 'heartbeat', 'status': {'online': True, 'good': True}, 'interval': 30000}
[2025-07-09 09:30:25,694.694] DEBUG    [MainThread|MainProcess] websockets.client (protocol.py:read_frame:1177) | < TEXT '{"time":1752024625,"self_id":703263936,"post_ty...true},"interval":30000}' [148 bytes]
[2025-07-09 09:30:25,694.694] DEBUG    [MainThread|MainProcess] Logger (connect.py:on_message:43) | {'time': 1752024625, 'self_id': 703263936, 'post_type': 'meta_event', 'meta_event_type': 'heartbeat', 'status': {'online': True, 'good': True}, 'interval': 30000}
[2025-07-09 09:30:55,695.695] DEBUG    [MainThread|MainProcess] websockets.client (protocol.py:read_frame:1177) | < TEXT '{"time":1752024655,"self_id":703263936,"post_ty...true},"interval":30000}' [148 bytes]
[2025-07-09 09:30:55,695.695] DEBUG    [MainThread|MainProcess] Logger (connect.py:on_message:43) | {'time': 1752024655, 'self_id': 703263936, 'post_type': 'meta_event', 'meta_event_type': 'heartbeat', 'status': {'online': True, 'good': True}, 'interval': 30000}
[2025-07-09 09:31:25,708.708] DEBUG    [MainThread|MainProcess] websockets.client (protocol.py:read_frame:1177) | < TEXT '{"time":1752024685,"self_id":703263936,"post_ty...true},"interval":30000}' [148 bytes]
[2025-07-09 09:31:25,708.708] DEBUG    [MainThread|MainProcess] Logger (connect.py:on_message:43) | {'time': 1752024685, 'self_id': 703263936, 'post_type': 'meta_event', 'meta_event_type': 'heartbeat', 'status': {'online': True, 'good': True}, 'interval': 30000}
[2025-07-09 09:31:55,709.709] DEBUG    [MainThread|MainProcess] websockets.client (protocol.py:read_frame:1177) | < TEXT '{"time":1752024715,"self_id":703263936,"post_ty...true},"interval":30000}' [148 bytes]
[2025-07-09 09:31:55,709.709] DEBUG    [MainThread|MainProcess] Logger (connect.py:on_message:43) | {'time': 1752024715, 'self_id': 703263936, 'post_type': 'meta_event', 'meta_event_type': 'heartbeat', 'status': {'online': True, 'good': True}, 'interval': 30000}
[2025-07-09 09:32:25,722.722] DEBUG    [MainThread|MainProcess] websockets.client (protocol.py:read_frame:1177) | < TEXT '{"time":1752024745,"self_id":703263936,"post_ty...true},"interval":30000}' [148 bytes]
[2025-07-09 09:32:25,722.722] DEBUG    [MainThread|MainProcess] Logger (connect.py:on_message:43) | {'time': 1752024745, 'self_id': 703263936, 'post_type': 'meta_event', 'meta_event_type': 'heartbeat', 'status': {'online': True, 'good': True}, 'interval': 30000}
[2025-07-09 09:32:55,736.736] DEBUG    [MainThread|MainProcess] websockets.client (protocol.py:read_frame:1177) | < TEXT '{"time":1752024775,"self_id":703263936,"post_ty...true},"interval":30000}' [148 bytes]
[2025-07-09 09:32:55,736.736] DEBUG    [MainThread|MainProcess] Logger (connect.py:on_message:43) | {'time': 1752024775, 'self_id': 703263936, 'post_type': 'meta_event', 'meta_event_type': 'heartbeat', 'status': {'online': True, 'good': True}, 'interval': 30000}
[2025-07-09 09:33:25,750.750] DEBUG    [MainThread|MainProcess] websockets.client (protocol.py:read_frame:1177) | < TEXT '{"time":1752024805,"self_id":703263936,"post_ty...true},"interval":30000}' [148 bytes]
[2025-07-09 09:33:25,750.750] DEBUG    [MainThread|MainProcess] Logger (connect.py:on_message:43) | {'time': 1752024805, 'self_id': 703263936, 'post_type': 'meta_event', 'meta_event_type': 'heartbeat', 'status': {'online': True, 'good': True}, 'interval': 30000}
[2025-07-09 09:33:55,749.749] DEBUG    [MainThread|MainProcess] websockets.client (protocol.py:read_frame:1177) | < TEXT '{"time":1752024835,"self_id":703263936,"post_ty...true},"interval":30000}' [148 bytes]
[2025-07-09 09:33:55,749.749] DEBUG    [MainThread|MainProcess] Logger (connect.py:on_message:43) | {'time': 1752024835, 'self_id': 703263936, 'post_type': 'meta_event', 'meta_event_type': 'heartbeat', 'status': {'online': True, 'good': True}, 'interval': 30000}
[2025-07-09 09:34:25,763.763] DEBUG    [MainThread|MainProcess] websockets.client (protocol.py:read_frame:1177) | < TEXT '{"time":1752024865,"self_id":703263936,"post_ty...true},"interval":30000}' [148 bytes]
[2025-07-09 09:34:25,763.763] DEBUG    [MainThread|MainProcess] Logger (connect.py:on_message:43) | {'time': 1752024865, 'self_id': 703263936, 'post_type': 'meta_event', 'meta_event_type': 'heartbeat', 'status': {'online': True, 'good': True}, 'interval': 30000}
[2025-07-09 09:34:55,776.776] DEBUG    [MainThread|MainProcess] websockets.client (protocol.py:read_frame:1177) | < TEXT '{"time":1752024895,"self_id":703263936,"post_ty...true},"interval":30000}' [148 bytes]
[2025-07-09 09:34:55,776.776] DEBUG    [MainThread|MainProcess] Logger (connect.py:on_message:43) | {'time': 1752024895, 'self_id': 703263936, 'post_type': 'meta_event', 'meta_event_type': 'heartbeat', 'status': {'online': True, 'good': True}, 'interval': 30000}
[2025-07-09 09:35:25,788.788] DEBUG    [MainThread|MainProcess] websockets.client (protocol.py:read_frame:1177) | < TEXT '{"time":1752024925,"self_id":703263936,"post_ty...true},"interval":30000}' [148 bytes]
[2025-07-09 09:35:25,788.788] DEBUG    [MainThread|MainProcess] Logger (connect.py:on_message:43) | {'time': 1752024925, 'self_id': 703263936, 'post_type': 'meta_event', 'meta_event_type': 'heartbeat', 'status': {'online': True, 'good': True}, 'interval': 30000}
[2025-07-09 09:35:55,802.802] DEBUG    [MainThread|MainProcess] websockets.client (protocol.py:read_frame:1177) | < TEXT '{"time":1752024955,"self_id":703263936,"post_ty...true},"interval":30000}' [148 bytes]
[2025-07-09 09:35:55,802.802] DEBUG    [MainThread|MainProcess] Logger (connect.py:on_message:43) | {'time': 1752024955, 'self_id': 703263936, 'post_type': 'meta_event', 'meta_event_type': 'heartbeat', 'status': {'online': True, 'good': True}, 'interval': 30000}
[2025-07-09 09:36:25,810.810] DEBUG    [MainThread|MainProcess] websockets.client (protocol.py:read_frame:1177) | < TEXT '{"time":1752024985,"self_id":703263936,"post_ty...true},"interval":30000}' [148 bytes]
[2025-07-09 09:36:25,810.810] DEBUG    [MainThread|MainProcess] Logger (connect.py:on_message:43) | {'time': 1752024985, 'self_id': 703263936, 'post_type': 'meta_event', 'meta_event_type': 'heartbeat', 'status': {'online': True, 'good': True}, 'interval': 30000}
[2025-07-09 09:36:55,822.822] DEBUG    [MainThread|MainProcess] websockets.client (protocol.py:read_frame:1177) | < TEXT '{"time":1752025015,"self_id":703263936,"post_ty...true},"interval":30000}' [148 bytes]
[2025-07-09 09:36:55,822.822] DEBUG    [MainThread|MainProcess] Logger (connect.py:on_message:43) | {'time': 1752025015, 'self_id': 703263936, 'post_type': 'meta_event', 'meta_event_type': 'heartbeat', 'status': {'online': True, 'good': True}, 'interval': 30000}
[2025-07-09 09:37:25,835.835] DEBUG    [MainThread|MainProcess] websockets.client (protocol.py:read_frame:1177) | < TEXT '{"time":1752025045,"self_id":703263936,"post_ty...true},"interval":30000}' [148 bytes]
[2025-07-09 09:37:25,835.835] DEBUG    [MainThread|MainProcess] Logger (connect.py:on_message:43) | {'time': 1752025045, 'self_id': 703263936, 'post_type': 'meta_event', 'meta_event_type': 'heartbeat', 'status': {'online': True, 'good': True}, 'interval': 30000}
[2025-07-09 09:37:55,841.841] DEBUG    [MainThread|MainProcess] websockets.client (protocol.py:read_frame:1177) | < TEXT '{"time":1752025075,"self_id":703263936,"post_ty...true},"interval":30000}' [148 bytes]
[2025-07-09 09:37:55,841.841] DEBUG    [MainThread|MainProcess] Logger (connect.py:on_message:43) | {'time': 1752025075, 'self_id': 703263936, 'post_type': 'meta_event', 'meta_event_type': 'heartbeat', 'status': {'online': True, 'good': True}, 'interval': 30000}
[2025-07-09 09:38:25,855.855] DEBUG    [MainThread|MainProcess] websockets.client (protocol.py:read_frame:1177) | < TEXT '{"time":1752025105,"self_id":703263936,"post_ty...true},"interval":30000}' [148 bytes]
[2025-07-09 09:38:25,855.855] DEBUG    [MainThread|MainProcess] Logger (connect.py:on_message:43) | {'time': 1752025105, 'self_id': 703263936, 'post_type': 'meta_event', 'meta_event_type': 'heartbeat', 'status': {'online': True, 'good': True}, 'interval': 30000}
[2025-07-09 09:38:55,857.857] DEBUG    [MainThread|MainProcess] websockets.client (protocol.py:read_frame:1177) | < TEXT '{"time":1752025135,"self_id":703263936,"post_ty...true},"interval":30000}' [148 bytes]
[2025-07-09 09:38:55,857.857] DEBUG    [MainThread|MainProcess] Logger (connect.py:on_message:43) | {'time': 1752025135, 'self_id': 703263936, 'post_type': 'meta_event', 'meta_event_type': 'heartbeat', 'status': {'online': True, 'good': True}, 'interval': 30000}
[2025-07-09 09:39:25,871.871] DEBUG    [MainThread|MainProcess] websockets.client (protocol.py:read_frame:1177) | < TEXT '{"time":1752025165,"self_id":703263936,"post_ty...true},"interval":30000}' [148 bytes]
[2025-07-09 09:39:25,871.871] DEBUG    [MainThread|MainProcess] Logger (connect.py:on_message:43) | {'time': 1752025165, 'self_id': 703263936, 'post_type': 'meta_event', 'meta_event_type': 'heartbeat', 'status': {'online': True, 'good': True}, 'interval': 30000}
[2025-07-09 09:39:55,881.881] DEBUG    [MainThread|MainProcess] websockets.client (protocol.py:read_frame:1177) | < TEXT '{"time":1752025195,"self_id":703263936,"post_ty...true},"interval":30000}' [148 bytes]
[2025-07-09 09:39:55,881.881] DEBUG    [MainThread|MainProcess] Logger (connect.py:on_message:43) | {'time': 1752025195, 'self_id': 703263936, 'post_type': 'meta_event', 'meta_event_type': 'heartbeat', 'status': {'online': True, 'good': True}, 'interval': 30000}
[2025-07-09 09:40:25,895.895] DEBUG    [MainThread|MainProcess] websockets.client (protocol.py:read_frame:1177) | < TEXT '{"time":1752025225,"self_id":703263936,"post_ty...true},"interval":30000}' [148 bytes]
[2025-07-09 09:40:25,895.895] DEBUG    [MainThread|MainProcess] Logger (connect.py:on_message:43) | {'time': 1752025225, 'self_id': 703263936, 'post_type': 'meta_event', 'meta_event_type': 'heartbeat', 'status': {'online': True, 'good': True}, 'interval': 30000}
[2025-07-09 09:40:55,894.894] DEBUG    [MainThread|MainProcess] websockets.client (protocol.py:read_frame:1177) | < TEXT '{"time":1752025255,"self_id":703263936,"post_ty...true},"interval":30000}' [148 bytes]
[2025-07-09 09:40:55,894.894] DEBUG    [MainThread|MainProcess] Logger (connect.py:on_message:43) | {'time': 1752025255, 'self_id': 703263936, 'post_type': 'meta_event', 'meta_event_type': 'heartbeat', 'status': {'online': True, 'good': True}, 'interval': 30000}
[2025-07-09 09:41:25,908.908] DEBUG    [MainThread|MainProcess] websockets.client (protocol.py:read_frame:1177) | < TEXT '{"time":1752025285,"self_id":703263936,"post_ty...true},"interval":30000}' [148 bytes]
[2025-07-09 09:41:25,908.908] DEBUG    [MainThread|MainProcess] Logger (connect.py:on_message:43) | {'time': 1752025285, 'self_id': 703263936, 'post_type': 'meta_event', 'meta_event_type': 'heartbeat', 'status': {'online': True, 'good': True}, 'interval': 30000}
[2025-07-09 09:41:55,923.923] DEBUG    [MainThread|MainProcess] websockets.client (protocol.py:read_frame:1177) | < TEXT '{"time":1752025315,"self_id":703263936,"post_ty...true},"interval":30000}' [148 bytes]
[2025-07-09 09:41:55,923.923] DEBUG    [MainThread|MainProcess] Logger (connect.py:on_message:43) | {'time': 1752025315, 'self_id': 703263936, 'post_type': 'meta_event', 'meta_event_type': 'heartbeat', 'status': {'online': True, 'good': True}, 'interval': 30000}
[2025-07-09 09:42:25,936.936] DEBUG    [MainThread|MainProcess] websockets.client (protocol.py:read_frame:1177) | < TEXT '{"time":1752025345,"self_id":703263936,"post_ty...true},"interval":30000}' [148 bytes]
[2025-07-09 09:42:25,936.936] DEBUG    [MainThread|MainProcess] Logger (connect.py:on_message:43) | {'time': 1752025345, 'self_id': 703263936, 'post_type': 'meta_event', 'meta_event_type': 'heartbeat', 'status': {'online': True, 'good': True}, 'interval': 30000}
[2025-07-09 09:42:55,937.937] DEBUG    [MainThread|MainProcess] websockets.client (protocol.py:read_frame:1177) | < TEXT '{"time":1752025375,"self_id":703263936,"post_ty...true},"interval":30000}' [148 bytes]
[2025-07-09 09:42:55,937.937] DEBUG    [MainThread|MainProcess] Logger (connect.py:on_message:43) | {'time': 1752025375, 'self_id': 703263936, 'post_type': 'meta_event', 'meta_event_type': 'heartbeat', 'status': {'online': True, 'good': True}, 'interval': 30000}
[2025-07-09 09:43:25,951.951] DEBUG    [MainThread|MainProcess] websockets.client (protocol.py:read_frame:1177) | < TEXT '{"time":1752025405,"self_id":703263936,"post_ty...true},"interval":30000}' [148 bytes]
[2025-07-09 09:43:25,951.951] DEBUG    [MainThread|MainProcess] Logger (connect.py:on_message:43) | {'time': 1752025405, 'self_id': 703263936, 'post_type': 'meta_event', 'meta_event_type': 'heartbeat', 'status': {'online': True, 'good': True}, 'interval': 30000}
[2025-07-09 09:43:55,961.961] DEBUG    [MainThread|MainProcess] websockets.client (protocol.py:read_frame:1177) | < TEXT '{"time":1752025435,"self_id":703263936,"post_ty...true},"interval":30000}' [148 bytes]
[2025-07-09 09:43:55,961.961] DEBUG    [MainThread|MainProcess] Logger (connect.py:on_message:43) | {'time': 1752025435, 'self_id': 703263936, 'post_type': 'meta_event', 'meta_event_type': 'heartbeat', 'status': {'online': True, 'good': True}, 'interval': 30000}
[2025-07-09 09:44:25,974.974] DEBUG    [MainThread|MainProcess] websockets.client (protocol.py:read_frame:1177) | < TEXT '{"time":1752025465,"self_id":703263936,"post_ty...true},"interval":30000}' [148 bytes]
[2025-07-09 09:44:25,974.974] DEBUG    [MainThread|MainProcess] Logger (connect.py:on_message:43) | {'time': 1752025465, 'self_id': 703263936, 'post_type': 'meta_event', 'meta_event_type': 'heartbeat', 'status': {'online': True, 'good': True}, 'interval': 30000}
[2025-07-09 09:44:55,990.990] DEBUG    [MainThread|MainProcess] websockets.client (protocol.py:read_frame:1177) | < TEXT '{"time":1752025495,"self_id":703263936,"post_ty...true},"interval":30000}' [148 bytes]
[2025-07-09 09:44:55,990.990] DEBUG    [MainThread|MainProcess] Logger (connect.py:on_message:43) | {'time': 1752025495, 'self_id': 703263936, 'post_type': 'meta_event', 'meta_event_type': 'heartbeat', 'status': {'online': True, 'good': True}, 'interval': 30000}
[2025-07-09 09:45:26,004.004] DEBUG    [MainThread|MainProcess] websockets.client (protocol.py:read_frame:1177) | < TEXT '{"time":1752025526,"self_id":703263936,"post_ty...true},"interval":30000}' [148 bytes]
[2025-07-09 09:45:26,004.004] DEBUG    [MainThread|MainProcess] Logger (connect.py:on_message:43) | {'time': 1752025526, 'self_id': 703263936, 'post_type': 'meta_event', 'meta_event_type': 'heartbeat', 'status': {'online': True, 'good': True}, 'interval': 30000}
[2025-07-09 09:45:56,017.017] DEBUG    [MainThread|MainProcess] websockets.client (protocol.py:read_frame:1177) | < TEXT '{"time":1752025556,"self_id":703263936,"post_ty...true},"interval":30000}' [148 bytes]
[2025-07-09 09:45:56,017.017] DEBUG    [MainThread|MainProcess] Logger (connect.py:on_message:43) | {'time': 1752025556, 'self_id': 703263936, 'post_type': 'meta_event', 'meta_event_type': 'heartbeat', 'status': {'online': True, 'good': True}, 'interval': 30000}
[2025-07-09 09:46:26,031.031] DEBUG    [MainThread|MainProcess] websockets.client (protocol.py:read_frame:1177) | < TEXT '{"time":1752025586,"self_id":703263936,"post_ty...true},"interval":30000}' [148 bytes]
[2025-07-09 09:46:26,031.031] DEBUG    [MainThread|MainProcess] Logger (connect.py:on_message:43) | {'time': 1752025586, 'self_id': 703263936, 'post_type': 'meta_event', 'meta_event_type': 'heartbeat', 'status': {'online': True, 'good': True}, 'interval': 30000}
[2025-07-09 09:46:56,036.036] DEBUG    [MainThread|MainProcess] websockets.client (protocol.py:read_frame:1177) | < TEXT '{"time":1752025616,"self_id":703263936,"post_ty...true},"interval":30000}' [148 bytes]
[2025-07-09 09:46:56,036.036] DEBUG    [MainThread|MainProcess] Logger (connect.py:on_message:43) | {'time': 1752025616, 'self_id': 703263936, 'post_type': 'meta_event', 'meta_event_type': 'heartbeat', 'status': {'online': True, 'good': True}, 'interval': 30000}
[2025-07-09 09:47:26,049.049] DEBUG    [MainThread|MainProcess] websockets.client (protocol.py:read_frame:1177) | < TEXT '{"time":1752025646,"self_id":703263936,"post_ty...true},"interval":30000}' [148 bytes]
[2025-07-09 09:47:26,049.049] DEBUG    [MainThread|MainProcess] Logger (connect.py:on_message:43) | {'time': 1752025646, 'self_id': 703263936, 'post_type': 'meta_event', 'meta_event_type': 'heartbeat', 'status': {'online': True, 'good': True}, 'interval': 30000}
[2025-07-09 09:47:56,051.051] DEBUG    [MainThread|MainProcess] websockets.client (protocol.py:read_frame:1177) | < TEXT '{"time":1752025676,"self_id":703263936,"post_ty...true},"interval":30000}' [148 bytes]
[2025-07-09 09:47:56,051.051] DEBUG    [MainThread|MainProcess] Logger (connect.py:on_message:43) | {'time': 1752025676, 'self_id': 703263936, 'post_type': 'meta_event', 'meta_event_type': 'heartbeat', 'status': {'online': True, 'good': True}, 'interval': 30000}
[2025-07-09 09:48:26,064.064] DEBUG    [MainThread|MainProcess] websockets.client (protocol.py:read_frame:1177) | < TEXT '{"time":1752025706,"self_id":703263936,"post_ty...true},"interval":30000}' [148 bytes]
[2025-07-09 09:48:26,064.064] DEBUG    [MainThread|MainProcess] Logger (connect.py:on_message:43) | {'time': 1752025706, 'self_id': 703263936, 'post_type': 'meta_event', 'meta_event_type': 'heartbeat', 'status': {'online': True, 'good': True}, 'interval': 30000}
[2025-07-09 09:48:56,068.068] DEBUG    [MainThread|MainProcess] websockets.client (protocol.py:read_frame:1177) | < TEXT '{"time":1752025736,"self_id":703263936,"post_ty...true},"interval":30000}' [148 bytes]
[2025-07-09 09:48:56,068.068] DEBUG    [MainThread|MainProcess] Logger (connect.py:on_message:43) | {'time': 1752025736, 'self_id': 703263936, 'post_type': 'meta_event', 'meta_event_type': 'heartbeat', 'status': {'online': True, 'good': True}, 'interval': 30000}
[2025-07-09 09:49:26,082.082] DEBUG    [MainThread|MainProcess] websockets.client (protocol.py:read_frame:1177) | < TEXT '{"time":1752025766,"self_id":703263936,"post_ty...true},"interval":30000}' [148 bytes]
[2025-07-09 09:49:26,082.082] DEBUG    [MainThread|MainProcess] Logger (connect.py:on_message:43) | {'time': 1752025766, 'self_id': 703263936, 'post_type': 'meta_event', 'meta_event_type': 'heartbeat', 'status': {'online': True, 'good': True}, 'interval': 30000}
[2025-07-09 09:49:56,094.094] DEBUG    [MainThread|MainProcess] websockets.client (protocol.py:read_frame:1177) | < TEXT '{"time":1752025796,"self_id":703263936,"post_ty...true},"interval":30000}' [148 bytes]
[2025-07-09 09:49:56,094.094] DEBUG    [MainThread|MainProcess] Logger (connect.py:on_message:43) | {'time': 1752025796, 'self_id': 703263936, 'post_type': 'meta_event', 'meta_event_type': 'heartbeat', 'status': {'online': True, 'good': True}, 'interval': 30000}
[2025-07-09 09:50:26,107.107] DEBUG    [MainThread|MainProcess] websockets.client (protocol.py:read_frame:1177) | < TEXT '{"time":1752025826,"self_id":703263936,"post_ty...true},"interval":30000}' [148 bytes]
[2025-07-09 09:50:26,107.107] DEBUG    [MainThread|MainProcess] Logger (connect.py:on_message:43) | {'time': 1752025826, 'self_id': 703263936, 'post_type': 'meta_event', 'meta_event_type': 'heartbeat', 'status': {'online': True, 'good': True}, 'interval': 30000}
[2025-07-09 09:50:56,112.112] DEBUG    [MainThread|MainProcess] websockets.client (protocol.py:read_frame:1177) | < TEXT '{"time":1752025856,"self_id":703263936,"post_ty...true},"interval":30000}' [148 bytes]
[2025-07-09 09:50:56,112.112] DEBUG    [MainThread|MainProcess] Logger (connect.py:on_message:43) | {'time': 1752025856, 'self_id': 703263936, 'post_type': 'meta_event', 'meta_event_type': 'heartbeat', 'status': {'online': True, 'good': True}, 'interval': 30000}
[2025-07-09 09:51:26,126.126] DEBUG    [MainThread|MainProcess] websockets.client (protocol.py:read_frame:1177) | < TEXT '{"time":1752025886,"self_id":703263936,"post_ty...true},"interval":30000}' [148 bytes]
[2025-07-09 09:51:26,126.126] DEBUG    [MainThread|MainProcess] Logger (connect.py:on_message:43) | {'time': 1752025886, 'self_id': 703263936, 'post_type': 'meta_event', 'meta_event_type': 'heartbeat', 'status': {'online': True, 'good': True}, 'interval': 30000}
[2025-07-09 09:51:56,140.140] DEBUG    [MainThread|MainProcess] websockets.client (protocol.py:read_frame:1177) | < TEXT '{"time":1752025916,"self_id":703263936,"post_ty...true},"interval":30000}' [148 bytes]
[2025-07-09 09:51:56,140.140] DEBUG    [MainThread|MainProcess] Logger (connect.py:on_message:43) | {'time': 1752025916, 'self_id': 703263936, 'post_type': 'meta_event', 'meta_event_type': 'heartbeat', 'status': {'online': True, 'good': True}, 'interval': 30000}
[2025-07-09 09:52:26,153.153] DEBUG    [MainThread|MainProcess] websockets.client (protocol.py:read_frame:1177) | < TEXT '{"time":1752025946,"self_id":703263936,"post_ty...true},"interval":30000}' [148 bytes]
[2025-07-09 09:52:26,153.153] DEBUG    [MainThread|MainProcess] Logger (connect.py:on_message:43) | {'time': 1752025946, 'self_id': 703263936, 'post_type': 'meta_event', 'meta_event_type': 'heartbeat', 'status': {'online': True, 'good': True}, 'interval': 30000}
[2025-07-09 09:52:56,167.167] DEBUG    [MainThread|MainProcess] websockets.client (protocol.py:read_frame:1177) | < TEXT '{"time":1752025976,"self_id":703263936,"post_ty...true},"interval":30000}' [148 bytes]
[2025-07-09 09:52:56,167.167] DEBUG    [MainThread|MainProcess] Logger (connect.py:on_message:43) | {'time': 1752025976, 'self_id': 703263936, 'post_type': 'meta_event', 'meta_event_type': 'heartbeat', 'status': {'online': True, 'good': True}, 'interval': 30000}
[2025-07-09 09:53:26,180.180] DEBUG    [MainThread|MainProcess] websockets.client (protocol.py:read_frame:1177) | < TEXT '{"time":1752026006,"self_id":703263936,"post_ty...true},"interval":30000}' [148 bytes]
[2025-07-09 09:53:26,180.180] DEBUG    [MainThread|MainProcess] Logger (connect.py:on_message:43) | {'time': 1752026006, 'self_id': 703263936, 'post_type': 'meta_event', 'meta_event_type': 'heartbeat', 'status': {'online': True, 'good': True}, 'interval': 30000}
[2025-07-09 09:53:56,189.189] DEBUG    [MainThread|MainProcess] websockets.client (protocol.py:read_frame:1177) | < TEXT '{"time":1752026036,"self_id":703263936,"post_ty...true},"interval":30000}' [148 bytes]
[2025-07-09 09:53:56,189.189] DEBUG    [MainThread|MainProcess] Logger (connect.py:on_message:43) | {'time': 1752026036, 'self_id': 703263936, 'post_type': 'meta_event', 'meta_event_type': 'heartbeat', 'status': {'online': True, 'good': True}, 'interval': 30000}
[2025-07-09 09:54:26,202.202] DEBUG    [MainThread|MainProcess] websockets.client (protocol.py:read_frame:1177) | < TEXT '{"time":1752026066,"self_id":703263936,"post_ty...true},"interval":30000}' [148 bytes]
[2025-07-09 09:54:26,202.202] DEBUG    [MainThread|MainProcess] Logger (connect.py:on_message:43) | {'time': 1752026066, 'self_id': 703263936, 'post_type': 'meta_event', 'meta_event_type': 'heartbeat', 'status': {'online': True, 'good': True}, 'interval': 30000}
[2025-07-09 09:54:56,203.203] DEBUG    [MainThread|MainProcess] websockets.client (protocol.py:read_frame:1177) | < TEXT '{"time":1752026096,"self_id":703263936,"post_ty...true},"interval":30000}' [148 bytes]
[2025-07-09 09:54:56,203.203] DEBUG    [MainThread|MainProcess] Logger (connect.py:on_message:43) | {'time': 1752026096, 'self_id': 703263936, 'post_type': 'meta_event', 'meta_event_type': 'heartbeat', 'status': {'online': True, 'good': True}, 'interval': 30000}
[2025-07-09 09:55:26,216.216] DEBUG    [MainThread|MainProcess] websockets.client (protocol.py:read_frame:1177) | < TEXT '{"time":1752026126,"self_id":703263936,"post_ty...true},"interval":30000}' [148 bytes]
[2025-07-09 09:55:26,216.216] DEBUG    [MainThread|MainProcess] Logger (connect.py:on_message:43) | {'time': 1752026126, 'self_id': 703263936, 'post_type': 'meta_event', 'meta_event_type': 'heartbeat', 'status': {'online': True, 'good': True}, 'interval': 30000}
[2025-07-09 09:55:56,230.230] DEBUG    [MainThread|MainProcess] websockets.client (protocol.py:read_frame:1177) | < TEXT '{"time":1752026156,"self_id":703263936,"post_ty...true},"interval":30000}' [148 bytes]
[2025-07-09 09:55:56,230.230] DEBUG    [MainThread|MainProcess] Logger (connect.py:on_message:43) | {'time': 1752026156, 'self_id': 703263936, 'post_type': 'meta_event', 'meta_event_type': 'heartbeat', 'status': {'online': True, 'good': True}, 'interval': 30000}
[2025-07-09 09:56:26,243.243] DEBUG    [MainThread|MainProcess] websockets.client (protocol.py:read_frame:1177) | < TEXT '{"time":1752026186,"self_id":703263936,"post_ty...true},"interval":30000}' [148 bytes]
[2025-07-09 09:56:26,243.243] DEBUG    [MainThread|MainProcess] Logger (connect.py:on_message:43) | {'time': 1752026186, 'self_id': 703263936, 'post_type': 'meta_event', 'meta_event_type': 'heartbeat', 'status': {'online': True, 'good': True}, 'interval': 30000}
[2025-07-09 09:56:56,253.253] DEBUG    [MainThread|MainProcess] websockets.client (protocol.py:read_frame:1177) | < TEXT '{"time":1752026216,"self_id":703263936,"post_ty...true},"interval":30000}' [148 bytes]
[2025-07-09 09:56:56,253.253] DEBUG    [MainThread|MainProcess] Logger (connect.py:on_message:43) | {'time': 1752026216, 'self_id': 703263936, 'post_type': 'meta_event', 'meta_event_type': 'heartbeat', 'status': {'online': True, 'good': True}, 'interval': 30000}
[2025-07-09 09:57:26,266.266] DEBUG    [MainThread|MainProcess] websockets.client (protocol.py:read_frame:1177) | < TEXT '{"time":1752026246,"self_id":703263936,"post_ty...true},"interval":30000}' [148 bytes]
[2025-07-09 09:57:26,266.266] DEBUG    [MainThread|MainProcess] Logger (connect.py:on_message:43) | {'time': 1752026246, 'self_id': 703263936, 'post_type': 'meta_event', 'meta_event_type': 'heartbeat', 'status': {'online': True, 'good': True}, 'interval': 30000}
[2025-07-09 09:57:56,268.268] DEBUG    [MainThread|MainProcess] websockets.client (protocol.py:read_frame:1177) | < TEXT '{"time":1752026276,"self_id":703263936,"post_ty...true},"interval":30000}' [148 bytes]
[2025-07-09 09:57:56,268.268] DEBUG    [MainThread|MainProcess] Logger (connect.py:on_message:43) | {'time': 1752026276, 'self_id': 703263936, 'post_type': 'meta_event', 'meta_event_type': 'heartbeat', 'status': {'online': True, 'good': True}, 'interval': 30000}
[2025-07-09 09:58:26,282.282] DEBUG    [MainThread|MainProcess] websockets.client (protocol.py:read_frame:1177) | < TEXT '{"time":1752026306,"self_id":703263936,"post_ty...true},"interval":30000}' [148 bytes]
[2025-07-09 09:58:26,282.282] DEBUG    [MainThread|MainProcess] Logger (connect.py:on_message:43) | {'time': 1752026306, 'self_id': 703263936, 'post_type': 'meta_event', 'meta_event_type': 'heartbeat', 'status': {'online': True, 'good': True}, 'interval': 30000}
[2025-07-09 09:58:56,282.282] DEBUG    [MainThread|MainProcess] websockets.client (protocol.py:read_frame:1177) | < TEXT '{"time":1752026336,"self_id":703263936,"post_ty...true},"interval":30000}' [148 bytes]
[2025-07-09 09:58:56,282.282] DEBUG    [MainThread|MainProcess] Logger (connect.py:on_message:43) | {'time': 1752026336, 'self_id': 703263936, 'post_type': 'meta_event', 'meta_event_type': 'heartbeat', 'status': {'online': True, 'good': True}, 'interval': 30000}
[2025-07-09 09:59:26,296.296] DEBUG    [MainThread|MainProcess] websockets.client (protocol.py:read_frame:1177) | < TEXT '{"time":1752026366,"self_id":703263936,"post_ty...true},"interval":30000}' [148 bytes]
[2025-07-09 09:59:26,296.296] DEBUG    [MainThread|MainProcess] Logger (connect.py:on_message:43) | {'time': 1752026366, 'self_id': 703263936, 'post_type': 'meta_event', 'meta_event_type': 'heartbeat', 'status': {'online': True, 'good': True}, 'interval': 30000}
[2025-07-09 09:59:56,309.309] DEBUG    [MainThread|MainProcess] websockets.client (protocol.py:read_frame:1177) | < TEXT '{"time":1752026396,"self_id":703263936,"post_ty...true},"interval":30000}' [148 bytes]
[2025-07-09 09:59:56,309.309] DEBUG    [MainThread|MainProcess] Logger (connect.py:on_message:43) | {'time': 1752026396, 'self_id': 703263936, 'post_type': 'meta_event', 'meta_event_type': 'heartbeat', 'status': {'online': True, 'good': True}, 'interval': 30000}
[2025-07-09 10:00:26,323.323] DEBUG    [MainThread|MainProcess] websockets.client (protocol.py:read_frame:1177) | < TEXT '{"time":1752026426,"self_id":703263936,"post_ty...true},"interval":30000}' [148 bytes]
[2025-07-09 10:00:26,323.323] DEBUG    [MainThread|MainProcess] Logger (connect.py:on_message:43) | {'time': 1752026426, 'self_id': 703263936, 'post_type': 'meta_event', 'meta_event_type': 'heartbeat', 'status': {'online': True, 'good': True}, 'interval': 30000}
[2025-07-09 10:00:56,323.323] DEBUG    [MainThread|MainProcess] websockets.client (protocol.py:read_frame:1177) | < TEXT '{"time":1752026456,"self_id":703263936,"post_ty...true},"interval":30000}' [148 bytes]
[2025-07-09 10:00:56,323.323] DEBUG    [MainThread|MainProcess] Logger (connect.py:on_message:43) | {'time': 1752026456, 'self_id': 703263936, 'post_type': 'meta_event', 'meta_event_type': 'heartbeat', 'status': {'online': True, 'good': True}, 'interval': 30000}
[2025-07-09 10:01:26,336.336] DEBUG    [MainThread|MainProcess] websockets.client (protocol.py:read_frame:1177) | < TEXT '{"time":1752026486,"self_id":703263936,"post_ty...true},"interval":30000}' [148 bytes]
[2025-07-09 10:01:26,336.336] DEBUG    [MainThread|MainProcess] Logger (connect.py:on_message:43) | {'time': 1752026486, 'self_id': 703263936, 'post_type': 'meta_event', 'meta_event_type': 'heartbeat', 'status': {'online': True, 'good': True}, 'interval': 30000}
[2025-07-09 10:01:56,339.339] DEBUG    [MainThread|MainProcess] websockets.client (protocol.py:read_frame:1177) | < TEXT '{"time":1752026516,"self_id":703263936,"post_ty...true},"interval":30000}' [148 bytes]
[2025-07-09 10:01:56,339.339] DEBUG    [MainThread|MainProcess] Logger (connect.py:on_message:43) | {'time': 1752026516, 'self_id': 703263936, 'post_type': 'meta_event', 'meta_event_type': 'heartbeat', 'status': {'online': True, 'good': True}, 'interval': 30000}
[2025-07-09 10:02:26,352.352] DEBUG    [MainThread|MainProcess] websockets.client (protocol.py:read_frame:1177) | < TEXT '{"time":1752026546,"self_id":703263936,"post_ty...true},"interval":30000}' [148 bytes]
[2025-07-09 10:02:26,352.352] DEBUG    [MainThread|MainProcess] Logger (connect.py:on_message:43) | {'time': 1752026546, 'self_id': 703263936, 'post_type': 'meta_event', 'meta_event_type': 'heartbeat', 'status': {'online': True, 'good': True}, 'interval': 30000}
[2025-07-09 10:02:56,363.363] DEBUG    [MainThread|MainProcess] websockets.client (protocol.py:read_frame:1177) | < TEXT '{"time":1752026576,"self_id":703263936,"post_ty...true},"interval":30000}' [148 bytes]
[2025-07-09 10:02:56,363.363] DEBUG    [MainThread|MainProcess] Logger (connect.py:on_message:43) | {'time': 1752026576, 'self_id': 703263936, 'post_type': 'meta_event', 'meta_event_type': 'heartbeat', 'status': {'online': True, 'good': True}, 'interval': 30000}
[2025-07-09 10:03:26,376.376] DEBUG    [MainThread|MainProcess] websockets.client (protocol.py:read_frame:1177) | < TEXT '{"time":1752026606,"self_id":703263936,"post_ty...true},"interval":30000}' [148 bytes]
[2025-07-09 10:03:26,376.376] DEBUG    [MainThread|MainProcess] Logger (connect.py:on_message:43) | {'time': 1752026606, 'self_id': 703263936, 'post_type': 'meta_event', 'meta_event_type': 'heartbeat', 'status': {'online': True, 'good': True}, 'interval': 30000}
[2025-07-09 10:03:56,387.387] DEBUG    [MainThread|MainProcess] websockets.client (protocol.py:read_frame:1177) | < TEXT '{"time":1752026636,"self_id":703263936,"post_ty...true},"interval":30000}' [148 bytes]
[2025-07-09 10:03:56,387.387] DEBUG    [MainThread|MainProcess] Logger (connect.py:on_message:43) | {'time': 1752026636, 'self_id': 703263936, 'post_type': 'meta_event', 'meta_event_type': 'heartbeat', 'status': {'online': True, 'good': True}, 'interval': 30000}
[2025-07-09 10:04:26,400.400] DEBUG    [MainThread|MainProcess] websockets.client (protocol.py:read_frame:1177) | < TEXT '{"time":1752026666,"self_id":703263936,"post_ty...true},"interval":30000}' [148 bytes]
[2025-07-09 10:04:26,400.400] DEBUG    [MainThread|MainProcess] Logger (connect.py:on_message:43) | {'time': 1752026666, 'self_id': 703263936, 'post_type': 'meta_event', 'meta_event_type': 'heartbeat', 'status': {'online': True, 'good': True}, 'interval': 30000}
[2025-07-09 10:04:56,402.402] DEBUG    [MainThread|MainProcess] websockets.client (protocol.py:read_frame:1177) | < TEXT '{"time":1752026696,"self_id":703263936,"post_ty...true},"interval":30000}' [148 bytes]
[2025-07-09 10:04:56,402.402] DEBUG    [MainThread|MainProcess] Logger (connect.py:on_message:43) | {'time': 1752026696, 'self_id': 703263936, 'post_type': 'meta_event', 'meta_event_type': 'heartbeat', 'status': {'online': True, 'good': True}, 'interval': 30000}
[2025-07-09 10:05:26,416.416] DEBUG    [MainThread|MainProcess] websockets.client (protocol.py:read_frame:1177) | < TEXT '{"time":1752026726,"self_id":703263936,"post_ty...true},"interval":30000}' [148 bytes]
[2025-07-09 10:05:26,416.416] DEBUG    [MainThread|MainProcess] Logger (connect.py:on_message:43) | {'time': 1752026726, 'self_id': 703263936, 'post_type': 'meta_event', 'meta_event_type': 'heartbeat', 'status': {'online': True, 'good': True}, 'interval': 30000}
[2025-07-09 10:05:56,429.429] DEBUG    [MainThread|MainProcess] websockets.client (protocol.py:read_frame:1177) | < TEXT '{"time":1752026756,"self_id":703263936,"post_ty...true},"interval":30000}' [148 bytes]
[2025-07-09 10:05:56,429.429] DEBUG    [MainThread|MainProcess] Logger (connect.py:on_message:43) | {'time': 1752026756, 'self_id': 703263936, 'post_type': 'meta_event', 'meta_event_type': 'heartbeat', 'status': {'online': True, 'good': True}, 'interval': 30000}
[2025-07-09 10:06:26,443.443] DEBUG    [MainThread|MainProcess] websockets.client (protocol.py:read_frame:1177) | < TEXT '{"time":1752026786,"self_id":703263936,"post_ty...true},"interval":30000}' [148 bytes]
[2025-07-09 10:06:26,443.443] DEBUG    [MainThread|MainProcess] Logger (connect.py:on_message:43) | {'time': 1752026786, 'self_id': 703263936, 'post_type': 'meta_event', 'meta_event_type': 'heartbeat', 'status': {'online': True, 'good': True}, 'interval': 30000}
[2025-07-09 10:06:56,451.451] DEBUG    [MainThread|MainProcess] websockets.client (protocol.py:read_frame:1177) | < TEXT '{"time":1752026816,"self_id":703263936,"post_ty...true},"interval":30000}' [148 bytes]
[2025-07-09 10:06:56,451.451] DEBUG    [MainThread|MainProcess] Logger (connect.py:on_message:43) | {'time': 1752026816, 'self_id': 703263936, 'post_type': 'meta_event', 'meta_event_type': 'heartbeat', 'status': {'online': True, 'good': True}, 'interval': 30000}
[2025-07-09 10:07:26,464.464] DEBUG    [MainThread|MainProcess] websockets.client (protocol.py:read_frame:1177) | < TEXT '{"time":1752026846,"self_id":703263936,"post_ty...true},"interval":30000}' [148 bytes]
[2025-07-09 10:07:26,464.464] DEBUG    [MainThread|MainProcess] Logger (connect.py:on_message:43) | {'time': 1752026846, 'self_id': 703263936, 'post_type': 'meta_event', 'meta_event_type': 'heartbeat', 'status': {'online': True, 'good': True}, 'interval': 30000}
[2025-07-09 10:07:56,476.476] DEBUG    [MainThread|MainProcess] websockets.client (protocol.py:read_frame:1177) | < TEXT '{"time":1752026876,"self_id":703263936,"post_ty...true},"interval":30000}' [148 bytes]
[2025-07-09 10:07:56,476.476] DEBUG    [MainThread|MainProcess] Logger (connect.py:on_message:43) | {'time': 1752026876, 'self_id': 703263936, 'post_type': 'meta_event', 'meta_event_type': 'heartbeat', 'status': {'online': True, 'good': True}, 'interval': 30000}
[2025-07-09 10:08:26,477.477] DEBUG    [MainThread|MainProcess] websockets.client (protocol.py:read_frame:1177) | < TEXT '{"time":1752026906,"self_id":703263936,"post_ty...true},"interval":30000}' [148 bytes]
[2025-07-09 10:08:26,477.477] DEBUG    [MainThread|MainProcess] Logger (connect.py:on_message:43) | {'time': 1752026906, 'self_id': 703263936, 'post_type': 'meta_event', 'meta_event_type': 'heartbeat', 'status': {'online': True, 'good': True}, 'interval': 30000}
[2025-07-09 10:08:56,492.492] DEBUG    [MainThread|MainProcess] websockets.client (protocol.py:read_frame:1177) | < TEXT '{"time":1752026936,"self_id":703263936,"post_ty...true},"interval":30000}' [148 bytes]
[2025-07-09 10:08:56,492.492] DEBUG    [MainThread|MainProcess] Logger (connect.py:on_message:43) | {'time': 1752026936, 'self_id': 703263936, 'post_type': 'meta_event', 'meta_event_type': 'heartbeat', 'status': {'online': True, 'good': True}, 'interval': 30000}
[2025-07-09 10:09:26,506.506] DEBUG    [MainThread|MainProcess] websockets.client (protocol.py:read_frame:1177) | < TEXT '{"time":1752026966,"self_id":703263936,"post_ty...true},"interval":30000}' [148 bytes]
[2025-07-09 10:09:26,506.506] DEBUG    [MainThread|MainProcess] Logger (connect.py:on_message:43) | {'time': 1752026966, 'self_id': 703263936, 'post_type': 'meta_event', 'meta_event_type': 'heartbeat', 'status': {'online': True, 'good': True}, 'interval': 30000}
[2025-07-09 10:09:56,522.522] DEBUG    [MainThread|MainProcess] websockets.client (protocol.py:read_frame:1177) | < TEXT '{"time":1752026996,"self_id":703263936,"post_ty...true},"interval":30000}' [148 bytes]
[2025-07-09 10:09:56,522.522] DEBUG    [MainThread|MainProcess] Logger (connect.py:on_message:43) | {'time': 1752026996, 'self_id': 703263936, 'post_type': 'meta_event', 'meta_event_type': 'heartbeat', 'status': {'online': True, 'good': True}, 'interval': 30000}
[2025-07-09 10:10:26,535.535] DEBUG    [MainThread|MainProcess] websockets.client (protocol.py:read_frame:1177) | < TEXT '{"time":1752027026,"self_id":703263936,"post_ty...true},"interval":30000}' [148 bytes]
[2025-07-09 10:10:26,535.535] DEBUG    [MainThread|MainProcess] Logger (connect.py:on_message:43) | {'time': 1752027026, 'self_id': 703263936, 'post_type': 'meta_event', 'meta_event_type': 'heartbeat', 'status': {'online': True, 'good': True}, 'interval': 30000}
[2025-07-09 10:10:56,538.538] DEBUG    [MainThread|MainProcess] websockets.client (protocol.py:read_frame:1177) | < TEXT '{"time":1752027056,"self_id":703263936,"post_ty...true},"interval":30000}' [148 bytes]
[2025-07-09 10:10:56,538.538] DEBUG    [MainThread|MainProcess] Logger (connect.py:on_message:43) | {'time': 1752027056, 'self_id': 703263936, 'post_type': 'meta_event', 'meta_event_type': 'heartbeat', 'status': {'online': True, 'good': True}, 'interval': 30000}
[2025-07-09 10:11:26,552.552] DEBUG    [MainThread|MainProcess] websockets.client (protocol.py:read_frame:1177) | < TEXT '{"time":1752027086,"self_id":703263936,"post_ty...true},"interval":30000}' [148 bytes]
[2025-07-09 10:11:26,552.552] DEBUG    [MainThread|MainProcess] Logger (connect.py:on_message:43) | {'time': 1752027086, 'self_id': 703263936, 'post_type': 'meta_event', 'meta_event_type': 'heartbeat', 'status': {'online': True, 'good': True}, 'interval': 30000}
[2025-07-09 10:11:56,552.552] DEBUG    [MainThread|MainProcess] websockets.client (protocol.py:read_frame:1177) | < TEXT '{"time":1752027116,"self_id":703263936,"post_ty...true},"interval":30000}' [148 bytes]
[2025-07-09 10:11:56,552.552] DEBUG    [MainThread|MainProcess] Logger (connect.py:on_message:43) | {'time': 1752027116, 'self_id': 703263936, 'post_type': 'meta_event', 'meta_event_type': 'heartbeat', 'status': {'online': True, 'good': True}, 'interval': 30000}
[2025-07-09 10:12:26,565.565] DEBUG    [MainThread|MainProcess] websockets.client (protocol.py:read_frame:1177) | < TEXT '{"time":1752027146,"self_id":703263936,"post_ty...true},"interval":30000}' [148 bytes]
[2025-07-09 10:12:26,565.565] DEBUG    [MainThread|MainProcess] Logger (connect.py:on_message:43) | {'time': 1752027146, 'self_id': 703263936, 'post_type': 'meta_event', 'meta_event_type': 'heartbeat', 'status': {'online': True, 'good': True}, 'interval': 30000}
[2025-07-09 10:12:56,592.592] DEBUG    [MainThread|MainProcess] websockets.client (protocol.py:read_frame:1177) | < TEXT '{"time":1752027176,"self_id":703263936,"post_ty...true},"interval":30000}' [148 bytes]
[2025-07-09 10:12:56,592.592] DEBUG    [MainThread|MainProcess] Logger (connect.py:on_message:43) | {'time': 1752027176, 'self_id': 703263936, 'post_type': 'meta_event', 'meta_event_type': 'heartbeat', 'status': {'online': True, 'good': True}, 'interval': 30000}
[2025-07-09 10:13:26,606.606] DEBUG    [MainThread|MainProcess] websockets.client (protocol.py:read_frame:1177) | < TEXT '{"time":1752027206,"self_id":703263936,"post_ty...true},"interval":30000}' [148 bytes]
[2025-07-09 10:13:26,606.606] DEBUG    [MainThread|MainProcess] Logger (connect.py:on_message:43) | {'time': 1752027206, 'self_id': 703263936, 'post_type': 'meta_event', 'meta_event_type': 'heartbeat', 'status': {'online': True, 'good': True}, 'interval': 30000}
[2025-07-09 10:13:56,618.618] DEBUG    [MainThread|MainProcess] websockets.client (protocol.py:read_frame:1177) | < TEXT '{"time":1752027236,"self_id":703263936,"post_ty...true},"interval":30000}' [148 bytes]
[2025-07-09 10:13:56,618.618] DEBUG    [MainThread|MainProcess] Logger (connect.py:on_message:43) | {'time': 1752027236, 'self_id': 703263936, 'post_type': 'meta_event', 'meta_event_type': 'heartbeat', 'status': {'online': True, 'good': True}, 'interval': 30000}
[2025-07-09 10:14:26,631.631] DEBUG    [MainThread|MainProcess] websockets.client (protocol.py:read_frame:1177) | < TEXT '{"time":1752027266,"self_id":703263936,"post_ty...true},"interval":30000}' [148 bytes]
[2025-07-09 10:14:26,631.631] DEBUG    [MainThread|MainProcess] Logger (connect.py:on_message:43) | {'time': 1752027266, 'self_id': 703263936, 'post_type': 'meta_event', 'meta_event_type': 'heartbeat', 'status': {'online': True, 'good': True}, 'interval': 30000}
[2025-07-09 10:14:56,635.635] DEBUG    [MainThread|MainProcess] websockets.client (protocol.py:read_frame:1177) | < TEXT '{"time":1752027296,"self_id":703263936,"post_ty...true},"interval":30000}' [148 bytes]
[2025-07-09 10:14:56,635.635] DEBUG    [MainThread|MainProcess] Logger (connect.py:on_message:43) | {'time': 1752027296, 'self_id': 703263936, 'post_type': 'meta_event', 'meta_event_type': 'heartbeat', 'status': {'online': True, 'good': True}, 'interval': 30000}
[2025-07-09 10:15:26,648.648] DEBUG    [MainThread|MainProcess] websockets.client (protocol.py:read_frame:1177) | < TEXT '{"time":1752027326,"self_id":703263936,"post_ty...true},"interval":30000}' [148 bytes]
[2025-07-09 10:15:26,648.648] DEBUG    [MainThread|MainProcess] Logger (connect.py:on_message:43) | {'time': 1752027326, 'self_id': 703263936, 'post_type': 'meta_event', 'meta_event_type': 'heartbeat', 'status': {'online': True, 'good': True}, 'interval': 30000}
[2025-07-09 10:15:56,662.662] DEBUG    [MainThread|MainProcess] websockets.client (protocol.py:read_frame:1177) | < TEXT '{"time":1752027356,"self_id":703263936,"post_ty...true},"interval":30000}' [148 bytes]
[2025-07-09 10:15:56,662.662] DEBUG    [MainThread|MainProcess] Logger (connect.py:on_message:43) | {'time': 1752027356, 'self_id': 703263936, 'post_type': 'meta_event', 'meta_event_type': 'heartbeat', 'status': {'online': True, 'good': True}, 'interval': 30000}
[2025-07-09 10:16:26,675.675] DEBUG    [MainThread|MainProcess] websockets.client (protocol.py:read_frame:1177) | < TEXT '{"time":1752027386,"self_id":703263936,"post_ty...true},"interval":30000}' [148 bytes]
[2025-07-09 10:16:26,675.675] DEBUG    [MainThread|MainProcess] Logger (connect.py:on_message:43) | {'time': 1752027386, 'self_id': 703263936, 'post_type': 'meta_event', 'meta_event_type': 'heartbeat', 'status': {'online': True, 'good': True}, 'interval': 30000}
[2025-07-09 10:16:56,683.683] DEBUG    [MainThread|MainProcess] websockets.client (protocol.py:read_frame:1177) | < TEXT '{"time":1752027416,"self_id":703263936,"post_ty...true},"interval":30000}' [148 bytes]
[2025-07-09 10:16:56,683.683] DEBUG    [MainThread|MainProcess] Logger (connect.py:on_message:43) | {'time': 1752027416, 'self_id': 703263936, 'post_type': 'meta_event', 'meta_event_type': 'heartbeat', 'status': {'online': True, 'good': True}, 'interval': 30000}
[2025-07-09 10:17:26,697.697] DEBUG    [MainThread|MainProcess] websockets.client (protocol.py:read_frame:1177) | < TEXT '{"time":1752027446,"self_id":703263936,"post_ty...true},"interval":30000}' [148 bytes]
[2025-07-09 10:17:26,697.697] DEBUG    [MainThread|MainProcess] Logger (connect.py:on_message:43) | {'time': 1752027446, 'self_id': 703263936, 'post_type': 'meta_event', 'meta_event_type': 'heartbeat', 'status': {'online': True, 'good': True}, 'interval': 30000}
[2025-07-09 10:17:56,697.697] DEBUG    [MainThread|MainProcess] websockets.client (protocol.py:read_frame:1177) | < TEXT '{"time":1752027476,"self_id":703263936,"post_ty...true},"interval":30000}' [148 bytes]
[2025-07-09 10:17:56,697.697] DEBUG    [MainThread|MainProcess] Logger (connect.py:on_message:43) | {'time': 1752027476, 'self_id': 703263936, 'post_type': 'meta_event', 'meta_event_type': 'heartbeat', 'status': {'online': True, 'good': True}, 'interval': 30000}
[2025-07-09 10:18:26,711.711] DEBUG    [MainThread|MainProcess] websockets.client (protocol.py:read_frame:1177) | < TEXT '{"time":1752027506,"self_id":703263936,"post_ty...true},"interval":30000}' [148 bytes]
[2025-07-09 10:18:26,711.711] DEBUG    [MainThread|MainProcess] Logger (connect.py:on_message:43) | {'time': 1752027506, 'self_id': 703263936, 'post_type': 'meta_event', 'meta_event_type': 'heartbeat', 'status': {'online': True, 'good': True}, 'interval': 30000}
[2025-07-09 10:18:56,726.726] DEBUG    [MainThread|MainProcess] websockets.client (protocol.py:read_frame:1177) | < TEXT '{"time":1752027536,"self_id":703263936,"post_ty...true},"interval":30000}' [148 bytes]
[2025-07-09 10:18:56,726.726] DEBUG    [MainThread|MainProcess] Logger (connect.py:on_message:43) | {'time': 1752027536, 'self_id': 703263936, 'post_type': 'meta_event', 'meta_event_type': 'heartbeat', 'status': {'online': True, 'good': True}, 'interval': 30000}
[2025-07-09 10:19:26,739.739] DEBUG    [MainThread|MainProcess] websockets.client (protocol.py:read_frame:1177) | < TEXT '{"time":1752027566,"self_id":703263936,"post_ty...true},"interval":30000}' [148 bytes]
[2025-07-09 10:19:26,739.739] DEBUG    [MainThread|MainProcess] Logger (connect.py:on_message:43) | {'time': 1752027566, 'self_id': 703263936, 'post_type': 'meta_event', 'meta_event_type': 'heartbeat', 'status': {'online': True, 'good': True}, 'interval': 30000}
[2025-07-09 10:19:56,753.753] DEBUG    [MainThread|MainProcess] websockets.client (protocol.py:read_frame:1177) | < TEXT '{"time":1752027596,"self_id":703263936,"post_ty...true},"interval":30000}' [148 bytes]
[2025-07-09 10:19:56,753.753] DEBUG    [MainThread|MainProcess] Logger (connect.py:on_message:43) | {'time': 1752027596, 'self_id': 703263936, 'post_type': 'meta_event', 'meta_event_type': 'heartbeat', 'status': {'online': True, 'good': True}, 'interval': 30000}
[2025-07-09 10:20:26,767.767] DEBUG    [MainThread|MainProcess] websockets.client (protocol.py:read_frame:1177) | < TEXT '{"time":1752027626,"self_id":703263936,"post_ty...true},"interval":30000}' [148 bytes]
[2025-07-09 10:20:26,767.767] DEBUG    [MainThread|MainProcess] Logger (connect.py:on_message:43) | {'time': 1752027626, 'self_id': 703263936, 'post_type': 'meta_event', 'meta_event_type': 'heartbeat', 'status': {'online': True, 'good': True}, 'interval': 30000}
[2025-07-09 10:20:56,768.768] DEBUG    [MainThread|MainProcess] websockets.client (protocol.py:read_frame:1177) | < TEXT '{"time":1752027656,"self_id":703263936,"post_ty...true},"interval":30000}' [148 bytes]
[2025-07-09 10:20:56,768.768] DEBUG    [MainThread|MainProcess] Logger (connect.py:on_message:43) | {'time': 1752027656, 'self_id': 703263936, 'post_type': 'meta_event', 'meta_event_type': 'heartbeat', 'status': {'online': True, 'good': True}, 'interval': 30000}
[2025-07-09 10:21:26,781.781] DEBUG    [MainThread|MainProcess] websockets.client (protocol.py:read_frame:1177) | < TEXT '{"time":1752027686,"self_id":703263936,"post_ty...true},"interval":30000}' [148 bytes]
[2025-07-09 10:21:26,781.781] DEBUG    [MainThread|MainProcess] Logger (connect.py:on_message:43) | {'time': 1752027686, 'self_id': 703263936, 'post_type': 'meta_event', 'meta_event_type': 'heartbeat', 'status': {'online': True, 'good': True}, 'interval': 30000}
[2025-07-09 10:21:56,797.797] DEBUG    [MainThread|MainProcess] websockets.client (protocol.py:read_frame:1177) | < TEXT '{"time":1752027716,"self_id":703263936,"post_ty...true},"interval":30000}' [148 bytes]
[2025-07-09 10:21:56,797.797] DEBUG    [MainThread|MainProcess] Logger (connect.py:on_message:43) | {'time': 1752027716, 'self_id': 703263936, 'post_type': 'meta_event', 'meta_event_type': 'heartbeat', 'status': {'online': True, 'good': True}, 'interval': 30000}
[2025-07-09 10:22:26,810.810] DEBUG    [MainThread|MainProcess] websockets.client (protocol.py:read_frame:1177) | < TEXT '{"time":1752027746,"self_id":703263936,"post_ty...true},"interval":30000}' [148 bytes]
[2025-07-09 10:22:26,810.810] DEBUG    [MainThread|MainProcess] Logger (connect.py:on_message:43) | {'time': 1752027746, 'self_id': 703263936, 'post_type': 'meta_event', 'meta_event_type': 'heartbeat', 'status': {'online': True, 'good': True}, 'interval': 30000}
[2025-07-09 10:22:56,823.823] DEBUG    [MainThread|MainProcess] websockets.client (protocol.py:read_frame:1177) | < TEXT '{"time":1752027776,"self_id":703263936,"post_ty...true},"interval":30000}' [148 bytes]
[2025-07-09 10:22:56,823.823] DEBUG    [MainThread|MainProcess] Logger (connect.py:on_message:43) | {'time': 1752027776, 'self_id': 703263936, 'post_type': 'meta_event', 'meta_event_type': 'heartbeat', 'status': {'online': True, 'good': True}, 'interval': 30000}
[2025-07-09 10:23:26,837.837] DEBUG    [MainThread|MainProcess] websockets.client (protocol.py:read_frame:1177) | < TEXT '{"time":1752027806,"self_id":703263936,"post_ty...true},"interval":30000}' [148 bytes]
[2025-07-09 10:23:26,837.837] DEBUG    [MainThread|MainProcess] Logger (connect.py:on_message:43) | {'time': 1752027806, 'self_id': 703263936, 'post_type': 'meta_event', 'meta_event_type': 'heartbeat', 'status': {'online': True, 'good': True}, 'interval': 30000}
[2025-07-09 10:23:56,841.841] DEBUG    [MainThread|MainProcess] websockets.client (protocol.py:read_frame:1177) | < TEXT '{"time":1752027836,"self_id":703263936,"post_ty...true},"interval":30000}' [148 bytes]
[2025-07-09 10:23:56,841.841] DEBUG    [MainThread|MainProcess] Logger (connect.py:on_message:43) | {'time': 1752027836, 'self_id': 703263936, 'post_type': 'meta_event', 'meta_event_type': 'heartbeat', 'status': {'online': True, 'good': True}, 'interval': 30000}
[2025-07-09 10:24:26,854.854] DEBUG    [MainThread|MainProcess] websockets.client (protocol.py:read_frame:1177) | < TEXT '{"time":1752027866,"self_id":703263936,"post_ty...true},"interval":30000}' [148 bytes]
[2025-07-09 10:24:26,854.854] DEBUG    [MainThread|MainProcess] Logger (connect.py:on_message:43) | {'time': 1752027866, 'self_id': 703263936, 'post_type': 'meta_event', 'meta_event_type': 'heartbeat', 'status': {'online': True, 'good': True}, 'interval': 30000}
[2025-07-09 10:24:56,866.866] DEBUG    [MainThread|MainProcess] websockets.client (protocol.py:read_frame:1177) | < TEXT '{"time":1752027896,"self_id":703263936,"post_ty...true},"interval":30000}' [148 bytes]
[2025-07-09 10:24:56,866.866] DEBUG    [MainThread|MainProcess] Logger (connect.py:on_message:43) | {'time': 1752027896, 'self_id': 703263936, 'post_type': 'meta_event', 'meta_event_type': 'heartbeat', 'status': {'online': True, 'good': True}, 'interval': 30000}
[2025-07-09 10:25:26,880.880] DEBUG    [MainThread|MainProcess] websockets.client (protocol.py:read_frame:1177) | < TEXT '{"time":1752027926,"self_id":703263936,"post_ty...true},"interval":30000}' [148 bytes]
[2025-07-09 10:25:26,880.880] DEBUG    [MainThread|MainProcess] Logger (connect.py:on_message:43) | {'time': 1752027926, 'self_id': 703263936, 'post_type': 'meta_event', 'meta_event_type': 'heartbeat', 'status': {'online': True, 'good': True}, 'interval': 30000}
[2025-07-09 10:25:56,893.893] DEBUG    [MainThread|MainProcess] websockets.client (protocol.py:read_frame:1177) | < TEXT '{"time":1752027956,"self_id":703263936,"post_ty...true},"interval":30000}' [148 bytes]
[2025-07-09 10:25:56,893.893] DEBUG    [MainThread|MainProcess] Logger (connect.py:on_message:43) | {'time': 1752027956, 'self_id': 703263936, 'post_type': 'meta_event', 'meta_event_type': 'heartbeat', 'status': {'online': True, 'good': True}, 'interval': 30000}
[2025-07-09 10:26:26,895.895] DEBUG    [MainThread|MainProcess] websockets.client (protocol.py:read_frame:1177) | < TEXT '{"time":1752027986,"self_id":703263936,"post_ty...true},"interval":30000}' [148 bytes]
[2025-07-09 10:26:26,895.895] DEBUG    [MainThread|MainProcess] Logger (connect.py:on_message:43) | {'time': 1752027986, 'self_id': 703263936, 'post_type': 'meta_event', 'meta_event_type': 'heartbeat', 'status': {'online': True, 'good': True}, 'interval': 30000}
[2025-07-09 10:26:56,905.905] DEBUG    [MainThread|MainProcess] websockets.client (protocol.py:read_frame:1177) | < TEXT '{"time":1752028016,"self_id":703263936,"post_ty...true},"interval":30000}' [148 bytes]
[2025-07-09 10:26:56,905.905] DEBUG    [MainThread|MainProcess] Logger (connect.py:on_message:43) | {'time': 1752028016, 'self_id': 703263936, 'post_type': 'meta_event', 'meta_event_type': 'heartbeat', 'status': {'online': True, 'good': True}, 'interval': 30000}
[2025-07-09 10:27:26,919.919] DEBUG    [MainThread|MainProcess] websockets.client (protocol.py:read_frame:1177) | < TEXT '{"time":1752028046,"self_id":703263936,"post_ty...true},"interval":30000}' [148 bytes]
[2025-07-09 10:27:26,919.919] DEBUG    [MainThread|MainProcess] Logger (connect.py:on_message:43) | {'time': 1752028046, 'self_id': 703263936, 'post_type': 'meta_event', 'meta_event_type': 'heartbeat', 'status': {'online': True, 'good': True}, 'interval': 30000}
[2025-07-09 10:27:56,926.926] DEBUG    [MainThread|MainProcess] websockets.client (protocol.py:read_frame:1177) | < TEXT '{"time":1752028076,"self_id":703263936,"post_ty...true},"interval":30000}' [148 bytes]
[2025-07-09 10:27:56,926.926] DEBUG    [MainThread|MainProcess] Logger (connect.py:on_message:43) | {'time': 1752028076, 'self_id': 703263936, 'post_type': 'meta_event', 'meta_event_type': 'heartbeat', 'status': {'online': True, 'good': True}, 'interval': 30000}
[2025-07-09 10:28:26,940.940] DEBUG    [MainThread|MainProcess] websockets.client (protocol.py:read_frame:1177) | < TEXT '{"time":1752028106,"self_id":703263936,"post_ty...true},"interval":30000}' [148 bytes]
[2025-07-09 10:28:26,940.940] DEBUG    [MainThread|MainProcess] Logger (connect.py:on_message:43) | {'time': 1752028106, 'self_id': 703263936, 'post_type': 'meta_event', 'meta_event_type': 'heartbeat', 'status': {'online': True, 'good': True}, 'interval': 30000}
[2025-07-09 10:28:56,940.940] DEBUG    [MainThread|MainProcess] websockets.client (protocol.py:read_frame:1177) | < TEXT '{"time":1752028136,"self_id":703263936,"post_ty...true},"interval":30000}' [148 bytes]
[2025-07-09 10:28:56,940.940] DEBUG    [MainThread|MainProcess] Logger (connect.py:on_message:43) | {'time': 1752028136, 'self_id': 703263936, 'post_type': 'meta_event', 'meta_event_type': 'heartbeat', 'status': {'online': True, 'good': True}, 'interval': 30000}
[2025-07-09 10:29:26,954.954] DEBUG    [MainThread|MainProcess] websockets.client (protocol.py:read_frame:1177) | < TEXT '{"time":1752028166,"self_id":703263936,"post_ty...true},"interval":30000}' [148 bytes]
[2025-07-09 10:29:26,954.954] DEBUG    [MainThread|MainProcess] Logger (connect.py:on_message:43) | {'time': 1752028166, 'self_id': 703263936, 'post_type': 'meta_event', 'meta_event_type': 'heartbeat', 'status': {'online': True, 'good': True}, 'interval': 30000}
[2025-07-09 10:29:56,966.966] DEBUG    [MainThread|MainProcess] websockets.client (protocol.py:read_frame:1177) | < TEXT '{"time":1752028196,"self_id":703263936,"post_ty...true},"interval":30000}' [148 bytes]
[2025-07-09 10:29:56,966.966] DEBUG    [MainThread|MainProcess] Logger (connect.py:on_message:43) | {'time': 1752028196, 'self_id': 703263936, 'post_type': 'meta_event', 'meta_event_type': 'heartbeat', 'status': {'online': True, 'good': True}, 'interval': 30000}
[2025-07-09 10:30:26,979.979] DEBUG    [MainThread|MainProcess] websockets.client (protocol.py:read_frame:1177) | < TEXT '{"time":1752028226,"self_id":703263936,"post_ty...true},"interval":30000}' [148 bytes]
[2025-07-09 10:30:26,979.979] DEBUG    [MainThread|MainProcess] Logger (connect.py:on_message:43) | {'time': 1752028226, 'self_id': 703263936, 'post_type': 'meta_event', 'meta_event_type': 'heartbeat', 'status': {'online': True, 'good': True}, 'interval': 30000}
[2025-07-09 10:30:56,995.995] DEBUG    [MainThread|MainProcess] websockets.client (protocol.py:read_frame:1177) | < TEXT '{"time":1752028256,"self_id":703263936,"post_ty...true},"interval":30000}' [148 bytes]
[2025-07-09 10:30:56,995.995] DEBUG    [MainThread|MainProcess] Logger (connect.py:on_message:43) | {'time': 1752028256, 'self_id': 703263936, 'post_type': 'meta_event', 'meta_event_type': 'heartbeat', 'status': {'online': True, 'good': True}, 'interval': 30000}
[2025-07-09 10:31:27,009.009] DEBUG    [MainThread|MainProcess] websockets.client (protocol.py:read_frame:1177) | < TEXT '{"time":1752028287,"self_id":703263936,"post_ty...true},"interval":30000}' [148 bytes]
[2025-07-09 10:31:27,009.009] DEBUG    [MainThread|MainProcess] Logger (connect.py:on_message:43) | {'time': 1752028287, 'self_id': 703263936, 'post_type': 'meta_event', 'meta_event_type': 'heartbeat', 'status': {'online': True, 'good': True}, 'interval': 30000}
[2025-07-09 10:31:57,012.012] DEBUG    [MainThread|MainProcess] websockets.client (protocol.py:read_frame:1177) | < TEXT '{"time":1752028317,"self_id":703263936,"post_ty...true},"interval":30000}' [148 bytes]
[2025-07-09 10:31:57,012.012] DEBUG    [MainThread|MainProcess] Logger (connect.py:on_message:43) | {'time': 1752028317, 'self_id': 703263936, 'post_type': 'meta_event', 'meta_event_type': 'heartbeat', 'status': {'online': True, 'good': True}, 'interval': 30000}
[2025-07-09 10:32:27,026.026] DEBUG    [MainThread|MainProcess] websockets.client (protocol.py:read_frame:1177) | < TEXT '{"time":1752028347,"self_id":703263936,"post_ty...true},"interval":30000}' [148 bytes]
[2025-07-09 10:32:27,026.026] DEBUG    [MainThread|MainProcess] Logger (connect.py:on_message:43) | {'time': 1752028347, 'self_id': 703263936, 'post_type': 'meta_event', 'meta_event_type': 'heartbeat', 'status': {'online': True, 'good': True}, 'interval': 30000}
[2025-07-09 10:32:57,037.037] DEBUG    [MainThread|MainProcess] websockets.client (protocol.py:read_frame:1177) | < TEXT '{"time":1752028377,"self_id":703263936,"post_ty...true},"interval":30000}' [148 bytes]
[2025-07-09 10:32:57,037.037] DEBUG    [MainThread|MainProcess] Logger (connect.py:on_message:43) | {'time': 1752028377, 'self_id': 703263936, 'post_type': 'meta_event', 'meta_event_type': 'heartbeat', 'status': {'online': True, 'good': True}, 'interval': 30000}
[2025-07-09 10:33:27,050.050] DEBUG    [MainThread|MainProcess] websockets.client (protocol.py:read_frame:1177) | < TEXT '{"time":1752028407,"self_id":703263936,"post_ty...true},"interval":30000}' [148 bytes]
[2025-07-09 10:33:27,050.050] DEBUG    [MainThread|MainProcess] Logger (connect.py:on_message:43) | {'time': 1752028407, 'self_id': 703263936, 'post_type': 'meta_event', 'meta_event_type': 'heartbeat', 'status': {'online': True, 'good': True}, 'interval': 30000}
[2025-07-09 10:33:57,061.061] DEBUG    [MainThread|MainProcess] websockets.client (protocol.py:read_frame:1177) | < TEXT '{"time":1752028437,"self_id":703263936,"post_ty...true},"interval":30000}' [148 bytes]
[2025-07-09 10:33:57,061.061] DEBUG    [MainThread|MainProcess] Logger (connect.py:on_message:43) | {'time': 1752028437, 'self_id': 703263936, 'post_type': 'meta_event', 'meta_event_type': 'heartbeat', 'status': {'online': True, 'good': True}, 'interval': 30000}
[2025-07-09 10:34:27,074.074] DEBUG    [MainThread|MainProcess] websockets.client (protocol.py:read_frame:1177) | < TEXT '{"time":1752028467,"self_id":703263936,"post_ty...true},"interval":30000}' [148 bytes]
[2025-07-09 10:34:27,074.074] DEBUG    [MainThread|MainProcess] Logger (connect.py:on_message:43) | {'time': 1752028467, 'self_id': 703263936, 'post_type': 'meta_event', 'meta_event_type': 'heartbeat', 'status': {'online': True, 'good': True}, 'interval': 30000}
[2025-07-09 10:34:57,088.088] DEBUG    [MainThread|MainProcess] websockets.client (protocol.py:read_frame:1177) | < TEXT '{"time":1752028497,"self_id":703263936,"post_ty...true},"interval":30000}' [148 bytes]
[2025-07-09 10:34:57,088.088] DEBUG    [MainThread|MainProcess] Logger (connect.py:on_message:43) | {'time': 1752028497, 'self_id': 703263936, 'post_type': 'meta_event', 'meta_event_type': 'heartbeat', 'status': {'online': True, 'good': True}, 'interval': 30000}
[2025-07-09 10:35:27,101.101] DEBUG    [MainThread|MainProcess] websockets.client (protocol.py:read_frame:1177) | < TEXT '{"time":1752028527,"self_id":703263936,"post_ty...true},"interval":30000}' [148 bytes]
[2025-07-09 10:35:27,101.101] DEBUG    [MainThread|MainProcess] Logger (connect.py:on_message:43) | {'time': 1752028527, 'self_id': 703263936, 'post_type': 'meta_event', 'meta_event_type': 'heartbeat', 'status': {'online': True, 'good': True}, 'interval': 30000}
[2025-07-09 10:35:39,741.741] DEBUG    [MainThread|MainProcess] websockets.client (protocol.py:read_frame:1177) | < TEXT '{"self_id":703263936,"user_id":2585690555,"time...","group_id":465281893}' [434 bytes]
[2025-07-09 10:35:39,741.741] DEBUG    [MainThread|MainProcess] Logger (client.py:handle_group_event:67) | {'group_id': '465281893', 'user_id': '2585690555', 'message_type': 'group', 'sub_type': 'normal', 'font': '14', 'sender': "{'user_id': 2585690555, 'nickname': 'Yuze_Yaooo', 'card': 'Yuze_Yaooo'}", 'message_id': '705858762', 'message_seq': '705858762', 'real_id': '705858762', 'message': "[{'type': 'text', 'data': {'text': '帮助'}}]", 'message_format': 'array'}
[2025-07-09 10:35:39,741.741] INFO     [MainThread|MainProcess] Logger (main.py:on_group_message:33) | {'group_id': '465281893', 'user_id': '2585690555', 'message_type': 'group', 'sub_type': 'normal', 'font': '14', 'sender': "{'user_id': 2585690555, 'nickname': 'Yuze_Yaooo', 'card': 'Yuze_Yaooo'}", 'message_id': '705858762', 'message_seq': '705858762', 'real_id': '705858762', 'message': "[{'type': 'text', 'data': {'text': '帮助'}}]", 'message_format': 'array'}
[2025-07-09 10:35:39,741.741] DEBUG    [MainThread|MainProcess] websockets.client (protocol.py:__init__:256) | = connection is CONNECTING
[2025-07-09 10:35:39,741.741] DEBUG    [MainThread|MainProcess] websockets.client (client.py:write_http_request:114) | > GET /api HTTP/1.1
[2025-07-09 10:35:39,741.741] DEBUG    [MainThread|MainProcess] websockets.client (client.py:write_http_request:116) | > Host: localhost:8082
[2025-07-09 10:35:39,741.741] DEBUG    [MainThread|MainProcess] websockets.client (client.py:write_http_request:116) | > Upgrade: websocket
[2025-07-09 10:35:39,741.741] DEBUG    [MainThread|MainProcess] websockets.client (client.py:write_http_request:116) | > Connection: Upgrade
[2025-07-09 10:35:39,741.741] DEBUG    [MainThread|MainProcess] websockets.client (client.py:write_http_request:116) | > Sec-WebSocket-Key: U3zqFoX3wTFHNSDRM7BUaA==
[2025-07-09 10:35:39,741.741] DEBUG    [MainThread|MainProcess] websockets.client (client.py:write_http_request:116) | > Sec-WebSocket-Version: 13
[2025-07-09 10:35:39,741.741] DEBUG    [MainThread|MainProcess] websockets.client (client.py:write_http_request:116) | > Sec-WebSocket-Extensions: permessage-deflate; client_max_window_bits
[2025-07-09 10:35:39,741.741] DEBUG    [MainThread|MainProcess] websockets.client (client.py:write_http_request:116) | > Content-Type: application/json
[2025-07-09 10:35:39,741.741] DEBUG    [MainThread|MainProcess] websockets.client (client.py:write_http_request:116) | > Authorization: Bearer chcat13201145
[2025-07-09 10:35:39,741.741] DEBUG    [MainThread|MainProcess] websockets.client (client.py:write_http_request:116) | > User-Agent: Python/3.10 websockets/10.4
[2025-07-09 10:35:39,741.741] DEBUG    [MainThread|MainProcess] websockets.client (client.py:read_http_response:147) | < HTTP/1.1 101 Switching Protocols
[2025-07-09 10:35:39,741.741] DEBUG    [MainThread|MainProcess] websockets.client (client.py:read_http_response:149) | < Upgrade: websocket
[2025-07-09 10:35:39,741.741] DEBUG    [MainThread|MainProcess] websockets.client (client.py:read_http_response:149) | < Connection: Upgrade
[2025-07-09 10:35:39,741.741] DEBUG    [MainThread|MainProcess] websockets.client (client.py:read_http_response:149) | < Sec-WebSocket-Accept: OZmN59vjBZzSnc7P4Ulz6D6Xt+k=
[2025-07-09 10:35:39,741.741] DEBUG    [MainThread|MainProcess] websockets.client (protocol.py:connection_open:357) | = connection is OPEN
[2025-07-09 10:35:39,756.756] DEBUG    [MainThread|MainProcess] websockets.client (protocol.py:write_frame_sync:1183) | > TEXT '{"action": "send_group_msg", "params": {"group_...]}, "echo": 1752028539}' [815 bytes]
[2025-07-09 10:35:40,223.223] DEBUG    [MainThread|MainProcess] websockets.client (protocol.py:read_frame:1177) | < TEXT '{"status":"ok","retcode":0,"data":{"message_id"...":"","echo":1752028539}' [104 bytes]
[2025-07-09 10:35:40,223.223] DEBUG    [MainThread|MainProcess] websockets.client (protocol.py:write_close_frame:1232) | = connection is CLOSING
[2025-07-09 10:35:40,223.223] DEBUG    [MainThread|MainProcess] websockets.client (protocol.py:write_frame_sync:1183) | > CLOSE 1000 (OK) [2 bytes]
[2025-07-09 10:35:40,223.223] DEBUG    [MainThread|MainProcess] websockets.client (protocol.py:read_frame:1177) | < CLOSE 1000 (OK) [2 bytes]
[2025-07-09 10:35:40,223.223] DEBUG    [MainThread|MainProcess] websockets.client (protocol.py:connection_lost:1514) | = connection is CLOSED
[2025-07-09 10:35:40,223.223] DEBUG    [MainThread|MainProcess] Logger (api.py:check_and_log:32) | {'status': 'ok', 'retcode': 0, 'data': {'message_id': 1268187189}, 'message': '', 'wording': '', 'echo': 1752028539}
[2025-07-09 10:35:57,111.111] DEBUG    [MainThread|MainProcess] websockets.client (protocol.py:read_frame:1177) | < TEXT '{"time":1752028557,"self_id":703263936,"post_ty...true},"interval":30000}' [148 bytes]
[2025-07-09 10:35:57,111.111] DEBUG    [MainThread|MainProcess] Logger (connect.py:on_message:43) | {'time': 1752028557, 'self_id': 703263936, 'post_type': 'meta_event', 'meta_event_type': 'heartbeat', 'status': {'online': True, 'good': True}, 'interval': 30000}
[2025-07-09 10:35:59,314.314] DEBUG    [MainThread|MainProcess] websockets.client (protocol.py:read_frame:1177) | < TEXT '{"self_id":703263936,"user_id":2585690555,"time...","group_id":465281893}' [449 bytes]
[2025-07-09 10:35:59,314.314] DEBUG    [MainThread|MainProcess] Logger (client.py:handle_group_event:67) | {'group_id': '465281893', 'user_id': '2585690555', 'message_type': 'group', 'sub_type': 'normal', 'font': '14', 'sender': "{'user_id': 2585690555, 'nickname': 'Yuze_Yaooo', 'card': 'Yuze_Yaooo'}", 'message_id': '1033606745', 'message_seq': '1033606745', 'real_id': '1033606745', 'message': "[{'type': 'text', 'data': {'text': '功能列表'}}]", 'message_format': 'array'}
[2025-07-09 10:35:59,314.314] INFO     [MainThread|MainProcess] Logger (main.py:on_group_message:33) | {'group_id': '465281893', 'user_id': '2585690555', 'message_type': 'group', 'sub_type': 'normal', 'font': '14', 'sender': "{'user_id': 2585690555, 'nickname': 'Yuze_Yaooo', 'card': 'Yuze_Yaooo'}", 'message_id': '1033606745', 'message_seq': '1033606745', 'real_id': '1033606745', 'message': "[{'type': 'text', 'data': {'text': '功能列表'}}]", 'message_format': 'array'}
[2025-07-09 10:36:27,119.119] DEBUG    [MainThread|MainProcess] websockets.client (protocol.py:read_frame:1177) | < TEXT '{"time":1752028587,"self_id":703263936,"post_ty...true},"interval":30000}' [148 bytes]
[2025-07-09 10:36:27,119.119] DEBUG    [MainThread|MainProcess] Logger (connect.py:on_message:43) | {'time': 1752028587, 'self_id': 703263936, 'post_type': 'meta_event', 'meta_event_type': 'heartbeat', 'status': {'online': True, 'good': True}, 'interval': 30000}
[2025-07-09 10:36:57,130.130] DEBUG    [MainThread|MainProcess] websockets.client (protocol.py:read_frame:1177) | < TEXT '{"time":1752028617,"self_id":703263936,"post_ty...true},"interval":30000}' [148 bytes]
[2025-07-09 10:36:57,130.130] DEBUG    [MainThread|MainProcess] Logger (connect.py:on_message:43) | {'time': 1752028617, 'self_id': 703263936, 'post_type': 'meta_event', 'meta_event_type': 'heartbeat', 'status': {'online': True, 'good': True}, 'interval': 30000}
[2025-07-09 10:37:27,144.144] DEBUG    [MainThread|MainProcess] websockets.client (protocol.py:read_frame:1177) | < TEXT '{"time":1752028647,"self_id":703263936,"post_ty...true},"interval":30000}' [148 bytes]
[2025-07-09 10:37:27,144.144] DEBUG    [MainThread|MainProcess] Logger (connect.py:on_message:43) | {'time': 1752028647, 'self_id': 703263936, 'post_type': 'meta_event', 'meta_event_type': 'heartbeat', 'status': {'online': True, 'good': True}, 'interval': 30000}
[2025-07-09 10:37:57,155.155] DEBUG    [MainThread|MainProcess] websockets.client (protocol.py:read_frame:1177) | < TEXT '{"time":1752028677,"self_id":703263936,"post_ty...true},"interval":30000}' [148 bytes]
[2025-07-09 10:37:57,155.155] DEBUG    [MainThread|MainProcess] Logger (connect.py:on_message:43) | {'time': 1752028677, 'self_id': 703263936, 'post_type': 'meta_event', 'meta_event_type': 'heartbeat', 'status': {'online': True, 'good': True}, 'interval': 30000}
[2025-07-09 10:38:27,168.168] DEBUG    [MainThread|MainProcess] websockets.client (protocol.py:read_frame:1177) | < TEXT '{"time":1752028707,"self_id":703263936,"post_ty...true},"interval":30000}' [148 bytes]
[2025-07-09 10:38:27,168.168] DEBUG    [MainThread|MainProcess] Logger (connect.py:on_message:43) | {'time': 1752028707, 'self_id': 703263936, 'post_type': 'meta_event', 'meta_event_type': 'heartbeat', 'status': {'online': True, 'good': True}, 'interval': 30000}
[2025-07-09 10:38:57,171.171] DEBUG    [MainThread|MainProcess] websockets.client (protocol.py:read_frame:1177) | < TEXT '{"time":1752028737,"self_id":703263936,"post_ty...true},"interval":30000}' [148 bytes]
[2025-07-09 10:38:57,171.171] DEBUG    [MainThread|MainProcess] Logger (connect.py:on_message:43) | {'time': 1752028737, 'self_id': 703263936, 'post_type': 'meta_event', 'meta_event_type': 'heartbeat', 'status': {'online': True, 'good': True}, 'interval': 30000}
[2025-07-09 10:39:27,184.184] DEBUG    [MainThread|MainProcess] websockets.client (protocol.py:read_frame:1177) | < TEXT '{"time":1752028767,"self_id":703263936,"post_ty...true},"interval":30000}' [148 bytes]
[2025-07-09 10:39:27,184.184] DEBUG    [MainThread|MainProcess] Logger (connect.py:on_message:43) | {'time': 1752028767, 'self_id': 703263936, 'post_type': 'meta_event', 'meta_event_type': 'heartbeat', 'status': {'online': True, 'good': True}, 'interval': 30000}
[2025-07-09 10:39:57,196.196] DEBUG    [MainThread|MainProcess] websockets.client (protocol.py:read_frame:1177) | < TEXT '{"time":1752028797,"self_id":703263936,"post_ty...true},"interval":30000}' [148 bytes]
[2025-07-09 10:39:57,196.196] DEBUG    [MainThread|MainProcess] Logger (connect.py:on_message:43) | {'time': 1752028797, 'self_id': 703263936, 'post_type': 'meta_event', 'meta_event_type': 'heartbeat', 'status': {'online': True, 'good': True}, 'interval': 30000}
[2025-07-09 10:40:27,210.210] DEBUG    [MainThread|MainProcess] websockets.client (protocol.py:read_frame:1177) | < TEXT '{"time":1752028827,"self_id":703263936,"post_ty...true},"interval":30000}' [148 bytes]
[2025-07-09 10:40:27,210.210] DEBUG    [MainThread|MainProcess] Logger (connect.py:on_message:43) | {'time': 1752028827, 'self_id': 703263936, 'post_type': 'meta_event', 'meta_event_type': 'heartbeat', 'status': {'online': True, 'good': True}, 'interval': 30000}
[2025-07-09 10:40:57,225.225] DEBUG    [MainThread|MainProcess] websockets.client (protocol.py:read_frame:1177) | < TEXT '{"time":1752028857,"self_id":703263936,"post_ty...true},"interval":30000}' [148 bytes]
[2025-07-09 10:40:57,225.225] DEBUG    [MainThread|MainProcess] Logger (connect.py:on_message:43) | {'time': 1752028857, 'self_id': 703263936, 'post_type': 'meta_event', 'meta_event_type': 'heartbeat', 'status': {'online': True, 'good': True}, 'interval': 30000}
[2025-07-09 10:41:27,238.238] DEBUG    [MainThread|MainProcess] websockets.client (protocol.py:read_frame:1177) | < TEXT '{"time":1752028887,"self_id":703263936,"post_ty...true},"interval":30000}' [148 bytes]
[2025-07-09 10:41:27,238.238] DEBUG    [MainThread|MainProcess] Logger (connect.py:on_message:43) | {'time': 1752028887, 'self_id': 703263936, 'post_type': 'meta_event', 'meta_event_type': 'heartbeat', 'status': {'online': True, 'good': True}, 'interval': 30000}
[2025-07-09 10:41:57,249.249] DEBUG    [MainThread|MainProcess] websockets.client (protocol.py:read_frame:1177) | < TEXT '{"time":1752028917,"self_id":703263936,"post_ty...true},"interval":30000}' [148 bytes]
[2025-07-09 10:41:57,249.249] DEBUG    [MainThread|MainProcess] Logger (connect.py:on_message:43) | {'time': 1752028917, 'self_id': 703263936, 'post_type': 'meta_event', 'meta_event_type': 'heartbeat', 'status': {'online': True, 'good': True}, 'interval': 30000}
[2025-07-09 10:42:27,263.263] DEBUG    [MainThread|MainProcess] websockets.client (protocol.py:read_frame:1177) | < TEXT '{"time":1752028947,"self_id":703263936,"post_ty...true},"interval":30000}' [148 bytes]
[2025-07-09 10:42:27,263.263] DEBUG    [MainThread|MainProcess] Logger (connect.py:on_message:43) | {'time': 1752028947, 'self_id': 703263936, 'post_type': 'meta_event', 'meta_event_type': 'heartbeat', 'status': {'online': True, 'good': True}, 'interval': 30000}
[2025-07-09 10:42:57,268.268] DEBUG    [MainThread|MainProcess] websockets.client (protocol.py:read_frame:1177) | < TEXT '{"time":1752028977,"self_id":703263936,"post_ty...true},"interval":30000}' [148 bytes]
[2025-07-09 10:42:57,268.268] DEBUG    [MainThread|MainProcess] Logger (connect.py:on_message:43) | {'time': 1752028977, 'self_id': 703263936, 'post_type': 'meta_event', 'meta_event_type': 'heartbeat', 'status': {'online': True, 'good': True}, 'interval': 30000}
[2025-07-09 10:43:27,282.282] DEBUG    [MainThread|MainProcess] websockets.client (protocol.py:read_frame:1177) | < TEXT '{"time":1752029007,"self_id":703263936,"post_ty...true},"interval":30000}' [148 bytes]
[2025-07-09 10:43:27,282.282] DEBUG    [MainThread|MainProcess] Logger (connect.py:on_message:43) | {'time': 1752029007, 'self_id': 703263936, 'post_type': 'meta_event', 'meta_event_type': 'heartbeat', 'status': {'online': True, 'good': True}, 'interval': 30000}
[2025-07-09 10:43:57,291.291] DEBUG    [MainThread|MainProcess] websockets.client (protocol.py:read_frame:1177) | < TEXT '{"time":1752029037,"self_id":703263936,"post_ty...true},"interval":30000}' [148 bytes]
[2025-07-09 10:43:57,291.291] DEBUG    [MainThread|MainProcess] Logger (connect.py:on_message:43) | {'time': 1752029037, 'self_id': 703263936, 'post_type': 'meta_event', 'meta_event_type': 'heartbeat', 'status': {'online': True, 'good': True}, 'interval': 30000}
[2025-07-09 10:44:27,305.305] DEBUG    [MainThread|MainProcess] websockets.client (protocol.py:read_frame:1177) | < TEXT '{"time":1752029067,"self_id":703263936,"post_ty...true},"interval":30000}' [148 bytes]
[2025-07-09 10:44:27,305.305] DEBUG    [MainThread|MainProcess] Logger (connect.py:on_message:43) | {'time': 1752029067, 'self_id': 703263936, 'post_type': 'meta_event', 'meta_event_type': 'heartbeat', 'status': {'online': True, 'good': True}, 'interval': 30000}
[2025-07-09 10:44:57,305.305] DEBUG    [MainThread|MainProcess] websockets.client (protocol.py:read_frame:1177) | < TEXT '{"time":1752029097,"self_id":703263936,"post_ty...true},"interval":30000}' [148 bytes]
[2025-07-09 10:44:57,305.305] DEBUG    [MainThread|MainProcess] Logger (connect.py:on_message:43) | {'time': 1752029097, 'self_id': 703263936, 'post_type': 'meta_event', 'meta_event_type': 'heartbeat', 'status': {'online': True, 'good': True}, 'interval': 30000}
[2025-07-09 10:45:27,319.319] DEBUG    [MainThread|MainProcess] websockets.client (protocol.py:read_frame:1177) | < TEXT '{"time":1752029127,"self_id":703263936,"post_ty...true},"interval":30000}' [148 bytes]
[2025-07-09 10:45:27,319.319] DEBUG    [MainThread|MainProcess] Logger (connect.py:on_message:43) | {'time': 1752029127, 'self_id': 703263936, 'post_type': 'meta_event', 'meta_event_type': 'heartbeat', 'status': {'online': True, 'good': True}, 'interval': 30000}
[2025-07-09 10:45:57,332.332] DEBUG    [MainThread|MainProcess] websockets.client (protocol.py:read_frame:1177) | < TEXT '{"time":1752029157,"self_id":703263936,"post_ty...true},"interval":30000}' [148 bytes]
[2025-07-09 10:45:57,332.332] DEBUG    [MainThread|MainProcess] Logger (connect.py:on_message:43) | {'time': 1752029157, 'self_id': 703263936, 'post_type': 'meta_event', 'meta_event_type': 'heartbeat', 'status': {'online': True, 'good': True}, 'interval': 30000}
[2025-07-09 10:46:27,338.338] DEBUG    [MainThread|MainProcess] websockets.client (protocol.py:read_frame:1177) | < TEXT '{"time":1752029187,"self_id":703263936,"post_ty...true},"interval":30000}' [148 bytes]
[2025-07-09 10:46:27,338.338] DEBUG    [MainThread|MainProcess] Logger (connect.py:on_message:43) | {'time': 1752029187, 'self_id': 703263936, 'post_type': 'meta_event', 'meta_event_type': 'heartbeat', 'status': {'online': True, 'good': True}, 'interval': 30000}
[2025-07-09 10:46:57,337.337] DEBUG    [MainThread|MainProcess] websockets.client (protocol.py:read_frame:1177) | < TEXT '{"time":1752029217,"self_id":703263936,"post_ty...true},"interval":30000}' [148 bytes]
[2025-07-09 10:46:57,337.337] DEBUG    [MainThread|MainProcess] Logger (connect.py:on_message:43) | {'time': 1752029217, 'self_id': 703263936, 'post_type': 'meta_event', 'meta_event_type': 'heartbeat', 'status': {'online': True, 'good': True}, 'interval': 30000}
[2025-07-09 10:47:27,350.350] DEBUG    [MainThread|MainProcess] websockets.client (protocol.py:read_frame:1177) | < TEXT '{"time":1752029247,"self_id":703263936,"post_ty...true},"interval":30000}' [148 bytes]
[2025-07-09 10:47:27,350.350] DEBUG    [MainThread|MainProcess] Logger (connect.py:on_message:43) | {'time': 1752029247, 'self_id': 703263936, 'post_type': 'meta_event', 'meta_event_type': 'heartbeat', 'status': {'online': True, 'good': True}, 'interval': 30000}
[2025-07-09 10:47:57,351.351] DEBUG    [MainThread|MainProcess] websockets.client (protocol.py:read_frame:1177) | < TEXT '{"time":1752029277,"self_id":703263936,"post_ty...true},"interval":30000}' [148 bytes]
[2025-07-09 10:47:57,351.351] DEBUG    [MainThread|MainProcess] Logger (connect.py:on_message:43) | {'time': 1752029277, 'self_id': 703263936, 'post_type': 'meta_event', 'meta_event_type': 'heartbeat', 'status': {'online': True, 'good': True}, 'interval': 30000}
[2025-07-09 10:48:27,365.365] DEBUG    [MainThread|MainProcess] websockets.client (protocol.py:read_frame:1177) | < TEXT '{"time":1752029307,"self_id":703263936,"post_ty...true},"interval":30000}' [148 bytes]
[2025-07-09 10:48:27,365.365] DEBUG    [MainThread|MainProcess] Logger (connect.py:on_message:43) | {'time': 1752029307, 'self_id': 703263936, 'post_type': 'meta_event', 'meta_event_type': 'heartbeat', 'status': {'online': True, 'good': True}, 'interval': 30000}
[2025-07-09 10:48:57,369.369] DEBUG    [MainThread|MainProcess] websockets.client (protocol.py:read_frame:1177) | < TEXT '{"time":1752029337,"self_id":703263936,"post_ty...true},"interval":30000}' [148 bytes]
[2025-07-09 10:48:57,369.369] DEBUG    [MainThread|MainProcess] Logger (connect.py:on_message:43) | {'time': 1752029337, 'self_id': 703263936, 'post_type': 'meta_event', 'meta_event_type': 'heartbeat', 'status': {'online': True, 'good': True}, 'interval': 30000}
[2025-07-09 10:49:27,382.382] DEBUG    [MainThread|MainProcess] websockets.client (protocol.py:read_frame:1177) | < TEXT '{"time":1752029367,"self_id":703263936,"post_ty...true},"interval":30000}' [148 bytes]
[2025-07-09 10:49:27,382.382] DEBUG    [MainThread|MainProcess] Logger (connect.py:on_message:43) | {'time': 1752029367, 'self_id': 703263936, 'post_type': 'meta_event', 'meta_event_type': 'heartbeat', 'status': {'online': True, 'good': True}, 'interval': 30000}
[2025-07-09 10:49:57,383.383] DEBUG    [MainThread|MainProcess] websockets.client (protocol.py:read_frame:1177) | < TEXT '{"time":1752029397,"self_id":703263936,"post_ty...true},"interval":30000}' [148 bytes]
[2025-07-09 10:49:57,383.383] DEBUG    [MainThread|MainProcess] Logger (connect.py:on_message:43) | {'time': 1752029397, 'self_id': 703263936, 'post_type': 'meta_event', 'meta_event_type': 'heartbeat', 'status': {'online': True, 'good': True}, 'interval': 30000}
[2025-07-09 10:50:27,396.396] DEBUG    [MainThread|MainProcess] websockets.client (protocol.py:read_frame:1177) | < TEXT '{"time":1752029427,"self_id":703263936,"post_ty...true},"interval":30000}' [148 bytes]
[2025-07-09 10:50:27,396.396] DEBUG    [MainThread|MainProcess] Logger (connect.py:on_message:43) | {'time': 1752029427, 'self_id': 703263936, 'post_type': 'meta_event', 'meta_event_type': 'heartbeat', 'status': {'online': True, 'good': True}, 'interval': 30000}
[2025-07-09 10:50:57,407.407] DEBUG    [MainThread|MainProcess] websockets.client (protocol.py:read_frame:1177) | < TEXT '{"time":1752029457,"self_id":703263936,"post_ty...true},"interval":30000}' [148 bytes]
[2025-07-09 10:50:57,407.407] DEBUG    [MainThread|MainProcess] Logger (connect.py:on_message:43) | {'time': 1752029457, 'self_id': 703263936, 'post_type': 'meta_event', 'meta_event_type': 'heartbeat', 'status': {'online': True, 'good': True}, 'interval': 30000}
[2025-07-09 10:51:27,421.421] DEBUG    [MainThread|MainProcess] websockets.client (protocol.py:read_frame:1177) | < TEXT '{"time":1752029487,"self_id":703263936,"post_ty...true},"interval":30000}' [148 bytes]
[2025-07-09 10:51:27,421.421] DEBUG    [MainThread|MainProcess] Logger (connect.py:on_message:43) | {'time': 1752029487, 'self_id': 703263936, 'post_type': 'meta_event', 'meta_event_type': 'heartbeat', 'status': {'online': True, 'good': True}, 'interval': 30000}
[2025-07-09 10:51:57,426.426] DEBUG    [MainThread|MainProcess] websockets.client (protocol.py:read_frame:1177) | < TEXT '{"time":1752029517,"self_id":703263936,"post_ty...true},"interval":30000}' [148 bytes]
[2025-07-09 10:51:57,426.426] DEBUG    [MainThread|MainProcess] Logger (connect.py:on_message:43) | {'time': 1752029517, 'self_id': 703263936, 'post_type': 'meta_event', 'meta_event_type': 'heartbeat', 'status': {'online': True, 'good': True}, 'interval': 30000}
[2025-07-09 10:52:27,439.439] DEBUG    [MainThread|MainProcess] websockets.client (protocol.py:read_frame:1177) | < TEXT '{"time":1752029547,"self_id":703263936,"post_ty...true},"interval":30000}' [148 bytes]
[2025-07-09 10:52:27,439.439] DEBUG    [MainThread|MainProcess] Logger (connect.py:on_message:43) | {'time': 1752029547, 'self_id': 703263936, 'post_type': 'meta_event', 'meta_event_type': 'heartbeat', 'status': {'online': True, 'good': True}, 'interval': 30000}
[2025-07-09 10:52:57,448.448] DEBUG    [MainThread|MainProcess] websockets.client (protocol.py:read_frame:1177) | < TEXT '{"time":1752029577,"self_id":703263936,"post_ty...true},"interval":30000}' [148 bytes]
[2025-07-09 10:52:57,448.448] DEBUG    [MainThread|MainProcess] Logger (connect.py:on_message:43) | {'time': 1752029577, 'self_id': 703263936, 'post_type': 'meta_event', 'meta_event_type': 'heartbeat', 'status': {'online': True, 'good': True}, 'interval': 30000}
[2025-07-09 10:53:27,462.462] DEBUG    [MainThread|MainProcess] websockets.client (protocol.py:read_frame:1177) | < TEXT '{"time":1752029607,"self_id":703263936,"post_ty...true},"interval":30000}' [148 bytes]
[2025-07-09 10:53:27,462.462] DEBUG    [MainThread|MainProcess] Logger (connect.py:on_message:43) | {'time': 1752029607, 'self_id': 703263936, 'post_type': 'meta_event', 'meta_event_type': 'heartbeat', 'status': {'online': True, 'good': True}, 'interval': 30000}
[2025-07-09 10:53:57,474.474] DEBUG    [MainThread|MainProcess] websockets.client (protocol.py:read_frame:1177) | < TEXT '{"time":1752029637,"self_id":703263936,"post_ty...true},"interval":30000}' [148 bytes]
[2025-07-09 10:53:57,474.474] DEBUG    [MainThread|MainProcess] Logger (connect.py:on_message:43) | {'time': 1752029637, 'self_id': 703263936, 'post_type': 'meta_event', 'meta_event_type': 'heartbeat', 'status': {'online': True, 'good': True}, 'interval': 30000}
[2025-07-09 10:54:27,487.487] DEBUG    [MainThread|MainProcess] websockets.client (protocol.py:read_frame:1177) | < TEXT '{"time":1752029667,"self_id":703263936,"post_ty...true},"interval":30000}' [148 bytes]
[2025-07-09 10:54:27,487.487] DEBUG    [MainThread|MainProcess] Logger (connect.py:on_message:43) | {'time': 1752029667, 'self_id': 703263936, 'post_type': 'meta_event', 'meta_event_type': 'heartbeat', 'status': {'online': True, 'good': True}, 'interval': 30000}
[2025-07-09 10:54:57,491.491] DEBUG    [MainThread|MainProcess] websockets.client (protocol.py:read_frame:1177) | < TEXT '{"time":1752029697,"self_id":703263936,"post_ty...true},"interval":30000}' [148 bytes]
[2025-07-09 10:54:57,491.491] DEBUG    [MainThread|MainProcess] Logger (connect.py:on_message:43) | {'time': 1752029697, 'self_id': 703263936, 'post_type': 'meta_event', 'meta_event_type': 'heartbeat', 'status': {'online': True, 'good': True}, 'interval': 30000}
[2025-07-09 10:55:27,505.505] DEBUG    [MainThread|MainProcess] websockets.client (protocol.py:read_frame:1177) | < TEXT '{"time":1752029727,"self_id":703263936,"post_ty...true},"interval":30000}' [148 bytes]
[2025-07-09 10:55:27,505.505] DEBUG    [MainThread|MainProcess] Logger (connect.py:on_message:43) | {'time': 1752029727, 'self_id': 703263936, 'post_type': 'meta_event', 'meta_event_type': 'heartbeat', 'status': {'online': True, 'good': True}, 'interval': 30000}
[2025-07-09 10:55:57,518.518] DEBUG    [MainThread|MainProcess] websockets.client (protocol.py:read_frame:1177) | < TEXT '{"time":1752029757,"self_id":703263936,"post_ty...true},"interval":30000}' [148 bytes]
[2025-07-09 10:55:57,518.518] DEBUG    [MainThread|MainProcess] Logger (connect.py:on_message:43) | {'time': 1752029757, 'self_id': 703263936, 'post_type': 'meta_event', 'meta_event_type': 'heartbeat', 'status': {'online': True, 'good': True}, 'interval': 30000}
[2025-07-09 10:56:27,531.531] DEBUG    [MainThread|MainProcess] websockets.client (protocol.py:read_frame:1177) | < TEXT '{"time":1752029787,"self_id":703263936,"post_ty...true},"interval":30000}' [148 bytes]
[2025-07-09 10:56:27,531.531] DEBUG    [MainThread|MainProcess] Logger (connect.py:on_message:43) | {'time': 1752029787, 'self_id': 703263936, 'post_type': 'meta_event', 'meta_event_type': 'heartbeat', 'status': {'online': True, 'good': True}, 'interval': 30000}
[2025-07-09 10:56:57,534.534] DEBUG    [MainThread|MainProcess] websockets.client (protocol.py:read_frame:1177) | < TEXT '{"time":1752029817,"self_id":703263936,"post_ty...true},"interval":30000}' [148 bytes]
[2025-07-09 10:56:57,534.534] DEBUG    [MainThread|MainProcess] Logger (connect.py:on_message:43) | {'time': 1752029817, 'self_id': 703263936, 'post_type': 'meta_event', 'meta_event_type': 'heartbeat', 'status': {'online': True, 'good': True}, 'interval': 30000}
[2025-07-09 10:57:27,548.548] DEBUG    [MainThread|MainProcess] websockets.client (protocol.py:read_frame:1177) | < TEXT '{"time":1752029847,"self_id":703263936,"post_ty...true},"interval":30000}' [148 bytes]
[2025-07-09 10:57:27,548.548] DEBUG    [MainThread|MainProcess] Logger (connect.py:on_message:43) | {'time': 1752029847, 'self_id': 703263936, 'post_type': 'meta_event', 'meta_event_type': 'heartbeat', 'status': {'online': True, 'good': True}, 'interval': 30000}
[2025-07-09 10:57:57,553.553] DEBUG    [MainThread|MainProcess] websockets.client (protocol.py:read_frame:1177) | < TEXT '{"time":1752029877,"self_id":703263936,"post_ty...true},"interval":30000}' [148 bytes]
[2025-07-09 10:57:57,553.553] DEBUG    [MainThread|MainProcess] Logger (connect.py:on_message:43) | {'time': 1752029877, 'self_id': 703263936, 'post_type': 'meta_event', 'meta_event_type': 'heartbeat', 'status': {'online': True, 'good': True}, 'interval': 30000}
[2025-07-09 10:58:27,567.567] DEBUG    [MainThread|MainProcess] websockets.client (protocol.py:read_frame:1177) | < TEXT '{"time":1752029907,"self_id":703263936,"post_ty...true},"interval":30000}' [148 bytes]
[2025-07-09 10:58:27,567.567] DEBUG    [MainThread|MainProcess] Logger (connect.py:on_message:43) | {'time': 1752029907, 'self_id': 703263936, 'post_type': 'meta_event', 'meta_event_type': 'heartbeat', 'status': {'online': True, 'good': True}, 'interval': 30000}
[2025-07-09 10:58:57,599.599] DEBUG    [MainThread|MainProcess] websockets.client (protocol.py:read_frame:1177) | < TEXT '{"time":1752029937,"self_id":703263936,"post_ty...true},"interval":30000}' [148 bytes]
[2025-07-09 10:58:57,599.599] DEBUG    [MainThread|MainProcess] Logger (connect.py:on_message:43) | {'time': 1752029937, 'self_id': 703263936, 'post_type': 'meta_event', 'meta_event_type': 'heartbeat', 'status': {'online': True, 'good': True}, 'interval': 30000}
[2025-07-09 10:59:27,613.613] DEBUG    [MainThread|MainProcess] websockets.client (protocol.py:read_frame:1177) | < TEXT '{"time":1752029967,"self_id":703263936,"post_ty...true},"interval":30000}' [148 bytes]
[2025-07-09 10:59:27,613.613] DEBUG    [MainThread|MainProcess] Logger (connect.py:on_message:43) | {'time': 1752029967, 'self_id': 703263936, 'post_type': 'meta_event', 'meta_event_type': 'heartbeat', 'status': {'online': True, 'good': True}, 'interval': 30000}
[2025-07-09 10:59:57,622.622] DEBUG    [MainThread|MainProcess] websockets.client (protocol.py:read_frame:1177) | < TEXT '{"time":1752029997,"self_id":703263936,"post_ty...true},"interval":30000}' [148 bytes]
[2025-07-09 10:59:57,622.622] DEBUG    [MainThread|MainProcess] Logger (connect.py:on_message:43) | {'time': 1752029997, 'self_id': 703263936, 'post_type': 'meta_event', 'meta_event_type': 'heartbeat', 'status': {'online': True, 'good': True}, 'interval': 30000}
[2025-07-09 11:00:27,620.620] DEBUG    [MainThread|MainProcess] websockets.client (protocol.py:read_frame:1177) | < TEXT '{"time":1752030027,"self_id":703263936,"post_ty...true},"interval":30000}' [148 bytes]
[2025-07-09 11:00:27,620.620] DEBUG    [MainThread|MainProcess] Logger (connect.py:on_message:43) | {'time': 1752030027, 'self_id': 703263936, 'post_type': 'meta_event', 'meta_event_type': 'heartbeat', 'status': {'online': True, 'good': True}, 'interval': 30000}
[2025-07-09 11:00:57,643.643] DEBUG    [MainThread|MainProcess] websockets.client (protocol.py:read_frame:1177) | < TEXT '{"time":1752030057,"self_id":703263936,"post_ty...true},"interval":30000}' [148 bytes]
[2025-07-09 11:00:57,643.643] DEBUG    [MainThread|MainProcess] Logger (connect.py:on_message:43) | {'time': 1752030057, 'self_id': 703263936, 'post_type': 'meta_event', 'meta_event_type': 'heartbeat', 'status': {'online': True, 'good': True}, 'interval': 30000}
[2025-07-09 11:01:27,656.656] DEBUG    [MainThread|MainProcess] websockets.client (protocol.py:read_frame:1177) | < TEXT '{"time":1752030087,"self_id":703263936,"post_ty...true},"interval":30000}' [148 bytes]
[2025-07-09 11:01:27,656.656] DEBUG    [MainThread|MainProcess] Logger (connect.py:on_message:43) | {'time': 1752030087, 'self_id': 703263936, 'post_type': 'meta_event', 'meta_event_type': 'heartbeat', 'status': {'online': True, 'good': True}, 'interval': 30000}
[2025-07-09 11:01:57,656.656] DEBUG    [MainThread|MainProcess] websockets.client (protocol.py:read_frame:1177) | < TEXT '{"time":1752030117,"self_id":703263936,"post_ty...true},"interval":30000}' [148 bytes]
[2025-07-09 11:01:57,656.656] DEBUG    [MainThread|MainProcess] Logger (connect.py:on_message:43) | {'time': 1752030117, 'self_id': 703263936, 'post_type': 'meta_event', 'meta_event_type': 'heartbeat', 'status': {'online': True, 'good': True}, 'interval': 30000}
[2025-07-09 11:02:27,669.669] DEBUG    [MainThread|MainProcess] websockets.client (protocol.py:read_frame:1177) | < TEXT '{"time":1752030147,"self_id":703263936,"post_ty...true},"interval":30000}' [148 bytes]
[2025-07-09 11:02:27,669.669] DEBUG    [MainThread|MainProcess] Logger (connect.py:on_message:43) | {'time': 1752030147, 'self_id': 703263936, 'post_type': 'meta_event', 'meta_event_type': 'heartbeat', 'status': {'online': True, 'good': True}, 'interval': 30000}
[2025-07-09 11:02:57,679.679] DEBUG    [MainThread|MainProcess] websockets.client (protocol.py:read_frame:1177) | < TEXT '{"time":1752030177,"self_id":703263936,"post_ty...true},"interval":30000}' [148 bytes]
[2025-07-09 11:02:57,679.679] DEBUG    [MainThread|MainProcess] Logger (connect.py:on_message:43) | {'time': 1752030177, 'self_id': 703263936, 'post_type': 'meta_event', 'meta_event_type': 'heartbeat', 'status': {'online': True, 'good': True}, 'interval': 30000}
[2025-07-09 11:03:27,692.692] DEBUG    [MainThread|MainProcess] websockets.client (protocol.py:read_frame:1177) | < TEXT '{"time":1752030207,"self_id":703263936,"post_ty...true},"interval":30000}' [148 bytes]
[2025-07-09 11:03:27,692.692] DEBUG    [MainThread|MainProcess] Logger (connect.py:on_message:43) | {'time': 1752030207, 'self_id': 703263936, 'post_type': 'meta_event', 'meta_event_type': 'heartbeat', 'status': {'online': True, 'good': True}, 'interval': 30000}
[2025-07-09 11:03:57,703.703] DEBUG    [MainThread|MainProcess] websockets.client (protocol.py:read_frame:1177) | < TEXT '{"time":1752030237,"self_id":703263936,"post_ty...true},"interval":30000}' [148 bytes]
[2025-07-09 11:03:57,703.703] DEBUG    [MainThread|MainProcess] Logger (connect.py:on_message:43) | {'time': 1752030237, 'self_id': 703263936, 'post_type': 'meta_event', 'meta_event_type': 'heartbeat', 'status': {'online': True, 'good': True}, 'interval': 30000}
[2025-07-09 11:04:27,717.717] DEBUG    [MainThread|MainProcess] websockets.client (protocol.py:read_frame:1177) | < TEXT '{"time":1752030267,"self_id":703263936,"post_ty...true},"interval":30000}' [148 bytes]
[2025-07-09 11:04:27,717.717] DEBUG    [MainThread|MainProcess] Logger (connect.py:on_message:43) | {'time': 1752030267, 'self_id': 703263936, 'post_type': 'meta_event', 'meta_event_type': 'heartbeat', 'status': {'online': True, 'good': True}, 'interval': 30000}
[2025-07-09 11:04:57,717.717] DEBUG    [MainThread|MainProcess] websockets.client (protocol.py:read_frame:1177) | < TEXT '{"time":1752030297,"self_id":703263936,"post_ty...true},"interval":30000}' [148 bytes]
[2025-07-09 11:04:57,717.717] DEBUG    [MainThread|MainProcess] Logger (connect.py:on_message:43) | {'time': 1752030297, 'self_id': 703263936, 'post_type': 'meta_event', 'meta_event_type': 'heartbeat', 'status': {'online': True, 'good': True}, 'interval': 30000}
[2025-07-09 11:05:27,730.730] DEBUG    [MainThread|MainProcess] websockets.client (protocol.py:read_frame:1177) | < TEXT '{"time":1752030327,"self_id":703263936,"post_ty...true},"interval":30000}' [148 bytes]
[2025-07-09 11:05:27,730.730] DEBUG    [MainThread|MainProcess] Logger (connect.py:on_message:43) | {'time': 1752030327, 'self_id': 703263936, 'post_type': 'meta_event', 'meta_event_type': 'heartbeat', 'status': {'online': True, 'good': True}, 'interval': 30000}
[2025-07-09 11:05:57,738.738] DEBUG    [MainThread|MainProcess] websockets.client (protocol.py:read_frame:1177) | < TEXT '{"time":1752030357,"self_id":703263936,"post_ty...true},"interval":30000}' [148 bytes]
[2025-07-09 11:05:57,738.738] DEBUG    [MainThread|MainProcess] Logger (connect.py:on_message:43) | {'time': 1752030357, 'self_id': 703263936, 'post_type': 'meta_event', 'meta_event_type': 'heartbeat', 'status': {'online': True, 'good': True}, 'interval': 30000}
[2025-07-09 11:06:27,738.738] DEBUG    [MainThread|MainProcess] websockets.client (protocol.py:read_frame:1177) | < TEXT '{"time":1752030387,"self_id":703263936,"post_ty...true},"interval":30000}' [148 bytes]
[2025-07-09 11:06:27,738.738] DEBUG    [MainThread|MainProcess] Logger (connect.py:on_message:43) | {'time': 1752030387, 'self_id': 703263936, 'post_type': 'meta_event', 'meta_event_type': 'heartbeat', 'status': {'online': True, 'good': True}, 'interval': 30000}
[2025-07-09 11:06:57,747.747] DEBUG    [MainThread|MainProcess] websockets.client (protocol.py:read_frame:1177) | < TEXT '{"time":1752030417,"self_id":703263936,"post_ty...true},"interval":30000}' [148 bytes]
[2025-07-09 11:06:57,747.747] DEBUG    [MainThread|MainProcess] Logger (connect.py:on_message:43) | {'time': 1752030417, 'self_id': 703263936, 'post_type': 'meta_event', 'meta_event_type': 'heartbeat', 'status': {'online': True, 'good': True}, 'interval': 30000}
[2025-07-09 11:07:27,761.761] DEBUG    [MainThread|MainProcess] websockets.client (protocol.py:read_frame:1177) | < TEXT '{"time":1752030447,"self_id":703263936,"post_ty...true},"interval":30000}' [148 bytes]
[2025-07-09 11:07:27,761.761] DEBUG    [MainThread|MainProcess] Logger (connect.py:on_message:43) | {'time': 1752030447, 'self_id': 703263936, 'post_type': 'meta_event', 'meta_event_type': 'heartbeat', 'status': {'online': True, 'good': True}, 'interval': 30000}
[2025-07-09 11:07:57,767.767] DEBUG    [MainThread|MainProcess] websockets.client (protocol.py:read_frame:1177) | < TEXT '{"time":1752030477,"self_id":703263936,"post_ty...true},"interval":30000}' [148 bytes]
[2025-07-09 11:07:57,767.767] DEBUG    [MainThread|MainProcess] Logger (connect.py:on_message:43) | {'time': 1752030477, 'self_id': 703263936, 'post_type': 'meta_event', 'meta_event_type': 'heartbeat', 'status': {'online': True, 'good': True}, 'interval': 30000}
[2025-07-09 11:08:27,779.779] DEBUG    [MainThread|MainProcess] websockets.client (protocol.py:read_frame:1177) | < TEXT '{"time":1752030507,"self_id":703263936,"post_ty...true},"interval":30000}' [148 bytes]
[2025-07-09 11:08:27,779.779] DEBUG    [MainThread|MainProcess] Logger (connect.py:on_message:43) | {'time': 1752030507, 'self_id': 703263936, 'post_type': 'meta_event', 'meta_event_type': 'heartbeat', 'status': {'online': True, 'good': True}, 'interval': 30000}
[2025-07-09 11:08:57,792.792] DEBUG    [MainThread|MainProcess] websockets.client (protocol.py:read_frame:1177) | < TEXT '{"time":1752030537,"self_id":703263936,"post_ty...true},"interval":30000}' [148 bytes]
[2025-07-09 11:08:57,792.792] DEBUG    [MainThread|MainProcess] Logger (connect.py:on_message:43) | {'time': 1752030537, 'self_id': 703263936, 'post_type': 'meta_event', 'meta_event_type': 'heartbeat', 'status': {'online': True, 'good': True}, 'interval': 30000}
[2025-07-09 11:09:27,805.805] DEBUG    [MainThread|MainProcess] websockets.client (protocol.py:read_frame:1177) | < TEXT '{"time":1752030567,"self_id":703263936,"post_ty...true},"interval":30000}' [148 bytes]
[2025-07-09 11:09:27,805.805] DEBUG    [MainThread|MainProcess] Logger (connect.py:on_message:43) | {'time': 1752030567, 'self_id': 703263936, 'post_type': 'meta_event', 'meta_event_type': 'heartbeat', 'status': {'online': True, 'good': True}, 'interval': 30000}
[2025-07-09 11:09:57,807.807] DEBUG    [MainThread|MainProcess] websockets.client (protocol.py:read_frame:1177) | < TEXT '{"time":1752030597,"self_id":703263936,"post_ty...true},"interval":30000}' [148 bytes]
[2025-07-09 11:09:57,807.807] DEBUG    [MainThread|MainProcess] Logger (connect.py:on_message:43) | {'time': 1752030597, 'self_id': 703263936, 'post_type': 'meta_event', 'meta_event_type': 'heartbeat', 'status': {'online': True, 'good': True}, 'interval': 30000}
[2025-07-09 11:10:27,821.821] DEBUG    [MainThread|MainProcess] websockets.client (protocol.py:read_frame:1177) | < TEXT '{"time":1752030627,"self_id":703263936,"post_ty...true},"interval":30000}' [148 bytes]
[2025-07-09 11:10:27,821.821] DEBUG    [MainThread|MainProcess] Logger (connect.py:on_message:43) | {'time': 1752030627, 'self_id': 703263936, 'post_type': 'meta_event', 'meta_event_type': 'heartbeat', 'status': {'online': True, 'good': True}, 'interval': 30000}
[2025-07-09 11:10:57,822.822] DEBUG    [MainThread|MainProcess] websockets.client (protocol.py:read_frame:1177) | < TEXT '{"time":1752030657,"self_id":703263936,"post_ty...true},"interval":30000}' [148 bytes]
[2025-07-09 11:10:57,822.822] DEBUG    [MainThread|MainProcess] Logger (connect.py:on_message:43) | {'time': 1752030657, 'self_id': 703263936, 'post_type': 'meta_event', 'meta_event_type': 'heartbeat', 'status': {'online': True, 'good': True}, 'interval': 30000}
[2025-07-09 11:11:27,836.836] DEBUG    [MainThread|MainProcess] websockets.client (protocol.py:read_frame:1177) | < TEXT '{"time":1752030687,"self_id":703263936,"post_ty...true},"interval":30000}' [148 bytes]
[2025-07-09 11:11:27,836.836] DEBUG    [MainThread|MainProcess] Logger (connect.py:on_message:43) | {'time': 1752030687, 'self_id': 703263936, 'post_type': 'meta_event', 'meta_event_type': 'heartbeat', 'status': {'online': True, 'good': True}, 'interval': 30000}
[2025-07-09 11:11:57,837.837] DEBUG    [MainThread|MainProcess] websockets.client (protocol.py:read_frame:1177) | < TEXT '{"time":1752030717,"self_id":703263936,"post_ty...true},"interval":30000}' [148 bytes]
[2025-07-09 11:11:57,837.837] DEBUG    [MainThread|MainProcess] Logger (connect.py:on_message:43) | {'time': 1752030717, 'self_id': 703263936, 'post_type': 'meta_event', 'meta_event_type': 'heartbeat', 'status': {'online': True, 'good': True}, 'interval': 30000}
[2025-07-09 11:12:27,851.851] DEBUG    [MainThread|MainProcess] websockets.client (protocol.py:read_frame:1177) | < TEXT '{"time":1752030747,"self_id":703263936,"post_ty...true},"interval":30000}' [148 bytes]
[2025-07-09 11:12:27,851.851] DEBUG    [MainThread|MainProcess] Logger (connect.py:on_message:43) | {'time': 1752030747, 'self_id': 703263936, 'post_type': 'meta_event', 'meta_event_type': 'heartbeat', 'status': {'online': True, 'good': True}, 'interval': 30000}
[2025-07-09 11:12:57,862.862] DEBUG    [MainThread|MainProcess] websockets.client (protocol.py:read_frame:1177) | < TEXT '{"time":1752030777,"self_id":703263936,"post_ty...true},"interval":30000}' [148 bytes]
[2025-07-09 11:12:57,862.862] DEBUG    [MainThread|MainProcess] Logger (connect.py:on_message:43) | {'time': 1752030777, 'self_id': 703263936, 'post_type': 'meta_event', 'meta_event_type': 'heartbeat', 'status': {'online': True, 'good': True}, 'interval': 30000}
[2025-07-09 11:13:27,875.875] DEBUG    [MainThread|MainProcess] websockets.client (protocol.py:read_frame:1177) | < TEXT '{"time":1752030807,"self_id":703263936,"post_ty...true},"interval":30000}' [148 bytes]
[2025-07-09 11:13:27,875.875] DEBUG    [MainThread|MainProcess] Logger (connect.py:on_message:43) | {'time': 1752030807, 'self_id': 703263936, 'post_type': 'meta_event', 'meta_event_type': 'heartbeat', 'status': {'online': True, 'good': True}, 'interval': 30000}
[2025-07-09 11:13:57,885.885] DEBUG    [MainThread|MainProcess] websockets.client (protocol.py:read_frame:1177) | < TEXT '{"time":1752030837,"self_id":703263936,"post_ty...true},"interval":30000}' [148 bytes]
[2025-07-09 11:13:57,885.885] DEBUG    [MainThread|MainProcess] Logger (connect.py:on_message:43) | {'time': 1752030837, 'self_id': 703263936, 'post_type': 'meta_event', 'meta_event_type': 'heartbeat', 'status': {'online': True, 'good': True}, 'interval': 30000}
[2025-07-09 11:14:27,899.899] DEBUG    [MainThread|MainProcess] websockets.client (protocol.py:read_frame:1177) | < TEXT '{"time":1752030867,"self_id":703263936,"post_ty...true},"interval":30000}' [148 bytes]
[2025-07-09 11:14:27,899.899] DEBUG    [MainThread|MainProcess] Logger (connect.py:on_message:43) | {'time': 1752030867, 'self_id': 703263936, 'post_type': 'meta_event', 'meta_event_type': 'heartbeat', 'status': {'online': True, 'good': True}, 'interval': 30000}
[2025-07-09 11:14:57,902.902] DEBUG    [MainThread|MainProcess] websockets.client (protocol.py:read_frame:1177) | < TEXT '{"time":1752030897,"self_id":703263936,"post_ty...true},"interval":30000}' [148 bytes]
[2025-07-09 11:14:57,902.902] DEBUG    [MainThread|MainProcess] Logger (connect.py:on_message:43) | {'time': 1752030897, 'self_id': 703263936, 'post_type': 'meta_event', 'meta_event_type': 'heartbeat', 'status': {'online': True, 'good': True}, 'interval': 30000}
[2025-07-09 11:15:27,915.915] DEBUG    [MainThread|MainProcess] websockets.client (protocol.py:read_frame:1177) | < TEXT '{"time":1752030927,"self_id":703263936,"post_ty...true},"interval":30000}' [148 bytes]
[2025-07-09 11:15:27,915.915] DEBUG    [MainThread|MainProcess] Logger (connect.py:on_message:43) | {'time': 1752030927, 'self_id': 703263936, 'post_type': 'meta_event', 'meta_event_type': 'heartbeat', 'status': {'online': True, 'good': True}, 'interval': 30000}
[2025-07-09 11:15:57,929.929] DEBUG    [MainThread|MainProcess] websockets.client (protocol.py:read_frame:1177) | < TEXT '{"time":1752030957,"self_id":703263936,"post_ty...true},"interval":30000}' [148 bytes]
[2025-07-09 11:15:57,929.929] DEBUG    [MainThread|MainProcess] Logger (connect.py:on_message:43) | {'time': 1752030957, 'self_id': 703263936, 'post_type': 'meta_event', 'meta_event_type': 'heartbeat', 'status': {'online': True, 'good': True}, 'interval': 30000}
[2025-07-09 11:16:27,942.942] DEBUG    [MainThread|MainProcess] websockets.client (protocol.py:read_frame:1177) | < TEXT '{"time":1752030987,"self_id":703263936,"post_ty...true},"interval":30000}' [148 bytes]
[2025-07-09 11:16:27,942.942] DEBUG    [MainThread|MainProcess] Logger (connect.py:on_message:43) | {'time': 1752030987, 'self_id': 703263936, 'post_type': 'meta_event', 'meta_event_type': 'heartbeat', 'status': {'online': True, 'good': True}, 'interval': 30000}
[2025-07-09 11:16:57,961.961] DEBUG    [MainThread|MainProcess] websockets.client (protocol.py:read_frame:1177) | < TEXT '{"time":1752031017,"self_id":703263936,"post_ty...true},"interval":30000}' [148 bytes]
[2025-07-09 11:16:57,961.961] DEBUG    [MainThread|MainProcess] Logger (connect.py:on_message:43) | {'time': 1752031017, 'self_id': 703263936, 'post_type': 'meta_event', 'meta_event_type': 'heartbeat', 'status': {'online': True, 'good': True}, 'interval': 30000}
[2025-07-09 11:17:27,974.974] DEBUG    [MainThread|MainProcess] websockets.client (protocol.py:read_frame:1177) | < TEXT '{"time":1752031047,"self_id":703263936,"post_ty...true},"interval":30000}' [148 bytes]
[2025-07-09 11:17:27,974.974] DEBUG    [MainThread|MainProcess] Logger (connect.py:on_message:43) | {'time': 1752031047, 'self_id': 703263936, 'post_type': 'meta_event', 'meta_event_type': 'heartbeat', 'status': {'online': True, 'good': True}, 'interval': 30000}
[2025-07-09 11:17:57,982.982] DEBUG    [MainThread|MainProcess] websockets.client (protocol.py:read_frame:1177) | < TEXT '{"time":1752031077,"self_id":703263936,"post_ty...true},"interval":30000}' [148 bytes]
[2025-07-09 11:17:57,982.982] DEBUG    [MainThread|MainProcess] Logger (connect.py:on_message:43) | {'time': 1752031077, 'self_id': 703263936, 'post_type': 'meta_event', 'meta_event_type': 'heartbeat', 'status': {'online': True, 'good': True}, 'interval': 30000}
[2025-07-09 11:18:27,995.995] DEBUG    [MainThread|MainProcess] websockets.client (protocol.py:read_frame:1177) | < TEXT '{"time":1752031107,"self_id":703263936,"post_ty...true},"interval":30000}' [148 bytes]
[2025-07-09 11:18:27,995.995] DEBUG    [MainThread|MainProcess] Logger (connect.py:on_message:43) | {'time': 1752031107, 'self_id': 703263936, 'post_type': 'meta_event', 'meta_event_type': 'heartbeat', 'status': {'online': True, 'good': True}, 'interval': 30000}
[2025-07-09 11:18:48,250.250] DEBUG    [MainThread|MainProcess] websockets.client (protocol.py:read_frame:1177) | < TEXT '{"self_id":703263936,"user_id":1095216448,"time...","group_id":465281893}' [473 bytes]
[2025-07-09 11:18:48,250.250] DEBUG    [MainThread|MainProcess] Logger (client.py:handle_group_event:67) | {'group_id': '465281893', 'user_id': '1095216448', 'message_type': 'group', 'sub_type': 'normal', 'font': '14', 'sender': "{'user_id': 1095216448, 'nickname': '冰如猫', 'card': '冰の猫(密码的炸了)'}", 'message_id': '2045137647', 'message_seq': '2045137647', 'real_id': '2045137647', 'message': "[{'type': 'text', 'data': {'text': 'groupid是群号'}}]", 'message_format': 'array'}
[2025-07-09 11:18:48,250.250] INFO     [MainThread|MainProcess] Logger (main.py:on_group_message:33) | {'group_id': '465281893', 'user_id': '1095216448', 'message_type': 'group', 'sub_type': 'normal', 'font': '14', 'sender': "{'user_id': 1095216448, 'nickname': '冰如猫', 'card': '冰の猫(密码的炸了)'}", 'message_id': '2045137647', 'message_seq': '2045137647', 'real_id': '2045137647', 'message': "[{'type': 'text', 'data': {'text': 'groupid是群号'}}]", 'message_format': 'array'}
[2025-07-09 11:18:58,007.007] DEBUG    [MainThread|MainProcess] websockets.client (protocol.py:read_frame:1177) | < TEXT '{"time":1752031138,"self_id":703263936,"post_ty...true},"interval":30000}' [148 bytes]
[2025-07-09 11:18:58,007.007] DEBUG    [MainThread|MainProcess] Logger (connect.py:on_message:43) | {'time': 1752031138, 'self_id': 703263936, 'post_type': 'meta_event', 'meta_event_type': 'heartbeat', 'status': {'online': True, 'good': True}, 'interval': 30000}
[2025-07-09 11:18:59,647.647] DEBUG    [MainThread|MainProcess] websockets.client (protocol.py:read_frame:1177) | < TEXT '{"self_id":703263936,"user_id":1095216448,"time...","group_id":465281893}' [466 bytes]
[2025-07-09 11:18:59,647.647] DEBUG    [MainThread|MainProcess] Logger (client.py:handle_group_event:67) | {'group_id': '465281893', 'user_id': '1095216448', 'message_type': 'group', 'sub_type': 'normal', 'font': '14', 'sender': "{'user_id': 1095216448, 'nickname': '冰如猫', 'card': '冰の猫(密码的炸了)'}", 'message_id': '695552187', 'message_seq': '695552187', 'real_id': '695552187', 'message': "[{'type': 'text', 'data': {'text': 'userid是qq号'}}]", 'message_format': 'array'}
[2025-07-09 11:18:59,647.647] INFO     [MainThread|MainProcess] Logger (main.py:on_group_message:33) | {'group_id': '465281893', 'user_id': '1095216448', 'message_type': 'group', 'sub_type': 'normal', 'font': '14', 'sender': "{'user_id': 1095216448, 'nickname': '冰如猫', 'card': '冰の猫(密码的炸了)'}", 'message_id': '695552187', 'message_seq': '695552187', 'real_id': '695552187', 'message': "[{'type': 'text', 'data': {'text': 'userid是qq号'}}]", 'message_format': 'array'}
[2025-07-09 11:19:28,008.008] DEBUG    [MainThread|MainProcess] websockets.client (protocol.py:read_frame:1177) | < TEXT '{"time":1752031168,"self_id":703263936,"post_ty...true},"interval":30000}' [148 bytes]
[2025-07-09 11:19:28,008.008] DEBUG    [MainThread|MainProcess] Logger (connect.py:on_message:43) | {'time': 1752031168, 'self_id': 703263936, 'post_type': 'meta_event', 'meta_event_type': 'heartbeat', 'status': {'online': True, 'good': True}, 'interval': 30000}
[2025-07-09 11:19:58,023.023] DEBUG    [MainThread|MainProcess] websockets.client (protocol.py:read_frame:1177) | < TEXT '{"time":1752031198,"self_id":703263936,"post_ty...true},"interval":30000}' [148 bytes]
[2025-07-09 11:19:58,023.023] DEBUG    [MainThread|MainProcess] Logger (connect.py:on_message:43) | {'time': 1752031198, 'self_id': 703263936, 'post_type': 'meta_event', 'meta_event_type': 'heartbeat', 'status': {'online': True, 'good': True}, 'interval': 30000}
[2025-07-09 11:20:28,037.037] DEBUG    [MainThread|MainProcess] websockets.client (protocol.py:read_frame:1177) | < TEXT '{"time":1752031228,"self_id":703263936,"post_ty...true},"interval":30000}' [148 bytes]
[2025-07-09 11:20:28,037.037] DEBUG    [MainThread|MainProcess] Logger (connect.py:on_message:43) | {'time': 1752031228, 'self_id': 703263936, 'post_type': 'meta_event', 'meta_event_type': 'heartbeat', 'status': {'online': True, 'good': True}, 'interval': 30000}
[2025-07-09 11:20:58,052.052] DEBUG    [MainThread|MainProcess] websockets.client (protocol.py:read_frame:1177) | < TEXT '{"time":1752031258,"self_id":703263936,"post_ty...true},"interval":30000}' [148 bytes]
[2025-07-09 11:20:58,052.052] DEBUG    [MainThread|MainProcess] Logger (connect.py:on_message:43) | {'time': 1752031258, 'self_id': 703263936, 'post_type': 'meta_event', 'meta_event_type': 'heartbeat', 'status': {'online': True, 'good': True}, 'interval': 30000}
[2025-07-09 11:21:26,924.924] DEBUG    [MainThread|MainProcess] websockets.client (protocol.py:read_frame:1177) | < TEXT '{"self_id":703263936,"user_id":1095216448,"time...","group_id":465281893}' [603 bytes]
[2025-07-09 11:21:26,924.924] DEBUG    [MainThread|MainProcess] Logger (client.py:handle_group_event:67) | {'group_id': '465281893', 'user_id': '1095216448', 'message_type': 'group', 'sub_type': 'normal', 'font': '14', 'sender': "{'user_id': 1095216448, 'nickname': '冰如猫', 'card': '冰の猫(密码的炸了)'}", 'message_id': '1589843765', 'message_seq': '1589843765', 'real_id': '1589843765', 'message': "[{'type': 'at', 'data': {'qq': '2585690555'}}, {'type': 'text', 'data': {'text': ' '}}, {'type': 'at', 'data': {'qq': '3863501516'}}, {'type': 'text', 'data': {'text': ' '}}]", 'message_format': 'array'}
[2025-07-09 11:21:26,924.924] INFO     [MainThread|MainProcess] Logger (main.py:on_group_message:33) | {'group_id': '465281893', 'user_id': '1095216448', 'message_type': 'group', 'sub_type': 'normal', 'font': '14', 'sender': "{'user_id': 1095216448, 'nickname': '冰如猫', 'card': '冰の猫(密码的炸了)'}", 'message_id': '1589843765', 'message_seq': '1589843765', 'real_id': '1589843765', 'message': "[{'type': 'at', 'data': {'qq': '2585690555'}}, {'type': 'text', 'data': {'text': ' '}}, {'type': 'at', 'data': {'qq': '3863501516'}}, {'type': 'text', 'data': {'text': ' '}}]", 'message_format': 'array'}
[2025-07-09 11:21:28,057.057] DEBUG    [MainThread|MainProcess] websockets.client (protocol.py:read_frame:1177) | < TEXT '{"time":1752031288,"self_id":703263936,"post_ty...true},"interval":30000}' [148 bytes]
[2025-07-09 11:21:28,057.057] DEBUG    [MainThread|MainProcess] Logger (connect.py:on_message:43) | {'time': 1752031288, 'self_id': 703263936, 'post_type': 'meta_event', 'meta_event_type': 'heartbeat', 'status': {'online': True, 'good': True}, 'interval': 30000}
[2025-07-09 11:21:58,067.067] DEBUG    [MainThread|MainProcess] websockets.client (protocol.py:read_frame:1177) | < TEXT '{"time":1752031318,"self_id":703263936,"post_ty...true},"interval":30000}' [148 bytes]
[2025-07-09 11:21:58,067.067] DEBUG    [MainThread|MainProcess] Logger (connect.py:on_message:43) | {'time': 1752031318, 'self_id': 703263936, 'post_type': 'meta_event', 'meta_event_type': 'heartbeat', 'status': {'online': True, 'good': True}, 'interval': 30000}
[2025-07-09 11:22:28,080.080] DEBUG    [MainThread|MainProcess] websockets.client (protocol.py:read_frame:1177) | < TEXT '{"time":1752031348,"self_id":703263936,"post_ty...true},"interval":30000}' [148 bytes]
[2025-07-09 11:22:28,080.080] DEBUG    [MainThread|MainProcess] Logger (connect.py:on_message:43) | {'time': 1752031348, 'self_id': 703263936, 'post_type': 'meta_event', 'meta_event_type': 'heartbeat', 'status': {'online': True, 'good': True}, 'interval': 30000}
[2025-07-09 11:22:58,094.094] DEBUG    [MainThread|MainProcess] websockets.client (protocol.py:read_frame:1177) | < TEXT '{"time":1752031378,"self_id":703263936,"post_ty...true},"interval":30000}' [148 bytes]
[2025-07-09 11:22:58,094.094] DEBUG    [MainThread|MainProcess] Logger (connect.py:on_message:43) | {'time': 1752031378, 'self_id': 703263936, 'post_type': 'meta_event', 'meta_event_type': 'heartbeat', 'status': {'online': True, 'good': True}, 'interval': 30000}
[2025-07-09 11:23:28,107.107] DEBUG    [MainThread|MainProcess] websockets.client (protocol.py:read_frame:1177) | < TEXT '{"time":1752031408,"self_id":703263936,"post_ty...true},"interval":30000}' [148 bytes]
[2025-07-09 11:23:28,107.107] DEBUG    [MainThread|MainProcess] Logger (connect.py:on_message:43) | {'time': 1752031408, 'self_id': 703263936, 'post_type': 'meta_event', 'meta_event_type': 'heartbeat', 'status': {'online': True, 'good': True}, 'interval': 30000}
[2025-07-09 11:23:58,116.116] DEBUG    [MainThread|MainProcess] websockets.client (protocol.py:read_frame:1177) | < TEXT '{"time":1752031438,"self_id":703263936,"post_ty...true},"interval":30000}' [148 bytes]
[2025-07-09 11:23:58,116.116] DEBUG    [MainThread|MainProcess] Logger (connect.py:on_message:43) | {'time': 1752031438, 'self_id': 703263936, 'post_type': 'meta_event', 'meta_event_type': 'heartbeat', 'status': {'online': True, 'good': True}, 'interval': 30000}
[2025-07-09 11:24:28,129.129] DEBUG    [MainThread|MainProcess] websockets.client (protocol.py:read_frame:1177) | < TEXT '{"time":1752031468,"self_id":703263936,"post_ty...true},"interval":30000}' [148 bytes]
[2025-07-09 11:24:28,129.129] DEBUG    [MainThread|MainProcess] Logger (connect.py:on_message:43) | {'time': 1752031468, 'self_id': 703263936, 'post_type': 'meta_event', 'meta_event_type': 'heartbeat', 'status': {'online': True, 'good': True}, 'interval': 30000}
[2025-07-09 11:24:58,138.138] DEBUG    [MainThread|MainProcess] websockets.client (protocol.py:read_frame:1177) | < TEXT '{"time":1752031498,"self_id":703263936,"post_ty...true},"interval":30000}' [148 bytes]
[2025-07-09 11:24:58,138.138] DEBUG    [MainThread|MainProcess] Logger (connect.py:on_message:43) | {'time': 1752031498, 'self_id': 703263936, 'post_type': 'meta_event', 'meta_event_type': 'heartbeat', 'status': {'online': True, 'good': True}, 'interval': 30000}
[2025-07-09 11:25:28,151.151] DEBUG    [MainThread|MainProcess] websockets.client (protocol.py:read_frame:1177) | < TEXT '{"time":1752031528,"self_id":703263936,"post_ty...true},"interval":30000}' [148 bytes]
[2025-07-09 11:25:28,151.151] DEBUG    [MainThread|MainProcess] Logger (connect.py:on_message:43) | {'time': 1752031528, 'self_id': 703263936, 'post_type': 'meta_event', 'meta_event_type': 'heartbeat', 'status': {'online': True, 'good': True}, 'interval': 30000}
[2025-07-09 11:25:58,156.156] DEBUG    [MainThread|MainProcess] websockets.client (protocol.py:read_frame:1177) | < TEXT '{"time":1752031558,"self_id":703263936,"post_ty...true},"interval":30000}' [148 bytes]
[2025-07-09 11:25:58,156.156] DEBUG    [MainThread|MainProcess] Logger (connect.py:on_message:43) | {'time': 1752031558, 'self_id': 703263936, 'post_type': 'meta_event', 'meta_event_type': 'heartbeat', 'status': {'online': True, 'good': True}, 'interval': 30000}
[2025-07-09 11:26:28,155.155] DEBUG    [MainThread|MainProcess] websockets.client (protocol.py:read_frame:1177) | < TEXT '{"time":1752031588,"self_id":703263936,"post_ty...true},"interval":30000}' [148 bytes]
[2025-07-09 11:26:28,155.155] DEBUG    [MainThread|MainProcess] Logger (connect.py:on_message:43) | {'time': 1752031588, 'self_id': 703263936, 'post_type': 'meta_event', 'meta_event_type': 'heartbeat', 'status': {'online': True, 'good': True}, 'interval': 30000}
[2025-07-09 11:26:58,170.170] DEBUG    [MainThread|MainProcess] websockets.client (protocol.py:read_frame:1177) | < TEXT '{"time":1752031618,"self_id":703263936,"post_ty...true},"interval":30000}' [148 bytes]
[2025-07-09 11:26:58,170.170] DEBUG    [MainThread|MainProcess] Logger (connect.py:on_message:43) | {'time': 1752031618, 'self_id': 703263936, 'post_type': 'meta_event', 'meta_event_type': 'heartbeat', 'status': {'online': True, 'good': True}, 'interval': 30000}
[2025-07-09 11:27:28,174.174] DEBUG    [MainThread|MainProcess] websockets.client (protocol.py:read_frame:1177) | < TEXT '{"time":1752031648,"self_id":703263936,"post_ty...true},"interval":30000}' [148 bytes]
[2025-07-09 11:27:28,174.174] DEBUG    [MainThread|MainProcess] Logger (connect.py:on_message:43) | {'time': 1752031648, 'self_id': 703263936, 'post_type': 'meta_event', 'meta_event_type': 'heartbeat', 'status': {'online': True, 'good': True}, 'interval': 30000}
[2025-07-09 11:27:58,176.176] DEBUG    [MainThread|MainProcess] websockets.client (protocol.py:read_frame:1177) | < TEXT '{"time":1752031678,"self_id":703263936,"post_ty...true},"interval":30000}' [148 bytes]
[2025-07-09 11:27:58,176.176] DEBUG    [MainThread|MainProcess] Logger (connect.py:on_message:43) | {'time': 1752031678, 'self_id': 703263936, 'post_type': 'meta_event', 'meta_event_type': 'heartbeat', 'status': {'online': True, 'good': True}, 'interval': 30000}
[2025-07-09 11:28:28,186.186] DEBUG    [MainThread|MainProcess] websockets.client (protocol.py:read_frame:1177) | < TEXT '{"time":1752031708,"self_id":703263936,"post_ty...true},"interval":30000}' [148 bytes]
[2025-07-09 11:28:28,186.186] DEBUG    [MainThread|MainProcess] Logger (connect.py:on_message:43) | {'time': 1752031708, 'self_id': 703263936, 'post_type': 'meta_event', 'meta_event_type': 'heartbeat', 'status': {'online': True, 'good': True}, 'interval': 30000}
[2025-07-09 11:28:58,195.195] DEBUG    [MainThread|MainProcess] websockets.client (protocol.py:read_frame:1177) | < TEXT '{"time":1752031738,"self_id":703263936,"post_ty...true},"interval":30000}' [148 bytes]
[2025-07-09 11:28:58,195.195] DEBUG    [MainThread|MainProcess] Logger (connect.py:on_message:43) | {'time': 1752031738, 'self_id': 703263936, 'post_type': 'meta_event', 'meta_event_type': 'heartbeat', 'status': {'online': True, 'good': True}, 'interval': 30000}
[2025-07-09 11:29:28,209.209] DEBUG    [MainThread|MainProcess] websockets.client (protocol.py:read_frame:1177) | < TEXT '{"time":1752031768,"self_id":703263936,"post_ty...true},"interval":30000}' [148 bytes]
[2025-07-09 11:29:28,209.209] DEBUG    [MainThread|MainProcess] Logger (connect.py:on_message:43) | {'time': 1752031768, 'self_id': 703263936, 'post_type': 'meta_event', 'meta_event_type': 'heartbeat', 'status': {'online': True, 'good': True}, 'interval': 30000}
[2025-07-09 11:29:58,223.223] DEBUG    [MainThread|MainProcess] websockets.client (protocol.py:read_frame:1177) | < TEXT '{"time":1752031798,"self_id":703263936,"post_ty...true},"interval":30000}' [148 bytes]
[2025-07-09 11:29:58,223.223] DEBUG    [MainThread|MainProcess] Logger (connect.py:on_message:43) | {'time': 1752031798, 'self_id': 703263936, 'post_type': 'meta_event', 'meta_event_type': 'heartbeat', 'status': {'online': True, 'good': True}, 'interval': 30000}
[2025-07-09 11:30:28,224.224] DEBUG    [MainThread|MainProcess] websockets.client (protocol.py:read_frame:1177) | < TEXT '{"time":1752031828,"self_id":703263936,"post_ty...true},"interval":30000}' [148 bytes]
[2025-07-09 11:30:28,225.225] DEBUG    [MainThread|MainProcess] Logger (connect.py:on_message:43) | {'time': 1752031828, 'self_id': 703263936, 'post_type': 'meta_event', 'meta_event_type': 'heartbeat', 'status': {'online': True, 'good': True}, 'interval': 30000}
[2025-07-09 11:30:58,263.263] DEBUG    [MainThread|MainProcess] websockets.client (protocol.py:read_frame:1177) | < TEXT '{"time":1752031858,"self_id":703263936,"post_ty...true},"interval":30000}' [148 bytes]
[2025-07-09 11:30:58,270.270] DEBUG    [MainThread|MainProcess] Logger (connect.py:on_message:43) | {'time': 1752031858, 'self_id': 703263936, 'post_type': 'meta_event', 'meta_event_type': 'heartbeat', 'status': {'online': True, 'good': True}, 'interval': 30000}
[2025-07-09 11:31:28,280.280] DEBUG    [MainThread|MainProcess] websockets.client (protocol.py:read_frame:1177) | < TEXT '{"time":1752031888,"self_id":703263936,"post_ty...true},"interval":30000}' [148 bytes]
[2025-07-09 11:31:28,280.280] DEBUG    [MainThread|MainProcess] Logger (connect.py:on_message:43) | {'time': 1752031888, 'self_id': 703263936, 'post_type': 'meta_event', 'meta_event_type': 'heartbeat', 'status': {'online': True, 'good': True}, 'interval': 30000}
[2025-07-09 11:31:58,323.323] DEBUG    [MainThread|MainProcess] websockets.client (protocol.py:read_frame:1177) | < TEXT '{"time":1752031918,"self_id":703263936,"post_ty...true},"interval":30000}' [148 bytes]
[2025-07-09 11:31:58,323.323] DEBUG    [MainThread|MainProcess] Logger (connect.py:on_message:43) | {'time': 1752031918, 'self_id': 703263936, 'post_type': 'meta_event', 'meta_event_type': 'heartbeat', 'status': {'online': True, 'good': True}, 'interval': 30000}
